score,id_ahorramas,nombre_ah,id_catalogo,nombre_cat
82.97872340425532,AH-99217,Yogur estilo griego Oikos pack 4 stracciatella,CAT-7055,Yogur Griego Stracciatella Danone Oikos Pack De 4 Unidades De 110 G
82.92682926829268,AH-98199,Picatostes fritos Alipende pack 2 150gr,CAT-2435,Picatostes fritos
82.92682926829268,AH-98218,Patatas fritas al punto de sal Lay´s 248g,CAT-4964,Patatas Fritas Al Punto De Sal Lays Sin Gluten 248 G
82.92682926829268,AH-98328,Refresco limón Fanta lata 33cl zero azúcares,CAT-1020,Refresco Fanta limón zero azúcares añadidos
82.92682926829268,AH-98362,Gaseosa La Casera 50cl,CAT-0242,Gaseosa La Casera grande
82.92682926829268,AH-98624,Vino tinto DO Toro Matsu El Pícaro,CAT-5126,Vino Tinto Tinta De Toro Matsu El Picaro Do Toro 75 Cl
82.92682926829268,AH-99269,Batido Alipende pack 6 vainilla200ml,CAT-2818,Batido sabor vainilla
82.92682926829268,AH-99408,Pipetas gato Dixie 2U Antiparasitario,CAT-7214,Pipetas Antiparasitarias Gato Fipronil Dixie 3X050 Ml
82.75862068965517,AH-98506,Vino tinto DO Rioja Antaño tempranillo,CAT-5698,Vino Tinto Joven Tempranillo Bardesano Doca Rioja 75 Cl
82.75862068965517,AH-98566,"Smoothie frambuesa,fresa y plátano 250ML",CAT-4000,Smoothie fresa y plátano
82.75862068965517,AH-98622,Refresco cola Coca-Cola lata 33cl light,CAT-0162,Refresco Coca-Cola light
82.75862068965517,AH-98676,Lomo de cerdo ibérico adobado,CAT-0649,Filetes lomo de cerdo adobado
82.75862068965517,AH-99264,Leche sin lactosa Asturiana 1l entera,CAT-3560,Leche entera sin lactosa
82.75862068965517,AM-51548,Cerveza rubia especial Mahou 5 Estrellas pack 12 latas 33cl,CAT-6788,Cerveza Mahou Cinco Estrellas Pack 12 Latas 33 Cl
82.70676691729324,AH-99443,Postre Nestlé Yogolino plátano desde 6meses pack 4 (desde 6 meses),CAT-7063,Postre Lacteo De Platano Desde 6 Meses Nestle Yogolino Sin Gluten Pack De 4 Unidades De 100 G
82.6086956521739,AH-98507,Whisky Ballantine's 70cl,CAT-2374,Whisky escocés Ballantine's
82.6086956521739,AH-98641,Sidra Asturiana Mayador 75cl,CAT-0940,Sidra asturiana El Mayu
82.6086956521739,AH-98655,LOTE 2kg de jamoncitos de pollo,CAT-0578,Jamoncitos de pollo
82.6086956521739,AH-99028,Salpicón de marisco Angomar 180g,CAT-2599,Salpicón de marisco
82.53968253968253,AH-98166,Pan The Rustik Bakery 400g Integral,CAT-4374,Hogaza Integral 84 The Rustik Bakery 400 G
82.5,AH-98425,Vino tinto DO Rioja Tejar Viejo crianza,CAT-4481,Vino Tinto Crianza Campo Viejo Doca Rioja 75 Cl
82.35294117647058,AH-98249,Caldo de pollo Aneto 750+250ml,CAT-1991,Caldo de pollo
82.35294117647058,AH-98354,"Agua mineral Solan de Cabras 0,5l pack 6 unidades",CAT-0632,Agua mineral grande Solán de Cabras
82.35294117647058,AH-98465,Vino blanco albariño DO Rias Baixas Torre de Ermelo,CAT-2049,Vino blanco albariño Pazo de Orantes DO Rías Baixas
82.35294117647058,AH-98766,Lenguado Rubio Gordo,CAT-3721,Lenguado rubio
82.35294117647058,AH-99189,Helado Magnum classic 3 uds,CAT-6201,Bombon Helado Magnum Classic 3 Ud
82.35294117647058,AH-99440,Pañal Dodot talla 4 78 uds,CAT-7398,Panales Dodot T3 7 11 Kg 112 Ud
82.22222222222221,AH-98233,Sardinillas en aceite de oliva bajas en sal Alipende 2 unidades 62g,CAT-2101,Sardinillas reducidas en sal en aceite de oliva
82.1917808219178,AH-98403,Refresco cola Coca-Cola botella 50cl zero azúcar,CAT-0883,Refresco Coca-Cola Zero azúcar
82.1917808219178,AH-99366,Snack perro Friskies Funtastix 175g,CAT-8544,Snack Para Perros Purina Friskies Funtastix 175 G
81.9672131147541,AH-98503,Vino tinto Tagonius tempranillo,CAT-2479,Vino tinto tempranillo Elegido
81.9672131147541,AH-98791,Bacon ahumado en lonchas Oscar Mayer 150g,CAT-1741,Bacón Oscar Mayer lonchas
81.92771084337349,AH-99018,Filetes de anchoa con aceite de oliva Arteiñaki 60g,CAT-0656,Filetes de anchoa en aceite de oliva
81.92771084337349,AH-99182,Helado cono extreme con sabor a peanuts y caramel 6 unidades,CAT-8939,Cono Helado Peanut Caramel Extreme 6 Ud
81.92771084337349,AM-77576,Refresco cola Coca-Cola botella 2l pack 2 zero azúcar,CAT-8788,Coca Cola Zero Azucar Pack 2 Botellas 2 L
81.9047619047619,AH-99558,Suavizante concentrado Mimosín Rosas 50 lavados,CAT-6471,Suavizante Concentrado Rosas Silvestres Origins Mimosin 50 Lavados
81.81818181818181,AH-98244,Patatas fritas onduladas sabor jamón Ruffles 243g,CAT-0301,Patatas fritas onduladas sabor jamón serrano
81.81818181818181,AH-98371,Refresco de té con limón sin azúcar Fuze Tea 33cl lata,CAT-7245,Fuze Tea Te Sabor Limon Sin Azucar Lata 33 Cl
81.81818181818181,AH-98810,Champiñón laminado bandeja 300 g,CAT-3181,Champiñón laminado
81.55339805825243,AH-98450,Vino tinto DO Ribera del Duero Matarromera crianza,CAT-1109,Vino tinto reserva Abadía Mantrús DO Ribera del Duero
81.4814814814815,AH-98160,Aceite de oliva virgen Carbonell 3l,CAT-0007,Aceite de oliva virgen
81.4814814814815,AH-98186,Panecillo tostado Alipende 160g con ajo,CAT-3734,Pan tostado con ajo y perejil
81.4814814814815,AH-98699,Chuleta de aguja de cerdo duroc,CAT-1521,Chuletas aguja de cerdo
81.4814814814815,AH-98879,Queso de cabra en lonchas Pastor 125g,CAT-1547,Queso lonchas de cabra
81.4814814814815,AH-98883,Piña natural en rodajas Freshkia 475g,CAT-3482,Piña natural a rodajas
81.41592920353982,AH-99431,Comida húmeda gato Gourmet Gold mousse pescado 85g,CAT-8952,Comida Humeda Mousse Pescado Para Gato Adulto Purina Gourmet Gold 8X85 G
81.35593220338984,AH-98142,Chocolate negro sin gluten Alipende 100g 85% de cacao,CAT-1944,Chocolate negro 72% de cacao
81.35593220338984,AH-98206,Tomate seco en aceite Leyenda 110g,CAT-3197,Tomate seco en aceite de oliva
81.35593220338984,AH-98307,Café molido La Estrella natural 250g,CAT-3024,Café molido natural Espresso
81.35593220338984,AH-98502,Whisky White Label 70cl Escocia,CAT-4050,Whisky Dewars White Label Escoces 70 Cl
81.35593220338984,AH-98652,LOTE 2kg de contramuslos de pollo,CAT-2793,Contramuslos de pollo sin piel
81.35593220338984,AH-98997,Paté tapa negra La Piara 3x75g,CAT-0563,Paté de cerdo La Piara tapa negra
81.31868131868131,AH-99233,Flan de huevo Dhul pack 4 al baño maria,CAT-4135,Flan De Huevo Al Bano Maria Dhul Sin Gluten Pack De 4 Unidades De 110 G
81.30081300813008,AH-98393,Vino blanco barbadillo castillo San Diego Palomino Fino Cádiz,CAT-4341,Vino Blanco Joven Palomino Fina Castillo De San Diego Vt Cadiz 75 Cl
81.25,AH-98303,Tortas de aceite Alipende 180g,CAT-1851,Pastas de aceite
81.25,AH-98400,Cerveza sin alcohol Mahou lata 33cl,CAT-4454,Cerveza Saer Brau Sin Alcohol Lata 33 Cl
81.25,AH-98498,Vino tinto Roja Otoñal 75CL Reserva,CAT-4940,Vino Tinto Reserva Cune Doca Rioja 75 Cl
81.25,AH-98539,Bebida energética Red Bull 25cl,CAT-8504,Red Bull Bebida Energetica Sandia Lata 25 Cl
81.25,AH-98795,Queso crema de queso azul Président 125g,CAT-7891,Crema Al Queso Azul President 125 G
81.25,AH-99175,Helado en tarrina Alipende 900ml tres chocolates,CAT-3164,Tarta tres chocolates congelada
81.1881188118812,AH-99041,Pechuga pavo bajo en grasa lonchas finas ElPozo 115g,CAT-5223,Pechuga De Pavo En Lonchas Elpozo Las  Finas Sin Gluten 115 G
81.15942028985508,AH-99145,Helado sandwich Alipende 690ml 6 uds vainila choco,CAT-2005,Helado mini sándwich vainilla y cookie
80.95238095238095,AH-98516,Ginebra Seagram's 70cl,CAT-1027,Ginebra Dry Gin Seagram's
80.95238095238095,AH-98718,Traseros de pollo,CAT-0569,Cuartos traseros de pollo
80.95238095238095,AH-98912,Patata blanca guarnición 1kg,CAT-3511,Patatas guarnición
80.8080808080808,AH-98613,Vino tinto DO Ribera del Duero Saga crianza,CAT-5203,Vino Tinto Crianza Tempranillo Duron Do Ribera Del Duero 75 Cl
80.76923076923077,AH-98335,Vino blanco Don Simón brik pack 3,CAT-2012,Vino blanco Don Simón
80.76923076923077,AH-98454,Cerveza rubia Voll Damm botella 33cl,CAT-7247,Cerveza Rubia 1870 Botella 33 Cl
80.76923076923077,AH-98873,Queso semicurado en lonchas Alipende 200g,CAT-1788,Queso semicurado de oveja
80.73394495412845,AH-98584,Vino tinto D.O Rivera del Duero Figuero 75cl Tempranillo,CAT-7473,Vino Tinto Joven Tempranillo Enrique I  Do Ribera Del Duero 75 Cl
80.70175438596492,AH-98708,Chuletas de cordero recental,CAT-0669,Chuletas de cordero paletilla
80.70175438596492,AH-98733,Queso mezcla semicurado Campo Real,CAT-1201,Queso semicurado mezcla
80.70175438596492,AH-99520,"Leche Asturiana 1,5l semidesnatada",CAT-3238,Leche semidesnatada de cabra
80.70175438596492,AH-99534,Pañal Dodot sensitive 48 unidades talla 4 (de 9 a 14 kg),CAT-4688,Panales Dodot Sensitive T6 14 Kg 41 Ud
80.59701492537313,AH-98461,Vino tinto DO Rioja Vivanco crianza 75cl,CAT-2536,Vino tinto crianza Cune DO Rioja
80.59701492537313,AM-85555,Zumo de naranja 100% exprimida sin pulpa Alipende 1L,CAT-1660,Zumo de naranja recién exprimido
80.55555555555556,AH-99199,Helado Calippo Frigo lima-limón 5 uds,CAT-4545,Helado De Lima Limon Calippo Sin Gluten 5 Ud
80.51948051948052,AH-98987,Queso Fundido En Lonchas El Caserío 14 Unidades,CAT-4876,Queso Fundido En Lonchas Carrefour Classic 555 G
80.48780487804879,AH-99200,Helado Magnum after dinner frac 8 uds,CAT-8228,Helado Bombom Magnum After Dinner Frac Sin Gluten 8 Ud
80.43478260869566,AH-99070,Frutos Rojos congelados de Congelados de Navarra 300g,CAT-8975,Mezcla De Frutos Rojos Congelados De Navarra 300 G
80.41237113402062,AH-98285,Pasta fresca ravioli relleno de calabaza Rana 250g,CAT-1777,Pasta fresca ravioli rellena de calabaza con cebolla
80.37383177570094,AH-98941,Jamón serrano gran reserva sin aditivos Loriente 100g,CAT-1085,Jamón serrano gran reserva Costa Brava sin aditivos lonchas
80.0,AH-98205,Garbanzo Alipende 1kg lechoso,CAT-1621,Garbanzo lechoso Andaluz
80.0,AH-98367,Vino blanco DO Rueda Saga verdejo,CAT-3012,Vino blanco verdejo Arribeño DO Rueda
80.0,AH-98447,Bebida energética Zero Sugar Monster Green 50cl Lata,CAT-1031,Bebida energética Energy Ultra zero Monster
80.0,AH-98671,Pechuga de pollo,CAT-2772,Filetes pechuga de pollo
80.0,AH-98677,Manzana roja,CAT-3079,Manzana roja dulce
80.0,AH-98885,Patata para freír bolsa 2kg,CAT-3513,Patatas especial para freir
80.0,AH-99136,Helado cono Alipende 6 uds vainilla y chocolate,CAT-3162,"Helado 3 sabores chocolate, vainilla y fresa"
80.0,AH-99278,Yogur proteínas alipende 4 unidades stracciatella,CAT-0726,Yogur griego stracciatella
80.0,AH-99302,Batido Alipende pack 6 fresa 200ml,CAT-2819,Batido sabor fresa
80.0,AH-99315,Natillas Proteinas Danone Pack 4 Chocolate,CAT-0745,"Natillas con chocolate +Proteínas 1,3 g MG 10 g proteínas"
80.0,AH-99474,Leche infantil en polvo Nativa 1 Nestlé 800g,CAT-2671,Leche para lactantes en polvo 1 Nativa Nestlé
80.0,AH-99557,Desinfectante Pato WC 750ml azul,CAT-4065,Desinfectante Wc Matic Activo Azul Pato 1 Ud
79.48717948717949,AH-98448,Refresco sin gas de mandarina Simon Life 33cl,CAT-9287,Refresco De Manzana Trina Sin Gas Lata 33 Cl
79.48717948717949,AH-98522,Cerveza rubia especial Heineken pack 12 latas 33cl,CAT-5420,Cerveza San Miguel Especial Pack 12 Latas 33 Cl 
79.48717948717949,AH-99163,Helado Magnum double sunlover 3 uds,CAT-5103,Bombon Helado Sunlover Double Magnum Sin Gluten 3 Ud
79.41176470588236,AH-98675,LOTE de Pollo: 1Kg de Pechugas + 1Kg de Alas,CAT-3046,Filetes de pechuga de pollo adobada
79.36507936507937,AH-98740,Queso de cabra semicurado Marcos Conde,CAT-2940,Queso semicurado de cabra
79.33884297520662,AH-99379,Ultima perro mini húmedo en salsa con pollo / buey 4x100gr,CAT-4693,Comida Humeda En Salsa De Pollo Y Buey Para Perro Adulto Mini Ultima 4X100 G
79.24528301886792,AH-99093,Espinacas cortadas Findus 400g,CAT-3521,Espinacas cortadas y lavadas
79.16666666666666,AH-98306,Chocolate blanco milkybar 100g,CAT-2022,Chocolate blanco fundir
79.16666666666666,AM-26465,Refresco cola Coca-Cola 33cl pack lata 12 zero azúcar zero cafeína,CAT-1067,Refresco cola Zero azúcar Zero cafeína
79.16666666666666,AH-99525,Leche Pascual 1l desnatada,CAT-0041,Leche +Proteínas desnatada
79.06976744186046,AH-98704,Jamón de bellota ibérico 50% raza ibérica al corte,CAT-2928,Jamón de bellota ibérico cortado a tapas
79.06976744186046,AH-99193,Helado cono Kinder Bueno 4 uds,CAT-5639,Cono Kinder Bueno 4 Ud
78.94736842105263,AH-98256,Snack de patata Pringles 165g original,CAT-1457,Aperitivo de patata sabor original Pringles
78.94736842105263,AH-98682,Pechuga de pavo,CAT-3040,Filetes pechuga de pavo
78.94736842105263,AH-99021,Paté pimienta Casa Tarradellas 125g,CAT-4122,Pate A La Pimienta Casa Tarradellas Sin Gluten 125 G
78.94736842105263,AH-99451,Postre Nestlé Yogolino fresa desde 8meses pack 4,CAT-7062,Postre Lacteo Fresa Desde 8 Meses Nestle Yogolino Sin Gluten Pack De 4 Unidades De 100 G
78.87323943661973,AH-98578,Ginebra Puerto de Indias 70cl strawberry,CAT-5464,Ginebra Puerto De Indias Sweet Melon 70 Cl
78.84615384615384,AH-98484,Vino tinto DO Valdepeñas Los Molinos tempranillo,CAT-6162,Vino Tinto Crianza Tempranillo Tres Reinos Do Valdepenas 75 Cl
78.78787878787878,AH-98702,Lomo de añojo,CAT-3058,Lomo de vacuno añojo
78.78787878787878,AH-98991,Queso fresco mascarpone Antonella 250gr,CAT-1597,Queso fresco mascarpone de vaca
78.78787878787878,AH-99042,Paté atún Casa Tarradellas 125g,CAT-4124,Pate De Atun Casa Tarradellas Sin Gluten 125 G
78.78787878787878,AH-99329,Copa de chocolate y nata Danone pack 2,CAT-0724,Copa crema de chocolate y nata
78.72340425531915,AH-98176,Galletas de chocolate sin azúcar añadido zero Gullón 125g,CAT-7019,Galletas Chip Choco Zero Gullon Sin Azucar 125 G
78.72340425531915,AH-98721,Cinta de lomo de cerdo ibérico 50% raza ibérica,CAT-0455,Lomo de cebo ibérico 50% raza ibérica cortado a máquina
78.68852459016394,AH-99316,Bebida de avena con café La Ve Vivida 230 ml,CAT-3803,Bebida de avena con café
78.65168539325843,AH-98623,Zumo de melocotón y uva 100% exprimido Don Simón 1l,CAT-4022,Zumo De Melocoton Manzana Y Uva Don Simon Brik 1 L
78.57142857142857,AH-98169,Mermelada fresas extra de temporada Hero 350g,CAT-6628,Mermelada De Fresa Temporada Hero Sin Gluten 350 G
78.57142857142857,AH-98398,Refresco lima-limón Sprite lata 33cl zero azúcar,CAT-0971,Refresco lima limón zero azúcar fresh gas
78.57142857142857,AH-98602,Bebida energética Monster Energy 50cl ultra fiesta mango lata,CAT-1017,Monster Energy Juiced Mixxd Punch Bebida Energetica Lata 500 Ml
78.43137254901961,AH-98780,Jamón cocido en lonchas Alipende pack 2x200gr,CAT-3099,Jamón cocido lonchas
78.43137254901961,AH-99130,Helado en tarrina Alipende 900ml stracciatella,CAT-3000,Helado stracciatella
78.37837837837837,AH-98550,Cerveza rubia especial Estrella Damm lata 33cl,CAT-0250,Cerveza especial Estrella Galicia
78.37837837837837,AH-98875,Queso semicurado ya cortado Alipende cuña 250g,CAT-1266,Queso semicurado mezcla cortado en cuñitas
78.26086956521739,AH-98212,Chocolate negro 70% cacao sin azúcar añadido Valor 100g,CAT-1966,Chocolate negro 70% cacao fundir 0% azúcares añadidos
78.26086956521739,AH-98358,Agua de coco 0% azúcar añadido Tesoro Natural 1l,CAT-0881,Postre de coco Natural Alpro sin azúcares añadidos
78.26086956521739,AH-98466,Vino blanco DO Ribeiro Pazo,CAT-4223,Vino Blanco Joven Palomino Pazo Do Ribeiro 75 Cl
78.26086956521739,AH-98888,Manzana Ambrosia Bolsa 1k,CAT-8761,Manzana Ambrosia 1 Kg Aprox
78.26086956521739,AH-98965,Queso fundido en porciones Alipende 16 uds,CAT-1625,Queso en porciones
78.125,AH-99429,Comida hamster Vitakraft Menu Vital 400g,CAT-6425,Comida Para Hamster Vitakraft 400 G
78.0952380952381,AH-98591,Vino tinto DO Ribera del Duero Viñamayor roble,CAT-7818,Vino Tinto Roble Tempranillo Vina Mayor Do Ribera Del Duero 75 Cl
78.04878048780488,AH-98273,Tortitas de maíz Vitalday 108g,CAT-0926,Tortitas de maíz
78.04878048780488,AH-99085,Varitas de merluza Pescanova 300g empanadas,CAT-3068,Varitas de merluza empanadas ultracongeladas
78.04878048780488,AH-99223,Nata montada ligera en spray Asturiana 250 gr + 10%,CAT-4489,Nata Para Montar Central Lechera Asturiana 500 Ml
78.04878048780488,AH-99456,Alimento infantil papilla sin azúcar añadido 8 cereales Nestlé 480g,CAT-6174,Papilla Infantil Desde 5 Meses 8 Cereales Blevit Sin Azucar Anadido 500 G
77.96610169491525,AH-98978,Sobrasada de mallorca Caldera 200g,CAT-9047,Sobrasada De Mallorca El Zagal 200 G
77.92207792207793,AH-98640,Vino blanco DO Rueda Sanz verdejo,CAT-0904,Vino blanco verdejo Condado de Teón DO Rueda
77.92207792207793,AH-99279,Yogur estilo griego Danone pack 4 natural,CAT-8515,Yogur Natural Griego Danone Sin Gluten 920 G
77.92207792207793,AH-99494,Preparado Lacteo Puleva Peques 3 200 ml Pack-3,CAT-2171,Preparado lácteo crecimiento Peques 3 Puleva
77.77777777777779,AH-98862,Pechuguita pollo asada La Carloteña 100g,CAT-0816,Pechuguita de pollo 99% La Carloteña asada al horno lonchas
77.77777777777779,AH-99125,Pizza Ristorante Dr Oetker 335g mozzarella,CAT-5221,Pizza Barbacoa Ristorante Dr Oetker 340 G
77.64705882352942,AH-98911,Tiras de pechuga de pollo topping Serrano 140g Natural,CAT-3092,Tiras de pechuga de pollo al natural
77.61194029850746,AH-98442,"Agua con gas Vichy Catalán 1,2L",CAT-0662,Agua mineral con gas grande Vichy Catalan
77.61194029850746,AH-98916,Jamón cocido en lonchas calidad extra Alipende 250g,CAT-1495,Jamón cocido extrafino lonchas
77.55102040816327,AH-98237,Manzanilla Alipende 20u con anís,CAT-2741,Infusión Manzanilla con anís
77.5,AH-99550,Papel de cocina en rollo Foxy pack-2 mega 3 decorado,CAT-5527,Papel De Cocina Mega3 Foxy 2 Rollos
77.41935483870968,AH-98269,Espárragos blanco corto Napal 110g,CAT-1181,Espárragos blancos gruesos cortos
77.41935483870968,AH-98380,Refresco limón Schweppes lata 33 cl,CAT-0957,Refresco limón Schweppes original
77.41935483870968,AH-98642,Cerveza rubia Amstel clásica pack 12 latas 33cl,CAT-6903,Cerveza Amstel Pack 12 Latas 33 Cl
77.33333333333333,AH-98480,Vino blanco Rincón del Mar semidulce,CAT-2030,Vino blanco semidulce Diamante DO Rioja
77.33333333333333,AH-99308,Bebida de coco sin azúcar Alpro 1l,CAT-0328,Bebida de coco y arroz sin azúcares añadidos
77.27272727272727,AH-99449,Pañal talla 7 43 unidades Dodot,CAT-0082,Pañales bebé talla 1 de 2-5 kg Dodot
77.19298245614034,AH-98617,Vino tinto DO Ribera del Duero Condado Haza crianza,CAT-6212,Vino Tinto Con Crianza Tempranillo Pradorey Do Ribera Del Duero 75 Cl
77.10843373493977,AH-98542,Vino blanco DO Valdepeñas Los Molinos verdejo,CAT-6163,Vino Blanco Joven 3 Reinos Do Valdepenas 75 Cl
77.10843373493977,AH-99033,Jamón cocido extra en lonchas finas Bienstar ELPOZO 65g,CAT-2500,Jamón cocido extra finas lonchas
77.10843373493977,AH-99555,Lavavajillas en gel Somat 35 lavados Oro,CAT-2525,Lavavajillas frescor anti-olor Somat en gel duo
77.08333333333334,AH-99369,Comida húmeda perro César pollo buey verdura pack 4,CAT-6374,Comida Humeda De Pollo Para Perros Senior Cesar 150 G
76.92307692307692,AH-98373,Vino tinto DO Rioja Viña Albina reserva,CAT-9347,Vino Tinto Reserva Bardesano Doca Rioja 75 Cl
76.92307692307692,AH-98922,Compango asturiano Famila 250g,CAT-4879,Compango Asturiano El Chico 250 G
76.92307692307692,AH-99034,Queso vaca tierno en cuña Castilduero 400 gr.,CAT-1288,Queso tierno de vaca cortado en cuñitas
76.92307692307692,AH-99183,Helado Cono EXTRÊME doble vainilla 6x120ml,CAT-7040,Conos Con Helado De Vainilla Extrme Nestle 6 Ud
76.92307692307692,AH-99228,Postre Alpro Danone 400G Arándanos,CAT-2394,Postre de soja sabor arándanos Alpro
76.92307692307692,AH-99250,Yogur estilo griego Alipende pack 6 natural 750g,CAT-0725,Yogur griego natural
76.92307692307692,AH-99372,Comida húmeda para gato Félix selección de carnes en gelatina 12 sobres de 85g,CAT-9140,Comida Humeda En Gelatina Festin De Sabores Para Gato Purina Felix Duo 12X85 G
76.92307692307692,AH-99301,Leche sin lactosa Asturiana 1L suprema semidesnatada,CAT-4611,Leche Semidesnatada Kaiku Sin Lactosa Brik 1 L
76.76767676767678,AH-98538,Zumo de naranja 100% exprimida con pulpa Aipende 1L,CAT-1002,Zumo De Naranja Carrefour Extra Exprimido Con Pulpa Brik 1 L
76.76767676767678,AH-99037,Salchichas tipo jumbo Oscar Mayer 350g con queso 4 piezas,CAT-7178,Salchichas De Queso Oscar Mayers Jumbo Sin Gluten 350 G
76.74418604651163,AH-98415,"Refresco sin gas Alipende sin azúcar añadido 1,5l tropical",CAT-2531,Fruta + leche tropical sin azúcares añadidos
76.66666666666666,AH-98436,Refresco naranja Alipende lata 33cl zero,CAT-1035,Refresco de naranja zero fresh gas
76.66666666666666,AH-98928,Queso fundido en lonchas Alipende 16 uds,CAT-2942,Queso lonchas fundido suave mezcla
76.59574468085107,AM-63507,"Comida húmeda para gato adulto Gourmet Gold Foundant con Salmón, Pollo y Buey 12 latas",CAT-9683,Comida Humeda De Oollo Para Gato Adulto Gourmet Gold Fondant 85 G
76.59574468085107,AH-98147,Patatas fritas churrería Alipende 150g,CAT-1454,Patatas fritas clásicas
76.59574468085107,AH-98588,Vino tinto DO Valdepeñas Señorío los Llanos reserva,CAT-4750,Vino Tinto Reserva Vina Lobon Do Valdepenas 75 Cl
76.59574468085107,AH-99188,Pizza rústica Dr Oetker doble pepperoni 565g,CAT-5699,Pizza Rustica De Pepperoni Queso Y Mozzarella Dr Oetker 565 G
76.54320987654322,AH-98799,Anchoa en aceite de oliva del cantábrico Lorea 30g,CAT-1791,Bonito del norte en aceite de oliva
76.47058823529412,AH-98486,"Agua con gas Vichy Catalán 0,5L",CAT-0663,Agua mineral con gas pequeña Vichy Catalan
76.47058823529412,AH-98686,LOTE 2kg de alas de pollo,CAT-2792,Alas de pollo
76.47058823529412,AH-98996,Guancialeen tiras Ferrarini 100 gr,CAT-7941,Guanciale En Tiras Ferrarini Sin Gluten 100 G
76.47058823529412,AH-99075,Salteado Alipende verduras 600g,CAT-2191,Caldo de verduras
76.47058823529412,AH-99109,Helado Magnum almendrado mini 6 uds,CAT-5374,Helado De Almendras Magnum Sin Gluten 440 Ml
76.36363636363637,AH-98378,Bebida energética Contact 50cl,CAT-6947,Classic Bebida Energetica Lata 50 Cl
76.36363636363637,AH-98577,Bebida energética Contact 25cl,CAT-7495,Classic Bebida Energetica Lata 25 Cl
76.36363636363637,AH-99447,Pañal dodot talla 6 paquete de 48 unidades,CAT-1009,Pañales bebé talla 4 de 9-14 kg Dodot
76.31578947368422,AH-98691,Longaniza blanca de cerdo fresca,CAT-7113,Longaniza Blanca Fresca Carrefour El Mercado 650 G
76.31578947368422,AH-99140,Helado Magnum doble chocolate 3 uds,CAT-5381,Helado Chocolate Blanco  Cookies Double Magnum 440 Ml
76.27118644067797,AH-99420,Alimento seco para gato adutlto Friskies 4kg Salmón y verduras,CAT-8301,Pienso De Salmon Y Verduras Para Gato Adulto Purina Friskies 4 Kg
76.19047619047619,AH-98966,Surimi en barritas Krissia 300g,CAT-9108,Barritas Krissia 300 G
76.19047619047619,AH-99317,Nata para montar Asturiana 500ml,CAT-3806,Nata para montar
76.11940298507463,AH-99434,Pedigree Dentastix Snack Dental para la Higiene Oral de Perros Pequeños 4 x 28ud,CAT-9084,Snacks Dental Para Perros Medianos Pedigree Dentastix Pack De 28 Unidades
76.0,AH-99499,Garbanzo cocido Luengo 400g,CAT-1561,Garbanzo cocido Pedrosillano
76.0,AH-98130,Galletas de chocolate Alipende 500g,CAT-2869,Galletas con chocolate blanco
76.0,AH-99092,Helado supercono Alipende 4 uds chocolate,CAT-2995,Helado sabor chocolate
76.0,AH-99267,Yogur natural azucarado pack 6 Alipende,CAT-0710,Yogur natural de cabra
75.9493670886076,AH-98356,Vino blanco DO Montilla Moriles El guiso,CAT-2052,Vino fino Corredera DO Montilla-Moriles
75.86206896551724,AM-42845,Huevos camperos Alipende 12 unidades,CAT-2094,Picos camperos
75.86206896551724,AH-98631,Vino tinto DO La Mancha Torre de Gazate crianza,CAT-1107,Vino tinto crianza Fidencio DO La Mancha
75.78947368421053,AH-98406,Cerveza rubia especial Alhambra Lager Singular lata 33cl,CAT-9993,Cerveza Ambar Lager Especial Sin Gluten Lata 33 Cl
75.75757575757575,AH-98289,Galleta tableta Alipende 150g chocolate con leche,CAT-3960,Natillas de chocolate con leche
75.72815533980582,AM-51475,Comida húmeda perro Meque rico en pollo con cordero 300g,CAT-4891,Comida Humeda De Cordero Y Pollo Para Perro Pedigree 300 G
75.67567567567568,AH-98672,Pimiento verde italiano,CAT-2713,Pimiento verde
75.67567567567568,AH-98806,"Manzana golden bolsa 1,5k",CAT-3070,Manzanas Golden
75.67567567567568,AH-99554,"Lavavajillas Flota 1,25l",CAT-1359,Lavavajillas a mano
75.60975609756098,AH-98399,Bebida energética de coco Red Bull 25cl,CAT-5270,Red Bull Bebida Energetica Coco Y Arandanos Lata 25 Cl
75.60975609756098,AH-99388,Comida para gato de buey y pollo Whiskas 4x85g,CAT-5472,Comida Humeda De Ave Para Gato Whiskas 4X85 G
75.55555555555556,AH-98720,Queso fresco Vega E Hijos,CAT-1598,Queso fresco de vaca
75.47169811320755,AH-99164,Helado bombón Magnum mini 6 uds intense dark 70%,CAT-5370,Mini Bombon Helado Intense Dark 70 Cacao Collection Magnum Sin Gluten 6 Ud
75.47169811320755,AH-99171,Helado pirulo Nestlé 7 uds,CAT-6285,Helado Pirulo Fruity Mix Nestle 7 Ud
75.47169811320755,AH-99215,Kéfir Nestlé pack 6 natural,CAT-9660,Kefir Liquido Natural Nestle 500 G
75.40983606557377,AH-99166,Helado Maxibon Nestlé Cookies 4 uds,CAT-6075,Sandwich Cookie Maxibon Nestle 4 Ud
75.36231884057972,AH-98805,Burger meat mixta cerdo y vacuno ElPozo 800g,CAT-1371,Mini burgers de vacuno y cerdo
75.36231884057972,AM-37089,Snack perro Purina Adventuros nuggets 90g,CAT-0132,Snack nuggets perro adulto 80% pollo
75.32467532467533,AM-52028,"Agua mineral natural Nestlé Aquarel botella 1,5 l",CAT-0142,Agua mineral grande Nestlé Aquarel
75.32467532467533,AH-99259,Postre copa chocolate y nata Alipende pack 4,CAT-1848,"Copa de chocolate y nata +Proteínas 12,5 g proteínas"
75.29411764705883,AH-98264,Café soluble Nescafé Gold Cappuccino natural bote 250g,CAT-1269,Café soluble natural Nescafé classic
75.26881720430107,AH-99471,Crema protectora bebé pañal Johnson's 100ml alivio inmediato,CAT-4255,Crema Protectora De Panal Johnsons Baby 100 Ml
75.24752475247524,AH-98457,Zumo caribe con leche Don Simón pack 6 zero,CAT-9476,Zumo De Fruta Y Leche Don Simon Caribe Zero Pack De 6 Briks De 20 Cl
75.24752475247524,AH-99464,Leche crecimiento Puleva Peques cereales fruta 200ml,CAT-2180,Preparado lácteo con cereales crecimiento Peques 3 Puleva
75.0,AM-10282,Calabacín,CAT-2522,Calabacín verde
75.0,AM-82526,Calabacín fries Maheso 300g,CAT-0434,Crema de calabacín
75.0,AH-98208,Caña Baño Cacaco Dulcesol 3ud 153g,CAT-5046,Chapelas Cacao Dulcesol 3 Ud
75.0,AH-98604,"Bonaval Cava Blanco Brut 11,5% Botella 75 cl",CAT-4192,Cava Blanco Bonaval Brut Do Cava 75 Cl
75.0,AH-98722,Chorizo de Pamplona Goikoa,CAT-0141,Chorizo Pamplona extra lonchas
75.0,AH-99007,Ensalada queso de cabra Alipende 175g,CAT-1534,Queso precortado de cabra
75.0,AH-99079,Filete de panga sin piel Aligator 480g,CAT-8803,Filete De Panga Sin Piel Exkimo 480 G
75.0,AH-99380,Snack higiene dental perro Dentastix razas pequeñas 110g,CAT-7342,Snacks Dental Para Perros Pequenos Pedigree Dentastix Pack De 7 Unidades
75.0,AH-99393,Comida para gatos de salmón y atún Whiskas 4x85g,CAT-5473,Comida Humeda De Pescado Para Gato Whiskas 12X85 G
74.74747474747474,AH-99428,Comida húmeda perros mini Purina One pollo y buey pack 4,CAT-4694,Comida Humeda De Pollo Para Perro Mini Ultima 150 G
74.69879518072288,AH-98567,Bebida sin azúcar añadido con sabor a piña Alipende 6 unid,CAT-4002,Bebida de piña sin azúcares añadidos
74.66666666666666,AM-51584,LOTE 1kg de pechugas + 1kg de traseros de pollo,CAT-3044,Filetes pechuga de pollo extra tiernos
74.66666666666666,AH-98258,Crema con calabaza zanahoria y guisantes Knorr 500ml,CAT-0910,Crema de calabaza y zanahoria
74.57627118644068,AH-98179,"Aceite de oliva Spray Carbonell 200ml 0,4º",CAT-2456,Barra pan de aceite de oliva
74.57627118644068,AH-98738,Chicharrón frito Frial,CAT-4678,Chicharron Frito Frial Al Corte 150 G Aprox
74.50980392156863,AH-98463,Licor de hierbas Ruavieja 70cl,CAT-9657,Licor De Hierbas Puntemino 70 Cl
74.50980392156863,AH-98605,Smothie Summum 250ml Piña-Mango-Coco,CAT-0213,Smoothie mango y coco
74.46808510638299,AH-99210,Bebida láctea desnatada con colágeno vita calcio Puleva 1l,CAT-4428,Leche Desnatada Vita Calcio Puleva Brik 1 L
74.4186046511628,AH-98508,Whisky J&B 70cl origen Escocia,CAT-2386,Whisky escocés J&B
74.4186046511628,AH-99268,Yogur pack 4 con sabor a coco Alipende,CAT-3994,Yogur sabor coco
74.4186046511628,AH-99294,Leche condensada sirvefacil Alipende 450g,CAT-1831,Leche condensada
74.35897435897436,AH-98555,Crema de fresa con tequila Teichenné 70cl,CAT-4969,Crema De Fresa Con Tequila Regidor Botella 70 Cl
74.28571428571429,AH-98280,Salsa de soja Kikkoman 250ml,CAT-0468,Salsa de Soja
74.28571428571429,AH-98663,Jamón de cebo 50% raza ibérico Legado ibérico al corte,CAT-6500,Jamon De Cebo Iberico 50 Raza Iberica En Lonchas Carrefour 100 G
74.19354838709677,AH-99378,Comida húmeda gato Purina Gourmet mon petit pack 6,CAT-9321,Comida Humeda De Buey Ternera Y Cordero Para Gato Purina Gourmet Mon Petit 6X50 G
74.15730337078652,AH-99032,Salchichas wieners con queso Oscar Mayer 200g,CAT-4142,Salchichas Classic Wieners Oscar Mayer Sin Gluten 200 G
74.07407407407408,AM-53688,"Refresco cola Pepsi zero botella 1,75l pack 2",CAT-8852,Pepsi Zero Azucar Zero Cafeina Pack 2 Botellas 175 Cl
74.07407407407408,AH-98410,"Bebida de melocotón Don Simón 1,5l sin azúcar",CAT-2414,Bebida de melocotón sin azúcares añadidos
74.07407407407408,AH-98501,"Néctar tropical sin azúcar añadido Don Simon 1,5l",CAT-1299,Bebida tropical sin azúcares añadidos
74.07407407407408,AH-98788,Queso fresco original Burgo De Arias pack 3 uds,CAT-2969,Queso fresco 0% MG de vaca Burgo de Arias
74.07407407407408,AH-98837,Tomate cherry kumato bandeja 250g,CAT-0892,Tomates cherry pera kumato
74.07407407407408,AH-99061,Patatas fritas Alipende 1kg corte fino,CAT-1455,Patatas fritas corte ondulado
74.0,AH-99368,Pienso perro Ultima senior pollo y arroz 3kg,CAT-8011,Pienso De Pollo Para Perros Senior Medianos Y Grandes Ultima 3 Kg
73.94957983193278,AH-99533,Comida húmeda gato gelatina Félix sabores pack 12,CAT-9138,Comida Humeda En Gelatina Festin De Sabores Para Gatos Purina Felix Duo 4X85 G
73.84615384615385,AH-98401,"Cerveza 0,0 Estrella Galicia 33cl",CAT-6400,Cerveza Estrella Galicia 00 Sin Alcohol Lata 33 Cl
73.84615384615385,AH-98467,"Tinto verano con limón La Casera 1,5L P2",CAT-2047,Tinto de verano limón Don Simón
73.84615384615385,AH-98597,Vino tinto Valdepeñas Cepas Viejas 75cl,CAT-6164,Vino Tinto 3 Reinos Do Valdepenas 75 Cl  
73.80952380952381,AH-98520,Cerveza rubia San Miguel Especial lata 33cl,CAT-9962,Cerveza San Miguel Especial Sin Gluten Botella 33 Cl
73.6842105263158,AH-98493,Whisky Johnnie Walker 70cl etiqueta negra,CAT-4049,Whisky Johnnie Walker 70 Cl
73.6842105263158,AH-98754,Mousse de pato 100% Capdevila,CAT-2932,Mousse de pato
73.5632183908046,AH-99197,Frambuesa chocolate blanco con leche Itfruit,CAT-6275,Galleta Cookie Chocolate Blanco Y Frambuesa 1 Ud
73.52941176470588,AH-98423,Refresco naranja Fanta mini lata 20cl pack 6,CAT-6841,Fanta De Naranja Mini Pack 6 Latas 20 Cl
73.52941176470588,AH-98460,"Bebida de avena, plátano y coco Vianature 750ml",CAT-3979,Bebida láctea de piña y coco
73.52941176470588,AH-99086,Mango congelado de Congelados Navarra 300G,CAT-8977,Arandanos Congelados De Navarra 300 G
73.52941176470588,AH-99345,Bebida de avena Barista Alpro 1 litro,CAT-6608,Bebida De Avena Oatly Barista Brik 1 L
73.52941176470588,AH-99400,Snack para perros Friskies pollo 5uds,CAT-9765,Snacks De Pollo Para Perro Querico 5 Unidades
73.46938775510203,AM-15319,Comida húmeda Purina One salmón pavo 4x85g,CAT-9720,Comida Humeda De Salmon Para Gato Junior Purina One Junior 4X85 G
73.46938775510203,AH-98957,Queso de oveja Alipende cuña 275gr,CAT-2936,Queso viejo ahumado de oveja
73.46938775510203,AH-98968,"Alas de pollo bandeja Alipende 1,25kg aprox",CAT-3945,Alitas de pollo asadas
73.4375,AH-99553,Detergente líquido con higiene y antiolor Wipp 40+40 lavados,CAT-5291,Detergente Liquido Limpieza Profunda Higiene  Antiolores Wipp Express 43 Lavados
73.41772151898735,AH-98569,Kombucha Komvida 750ml frutos rojos,CAT-8503,Kombucha Frutos Rojos Ecologica Komvida Sin Gluten 75 Cl
73.41772151898735,AH-99104,Empanadillas La Cocinera 312g atún,CAT-8013,Empanadillas De Atun Recetas Artesanas La Cocinera 312 G
73.33333333333334,AH-98175,Atún Ribeira pack 6 en aceite girasol,CAT-2080,Atún en aceite de girasol
73.33333333333334,AH-98547,Zumo 100% de tomate Granini 1l,CAT-4267,Zumo De Tomate 100 Premium Granini Botella 1 L
73.33333333333334,AH-98950,Magro de cerdo Alipende 220g,CAT-1353,Manteca de cerdo
73.33333333333334,AH-98985,Bloc de foie gras de pato Martiko lata 130g,CAT-3119,Bloc foie gras de pato
73.23943661971832,AH-98357,Vino blanco espumoso Fizzy verdejo,CAT-2031,Vino blanco verdejo frizzante DulZ.Ze
73.17073170731707,AH-98236,Magdalenas sin azúcar añadido La Bella Easo 232g,CAT-2590,Magdalenas integrales 0% azúcares añadidos
73.17073170731707,AH-98290,Salsa Gallo 190g pesto,CAT-2835,Salsa Pesto con albahaca
73.17073170731707,AH-98492,Vino tinto DO Ribera del Duero Mayor de Castilla crianza,CAT-8016,Vino Tinto Crianza Tempranillo Altos De Tamaron Do Ribera Del Duero 75 Cl
73.17073170731707,AH-98685,Entrañas de añojo,CAT-3057,Entrecot de vacuno añojo
73.17073170731707,AH-99325,Natillas proteinas Danone Pack 4 Vainilla,CAT-0826,Natillas sabor vainilla +Proteínas 12 g proteínas
73.17073170731707,AH-99332,Batido pro Optimilk 330 ml sabor vainilla,CAT-3912,Batido lácteo sabor vainilla +Proteínas 30 g proteínas
73.11827956989248,AH-99548,Limpiador Bref WC colgador 2 uds poder activ pine forest,CAT-6921,Colgador Wc Poder Activo Aroma Limon Bref 2 Ud
73.07692307692308,AH-99352,Chocolate a la taza Valor 1l,CAT-1122,Chocolate líquido a la taza
73.01587301587303,AH-98286,Tortitas de arroz integral de yogur con chocolate blanco sin gluten Vitalday 125g,CAT-0961,Tortitas de arroz con chocolate blanco sabor yogur
73.01587301587303,AH-99283,Mantequilla ligera sin lactosa Asturiana 250g,CAT-3562,Mantequilla sin lactosa
72.97297297297297,AH-98645,Vino tinto DO Bierzo Guerra crianza,CAT-1099,Vino tinto crianza Comportillo DO Rioja
72.91666666666667,AH-99411,Comida húmeda gato Ultima Fit & Delicious pescado pack 4,CAT-5474,Comida Humeda De Pescado Para Gato Whiskas 24X85 G
72.72727272727273,AM-55806,Cerveza rubia Adlerbrau lata 33cl,CAT-6790,Cerveza Saer Brau Pils Lata 33 Cl
72.72727272727273,AH-98135,Placas de lasaña El Pavo 18unid,CAT-1796,Placas para lasaña precocidas El Pavo
72.72727272727273,AH-98177,Mayonesa bocabajo Heinz 400ml,CAT-9008,Mayonesa Heinz Envase 400 Ml
72.72727272727273,AH-98277,Vainilla Alipende 3g en rama,CAT-1094,Aroma de vainilla
72.72727272727273,AH-98288,Melva en aceite de oliva Tejero 80g,CAT-1806,Filetes de melva en aceite de oliva
72.72727272727273,AH-98473,"Vino tinto Fuentespina Crianza ""C"" 75cl",CAT-4034,Vino Tinto Crianza Cune Doca Rioja 75 Cl
72.72727272727273,AH-98500,Cerveza Madrí botella 33cl excepcional,CAT-4859,Cerveza Peroni Botella 33 Cl
72.72727272727273,AH-98568,Ginebra Kanpur 70cl strawberry,CAT-0486,Ginebra strawberry Gin Glivery
72.72727272727273,AH-98615,Agua de coco 100% natural Tesoro Natural 500 ml,CAT-0639,Agua de coco 100% natural
72.72727272727273,AH-98746,Mejillón extra,CAT-3653,Mejillón
72.72727272727273,AH-98716,LOTE 1kg pechugas de pollo + 1kg de muslos,CAT-0169,Pechugas enteras familiar de pollo
72.72727272727273,AH-98794,Chopped cocido en lata Serrano 185g,CAT-0573,Chopped cocido en lata finas lonchas
72.72727272727273,AH-98842,Cilantro bolsa 20g,CAT-0157,Cilantro
72.72727272727273,AH-98925,Lacón asado en lonchas Tello 200g,CAT-1486,Lacón al horno Noel lonchas
72.72727272727273,AH-98976,Albahaca bolsa 20g,CAT-0138,Albahaca
72.72727272727273,AH-98993,Burger meat de vacuno Pujol´s 2 x 150g,CAT-2773,Burger de vacuno gruesas
72.72727272727273,AH-99080,Gnocchi patata con verduras y pollo 600g,CAT-7765,Gnocchi Con Verduras Y Pollo Cn Congelados De Navarra 600 G
72.72727272727273,AH-99359,Batido Cacaolat 0% 1l chocolate,CAT-0011,Batido de chocolate
72.72727272727273,AH-99418,Cesar Natural Goodness 100g,CAT-0546,Café monodosis natural
72.72727272727273,AM-26464,Refresco cola Coca-Cola 2l pack botella 2 zero azúcar zero cafeína,CAT-7386,Coca Cola Zero Azucar Zero Cafeina Mini Pack 10 Latas 20 Cl
72.72727272727273,AH-99522,Leche Pascual 1l semidesnatada,CAT-6119,Leche Semidesnatada Rio Brik 1 L
72.52747252747253,AH-99386,Pienso gato esterilizado Ultima buey 800g,CAT-9111,Penso Esterilizado De Pollo Para Gato Adulto Ultima Cat 800 G
72.5,AH-98129,Arroz integral Brillante pack 2,CAT-8002,Arroz Integral Para Microondas Brillante Pack De 2 Unidades De 125 G
72.46376811594203,AH-98969,Queso mezcla curado La Leyenda 210 gr trufado,CAT-1508,Queso curado mezcla con trufa
72.41379310344827,AH-98168,Aceitunas rellenas Alipende pack 3,CAT-1096,Aceitunas verdes rellenas de anchoa
72.41379310344827,AH-98351,"Refresco Sunny delight 1,25l Florida",CAT-1021,Bebida Florida Sunny Delight
72.41379310344827,AH-99320,Bebida de avena 0% Yosoy 1l,CAT-9901,Bebida De Avena Yosoy Sin Gluten Brik 1 L
72.41379310344827,AH-99346,Natillas La Colmenareña 140g vainilla,CAT-2509,Natillas de vainilla Danet
72.34042553191489,AH-98133,Arroz basmati Brillante pack 2,CAT-9939,Arroz Basmati Tilda 1 Kg
72.34042553191489,AH-98594,Refresco cola Coca-Cola Sabor Original 2l Botella,CAT-9313,Refresco Sabor Naranja Carrefour Classic Botella 2 L
72.34042553191489,AH-98887,Mortadela siciliana en lonchas Alipende 250g,CAT-2888,Mortadela lonchas
72.34042553191489,AH-99383,Clásicos comida húmeda para perro con buey tarrina 150 g,CAT-4691,Comida Humeda De Buey Para Perro Mini Ultima 150 G
72.34042553191489,AH-99489,Champú Nenuca 500ml suave,CAT-6832,Champu Suave Ph5 Eucerin Pack 2 Unidades 250 Ml
72.28915662650603,AH-98137,Aceite oliva virgen extra Hojiblanca 5L,CAT-0019,Aceite de oliva virgen extra Picual Casa Juncal
72.28915662650603,AH-99297,Leche sin lactosa Asturiana 1L suprema desnatada,CAT-8012,Leche Desnatada Kaiku Sin Lactosa Brik 1 L
72.22222222222221,AM-54770,Azúcar blanco Azucarera 1kg,CAT-1797,Azúcar blanco
72.22222222222221,AH-98287,Masa de empanada Alipende 280g,CAT-3728,Masa fresca empanada
72.22222222222221,AH-98333,Cerveza con limón Cruzcampo Shandy lata 33cl,CAT-6475,Cerveza Damm Lemon Con Limon Lata 33 Cl
72.22222222222221,AH-98684,Cebolla dulce,CAT-9452,Cebolla Dulce Carrefour 500 G
72.22222222222221,AH-98819,Tomate Cherry 300g Tricolor,CAT-2730,Tomates cherry
72.22222222222221,AH-98823,Salmorejo Don Simon 1l,CAT-2057,Sangría Don Simón
72.22222222222221,AH-99491,Pañal Dodot pants 23+10ud talla 7,CAT-7330,Pants Dodot T7 17 Kg 44 Ud
72.16494845360825,AH-98638,Vino tinto DO Ribera del Duero Cepa 21 cosecha,CAT-9756,Vino Tinto Reserva Dehesas Del Rey Do Ribera Del Duero 75 Cl
72.1311475409836,AH-99323,Batido Pascual 200ml pack 6 chocolate,CAT-0014,Batido de chocolate 90% leche Puleva
72.09302325581395,AH-99201,Helado de tarrina kinder bueno chocolate de 455 ml,CAT-7032,Helado De Chocolate Fudge Brownie Ben  Jerry 465 Ml
72.07207207207207,AH-98570,Vino tinto crianza DO Ribera del Duero Cepa Gavilán 75cl,CAT-7536,Vino Tinto Crianza Tempranillo Enrique I Do Ribera Del Duero 75 Cl
72.0,AH-98247,Bizcochos Maydul 250g,CAT-2398,Bizcochos
72.0,AH-98259,Mejillon Alipende 69g 13/18 escabeche,CAT-1844,Mejillones en escabeche pequeños
72.0,AH-98396,Cerveza Mahou  Botella 33cl reserva,CAT-4392,Cerveza Leffe Botella 33 Cl
71.91011235955057,AM-75217,Refresco cola Coca-Cola lata 33cl pack 12 zero azúcar,CAT-9895,Coca Cola Zero Azucar Zero Cafeina Pack 12 Latas 33 Cl
71.91011235955057,AH-98630,Cerveza sin gluten naturepils nómada 33cl botella,CAT-9890,Cerveza Daura Marzen Lager Sin Gluten Botella 33 Cl
71.875,AH-99348,Postre a base de soja Alipende pack 4 vainilla,CAT-0273,Postre de soja sabor vainilla
71.7948717948718,AH-99116,Langostino crudo Antonio y Ricardo 900g 27/36 piezas,CAT-4839,Langostino Crudo Congelado 3040 Ud Pescatrade 900 G
71.7948717948718,AH-99257,Flan de vainilla Alipende pack 600g,CAT-2637,Helado de vainilla
71.7948717948718,AH-99342,Yogur La Fageda Pack 4 Sabor Limón,CAT-6496,Yogur Sabor  Limon Carrefour Classic Pack De 4 Unidades De 125 G
71.73913043478262,AH-99353,Chocolate sin gluten Valor 300g a la taza,CAT-4141,Chocolate A La Taza Listo Para Tomar Ram Sin Gluten Brik 1 L
71.69811320754718,AH-99361,Leche fresca La Colmenareña 1l entera,CAT-0053,Leche entera fresca
71.64179104477613,AH-98490,Zumo de mandarina 100% exprimido Don Simón 1l,CAT-4421,Zumo De Manzana Don Simon Brik 1 L
71.64179104477613,AH-98804,Queso mozzarella rallado Alipende 300 g,CAT-1578,Queso rallado mozzarella pizza-Roma de vaca
71.64179104477613,AH-98924,Queso cheddar rojo en lonchas Lafuente 200g,CAT-3135,Queso lonchas cheddar de vaca
71.64179104477613,AH-98688,Potón del Pacífico en anillas,CAT-1914,Tiras de potón del Pacífico congeladas
71.60493827160495,AH-99131,Bacalao al punto de sal en porciones sin piel 400g,CAT-3664,Bacalao al punto de sal descongelado
71.57894736842105,AH-99129,Croqueta artesana La Cocinera 400g jamón serrano,CAT-5093,Croquetas De Espinacas Recetas Artesanas La Cocinera 400 G
71.57894736842105,AH-99532,Comida húmeda gato Purina carne pack 6,CAT-8471,Comida Humeda Sabor Carne Para Gato Adulto Purina Gourmet 4X57 G
71.42857142857143,AH-98154,Tomate frito Orlando 636g pack 3,CAT-0615,Tomate frito Hida
71.42857142857143,AH-98278,Cacao en polvo Colacao 1.1 kg,CAT-0834,Cacao puro en polvo La Chocolatera
71.42857142857143,AH-98437,Refresco cola Pepsi lata 33cl,CAT-0161,Refresco Coca-Cola
71.42857142857143,AH-98541,Vino tinto DO Ribera del Duero Emilio Moro,CAT-5972,Vino Tinto Tempranillo Finca Resalso Do Ribera Del Duero 75 Cl
71.42857142857143,AH-99354,Café con leche Starbucks 220ml seattle latte,CAT-7262,Cafe Latte De Caramelo Starbucks 220 Ml
71.42857142857143,AH-99527,Bebida de avena Yosoy 1l,CAT-1069,Bebida de soja 0% azúcar
71.31782945736434,AH-99225,Bífidus probiótico Activia desnatado 0% materia grasa pack 8 natural,CAT-0938,Bífidus desnatado probióticos natural Activia 0% MG  0% azúcares añadidos
71.23287671232876,AH-99505,LOTE de Pollo: 1Kg de Contramuslos + 1Kg de Jamoncitos,CAT-3047,Jamoncitos de pollo congelados
71.1864406779661,AH-98472,Refresco naranja Fanta botella 50cl,CAT-0975,Refresco de naranja fresh gas
71.1864406779661,AH-98940,Fiambre de sándwich en lonchas Alipende 300g,CAT-0339,Jamón cocido sándwich lonchas
71.1864406779661,AH-98972,Longaniza imperial ElPozo 250 gr,CAT-3097,Longaniza de pavo Imperial extra
71.11111111111111,AH-98409,Néctar de piña Granini 1l,CAT-4004,Néctar de piña La Verja
71.11111111111111,AH-99293,Mantequilla Asturiana 500g,CAT-2489,Croissant de mantequilla 26%
71.05263157894737,AH-99551,Limpiahogar Don Limpio Baño Líquido Detergente 1.5 I,CAT-4195,Limpiador De Bano Don Limpio 15 L
71.02803738317758,AH-98198,Regañas Horno el Antequerano 150g aceite de oliva virgen extra,CAT-5293,Aceite De Oliva Virgen Extra Spray Carrefour Extra 200 Ml
70.96774193548387,AH-98158,Gazpacho García Millán 1l,CAT-5509,Gazpacho Fresco Garcia Millan Sin Gluten 1 L
70.96774193548387,AH-98458,Bebida energética zero Contact 25cl piña coco,CAT-1030,Bebida energética Zero
70.96774193548387,AH-98462,Néctar de pera Granini 1l,CAT-4264,Nectar De Pera Granini Seleccion Botella 1 L
70.96774193548387,AH-98589,Bebida espirituosa Veterano 1l,CAT-0409,Bebida espirituosa centenario Terry
70.96774193548387,AH-98767,Carabinero mediano,CAT-2911,Fideo mediano
70.96774193548387,AH-98886,Cebolla francesa 500g,CAT-1990,Sopa de cebolla
70.96774193548387,AH-99038,Manteca de cerdo ibérica ElPozo 400g,CAT-1167,Paté de hígado de cerdo ibérico
70.96774193548387,AH-99180,Helado Drácula Frigo 6 uds,CAT-9436,Helado De Fresa Dracula Frigo Sin Gluten 6 Ud
70.96774193548387,AH-99295,Yopro Proteína Danone Pack 4 Sabor Fresa,CAT-3992,Yogur sabor fresa Danone
70.96774193548387,AH-99327,Horchata Alipende botella 1 l,CAT-3801,Horchata fresca
70.83333333333333,AH-98246,Cocido madrileño sin gluten Alipende 440g,CAT-0970,Magdalenas sin gluten
70.83333333333333,AH-99238,Postre Soja Alpro 400G Manzana,CAT-1958,Postre de manzana Jamar
70.76923076923076,AM-51413,Salsa de tomate receta artesana Solís 350g,CAT-0430,Tomate frito receta artesana
70.76923076923076,AH-98279,Valenciana López 320g en aceite de oliva,CAT-0637,Sardinillas en aceite de oliva
70.76923076923076,AH-98455,"Refresco con sabor piña coco Enjoy 1,5l",CAT-1079,Refresco piña-coco cero sin gas
70.76923076923076,AH-98901,Boniato para microondas Sweetpat 400g,CAT-3793,3 Vegetales para microondas lavados
70.76923076923076,AH-99158,San jacobos La Cocinera 388g,CAT-9327,San Jacobos Recetas Crujientes La Cocinera 388 G
70.73170731707317,AH-98554,Vino blanco albariño Mar de Frades 75cl,CAT-0525,Vino blanco albariño Ponte Tamuxe DO Rías Baixas
70.67669172932331,AH-98758,Paleta de cebo de campo 50% raza ibérica Lasencia AL CORTE,CAT-9435,Centro De Paleta De Cebo Iberica 50 Raza Iberica Al Corte Circulo De Calidad 170 G Aprox
70.58823529411764,AH-98308,Salsa fresca Rana 180g setas y boletus,CAT-2339,Salsa fresca Setas
70.58823529411764,AH-98394,Refresco lima-limón 7Up lata 33cl zero,CAT-4370,Refresco Sabor Lima  Limon Zero Carrefour Classic Lata 33 Cl
70.58823529411764,AH-98768,Pollo de corral entero,CAT-2725,Pollo entero
70.58823529411764,AH-98954,Queso de oveja ya cortado Alipende cuña 250g,CAT-1563,Queso tierno mezcla cortado en cuñitas
70.58823529411764,AH-99090,Nata montada Alipende 500ml,CAT-0288,Nata montada azucarada
70.58823529411764,AH-99374,"Alimento completo para gato Meque bolas pelo 1,2kg",CAT-3769,Alimento completo para periquitos Granzoo
70.45454545454545,AH-98359,Refresco cola Coca-Cola Sabor Original lata 33cl,CAT-9872,Refresco Sabor Naranja Carrefour Classic Lata 33 Cl
70.45454545454545,AH-99036,Fiambre de pechuga de pavo Campofrío 70 gr,CAT-1753,Pechuga de pavo al horno de leña Campofrío lonchas
70.4225352112676,AH-99307,Batido Cacaolat 1l cacao +50% gratis,CAT-4450,Batido De Cacao Cacaolat Sin Gluten Botella 1 L
70.39999999999999,AH-99409,Comida húmeda gato Félix gelatina pescado pack 4,CAT-9125,Comida Humeda En Gelatina Seleccion Pescado Para Gato Purina Felix Sensations 4X85 G
70.37037037037037,AH-98585,Licor limoncello Brisamare 70cl,CAT-2408,Licor de limoncello Franzini
70.37037037037037,AH-98764,T-Bone de lomo de vaca madurada,CAT-2625,Burger de vaca madurada
70.32967032967032,AH-98915,Salchichas tipo frankfurt Campofrío pack 4 uds,CAT-6629,Salchichas Frankfurt Carrefour Sin Gluten Pack De 4 Unidades 170 G
70.27027027027026,AH-99186,Helado tarrina Oreo 425 ml,CAT-0920,Obleas para helado
70.27027027027026,AH-99375,Comida canario Tucanpez 500g,CAT-0654,Tomate canario
70.27027027027026,AH-98701,Chuletas de cordero lechal por carrés,CAT-3053,Chuletas cordero de lechal congeladas
70.17543859649122,AH-98894,Burger meat de pollo Granja Gourmet 540g,CAT-2586,Burger de pollo gruesa
70.12987012987013,AH-98668,Pechuga de pavo Frial asada,CAT-5712,Pechuga De Pavo Natural Asada Al Corte Frial 150 G Aprox
70.12987012987013,AH-99561,Pipetas Gato Dixie Basic 2U Repelente,CAT-9002,Pipeta Repelente Parasito Para Gato Dixie
70.10309278350515,AH-98241,Cereales rellenos de chocolate Chocoflakes Cuétara 520g,CAT-2679,Cereales copos de trigo Chocodays con chocolate
70.10309278350515,AH-98628,Vino tinto DO Uclés Finca Estacada tempranillo,CAT-9634,Vino Tinto Joven Tempranillo Tres Reinos Doca Rioja 75 Cl
70.0,AH-98134,Tiburón Alipende 500g,CAT-0622,Pasta tiburón
70.0,AH-98224,Ketchup Heinz 460g,CAT-0037,Ketchup
70.0,AH-98263,Almendra cruda Alipende 125g estándar,CAT-0771,Pasta de almendra
70.0,AH-98936,Chorizo en lonchas calidad extra España 200g,CAT-2924,Chorizo extra lonchas
70.0,AH-99362,Alimento completo para gato Meque carne y verdura 2kg,CAT-3771,Alimento completo para canarios y jilgueros Granzoo
69.90291262135922,AH-99173,Helado cono sabor coco y mango Nestle Extreme 6 unid,CAT-7777,Conos Con Helado De Vainilla Y Caramelo Extrme Nestle 6 Ud
69.90291262135922,AH-99405,Comida húmeda gato Ultima Fit & Delicious carne pack 4,CAT-8364,Comida Humeda De Carne Para Gato Adulto Perfect Fit 4X85 G
69.87951807228916,AH-99076,Preparado Cocinarte 500g paella y sopa de marisco,CAT-6515,Preparado De Marisco Para Paella Delfin 480 G
69.87951807228916,AH-99135,Langostino cocido Antonio y Ricardo 900g 27/36 piezas,CAT-0751,Langostino cocido y pelado ultracongelado
69.84126984126983,AH-98190,Mermelada diet la vieja fabrica 280g frambuesa,CAT-2497,Mermelada de frambuesa
69.84126984126983,AH-98195,Patatas fritas lays 150g vinagreta,CAT-1474,Patatas fritas sabor sal y vinagre
69.76744186046511,AM-83450,"Alimento completo para perros con vacuno Meque 1,2kg",CAT-3774,Alimento completo conejos enanos Granzoo
69.76744186046511,AH-98681,Pechuga de pavo adobada,CAT-2878,Pechuga 92% pavo lonchas
69.76744186046511,AH-99152,Bacalao desmigado 200g,CAT-0992,Migas de bacalao desaladas
69.76744186046511,AH-99312,Yogur Griego Danone Pack 4 Manzana Y Canela,CAT-7336,Yogur Griego Sabor Caramelo Danone Pack De 4 Unidades De 110 G
69.76744186046511,AH-99377,Alimentación para gato Snack Meque 50g pollo e hígado,CAT-3879,Snack gato barritas de pollo e hígado
69.76744186046511,AH-99448,Pañal Bodyplus 90 uds talla 4 9-15kg,CAT-2274,Pañales bebé talla 4 de 9-15 kg
69.6969696969697,AH-98459,Vino tinto de mesa Viñas Bajas garrafa 5l,CAT-1129,Vino tinto Syrah Mar de Uvas
69.6969696969697,AH-98475,Refresco de cola Pepsi Zero 1l,CAT-0336,Refresco de limón zero azúcar fresh gas
69.6629213483146,AH-99170,Helado Häagen-Dazs Chunky Salted Caramel 3x80ml,CAT-4665,Helado De Caramelo Salado Hagen Dazs Sin Gluten 400 G
69.6629213483146,AH-99529,Comida húmeda gato Purina carne verduras pack 8,CAT-4764,Comida Humeda De Carne Para Perro Golden Can 124 Kg
69.56521739130434,AH-98377,Cerveza rubia especial Heineken lata 33cl,CAT-0452,Cerveza especial sin gluten Falke
69.56521739130434,AH-98382,"Agua mineral Teleno 2,5l",CAT-1004,Agua mineral pequeña Cortes
69.56521739130434,AH-98781,Jamón cocido corte extra fino La Selva 90g,CAT-0998,Jamón cocido extra Noel lonchas
69.56521739130434,AH-99187,Cornetto Frigo chocolate X4 90ml,CAT-1735,Gofres con chocolate
69.56521739130434,AH-99258,Bebida De Soja Calcio Alipende 1 litro,CAT-3988,Bebida Kéfir de coco
69.56521739130434,AH-99392,"Pienso perro One adulto buey y arroz 1,5kg",CAT-3438,Mini aritos perro adulto y sénior
69.56521739130434,AH-99068,Corazón filete merluza Pescanova 500g sin piel,CAT-4423,Corazones De Filete De Merluza Congelados Pescanova 500 G
69.56521739130434,AH-99226,Kefír Activia 345gr natural,CAT-3989,Bebida Kéfir natural 0% MG
69.44444444444444,AH-98564,Vino tinto DO Puerta Alcalá reserva,CAT-9979,Vino Tinto Reserva Laturce  Doca Rioja 75 Cl
69.38775510204081,AH-98411,Dulce María DO Madrid 75cl,CAT-3787,Maíz dulce en mazorca cocido
69.38775510204081,AH-98575,Cerveza reposada Rivera 33cl pack 4,CAT-0473,Cerveza tostada Turia
69.38775510204081,AH-99004,Queso Vaca que ríe Light porciones pack 16 unidades,CAT-4126,Queso Fundido En Porciones Light La Vaca Que Rie Sin Gluten 250 G
69.38775510204081,AH-99051,Paté de pollo Casa Tarradellas 125g,CAT-0939,Paté de pollo asado
69.33333333333334,AH-98295,Cacahuete frito sin piel y sin sal Frumesa 200g,CAT-1297,Cacahuete frito y salado con piel
69.33333333333334,AH-99241,Leche condensada La Lechera 450g desnatada sirve fácil,CAT-3315,Leche condensada desnatada
69.23076923076923,AM-27034,Patatas fritas gajo McCain 750g rustic,CAT-1112,Patatas fritas paja
69.23076923076923,AH-98197,Aceitunas rellenas Alipende 150g suave reducido en sal,CAT-1165,Aceitunas verdes rellenas de pepinillo
69.23076923076923,AH-98723,Gamba arrocera,CAT-2582,Gamba cocida
69.23076923076923,AH-99335,Flan Alipende pack 4 café,CAT-2075,Flan de café
69.23076923076923,AH-99350,Dulce de leche Mardel clásico 350g,CAT-2963,Dulce de leche Chimbote
69.1588785046729,AH-98909,Lomo ibérico adobado fileteado Finura de Ibérico 350g aproximadamente,CAT-0775,Caña de lomo cebo ibérico Finura de Ibérico
69.1588785046729,AH-98932,Jamón gran reserva duroc en lonchas Magno 90g,CAT-5723,Jamon Serrano Gran Seleccion Duroc En Lonchas Carrefour El Mercado 90 G
69.1358024691358,AH-99371,Snack de salmón para gatos Vitakraft 20g,CAT-7404,Snack Stick Salmon Para Gato Adulto Cat Stick 3 Ud
69.0909090909091,AH-98344,Vino Blanco Castillo Lagomar 75CL,CAT-2038,Vino blanco Casón Histórico
69.0909090909091,AH-98353,Bebida Monster sin azúcar añadido 50cl x 4 taurina ginseng,CAT-0436,Bebida de soja con calcio y vitaminas sin azúcares añadidos
69.0909090909091,AH-98572,"Bebida Energética Contact 1,5l",CAT-1038,Bebida energética Energy Drink
69.0909090909091,AH-98580,Licor de hierbas El Artesano 70cl,CAT-4945,Licor De Hierbas Geistluchs 70 Cl
69.0909090909091,AH-98619,Vino tinto DO Castilla Berberana Carta de Plata tempranillo,CAT-6185,Vio Tinto Crianza Tempranillo Malabestia Doca Rioja 75 Cl
69.0909090909091,AH-99172,Helado cornetto frigo con sabor a limón pack de 4 unidades,CAT-7803,Conos Con Helado De Vainilla Y Mango Max Mango Cornetto Frigo 4 Uds
69.04761904761905,AH-98381,"Bebida isotónica de melocotón rojo Aquarius 1,5l botella",CAT-0746,Bebida isotónica naranja Aquarius
69.04761904761905,AH-98408,Zumo tropical con leche Bifrutas Pascual pack 3,CAT-4894,Zumo Tropical Original Bifrutas Botella 1 L
68.96551724137932,AH-98294,Aceitunas gordal Alipende 180g con pepinillo,CAT-2271,Palitos de pan con aceitunas
68.96551724137932,AH-98348,Refresco naranja Fanta lata 33cl pack 9,CAT-6117,Fanta De Naranja Pack 9 Latas 33 Cl
68.96551724137932,AH-98693,Tira de costilla de cerdo,CAT-0646,Costilla de cerdo ibérico adobada
68.96551724137932,AH-99148,Cola de gambón crudo pelado 200g,CAT-3011,Colas de gambón crudo congelado
68.96551724137932,AH-99165,Galleta de helado Rume 85g,CAT-5198,Bombon Helado De Nata Y Galleta Oreo 3 Ud
68.96551724137932,AH-99178,Helado cono Alipende 4 uds caramelo salado,CAT-3958,Flan de vainilla con caramelo
68.88888888888889,AH-99399,Pienso perro Brekkies Delicious 3kg,CAT-8059,Pienso De Buey Para Perros Adultos Brekkies Excel Delicious 3 Kg
68.85245901639344,AH-98562,Cerveza Mini Estrella Galicia Lata 25cl,CAT-2575,Cerveza especial mini Mahou
68.85245901639344,AH-98963,Salchicha wudy Aia 150gr con queso,CAT-1499,Salchichas cocidas bocata queso
68.85245901639344,AH-99027,Fuet cañitas Minuets Espuña 50g,CAT-9515,Fuet Extra Dolot En Canitas Espuna 50 G
68.85245901639344,AH-99103,Calamar troceado de la India 300g,CAT-1568,Calamar troceado limpio congelado
68.85245901639344,AM-67517,Vino blanco Don García brik 1l,CAT-7418,Vino Blanco Carrefour Classic Brik 1 L
68.81720430107528,AH-98326,Zumo tropical con leche Bifrutas Pascual pack 6,CAT-4655,Zumo Tropical Original Bifrutas Pack De 3 Briks De 33 Cl
68.75,AH-98610,Cerveza rubia Inedit Damm botella 33cl,CAT-7152,Cerveza Desperados Lima Botella 33 Cl  
68.75,AH-98648,LOTE 1kg de magro + 1kg de aguja de cerdo,CAT-0909,Fiambre de magro de cerdo adobado
68.75,AH-99432,Comida húmeda perro Pedigree carne mixta pack 4,CAT-4892,Comida Humeda De Buey E Higado Para Perros Pedigree 300 G
68.75,AH-99065,Ajo Alipende 200g troceado,CAT-0384,Pollo asado troceado
68.65671641791045,AH-98440,"Refresco cola Pepsi zero botella 1,75l lima",CAT-8853,Pepsi Zero Azucar Lima Botella 175 Cl
68.65671641791045,AH-99098,Crunchy gouda Fripozo mermelada albaricoque 300g,CAT-0449,Mermelada de albaricoque
68.65671641791045,AH-99121,Helado cono sin azúcar Alipende 4 uds vainilla-choco,CAT-2502,Helado cucurucho de vainilla
68.57142857142857,AH-98350,Vino tinto DO Ribera del Duero Tonteo 75cl  Tinta del País,CAT-4777,Vino Tinto Roble Tempranillo Cune Do Ribera Del Duero 75 Cl
68.57142857142857,AH-98715,Solomillo de añojo,CAT-3042,Solomillo de pavo
68.57142857142857,AH-98748,Filete de jamón de cerdo duroc,CAT-4472,Filete De Jamon De Cerdo Carrefour 600 G Aprox
68.57142857142857,AH-99013,Ensalada pasta y rúcula con pollo y queso Florette 325g,CAT-3542,"Ensalada de pollo, queso y frutos secos Listo para Comer"
68.57142857142857,AH-99043,Queso crema de oveja Flor De Esgueva 125g,CAT-2939,Queso curado DOP manchego de oveja
68.49315068493152,AM-11896,Traseros de pollo amarillo Pazo de Pías,CAT-0171,Cuartos traseros familiar de pollo
68.49315068493152,AH-98590,Vino blanco DO La Mancha Yugo joven,CAT-4238,Vino Blanco Airen Vina Lobon Do Mancha 75 Cl
68.49315068493152,AH-99222,Bebida láctea Danacol colesterol pack 6 fresa,CAT-3914,Bebida láctea de fresa L-casei
68.49315068493152,AH-99240,Bebida de soja omega 3 Vivesoy 1l,CAT-6312,Bebida De Soja Plus Ligera Sin Azucar Vivesoy 1 L
68.49315068493152,AH-99266,Yogur estilo griego Alipende pack 6 azucarado 750g,CAT-1639,Yogur griego natural con azúcar de caña
68.42105263157895,AH-98266,Harina especial pizza Alipende 1kg,CAT-0347,Masa fresca pizza
68.42105263157895,AH-98300,Café espresso barista intensidad 13 L´or 20 cápsulas,CAT-2657,Café en cápsula espresso Tassimo
68.42105263157895,AH-98859,Queso blanco Alipende pack 4 uds,CAT-1766,Queso blando mezcla
68.42105263157895,AH-98984,Suprema Atún Aleta amarilla Gourmar Bandeja,CAT-3718,Rodajas de atún de aleta amarilla
68.42105263157895,AH-99049,Pate de pollo La Piara P2,CAT-1331,Patas de pollo
68.42105263157895,AH-99088,Salteado Alipende 500g pasta oriental,CAT-3907,Tabulé oriental
68.42105263157895,AH-98661,"Jamón de cebo 50% raza ibérico Legado 7,5 kg aprox",CAT-2927,Jamón de cebo ibérico cortado a tapas
68.35443037974683,AH-98352,Fruta con leche mediterráneo Alipende pack 6,CAT-2552,Fruta + leche mediterráneo sin azúcares añadidos
68.35443037974683,AH-98496,Vino tinto de Castilla Aljibes crianza,CAT-5863,Vino Tinto Crianza Azpilicueta Doca Rioja 75 Cl
68.35443037974683,AH-98947,Jamón cocido Casa Tarradellas 150gr finas lonchas,CAT-1479,Jamón cocido braseado Noel lonchas
68.29268292682926,AH-98599,Vino blanco DO Rias Baixas Terras Gauda 75cl,CAT-2027,Vino blanco verdejo Abadía Mantrús DO Rueda
68.29268292682926,AH-98700,Lomo de bellota 50% raza ibérica,CAT-3115,Lomo de bellota ibérico 50% raza ibérica cortado a máquina
68.29268292682926,AH-99195,Helado bloque Alipende nata y fresa 1l,CAT-1773,Helado de fresa
68.29268292682926,AH-99415,Snack gato Vitakraft líquido 6 unidades,CAT-6063,Snack Liquido Con Salmon Y Omega 3 Para Gato Vitakraft  6X15 G
68.29268292682926,AH-99462,Colonia Nenuco 500 ml,CAT-2229,Agua de colonia bebé Nenuco
68.29268292682926,AH-99542,Papel higiénico Lanta 12 rollos 3 capas perfumado,CAT-5052,Papel Higienico 3 Capas Seda Foxy 30 Rollos
68.18181818181819,AH-98182,Pan de trigo sarraceno 334g,CAT-1071,Harina de trigo grande
68.18181818181819,AH-98927,Paté a la pimienta Alipende 160g,CAT-1623,Paté de cerdo con pimienta
68.18181818181819,AH-99142,Helado cono Alipende yogurt de limón 4 uds,CAT-1789,Helado de limón
68.18181818181819,AH-99347,Café Alipende 237ml espresso intenso,CAT-2722,Café con leche espresso
68.08510638297872,AH-98831,Queso edam lonchas madurado Alipende 300 g,CAT-1604,Queso curado cheddar
68.08510638297872,AH-99132,Judías verdes Alipende 1kg con patatas,CAT-0576,Judías verdes redondas
68.08510638297872,AH-99057,Cebolla Alipende 450g troceada,CAT-1993,Cebolla troceada ultracongelada
68.08510638297872,AH-99056,Nuggets de pollo Alipende 400g,CAT-0716,Nuggets de pavo ultracongelados
68.0,AH-98719,Tomate cherry sao paulo,CAT-0196,Focaccia con tomates cherry
68.0,AH-99069,Salteado de setas Alipende 450g,CAT-2015,Salteado de setas ultracongeladas
67.9245283018868,AH-98321,Pizza Casa Tarradellas 405g Atún y bacon,CAT-0311,Pizza atún y bacón
67.9245283018868,AH-98368,Vino Tinto Castillo Lagomar 75CL,CAT-2478,Vino tinto Casón Histórico
67.9245283018868,AH-99078,Espinacas en hojas Findus 400g,CAT-5652,Espinacas En Hojas Carrefour 400 G
67.9245283018868,AH-99107,Wakame Exkimo 125g ensalada de mar,CAT-8383,Ensalada De Algas Wakame 125 G
67.9245283018868,AH-99254,Yogur estilo griego Fageda pack 4,CAT-3973,Yogur griego con fresa
67.88990825688073,AH-98139,Palomitas punto de sal microondas s/gluten Popitas pack 3,CAT-7901,Palomitas Saladas Para Microondas Carrefour Pack De 3 Unidades De 100 G
67.88990825688073,AH-99410,"Alimento completo para perros con pollo y verduras Meque 1,2kg",CAT-3755,"Comida perro júnior con pollo, arroz, frutas y verduras"
67.85714285714286,AH-98293,Napolitana Dulcesol rellenas de crema 6 unidades,CAT-0770,Napolitana de crema 31%
67.85714285714286,AH-98635,Vino tinto DO Somontano Enate merlot,CAT-2004,Vino tinto Don Simón
67.85714285714286,AH-98739,Pechuga de pollo villaroy,CAT-1762,Tiras de pechuga pollo al horno
67.85714285714286,AH-99149,Calamar limpio de la India 350g,CAT-1928,Puntilla de la Índia congelada
67.79661016949152,AM-20753,Salteado Fripozo thai noodles 320g + Proteínas,CAT-6435,Thai Noodles Fripozo 320 G
67.79661016949152,AH-98219,Almendra largueta tostada Alipende 200g,CAT-0123,Almendra tostada y salada con piel
67.79661016949152,AH-98967,Chorizo de león Palcarsa pieza 325g,CAT-0146,Chorizo picante extra lonchas
67.74193548387098,AH-98536,Vermouth rojo gran artesano Vidal 1l,CAT-2997,Vermouth rojo Maronti reserva
67.74193548387098,AH-98798,Paté cuit's a las finas hierbas 125g,CAT-1138,Paté de cerdo con finas hierbas
67.74193548387098,AH-99016,Higaditos de pollo 470g aproximadamente,CAT-2745,Hígados y corazones de pollo
67.74193548387098,AH-99219,Petit Danonino pack 6 fresa y plátano,CAT-0670,Petit sabor fresa y plátano
67.74193548387098,AH-99394,Heno roedores Vitakraft Vitaverde 500g,CAT-6246,Vitakraft Virutas De Roedores 60L
67.6923076923077,AH-98386,Agua mineral con gas Cabreiroá. Botella rPET 1L,CAT-7407,Agua Mineral Cabreiroa 1 L
67.6923076923077,AH-98848,Queso havarti light en lonchas Alipende 200g,CAT-3130,Queso lonchas cremoso light de vaca
67.6923076923077,AH-98857,Salchicha Wecken 300gr frankfurt,CAT-2884,Salchichas cocidas Frankfurt La Selva
67.6923076923077,AH-99454,Papilla 8 cereales con cacao Nestlé 725g,CAT-2226,Papilla 8 cereales Hero Solo +6 meses
67.64705882352942,AH-98262,Mayonesa Helios 20 bolsitas individuales,CAT-0036,Mayonesa en sobres individuales
67.64705882352942,AH-98426,Zumo de manzana Granini 1l 100% fruta,CAT-8790,Zumo De Manzana 100 Premium Granini Botella 1 L
67.6056338028169,AH-98592,Vino tinto Castilla Finca Río Negro,CAT-9639,Vino Tinto Crianza 3 Reinos Doca Rioja 75 Cl
67.6056338028169,AH-98919,Mortadela calidad extra en lonchas Valle 150g,CAT-0124,Mortadela de pavo finas lonchas
67.6056338028169,AH-99055,Mezcla de pimientos rojos y verdes Alipende 450g,CAT-1918,Pimientos rojos asados en tiras extra
67.53246753246754,AH-98633,Vino tinto DO Rioja Tejar Viejo,CAT-6249,Vino Tinto Tempranillo Vina Espolon  Doca Rioja 75 Cl
67.5,AH-98509,Whisky etiqueta negra + vaso Johnnie Walker 70 cl,CAT-2375,Whisky escocés Red Label Johnnie Walker
67.5,AH-99475,Tarro Smileat merluza con verduras 230g,CAT-2968,Papilla verduritas con merluza Hero Solo +6 meses
67.48466257668711,AH-99396,Tasty Shreds Félix Fantastic Festín de sabores de carnes en gelatina surtido sobres 4x85g,CAT-9141,Comida Humeda En Gelatina Festin De Sabores Para Gato Purina Felix Fantastic 4X85 G
67.46987951807229,AH-99011,Pate de hígado de cerdo con textura suave Alipende pack 3,CAT-1546,Paté de hígado de cerdo sabor intenso
67.46987951807229,AH-99300,Skyr alto en Proteina Danone Pack 4 Natural,CAT-4130,Yogur Natural Danone Sin Gluten Pack De 4 Unidades De 120 G
67.46987951807229,AH-99493,Alimento infantil crema de verduras zanahoria y calabaza para más de seis meses Hero 190 g,CAT-7931,Tarrito De Crema De Zanahoria Y Calabaza Verduras Desde 6 Meses Hero Solo Sin Gluten 190 G
67.44186046511628,AH-99015,Chorizo ibérico bellota guijuelito Revisan 180g,CAT-1533,Chorizo de bellota ibérico cortado a máquina
67.3913043478261,AH-98549,Cerveza tostada San Miguel Selecta botella 33cl,CAT-1010,Cerveza Mahou Maestra Tostada Doble Lupulo Botella 33 Cl
67.36842105263158,AH-98625,Gasificante para repostería El Tigre 8 sobres,CAT-2349,Impulsor gasificante repostería para uso alimentario
67.36842105263158,AH-99181,Helado Häagen-Dazs Crunchy Macadamia Nut Brittle 3x80ml,CAT-7786,Helado Bombon Macadamia Hagen Dazs Sin Gluten 3 Ud
67.34693877551021,AH-99535,Leche crecimiento Puleva peques 3 12-36meses 1l,CAT-8412,Leche Infantil De Continuacion Desde 6 Meses Puleva Peques 2 Brik 1 L
66.66666666666667,AM-75248,Plátano canario Gabaceras,CAT-3465,Plátano de Canarias IGP
66.66666666666667,AM-43243,Naranja Fontestad,CAT-6619,Kas Naranja Botella 2 L
66.66666666666667,AH-98126,Judías verdes anchas sin gluten Alipende 360g,CAT-1103,Aceitunas verdes sin hueso
66.66666666666667,AH-98155,Piponazo original Grefusa 110g,CAT-0352,Salsa Original Ligeresa
66.66666666666667,AH-98164,Aceite de oliva virgen extra Maestros de Hojiblanca garrafa 3l,CAT-0004,Aceite de oliva virgen extra Gran Selección
66.66666666666667,AH-98184,Caldo casero Gallina Blanca 1l verduras 100% natural,CAT-1998,Caldo de cocido casero Gallina Blanca
66.66666666666667,AH-98213,Salsa Ajonesa Chovi 250ml,CAT-0521,Salsa Ranch
66.66666666666667,AH-98227,Harina de maíz sin gluten Maizena 400g fina,CAT-2674,Harina fina de maíz
66.66666666666667,AH-98235,Atún claro Alipende pack 3 al natural,CAT-0905,Anacardo natural
66.66666666666667,AH-98242,Snack de maíz sin gluten super aspitos Aspil p6,CAT-8423,Aperitivo De Maiz Triskys Risi Sin Gluten 115 G
66.66666666666667,AH-98254,Crema Gallina Blanca 62g champiñones,CAT-0991,Champiñones blancos
66.66666666666667,AH-98265,Café Molido Crema E Gusto Classico Natural Intensidad 7 Lavazza 250G,CAT-8110,Cafe Molido Natural Intenso Carrefour Classic 250 G
66.66666666666667,AH-98338,"Agua Font Vella 6,25l",CAT-0180,Agua mineral grande Font Vella
66.66666666666667,AH-98433,Bebida isotónica zero con magnesio Upgrade 50cl,CAT-0795,Bebida isotónica sabor cítrico Iso drink zero
66.66666666666667,AH-98481,Néctar de naranja Alipende pack 6,CAT-3800,Néctar de guayaba
66.66666666666667,AH-98523,Kombucha de mango Komvida 250ml,CAT-4457,Kombucha Pina Colada Ecologico Komvida 25 Cl
66.66666666666667,AH-98525,Vino tinto DO R.Duero Colección 880 75cl Roble,CAT-6563,Vino Tinto Roble Tempranillo Celeste Do Ribera Del Duero 75 Cl
66.66666666666667,AH-98530,Vermouth La Copa 75cl,CAT-1040,Vermouth blanco Martini
66.66666666666667,AH-98545,Cerveza checa Pilsner Urquell botella 33cl,CAT-8398,Cerveza Polar Premium Botella 33 Cl
66.66666666666667,AH-98587,Vino tinto DO Jumilla Castillo San Simón crianza,CAT-4035,Vino Tinto Crianza Marques De Caceres Doca Rioja 75 Cl
66.66666666666667,AH-98646,Vino blanco DO La Mancha Añil fresh joven,CAT-2442,Vino blanco Airén Sauvignon Blanc Fidencio DO La Mancha
66.66666666666667,AH-98670,Salmón en lomos,CAT-3695,Medio salmón
66.66666666666667,AH-98776,Jamón cebo campo ibérico 50% raza ibérica pieza 8k aprox,CAT-5721,Jamon De Cebo Iberico 50 Raza Iberica En Lonchas Carrefour El Mercado 90 G
66.66666666666667,AH-98808,Cebolla dulce malla 700g,CAT-1148,Morcilla de cebolla oreada
66.66666666666667,AH-98833,Calabaza Troceada Bandeja 500g,CAT-1661,Nuez troceada pelada
66.66666666666667,AH-98949,Pechuga de pavo al pimentón Aldelís 500g aproximadamente,CAT-5874,Pechugas De Pavo Marinadas Al Pimenton Carrefour 500 G Aprox
66.66666666666667,AH-99031,Bocaditos bacalao desalado Angomar 180g,CAT-2397,Bocaditos bañados al cacao
66.66666666666667,AH-99087,Mini pizzas Alipende 270g jamón,CAT-1986,Pizza jamón y queso
66.66666666666667,AH-99117,Canelones Alipende 280g pack 2 carne,CAT-1434,Canelones de carne y boletus
66.66666666666667,AH-99123,Helado sandwich Alipende 6 uds leche galleta/cacao,CAT-1610,Helado mini sándwich choco cream
66.66666666666667,AH-99138,Helado Cornetto frigo 4u Classico,CAT-7815,Conos Con Helado De Fresa Cornetto 4 Ud
66.66666666666667,AH-99139,Calamar limpio Pescanova 400G,CAT-0880,Calamar pequeño limpio patagónico
66.66666666666667,AH-99176,Helado color roll Alipende 8 uds,CAT-2008,Helado Mochi coco
66.66666666666667,AH-99253,Natillas de chocolate Alipende pack 4 125g,CAT-1098,Fideos de chocolate
66.66666666666667,AH-99280,Gelatina Alitende Pack 6 Fresa,CAT-3962,Gelatina sabor fresa
66.66666666666667,AH-99306,Bebida de avena Vivesoy 1l,CAT-0877,Bebida de avena Alitey
66.66666666666667,AH-99318,Arroz con leche sin gluten Los Caserinos 200g,CAT-5794,Helado Bat Cola Carrefour Classic Sin Gluten 6 Ud
66.66666666666667,AH-99333,Tocino de cielo sin gluten Reina 2 unidades,CAT-0390,San Jacobos de cerdo sin gluten
66.66666666666667,AH-99358,Bebida láctea Danacol colesterol pack 6 lima limón,CAT-3805,Bebida láctea sabor canela y limón
66.66666666666667,AH-99360,Flan de queso La Colmenareña 220g,CAT-3500,Ensalada queso de cabra
66.66666666666667,AH-99413,Comida húmeda perros junior Pedigree vital 400g,CAT-5038,Comida Humeda Con Pollo Para Perro Junior Companino 400 G
66.66666666666667,AH-99441,Pouch Alipende frutas con galleta María 120g,CAT-0748,Galletas María dorada
66.66666666666667,AH-99446,Papilla Nestlé multicereales con galleta desde 6meses 255g,CAT-8886,Papilla Infantil Desde 6 Meses Con Miel Nestle Pijama Pack De 2 Unidades De 250 Ml
66.66666666666667,AH-99461,Champú infantil Johnson's 750ml baby,CAT-2984,Champú infantil
66.66666666666667,AH-99470,Snack eco Hero Solo zanahoria maíz 40g,CAT-7402,Snack De Zanahoria Y Maiz Desde 10 Meses Ecologico Hero Solo Sin Gluten 40 G
66.66666666666667,AH-99484,Chupete silicona Tigex noche 6-18meses pack 2,CAT-2993,Chupete silicona reversible +18 meses
66.66666666666667,AM-22105,"Costillar de cerdo duroc entero aprox 1,6kg",CAT-0642,Costillas de cerdo carnosas a tacos
66.66666666666667,AH-99512,Guisantes Alipende 1kg finos,CAT-3183,Guisantes extra
66.66666666666667,AM-45704,Arena gato Meque perfumada 5kg,CAT-3740,Arena para gato aglomerante Nuske perfumada
66.66666666666667,AH-99544,Papel de cocina en rollo Lanta 375 servicios multiusos,CAT-9926,Papel De Cocina Megarollo Scottex 3 Rollos
66.66666666666667,AH-99556,Detergente en pastillas para lavavajillas Fairy Platinum plus Limón 15+15 uds,CAT-0156,Lavavajillas Todo en 1 Fairy en pastillas
66.19718309859155,AH-99216,Bífidus probiótico Activia desnatado 0% materia grasa pack 4 lima limón,CAT-0937,Bífidus desnatado probióticos natural edulcorado Activia 0% MG 0% azúcares añadidos
66.10169491525424,AH-99234,Bífidus probiótico Activia desnatado 0% materia grasa pack 4 piña,CAT-0736,Bífidus desnatado probióticos natural 0% MG 0% azúcares añadidos
66.01941747572815,AH-99211,Yogur estilo griego Oikos pack 4 natural,CAT-6908,Yogur Griego Azucarado Natural Danone Oikos Sin Gluten Pack De 4 Unidades De 110 G
65.97938144329896,AM-49887,Comida húmeda gato Meque tarrina rico en pollo 100g,CAT-7849,Comida Humeda De Pollo Para Gato Vitalive Carrefour 100 G
65.93406593406593,AH-98876,Paleta cebo de campo 50% ibérica Lasencia pack 2 de 50g,CAT-1128,Paleta de cebo ibérica La Hacienda del Ibérico
65.90909090909092,AH-99010,Pechuga de pollo braseado delicada y sabrosa Noel 120g,CAT-3093,Pechuga de pollo braseada finas lonchas
65.89595375722543,AH-99483,Alimento infantil preparado de frutas sin azúcar añadido y sin gluten Hero 100 g multifrutas con galletas,CAT-9260,Bolsita De Fruta Mediterranea Mi Futa Hero Sin Gluten Y Sin Azucar Anadido 100 G
65.88235294117646,AH-98488,Bebida con zumo de pomelo rosa Granini 1l,CAT-5100,Nectar De Pomelo Rosa Granini Seleccion Botella 1 L
65.85365853658536,AH-98323,Refresco cola Pepsi zero lata 33cl lima,CAT-5041,Refresco Sabor Limon Zero Carrefour Classic Lata 33 Cl
65.85365853658536,AH-98851,Patas de pulpo Antonio & Ricardo 250g sin gluten,CAT-8804,Control De Las Grasas Pronutri Sin Gluten 30 Ud
65.85365853658536,AH-99243,Bebida láctea cremosa lateado pascual 230ml café arábica,CAT-3977,Bebida láctea de fresa y plátano
65.82278481012658,AH-98787,Jamón de cebo 50% raza ibérica Sierra Azuaga 120g,CAT-0853,Jamón de cebo ibérico cortado a máquina
65.82278481012658,AH-99270,Gelatina proteica Alipende 4 unidades Frutos rojos,CAT-3672,Preparado en polvo gelatina frutos rojos 0% azúcares
65.78947368421053,AH-99445,Gel champú infantil acondicionador Seven Kids 750ml,CAT-3200,Acondicionador instantáneo Kids
65.73426573426573,AH-99389,Alimento para gato en gelatina Fantastic Felix 24 unid pollo buey conejo y cordero,CAT-9139,Gelatina Seleccion De Carnes Para Gatos Felix Fantastic Purina 12X85 G
65.71428571428571,AM-60286,Bacalao en filetes Pescanova 400g,CAT-1523,Filetes de bacalao MareDeus ultracongelado
65.57377049180329,AH-98337,Agua Solán de Cabras 5l azul,CAT-4316,Agua Mineral Solan De Cabras Natural 5 L
65.57377049180329,AH-98656,LOTE 2 kg de traseros de pollo,CAT-3049,Cuartos traseros de pollo congelados
65.57377049180329,AH-98790,Paté con cebolla caramelizada Cuit'S bloc 125g,CAT-1688,Cebolla caramelizada
65.57377049180329,AH-98858,Taquitos De Jamón Loriente 2X75G,CAT-2926,Mini taquitos de jamón Incarlopsa
65.51724137931035,AH-98881,Burger meat de cerdo ibérico pack 4 de 90g,CAT-2809,Presa de cerdo ibérico
65.45454545454545,AH-98468,Vino blanco Seis Cuerdas 75cl Riesling,CAT-0020,Vinagre de vino blanco
65.45454545454545,AH-98606,Vino tinto con D.O Navarra crianza Señorío de Sarria 75 cl,CAT-8396,Vino Tinto Crianza Tempranillo Altos De Penalen Doca Rioja 75 Cl
65.45454545454545,AH-99035,Queso roquefort en cuña Société 100g,CAT-2501,Queso roquefort de oveja
65.38461538461539,AH-98217,Yemas espárragos Celorrio 110g 6/12,CAT-1901,Espárragos blancos medianos
65.38461538461539,AH-99058,Patatas fritas Alipende 1kg tradicional,CAT-1477,Patatas fritas 0% sal añadida
65.3061224489796,AH-98683,Chuletas de pavo al ajillo,CAT-2106,Tacos de pota al ajillo
65.3061224489796,AH-98852,Queso burrata Antonella 125 gr,CAT-3071,Flautas de bacón y queso
65.21739130434783,AH-98397,Agua Font Vella 1l,CAT-8077,Agua Mineral Font Vella Natural 1 L
65.21739130434783,AH-99050,Plátano Canario bandeja,CAT-5019,Naranja Selecta Bandeja 1 Kg
65.21739130434783,AH-99273,Bífidus Activia cremoso pack 4 sabor coco,CAT-4252,Bifidus Con Trozos De Fresa Danone Activia Pack De 4 Unidades De 120 G
65.1685393258427,AH-99356,Yogur cabra Granja Rinya Pack 2 Natural,CAT-4131,Yogur Natural Azucarado Danone Sin Gluten Pack De 4 Unidades De 120 G
65.11627906976744,AH-98188,Empanada de bacon y chorizo 560g,CAT-1139,Empanada de atún
65.11627906976744,AH-98413,Vino tinto D.O Madrid Alma Valdeguerra 75cl,CAT-5098,Vino Sweet Semi Dulce Blanco Alma De Valdeguerra 75 Cl
65.11627906976744,AH-98880,Lechuga Romana 1 unidad,CAT-3493,Lechuga corazón romana
65.11627906976744,AH-99154,Helado bombón Alipende 6 uds crocanti,CAT-3149,Helado bombón negro
65.11627906976744,AH-98658,Porción de salmón Mowi 3 uds,CAT-3697,Escalopin de salmón
65.0,AH-98741,Queso de oveja curado Vega Sotuelamos trufado,CAT-0854,Crema de queso viejo tostado mezcla
65.0,AH-99196,Helado cono sin azúcar Alipende nata fresa 4 uds,CAT-3146,Helado sándwich de nata sin azúcares añadidos
65.0,AH-99497,Escobilla 2 en 1 Tigex,CAT-5881,Escobilla Tatay   Blanca
64.95726495726495,AH-99365,"Alimentación de perro adulto con Pollo, Cordero y Buey en gelatina 4x85g",CAT-0381,Trozos en gelatina perro adulto Delikuit con pollo
64.93506493506493,AM-58779,Medallones de merluza Pescanova 400g,CAT-0964,Medallones de merluza del Cabo ultracongelados
64.93506493506493,AH-99218,Bífidus Activia pack 4 pera,CAT-8338,Bifidus Con Trozos De Pera Danone Activia Pack De 4 Unidades De 120 G
64.86486486486487,AM-54298,Gyoza de pollo Leroy 396g,CAT-2796,Mollejas de pollo
64.86486486486487,AH-98612,Cerveza rubia sin filtrar 0 0 El Aguila lata 33cl,CAT-7154,Cerveza Saer Brau Extra Malta Lata 33 Cl
64.86486486486487,AH-99559,Empapador perro-gato Vitakraft 15 unidades,CAT-5301,Cana De Pescar Para Gato Vitakraft Con Raton
64.76190476190476,AH-98202,Cereales integrales de chocolate Chocapic 375g,CAT-1271,Cereales de arroz inflado Choco Krispies Kellogg's con chocolate
64.70588235294117,AH-98180,Cacao Colacao 383g,CAT-1877,Chocolate negro 85% cacao
64.70588235294117,AH-98315,Ajo en grano Alipende 300g,CAT-3025,Café en grano Colombia
64.70588235294117,AH-98471,Vino rosado Lambrusco Emilia Caldirola 75cl,CAT-4469,Vino Rosado El Coto Doca Rioja 75 Cl
64.70588235294117,AH-98627,Pacharán El Artesano 1l,CAT-1627,Pacharán Oibar
64.70588235294117,AH-99515,Hielo Eurofrío bolsa 2kg,CAT-1985,Cubos de hielo
64.70588235294117,AM-47252,"Arena Magic Clean Vitakraft classic 3,8l",CAT-8543,Vitakraft Menu Aroma Para Cobayas 3Kg
64.64646464646464,AM-84662,"Alimento completo para gatos con salmón, trucha y verduras Meque 400g",CAT-3934,Salmón con verduras Listo para Comer
64.61538461538461,AH-98309,Pan de molde rústico sin lactosa Alipende 600g,CAT-0183,Queso lonchas sin lactosa de vaca
64.51612903225806,AH-98211,Bagels Bimbo clásico para dulce y salado 4 uds,CAT-7173,Bagels Clasico Bimbo 4 Ud
64.51612903225806,AH-98222,Tomate natural triturado Passata Mutti 400g,CAT-4405,Tomate Triturado Cidacos 400 G
64.51612903225806,AH-98422,Vino tinto Legado de Farro mencía,CAT-1704,Vino tinto Pieza Rey DO Rioja
64.51612903225806,AH-98527,Licor de crema de whisky baileys 70cl,CAT-1273,Licor de anís dulce Dama Mayor
64.51612903225806,AM-18233,Lomo pez espada,CAT-4361,Pez Espada 12 Kg Aprox
64.51612903225806,AH-98981,Bacalao ahumado Eurosalmon 80g,CAT-0308,Bacalao ahumado en aceite de girasol
64.51612903225806,AH-99002,Panceta curada Famila pieza 250g,CAT-2930,Paleta curada lonchas Paletas Marpa
64.51612903225806,AH-99344,Actimel naranja multifrutas pack 6 100g x 6,CAT-6418,Fanta De Naranja Pack 2 Botellas 2 L
64.51612903225806,AH-99426,"Alimeto para gato Ultima Cat Junior Pollo 0,44Kg.",CAT-5199,Pienso De Pollo Y Arroz Para Gatos Junior Purina One 450 G
64.40677966101696,AH-98765,LOTE 2 kg de muslos de pollo,CAT-0570,Muslos de pollo deshuesados con piel
64.40677966101696,AH-99274,Bebida de soja ligera Alpro 1l,CAT-0402,Bebida de soja sabor café 0% azúcar
64.40677966101696,AH-99430,Comida pez de agua fría Vitakraft 40g,CAT-6703,Hierba Para Gato Vitakraft
64.36781609195403,AH-98334,Agua Aquarel botella sport de 33cl Nestlé,CAT-5854,Agua Mineral Natural Nestle Aquarel Tapon Deportivo 33 Cl
64.36781609195403,AH-98546,Vino tinto de Castilla Berberana Selección Oro,CAT-9067,Tinto De Verano Clasico Don Simon Botella 15 L
64.36781609195403,AH-98717,Cinta de lomo de cerdo duroc al ajillo,CAT-5694,Lomo De Cerdo Al Ajillo Fileteado Carrefour 750 G Aprox
64.28571428571428,AH-98654,Mandarina Fontestad,CAT-1770,Mandarina
64.28571428571428,AH-98882,Queso gouda cuña tierno Royal Crown 325g,CAT-1577,Queso tierno de cabra
64.28571428571428,AH-99230,Bebida láctea Danacol colesterol pack 6 natural,CAT-0809,Bebida láctea natural azucarada L-casei
64.28571428571428,AH-99256,Bífidus Activia desnatado 0% materia grasa pack 4 sabor frutas silvestres,CAT-3947,Bífidus desnatado probióticos con frutos silvestres 0% MG 0% azúcares añadidos
64.28571428571428,AH-99390,Comida para gatos con pollo y pavo Whiskas 4x85g,CAT-5476,Comida Humeda De Ave Para Gato Whiskas 12X85 G
64.28571428571428,AH-99367,Dispensador bolsas Vitakraft 80 unidades,CAT-6424,Vitakraft Menu Para Cotorras 1Kg
64.22018348623853,AH-99024,Jamón de cebo ibérico 50% raza IB. Supreme de placeres 80 gr,CAT-0367,Jamón de cebo ibérico 50% raza ibérica La Hacienda del Ibérico
64.22018348623853,AM-84663,"Alimento completo para gatos con vacuno, pollo y verduras Meque 400g",CAT-3773,Alimento completo para loros y cotorras Granzoo
64.19753086419753,AM-11895,Pechuga de pollo amarillo Pazo de Pías,CAT-7981,Pechuga De Pollo Carrefour El Mercado 500 G Aprox
64.19753086419753,AH-99382,Alimentacion gato Sheba Finesse Tray Salmón 85g,CAT-3880,Snack gato barritas de salmón y trucha
64.19753086419753,AM-60859,Snack palitos para perro Meque pollo 200g,CAT-0805,Snack barritas perro adulto de pollo e hígado
64.15094339622642,AH-98951,Cecina en lonchas Palcarsa 100g,CAT-2877,Jamón de pavo finas lonchas
64.07766990291262,AH-99231,Petit líquido Bebedino Danonino pack 4 fresa,CAT-5350,Yogur Liquido Sabor Fresa Danone Danonino Pack De 4 Bolsitas De 70 G
64.0,AH-98140,Patatas cocidas enteras sin gluten Celorrio 400g,CAT-0612,Pasta fusilli sin gluten Felicia
64.0,AH-98234,Pizza Fresca 4 Quesos Casa Tarradellas 2x210 g,CAT-1969,Pizza masa fina 4 quesos ultracongelada
64.0,AH-98752,Membrillo natural Glady,CAT-9398,Agua Mineral Bezoya Natural 5 L
64.0,AH-99419,Champú hidratante para perro Dixie 500 ml,CAT-9210,Collar Insectifugo Para Perro Negro Dixie
64.0,AH-99504,Ragout de añojo,CAT-0079,Sal de ajo
64.0,AH-99537,Gel de ducha infantil con dosificador Johnson's 750ml dulces sueños,CAT-4980,Gel De Bano Dulces Suenos Johnsons Baby 750 Ml
63.91752577319587,AH-99351,Bebida láctea sin lactosa sabor chocolate Ñam Kaiku 500 ml,CAT-3460,Bizcocho de chocolate sin gluten y sin lactosa
63.829787234042556,AH-98228,Snack de maíz chilli pepper sabor picante Doritos 140g,CAT-2896,Snack de maíz Crunchy sabor agridulce picante
63.829787234042556,AH-98937,Minifuet Campofrío 50g,CAT-9923,Croissant Frankfurt Campofrio 1 Ud
63.829787234042556,AH-98938,Burger meat vacuno El Pozo King 360g,CAT-2750,Burger de vacuno
63.829787234042556,AH-99281,Yogur Danone Pack 4 Galleta,CAT-1410,Yogur sabor coco Danone
63.76811594202898,AH-98749,Queso curado en aceite Miguel Romero,CAT-3326,Aceite corporal de romero 100% natural
63.76811594202898,AH-99235,Bebida sabor plátano Lindahls Nestlé 345g pro+,CAT-3981,Bebida láctea sabores L-casei
63.73626373626373,AH-99481,Leche crecimiento Puleva peques 3 cereales 12-36meses 1l,CAT-2195,Preparado lácteo con cereales crecimiento +1 año
63.63636363636363,AH-98376,Licor de crema de orujo El Artesano 70cl,CAT-1048,Licor crema de arroz Royal Swan
63.63636363636363,AH-98728,Chorizo ibérico cular Florencio Gómez,CAT-1787,Chorizo cular ibérico extra La Hacienda del ibérico
63.63636363636363,AH-98731,Queso gorgonzola DOP Gran Riserva Leonardi,CAT-1567,Queso gorgonzola de vaca
63.63636363636363,AH-98762,Rape hueso,CAT-2513,Hueso vacuno
63.63636363636363,AH-98832,Ensalada canónigos Florette 125g,CAT-3109,Canónigos lavados
63.63636363636363,AH-98896,Jamón de cebo 50% raza ibérico Isidro Revilla 100 gr,CAT-1110,Jamón de cebo ibérico 50% La Hacienda del Ibérico
63.63636363636363,AH-98986,Pimiento mini dulce 200g,CAT-0199,Pimentón dulce de la Vera
63.63636363636363,AH-98999,Tofu fresco Man Fong 450g,CAT-1178,Foie gras de pato fresco
63.63636363636363,AH-99221,Alpro Avena sin azúcar 1L,CAT-1676,Bebida de avena 0% azúcar
63.63636363636363,AH-99453,Esponja Bodyplus nature,CAT-2486,Esponja de baño suave
63.63636363636363,AH-99487,Galletas infantiles Nestlé 180g,CAT-2865,Galletas mini Oreo
63.52941176470588,AH-98621,Cava brut nature Juve&Camps Gran Reserva,CAT-2999,Cava brut nature reserva vintage Cabré & Sabaté
63.49206349206349,AH-98756,Sobrasada de cerdo negro Caldera,CAT-2808,Media careta de cerdo sin oreja
63.49206349206349,AH-99095,Bacalao en filete con piel 360gr,CAT-7819,Filetes De Bacalao Congelados Dimar 360 G
63.49206349206349,AH-99272,Yogur líquido Alipende 1kg piña coco,CAT-2303,Yogur líquido natural con azúcar de caña
63.41463414634146,AH-98970,Melón primera partido,CAT-2112,Repollo liso partido
63.41463414634146,AH-99150,Helado en tarrina Helados Granada pistacho 500ml,CAT-5329,Helado De Pistacho Hagen Dazs Sin Gluten 347 G
63.41463414634146,AH-99263,Actimel pack 12 sabor fresa,CAT-0675,Petit sabor fresa
63.33333333333333,AH-98544,Zumo tropical con leche Bifrutas Pascual pack 6 sin azúcar,CAT-9851,Zumo De Frutas Y Leche Carrefour Sabor Tropical Pack De 3 Briks De 33 Cl
63.33333333333333,AH-98921,Jamón cebo Ibérico Canpipork 100 gr,CAT-1111,Jamón de bellota ibérico 100% Covap
63.29113924050633,AM-51296,Snack perro Purina sticks 120g,CAT-7080,Snack Para Perro Purina Friskies Picnic Variety 15 Sticks 126 G
63.1578947368421,AM-76117,Bacon ahumado Alipende,CAT-1108,Trigo snack sabor ahumado
63.1578947368421,AH-98143,Gazpacho Don Simón 1l,CAT-0527,Gazpacho tradicional
63.1578947368421,AH-98185,Arroz de Valencia Dacsa 1kg,CAT-3889,Harina de arroz
63.1578947368421,AH-98310,Café soluble natural La Estrella 190g,CAT-0358,Café soluble descafeinado
63.1578947368421,AH-98616,Bebida espirituosa Maestranza 1l,CAT-8183,Bebida Espirituosa Altorreal 1 L
63.1578947368421,AH-98657,Merluza por medias o enteras,CAT-3709,Merluza media pieza a rodajas
63.1578947368421,AH-98695,Lomo de cebo 50% raza ibérica,CAT-5013,Paleta De Cebo Iberica 50 Raza Iberica En Lonchas Nico 90 G
63.1578947368421,AH-98792,Paté a la pimienta negra Cuit'S bloc 125g,CAT-1117,Pimienta negra molida
63.1578947368421,AH-98793,Bacalao en migas Angomar 250g,CAT-0995,Migas de bacalao al estilo inglés
63.1578947368421,AH-99373,Comida húmeda gato bocaditos Meque verduras pack 4,CAT-7539,Comida Humeda De Pescado Para Gato Adulto Simpl 100 G
63.01369863013699,AH-98312,Preparado alimenticio al cacao sin gluten Alipende 400g,CAT-0410,Preparado lácteo crecimiento +1 año
63.01369863013699,AH-98586,Vino tinto DO Oporto Osborne Tawny,CAT-1100,Vino tinto reserva Comportillo DO Rioja
63.01369863013699,AH-98732,Jamón curado Terra Domine al corte,CAT-4473,Jamon De Cerdo Troceado Carrefour 600 G Aprox
62.96296296296296,AH-98251,Ensalada de pasta con atún Carretilla 240g,CAT-3498,Ensalada de pasta
62.857142857142854,AH-98650,Filetes de añojo 1ªA,CAT-3704,Filetes de dorada
62.857142857142854,AH-99242,Nata montada azucarada sin lactosa Asturiana spray 250g + 25g,CAT-9787,Nata Para Cocinar Central Lechera Asturiana Sin Lactosa 200 Ml
62.7906976744186,AH-98194,Patatas fritas Ruffles Original 150g,CAT-9122,Patatas Fritas Onduladas Sabor Jamon Ruffles Sin Gluten 150 G
62.745098039215684,AH-98299,Cápsulas de café compatible Nespresso espresso colombia 100% arábica Gimoka 10 cápsulas,CAT-5669,Cafe Capsulas Espresso Descafeinado Ristretto Lor Compatible Con Nespresso 20 Ud
62.745098039215684,AH-98478,Bebida extracto de malta Pony 33cl,CAT-3978,Bebida láctea de fresa
62.745098039215684,AH-99003,Huevo cocido Dovo 4 unidades pelado,CAT-2061,Huevo sorpresa de chocolate
62.745098039215684,AH-99100,Croquetas Alipende 400g cocido,CAT-0259,Croquetas de cocido ultracongeladas
62.745098039215684,AH-99476,Esterilizador de vapor Tigex apto para microondas,CAT-2146,Salteado de verduras para microondas cortado y lavado
62.68656716417911,AH-98141,Quinoa Brillante pack 2 blanca-roja,CAT-1530,Quinoa cocida blanca y roja Sabroz
62.68656716417911,AH-99213,Postre Alpro Danone 400G Coco,CAT-3966,Postre de soja sabor Natural con coco Alpro
62.68656716417911,AH-99381,Alimentación perro Ultima dog mini húmedo paté pollo y verduras 150g,CAT-9334,Comida Humeda De Pollo Y Verduras Para Perro Cesar Recetas De La Huerta 150 G
62.65060240963856,AH-99492,Agua de Colonia Bodyplus 750ml infantil,CAT-2633,Agua de colonia fresca infantil con notas cítricas
62.60869565217391,AH-99490,Chupete silicona Tigex smart día-noche 2u para 18-36 meses,CAT-5332,Chupete Con Tetina Fisiologica Sx Pro De Silicona 0 6 Meses Suavinex 2 Ud
62.5,AH-98524,Naranja Komvida 250ml,CAT-1774,Helado de naranja
62.5,AH-98532,Refresco zero frutos rojos Benedetto 400ml,CAT-0163,Refresco Coca-Cola Zero Zero
62.5,AH-98729,Naranja nuleska,CAT-4005,Zumo pura naranja
62.5,AH-98734,Lote de pierna y paletilla de cordero lechal,CAT-1312,Paletilla de lechal entera congelada
62.5,AH-99330,Kéfir liquido Alipende 500gr mango,CAT-3382,Jabón de manos kids líquido
62.5,AH-99404,"Comida para perros de buey Brekkies Tenderis 2,5kg",CAT-9934,Snacks De Buey Para Perros Carrefour 100 Unidades
62.365591397849464,AH-99236,Leche condensada La Lechera botella sirve fácil 450g,CAT-9757,Leche Entera Central Lechera Asturiana Botella 22 L
62.33766233766234,AH-98145,Fideo chino de arroz sin gluten Shuang he brand 400g,CAT-1227,Pan de molde sin gluten blanco
62.33766233766234,AH-99355,Flan de huevo La Colmenareña 220g al baño maría,CAT-2114,Flan de huevo sin azúcares añadidos
62.33766233766234,AH-99357,Yogur bífidus crunchy muesli natural Margui 170 g,CAT-3969,Yogur natural 0% MG 0% azúcares añadidos
62.295081967213115,AH-98817,Espárrago verde manojo 400g,CAT-1916,Espárrago verde troceado ultracongelado
62.295081967213115,AH-98861,Ensalada brotes tiernos mezcla Alipende 100g,CAT-1564,Queso tierno bajo en sal mezcla
62.295081967213115,AH-99275,Yogur líquido Alipende pack 4 fresa plátano,CAT-0794,Papilla fresa y plátano +8 meses
62.264150943396224,AM-49888,Comida húmeda gato Meque tarrina rico en salmón 100g,CAT-7855,Comida Humeda De Salmon Para Gato Adulto Vitalive Carrefour 100 G
62.22222222222222,AH-98914,Patata roja bolsa 2kg,CAT-2360,Tortilla de patata y cebolla
62.22222222222222,AH-99023,Queso azul Danablu Mammen 100gr,CAT-1607,Queso azul de vaca
62.22222222222222,AH-99239,Batido ColaCao shake 200ml,CAT-0012,Batido de chocolate 90% leche
62.18487394957983,AH-98736,Pechuga de pollo Frial asada media o entera pieza 600g aproximadamente,CAT-7980,Filetes De Pechuga De Pollo Carrefour El Mercado 600 G Aprox
62.16216216216216,AH-98469,Bebida con probióticos fresa  Viver kefrutas 330ml,CAT-1700,Bebida Kéfir de fresa y plátano
62.06896551724138,AH-98445,"Agua con gas Revoltosa sifón 1,5l",CAT-0693,Agua de soda con sifón La Casa
62.06896551724138,AH-98802,"Cebolla malla 1,5kg",CAT-0050,Cebolla en polvo
62.06896551724138,AH-99209,Bífidus probiótico Activia desnatado 0% materia grasa pack 4 melocotón,CAT-4134,Bifidus Desnatado Natural Danone Activia Pack De 4 Unidades De 120 G
62.06896551724138,AH-99436,Tarro Smileat pavo con verduras 230g,CAT-1976,Crema de pollo con verduras
61.9718309859155,AH-98772,Bonito del norte en rodajas,CAT-0606,Migas de bonito del norte en aceite de oliva
61.9718309859155,AH-99467,Toallita infantil con un 99% de agua Dodot 60 unidades,CAT-3168,Tarta infantil animales congelada
61.904761904761905,AH-98429,"Agua Bezoya 0,5l pack 6",CAT-2846,Agua mineral grande Bezoya
61.904761904761905,AH-98757,"Queso semicurado Canario El Tofio 3,75k",CAT-6764,Queso Semicurado En Lonchas Mezcla Garcia Baquero 200 G
61.904761904761905,AH-98931,"Patata Princesa Amandine 1,5kg",CAT-2366,Tortilla de patata
61.904761904761905,AH-98959,Alas de pollo adobadas Granja Gourmet 500g aproximadamente,CAT-2634,Alas de pollo adobadas picantes
61.904761904761905,AH-99538,Pañal sensitive con alta absorción Dodot 42 unidades talla 5 de 11 a 16 kg,CAT-6697,Toallitas De Bebe Dodot Sensitive 54 Ud
61.81818181818181,AH-98898,Queso havarti lonchas Arla 175 gr,CAT-3132,Queso lonchas gouda de vaca
61.81818181818181,AH-98942,Lechuga viva trocadero verde 1ud,CAT-7493,Lechuga Trocadero Carrefour 150 G
61.81818181818181,AH-99160,Helado bombón Alipende 6 uds crocanti-blanco,CAT-1344,Helado bombón almendrado
61.81818181818181,AH-99265,Yogur colado sin azúcar añadido receta griega Fage 0% materia grasa 450g,CAT-8635,Nectar De Naranja Carrefour Sin Azucar Anadido 1 L
61.76470588235294,AH-98178,Aceituna con aliño casero Carbonell 450g,CAT-0541,Aliño de aceite con perejil y ajo
61.76470588235294,AH-98600,Vino Tinto Lambrusco dell Emilia Amabile. 75cl,CAT-2480,Vino tinto Dominio de Borgia
61.76470588235294,AH-99046,Queso de oveja viejo Flor De Esgueva cuña 250g,CAT-0618,Queso añejo fuerte de oveja
61.76470588235294,AH-99169,Magnum Salted Caramel x3 100ml,CAT-7449,Bombones Helados Salted Caramel  Almond Magnum 12 Ud
61.76470588235294,AH-99174,Helado Ferrero Rocher 4 uds classic,CAT-6783,Helado Sabor Avellana Nutella Ferrero 470 Ml
61.76470588235294,AH-99469,Crema Facial Infantil Seven Kids 50Ml Con Prebióticos Y Vitamina B3 Hipoalergénico,CAT-1572,Crema facial hidratante anti-rojeces Sensitive Vitamina K Ox
61.728395061728406,AH-98620,Vino blanco DO Valdeorras EL Confidente Godello 75cl,CAT-1012,Vino Blanco Dama Del Lago Do Rueda 75 Cl
61.66666666666667,AH-99054,Preparado alimenticio rallado mozzarella vegano Violife 200g,CAT-7970,Preparado Alimenticio Vegetal Congelado Con Sabor A Pollo Valsoia 200 G
61.53846153846154,AH-98151,Judías verdes cortadas en tiras Gvtarra 660g,CAT-1163,Aceitunas verdes partidas Olives Garcia
61.53846153846154,AH-98313,Azúcar blanco Azucarera 800g brick,CAT-1816,Azúcar blanco en sobres
61.53846153846154,AH-98709,LOTE 1 kg de pechugas + 1 kg de jamoncitos + 1 kg de contramuslos de pollo,CAT-0634,Pechugas de pollo enteras congeladas
61.53846153846154,AH-98796,Perlas de salmón Spherika 100g,CAT-1157,Paté de salmón
61.53846153846154,AH-98801,Puerro Bolsa 500g,CAT-3602,Bolsa de rafia
61.53846153846154,AH-99030,Queso blanco sin sal Alipende pack 4 uds,CAT-0522,Conos sabor bacón y queso
61.53846153846154,AH-99141,Helado en tarrina premium Alipende 500ml dulce de leche,CAT-1411,Helado de leche merengada
61.53846153846154,AH-99143,Nuggets La Cocinera 350g salsa barbacoa,CAT-0121,Salsa fresca Pesto con albahaca
61.53846153846154,AH-99151,Croquetas Alipende 400g pollo,CAT-0313,Pollo asado
61.53846153846154,AH-99206,Petit Danonino pack 6 fresa,CAT-2111,Danonino sabor fresa Danone
61.53846153846154,AH-99291,Actimel 0% MG pack 6 natural,CAT-2554,Cocktail natural
61.53846153846154,AH-99473,Alimento infantil ecológico con pollo arroz y guisantes Smileat 230 g,CAT-4269,Tarrito De Pollo Con Arroz Desde 6 Meses Ecologico Smileat Sin Gluten 230 G
61.53846153846154,AH-99509,Filetes de añojo 1ªB,CAT-0643,Filetes lomo de cerdo
61.53846153846154,AH-99064,Mezcla para sofrito Alipende 450g,CAT-2971,Queso ricotta mezcla
61.40350877192983,AH-99397,Alimento complementario para gato hydralife con pollo Purina One 50g,CAT-2795,Pollo certificado entero alimentado con un 50% de maíz
61.33333333333333,AH-98253,Fideos orientales noodles Pad Thai Maggi Saucy 128g,CAT-0679,Fideos orientales sabor gamba
61.33333333333333,AH-98598,Aguardiente de Orujo El Artesano 70cl,CAT-1752,Cerveza con aguardiente de agave Desperados
61.33333333333333,AH-98634,Vino rosado Lambrusco Maestri Cantinieri 75cl,CAT-2053,Vino rosado Clarete Arteso DO Rioja
61.29032258064516,AH-98123,Maíz dulce Celorrio Pack 3,CAT-8240,Maiz Dulce Cocido Carrefour El Mercado 500 G
61.29032258064516,AH-98152,Masa de hojaldre Alipende pack 2 rectangular,CAT-3836,Bandeja de cartón rectangular
61.29032258064516,AH-98243,Pan hot dog brioche de 4 unid Dulcesol,CAT-1679,Pan de hamburguesa Brioche
61.29032258064516,AH-99119,Mini croquetas Alipende 400g jamón ibérico,CAT-1586,Croquetas de jamón ultracongeladas
61.29032258064516,AH-99133,Ventresca de bacalao 800g,CAT-1790,Ventresca de atún claro en aceite de oliva
61.29032258064516,AH-99159,Anillas a la romana Alipende 500g,CAT-3075,Anillas de pota a la romana ultracongeladas
61.261261261261254,AH-99495,Tetina silicona Tigex pack 2 boca ancha desde 6meses,CAT-8270,Chupete Con Tetina Anatomica Sx Pro De Silicona 0 6 Meses Suavinex 2 Ud
61.224489795918366,AH-98296,Guisantes con zanahoria y jamon Alipende 300g,CAT-0263,Zanahoria en tiras
61.224489795918366,AH-98664,Lote:250 gr Jamón curado+250gr Chorizo+250gr Queso mezcla curado,CAT-0107,Queso curado mezcla afrutado cortado en cuñitas
61.224489795918366,AH-98763,Cochinillo mediano por medios,CAT-3136,Medios cocos helados
61.224489795918366,AH-98934,La gula del norte 200g fresca,CAT-2822,Longaniza fresca de pollo
61.224489795918366,AM-27500,Varitas de merluza Findus,CAT-5900,Varitas De Pescado Simpl 450 G
61.1764705882353,AH-98759,Queso de cabra Payoya Semicurado Ubrique,CAT-8860,Queso Azul Semicurado Carrefour Extra Cuna De 180 G
61.111111111111114,AH-98174,Pasta fresca tortellini relleno de ricota Alipende 250g,CAT-0791,Tartaletas con relleno de fresa
61.111111111111114,AH-98370,Zumo de tomate Don Simón 200ml,CAT-4003,Zumo de piña
61.111111111111114,AH-98846,Jamón cocido duroc en lonchas edición 1954 ElPozo 150g,CAT-6451,Jamon Curado En Lonchas Nico 150 G
61.111111111111114,AH-98893,Hamburguesa de pollo y pavo Aldelis pack 4 de 80g,CAT-6999,Hamburguesa De Pavo Carrefour 320 G
61.05263157894737,AH-99370,Alimento completo para perro Meque mantenimiento 4kg,CAT-0293,Alimento completo para ninfa y agaporni Granzoo
61.01694915254237,AH-98813,Calabaza troceada al vacío 400g,CAT-0323,Alcachofa troceada ultracongelada
61.01694915254237,AH-98964,Preparado para puchero Alipende 450g aproximadamente,CAT-0101,Preparado para ahumar
61.01694915254237,AH-99099,Crunchy pollo Fripozo salsa barbacoa 300g,CAT-0779,Pollo Koreano con salsa
61.01694915254237,AH-99146,Helado de corte Alipende 1l tres gustos,CAT-1810,Helado tarta de queso con fresas
60.97560975609756,AH-98974,Queso mozzarella de bufala Zanetti pieza 125g,CAT-5406,Queso Mozzarella Di Bufala Campana Galbani 125 G
60.86956521739131,AH-98836,"Mandarina o clementina cesta 1,5kg",CAT-2584,Zumo de clementina
60.86956521739131,AH-99168,Pizza Que la haga Rita 425g bianca,CAT-8985,Pizza Jamon Y Queso La Grandiosa Buitoni 430 G
60.86956521739131,AH-99292,Yogur proteínas Danone pack 4 stracciatella,CAT-3993,Yogur sabor macedonia Danone
60.67415730337078,AH-98783,Queso en rulo de cabra ya cortado Président pack 2 de 100g,CAT-3141,Queso rulo con piña y almendra Liptana
60.67415730337078,AH-99517,Filete merluza argentina sin piel A&R 970g,CAT-1852,Filetes de merluza del Cabo sin piel ultracongelados
60.60606060606061,AH-98730,Dorada superior 800g - 1kg,CAT-3703,Dorada sin limpiar
60.60606060606061,AH-98933,Solomillo de pollo empanado ElPozo 425g aproximadamente,CAT-1342,Medallones preparado de solomillo cerdo provenzal
60.60606060606061,AH-99277,Yogur estilo griego Alipende pack 4 manzana y canela,CAT-1665,Infusión manzana y canela
60.60606060606061,AH-99465,Pouch Be Plus eco frutas avena sin gluten 100g,CAT-2515,Copos de avena sin gluten
60.526315789473685,AH-98384,"Refresco cola Coca-Cola Sabor Original botella 1,25l",CAT-0221,Cacao soluble ColaCao original
60.526315789473685,AH-99059,Salmón noruego Poseidón en lomos 250g,CAT-8770,Lomo De Salmon Noruego El Mercado Pack De 2 Unidades De 125 G
60.46511627906976,AH-98214,Salsa para pizza Helios 380g,CAT-0542,Salsa Miel y Mostaza
60.46511627906976,AH-98563,Vino Manzanilla La Guita 75cl,CAT-2732,Infusión Manzanilla
60.46511627906976,AH-98874,Queso fresco Vega e Hijos 250g,CAT-0120,Salsa fresca Queso
60.46511627906976,AH-99305,Yogur de oveja Yaranza 140g natural,CAT-0827,Yogur natural
60.46511627906976,AH-99322,Pudding protein yopró danone chocolate con 150g,CAT-0177,Huevo sorpresa Pascua de chocolate con leche
60.37735849056604,AH-99311,Fruta con leche tropical Alipende 1l,CAT-1188,Vela perfumada Fruta Tropical
60.31746031746032,AM-97441,Stick de boniato tempura Maheso 500g,CAT-4430,Baguetinas Pan Maheso Pack De 4 Unidades De 125 G
60.31746031746032,AH-99285,Mantequilla Únicla lata premium 250 gr,CAT-3775,12 Mini croissants de mantequilla
60.273972602739725,AH-99029,Chorizo Ibérico González Perrino 250g,CAT-1532,Chorizo de cebo ibérico cortado a máquina
60.24096385542168,AH-98163,Tortitas nackis Bicentury 70g jamon ibérico,CAT-0414,Jamón cocido extra 50% raza ibérica Noel lonchas
60.24096385542168,AH-99433,Pienso perro Bon Menu receta tradicional 4kg,CAT-2966,Queso fresco servilleta tradicional de vaca
60.215053763440864,AH-98868,Burguer meat de Angus Miguel Vergara pack 2 de 160g,CAT-9120,Cerveza San Miguel Especial Lager Pack De 28 Latas De 33 Cl
60.13986013986015,AH-98497,Refresco frutas tropicales con extracto de té y bolitas de gel sabor mango.,CAT-6325,Bebida De Fruta De Naranja Y Mango Con Extracto De Guarana Juver Brik 33 Cl
60.0,AM-60527,Barra horno super 250g,CAT-0399,Compresa con alas super
60.0,AH-98275,Tarta Comtessa XXL Frigo 1l clásica,CAT-4760,Tarta Helada Laminada De Nata Comtessa Xxl Frigo 500 G
60.0,AH-98601,Vino tinto Viña Xétar,CAT-9904,Vino Tinto Vina Lobon Botella 75 Cl
60.0,AH-98643,Néctar sin azúcar brick con mango y manzana Alipende 1l,CAT-1301,"Néctar de maracuyá fruta de la pasión, mango, uva y manzana"
60.0,AH-98713,Gambón,CAT-4431,Gambon Salvaje 2 Kg
60.0,AH-98774,"Jamón curado Terra Domine pieza 7,5 k aprox",CAT-0526,Jamón serrano cortado a máquina
60.0,AH-98834,Limon malla 1kg,CAT-0030,Masa filo
60.0,AH-99039,Paté salmón Casa Tarradellas 125g,CAT-4123,Pate A Las Finas Hierbas Casa Tarradellas Sin Gluten 125 G
60.0,AH-99202,Helado mini Maxibon con 5 más 1 unidades classic Nestlé,CAT-7592,Tinte Classic 7D Rubio Dorado Farmatint 1 Ud
60.0,AH-99321,Bebida arroz Alipende 1 litro,CAT-2901,Arroz redondo
60.0,AH-99457,Cambiador Bodyplus 20 uds protector multiusos,CAT-0585,Protector labial FPS
