id_catalogo,nombre_cat,categoria,super_1,nombre_1,super_2,nombre_2
CAT-7771,Empanada Rectangular De Pollo Con Champinones El Mercado 700 G,Carnicería y Charcutería,Mercadona,"Aceite de oliva 0,4º Hacendado",Carrefour,Empanada Rectangular De Pollo Con Champinones El Mercado 700 G
CAT-7792,Gel Lubricante Intimo Vagisil 30 G,Sin categoría,Mercadona,"Bebida láctea desnatada sabor fresa y plátano +Proteínas Hacendado 0% MG 0% azúcares añadidos 17,4 g proteínas",Carrefour,Gel Lubricante Intimo Vagisil 30 G
CAT-8016,Vino Tinto Crianza Tempranillo Altos De Tamaron Do Ribera Del Duero 75 Cl,Bebidas,Mercadona,"Aceite de oliva 0,4º Hacendado",DIA,Vino tinto crianza D.O. Ribera del Duero Altos del Tamarón 75 cl
CAT-8037,Cerveza Alhambra Reserva 1925 Pack De 12 Botellas De 33 Cl,Bebidas,Mercadona,"Aceite de oliva 0,4º Hacendado",Carrefour,Cerveza Alhambra Reserva 1925 Pack De 12 Botellas De 33 Cl
CAT-4120,Sardinas Picantonas Albo 120 G,Sin categoría,Mercadona,"Bebida láctea desnatada sabor fresa y plátano +Proteínas Hacendado 0% MG 0% azúcares añadidos 17,4 g proteínas",DIA,Sardinas picantes Albo 85 g
CAT-4249,Vino Blanco Moscatel De Alejandria Ecologico Vina Esmeralda Do Penedes 75 Cl,Bebidas,Mercadona,"Aceite de oliva 0,4º Hacendado",Carrefour,Vino Blanco Moscatel De Alejandria Ecologico Vina Esmeralda Do Penedes 75 Cl
CAT-4561,Margarina Con Sal Tulipan Sin Gluten Y Sin Lactosa 400 G,Lácteos y Huevos,Mercadona,Sal fina Hacendado,Carrefour,Margarina Con Sal Tulipan Sin Gluten Y Sin Lactosa 400 G
CAT-4826,Tonica Royal Bliss Aromatic Berry Botella 20 Cl,Bebidas,Mercadona,Bebida láctea desnatada sabor stracciatella +Proteínas Hacendado 0% azúcares añadidos 20 g proteínas,DIA,Tónica aromatic berry Royal Bliss 250 ml
CAT-4925,Mix Berlinas Dots 4 Ud,Sin categoría,Mercadona,Polvos voluminizador para el cabello Volum Fix Deliplus mate fijación 4,Carrefour,Mix Berlinas Dots 4 Ud
CAT-5100,Nectar De Pomelo Rosa Granini Seleccion Botella 1 L,Bebidas,Mercadona,"Aceite de oliva 0,4º Hacendado",Alcampo,GRANINI Néctar de pomelo rosa 1 l.
CAT-5228,Agua Con Gas Maison Perrier Sabor Limon 50 Cl,Bebidas,Mercadona,"Leche corporal nutritiva Nivea con ácido hialurónico, aceite de almendras y sérum de nutrición profunda",Alcampo,MAISON PERRIER Forever lemon Agua con gas sabor limón 50 cl.
CAT-5669,Cafe Capsulas Espresso Descafeinado Ristretto Lor Compatible Con Nespresso 20 Ud,Desayuno y Snack,Mercadona,Bebida láctea Omega 3 Puleva con leche desnatada,Carrefour,Cafe Capsulas Espresso Descafeinado Ristretto Lor Compatible Con Nespresso 20 Ud
CAT-5670,Bacalao 3 Kg Aprox,Pescadería,Mercadona,Bebida láctea Omega 3 Puleva con leche desnatada,Carrefour,Bacalao 3 Kg Aprox
CAT-5747,Agua Con Gas Sabor Limon San Pellegrino Lata 33 Cl,Bebidas,Mercadona,Snack Balls sabor queso Hacendado,DIA,Limonada con gas San Pellegrino 330 ml
CAT-5822,Ensalada De Queso De Cabra Diquesi 145 G,Lácteos y Huevos,Mercadona,Mostaza de Dijon Hacendado,Carrefour,Ensalada De Queso De Cabra Diquesi 145 G
CAT-5856,Salchichas King El Pozo Sin Gluten 330 G,Carnicería y Charcutería,Mercadona,Fruta + leche caribe Don Simón sin azúcares añadidos y zero materia grasa,Carrefour,Salchichas King El Pozo Sin Gluten 330 G
CAT-5929,Nct Saz Nja Disf Dsimon 15,Sin categoría,Mercadona,Perfilador de labios Long Lasting Deliplus 15 canela claro,Carrefour,Nct Saz Nja Disf Dsimon 15
CAT-6098,Aquarius Bebida Isotonica Sabor Limon Pack De 2 Botellas De 15 L,Bebidas,Mercadona,"Aceite de oliva 0,4º Hacendado",Carrefour,Aquarius Bebida Isotonica Sabor Limon Pack De 2 Botellas De 15 L
CAT-6305,Bebida De Fruta Mango Y Maracuya Capri Sun Bolsita De 33 Cl ,Sin categoría,Mercadona,"Aceite de oliva 0,4º Hacendado",Carrefour,Bebida De Fruta Mango Y Maracuya Capri Sun Bolsita De 33 Cl 
CAT-6369,Crema Reparadora De Urea Extra Hidratante Para Piel Seca Instituto Espanol 400 Ml,Sin categoría,Mercadona,"Aceite de oliva 0,4º Hacendado",Carrefour,Crema Reparadora De Urea Extra Hidratante Para Piel Seca Instituto Espanol 400 Ml
CAT-6803,Sidra El Gaiter Sin Gluten 75 Cl,Sin categoría,Mercadona,Fruta + leche caribe Don Simón sin azúcares añadidos y zero materia grasa,Carrefour,Sidra El Gaiter Sin Gluten 75 Cl
CAT-6563,Vino Tinto Roble Tempranillo Celeste Do Ribera Del Duero 75 Cl,Bebidas,Mercadona,Licor dulce Amaretto Del Patriarca,DIA,Vino tinto roble D.O. Ribera del Duero Altos de Tamarón 75 cl
CAT-6694,Empanada Rectangular De Atun 700 G,Sin categoría,Mercadona,Aceite de oliva virgen extra Hacendado Gran Selección,Carrefour,Empanada Rectangular De Atun 700 G
CAT-7034,Roscos De Pan Almontenos 130 G,Panadería y Pastelería,Mercadona,Aceite de oliva virgen extra Hacendado Gran Selección,Carrefour,Roscos De Pan Almontenos 130 G
CAT-8164,Pechuga De Pavo Cocida Asada Al Horno En Lonchas Natur Rte Campofrio Sin Gluten Y Sin Lactosa 90 G,Carnicería y Charcutería,Mercadona,"Aceite de oliva 0,4º Hacendado",Carrefour,Pechuga De Pavo Cocida Asada Al Horno En Lonchas Natur Rte Campofrio Sin Gluten Y Sin Lactosa 90 G
CAT-8234,Crema De Queso Cheddar President 125 G,Lácteos y Huevos,Mercadona,Vino tinto tempranillo Cepas Viejas Señorío de los Llanos DO Valdepeñas,Carrefour,Crema De Queso Cheddar President 125 G
CAT-8317,Rosado De Verano Penascal Lata 33 Cl,Sin categoría,Mercadona,Reducción bálsamica de vinagre Pedro Ximénez Hacendado,Carrefour,Rosado De Verano Penascal Lata 33 Cl
CAT-8380,Loncheado De Jamon De Cebo 50 Raza Iberica Altorreal 150 G,Carnicería y Charcutería,Mercadona,"Aceite de oliva 0,4º Hacendado",Carrefour,Loncheado De Jamon De Cebo 50 Raza Iberica Altorreal 150 G
CAT-8396,Vino Tinto Crianza Tempranillo Altos De Penalen Doca Rioja 75 Cl,Bebidas,Mercadona,"Aceite de oliva 0,4º Hacendado",Carrefour,Vino Tinto Crianza Tempranillo Altos De Penalen Doca Rioja 75 Cl
CAT-8679,Panuelo Hot Dog 1 Ud,Sin categoría,Mercadona,Vela de cumpleaños 1 Hacendado,Carrefour,Panuelo Hot Dog 1 Ud
CAT-9234,Mantequilla Facil De Untar Ligeramente Salada Lurpak 200 G,Lácteos y Huevos,Mercadona,"Aceite de oliva 0,4º Hacendado",Carrefour,Mantequilla Facil De Untar Ligeramente Salada Lurpak 200 G
CAT-9383,Tinto De Verano Clasico Sin Alcohol La Casera Botella 15 L,Bebidas,Mercadona,"Aceite de oliva 0,4º Hacendado",Carrefour,Tinto De Verano Clasico Sin Alcohol La Casera Botella 15 L
CAT-9431,Ron Anejo Brugal 1 L,Bebidas,Mercadona,Vela de cumpleaños 1 Hacendado,DIA,Ron añejo Brugal 70 cl
CAT-6141,Champu Hidratacion Intensa Para Cabello Seco O Danado Tresemme 685 Ml,Cuidado personal e Higiene,Mercadona,Sal gruesa para hornear Hacendado,DIA,Champú hidratación intensa cabello seco Tresemmé 685 ml
CAT-7242,Mascarilla Capilar 72H De Hidratacion Intensiva Hidra Hialuronico Elvive Loreal Paris 300 Ml,Cuidado personal e Higiene,Mercadona,"Aceite de oliva 0,4º Hacendado",Carrefour,Mascarilla Capilar 72H De Hidratacion Intensiva Hidra Hialuronico Elvive Loreal Paris 300 Ml
CAT-6932,Desodorante En Spray Dermo Invisible Sanex 200 Ml,Cuidado personal e Higiene,Mercadona,Clavo en grano Hacendado,Carrefour,Desodorante En Spray Dermo Invisible Sanex 200 Ml
CAT-7129,Gel De Ducha Neutro Hidratante Sanex 950 Ml,Cuidado personal e Higiene,Mercadona,Aceite de oliva 1º Hacendado,DIA,Gel de ducha hidratante Sanex 600 ml
CAT-8589,Gel De Ducha Hidratante Aloe Vera Instituto Espanol 1250 Ml,Cuidado personal e Higiene,Mercadona,"Aceite de oliva 0,4º Hacendado",Carrefour,Gel De Ducha Hidratante Aloe Vera Instituto Espanol 1250 Ml
CAT-9775,Gel De Ducha Aloe Vera Hidrotermal La Toja 550 Ml,Cuidado personal e Higiene,Mercadona,"Aceite de oliva 0,4º Hacendado",Carrefour,Gel De Ducha Aloe Vera Hidrotermal La Toja 550 Ml
CAT-9779,Gel De Ducha Piel Sana Instituto Espanol 1250 Ml,Cuidado personal e Higiene,Mercadona,"Aceite de oliva 0,4º Hacendado",Carrefour,Gel De Ducha Piel Sana Instituto Espanol 1250 Ml
CAT-6293,Compresas Para Incontinencia De Orina Mini Discreet Ausonia 24 Ud,Cuidado personal e Higiene,Mercadona,"Aceite de oliva 0,4º Hacendado",Carrefour,Compresas Para Incontinencia De Orina Mini Discreet Ausonia 24 Ud
CAT-7828,Rosquillas Fritas 400 G,Panadería y Pastelería,Mercadona,"Bebida láctea desnatada sabor fresa y plátano +Proteínas Hacendado 0% MG 0% azúcares añadidos 17,4 g proteínas",Carrefour,Rosquillas Fritas 400 G
CAT-7884,Mini Redondo De Pollo Asado Con Bacon Asados La Carlotena Sin Gluten 250 G,Carnicería y Charcutería,Mercadona,Bebida láctea Omega 3 Puleva con leche desnatada,DIA,Mini redondo de pollo asado con bacon La Carloteña 250 g
CAT-8043,Quitagrasas En Pistola Ecologico Ecobel Agatha Ruiz De La Prada 750 Ml,Sin categoría,Mercadona,"Aceite de oliva 0,4º Hacendado",Carrefour,Quitagrasas En Pistola Ecologico Ecobel Agatha Ruiz De La Prada 750 Ml
CAT-8052,Tarrito De Verduritas Con Pollo Desde 6 Meses Hero Solo Buenas Noches Sin Gluten Pack De 6 Unidades 190 G,Carnicería y Charcutería,Mercadona,Bebida láctea Omega 3 Puleva con leche desnatada,Carrefour,Tarrito De Verduritas Con Pollo Desde 6 Meses Hero Solo Buenas Noches Sin Gluten Pack De 6 Unidades 190 G
CAT-8266,Pizza Fresca Bianca 4 Quesos De Lenta Fermentacion Casa Tarradellas 400 G,Lácteos y Huevos,Mercadona,"Aceite de oliva 0,4º Hacendado",Carrefour,Pizza Fresca Bianca 4 Quesos De Lenta Fermentacion Casa Tarradellas 400 G
CAT-4650,Tinte 40 Castano Garnier Olia 1 Ud,Sin categoría,Mercadona,Detergente ropa todo en 1 frescor floral Ariel Pods en cápsulas,Carrefour,Tinte 40 Castano Garnier Olia 1 Ud
CAT-5691,Bayeta Microfibra Spontex Collection Xxl 4 Ud,Hogar,Mercadona,Polvos voluminizador para el cabello Volum Fix Deliplus mate fijación 4,DIA,Bayeta microfibra XXL Spontex 2 unidades
CAT-6644,Lavavajillas A Mano Ultra Poder Fairy 900 Ml,Hogar,Mercadona,Cerdo a tacos,Carrefour,Lavavajillas A Mano Ultra Poder Fairy 900 Ml
CAT-6922,Colgador Wc Poder Activo Natura Bref 2 Ud,Sin categoría,Mercadona,2 Baguettes para hornear,Carrefour,Colgador Wc Poder Activo Natura Bref 2 Ud
CAT-8415,Bolsita De Manzana Platano Y Melocoton Goodies Pack 4 Unidades 100 G,Frutas y Verduras,Mercadona,"Aceite de oliva 0,4º Hacendado",Carrefour,Bolsita De Manzana Platano Y Melocoton Goodies Pack 4 Unidades 100 G
CAT-9843,Quitamanchas Asevi 750 Ml,Hogar,Mercadona,Biberón 150 ml tetina silicona flujo lento Deliplus +0 meses,Carrefour,Quitamanchas Asevi 750 Ml
CAT-8039,Champu Equilibrante Para Pelo Graso En Raiz Y Seco En Puntas Carbon Magnetico Original Remedies Garnier 400 Ml,Cuidado personal e Higiene,Mercadona,Bebida láctea Omega 3 Puleva con nueces y leche desnatada,Carrefour,Champu Equilibrante Para Pelo Graso En Raiz Y Seco En Puntas Carbon Magnetico Original Remedies Garnier 400 Ml
CAT-8663,Desodorante En Spray Marine Axe Pack De 2 Unidades De 150 Ml,Cuidado personal e Higiene,Mercadona,"Aceite de oliva 0,4º Hacendado",Carrefour,Desodorante En Spray Marine Axe Pack De 2 Unidades De 150 Ml
CAT-9560,Desodorante En Spray Antitranspirante Cotton Dry Rexona 200 Ml,Cuidado personal e Higiene,Mercadona,Clavo en grano Hacendado,Carrefour,Desodorante En Spray Antitranspirante Cotton Dry Rexona 200 Ml
CAT-9917,Desodorante En Spray Con Perfume Floral 200 Ml,Cuidado personal e Higiene,Mercadona,Clavo en grano Hacendado,Carrefour,Desodorante En Spray Con Perfume Floral 200 Ml
CAT-7824,Quitamanchas Gold Oxi Action Vanish 400 G,Hogar,Mercadona,"Bebida láctea desnatada sabor fresa y plátano +Proteínas Hacendado 0% MG 0% azúcares añadidos 17,4 g proteínas",Alcampo,VANISH Quitamanchas especial mascotas VANISH OXI ACTION 750 ml.
CAT-7867,Arena Aglomerante De Bentonita Blanca Mycat 4L,Mascotas,Mercadona,"Aceite de oliva 0,4º Hacendado",Carrefour,Arena Aglomerante De Bentonita Blanca Mycat 4L
CAT-8082,Lavavajillas A Maquina En Pastillas Fresh Ultimate Plus Finish 72 Ud,Hogar,Mercadona,Clavo en grano Hacendado,Carrefour,Lavavajillas A Maquina En Pastillas Fresh Ultimate Plus Finish 72 Ud
CAT-8159,Piccolinis 3 Quesos Buitoni 270 G,Lácteos y Huevos,Mercadona,Bebida láctea Omega 3 Puleva con nueces y leche desnatada,Carrefour,Piccolinis 3 Quesos Buitoni 270 G
CAT-9623,Detergente Liquido Delicado A Mano Norit 45 Lavados,Hogar,Mercadona,Cacao en polvo a la taza Hacendado,Carrefour,Detergente Liquido Delicado A Mano Norit 45 Lavados
CAT-8279,Ambientador Automatico Flor De Cerezo  Frambuesa Recambio Air Wick 1 Ud,Hogar,Mercadona,"Aceite de oliva 0,4º Hacendado",Carrefour,Ambientador Automatico Flor De Cerezo  Frambuesa Recambio Air Wick 1 Ud
CAT-4189,Palo Para Fregona De Acero Vileda   Rojo,Hogar,Mercadona,Mostaza de Dijon Hacendado,Carrefour,Palo Para Fregona De Acero Vileda   Rojo
CAT-4190,Palo Universal Para Fregona O Cepillo De Acero Vileda,Hogar,Mercadona,"Aceite de oliva 0,4º Hacendado",Carrefour,Palo Universal Para Fregona O Cepillo De Acero Vileda
CAT-4423,Corazones De Filete De Merluza Congelados Pescanova 500 G,Pescadería,Mercadona,"Aceite de oliva 0,4º Hacendado",Carrefour,Corazones De Filete De Merluza Congelados Pescanova 500 G
CAT-4744,Cuchillo Multiusos De Acero Inoxidable 125 Cm San Ignacio Resa,Sin categoría,Mercadona,"Aceite de oliva 0,4º Hacendado",Carrefour,Cuchillo Multiusos De Acero Inoxidable 125 Cm San Ignacio Resa
CAT-4759,Cubo De Basura Con Pedal 21L Tatay Ecohome   Beige,Sin categoría,Mercadona,"Aceite de oliva 0,4º Hacendado",Carrefour,Cubo De Basura Con Pedal 21L Tatay Ecohome   Beige
CAT-4766,Limpiador Banos Higiene Profunda Cillit Bang 750 Ml,Hogar,Mercadona,"Leche corporal nutritiva Nivea con ácido hialurónico, aceite de almendras y sérum de nutrición profunda",DIA,Limpiador baño Cillit bang 750 ml
CAT-4812,Tapa Microondas De Plastico Curver 27Cm   Transparente,Sin categoría,Mercadona,"Aceite de oliva 0,4º Hacendado",Carrefour,Tapa Microondas De Plastico Curver 27Cm   Transparente
CAT-4839,Langostino Crudo Congelado 3040 Ud Pescatrade 900 G,Pescadería,Mercadona,"Bebida láctea desnatada sabor fresa y plátano +Proteínas Hacendado 0% MG 0% azúcares añadidos 17,4 g proteínas",Carrefour,Langostino Crudo Congelado 3040 Ud Pescatrade 900 G
CAT-5347,Papel De Cocina  Love The Bee Foxy 2 Rollos,Bazar y Varios,Mercadona,Aceite de oliva 1º Hacendado,Alcampo,FOXY Love the Bee Rollo de papel de cocina multiusos 1 ud.
CAT-5163,Pegamento Loctite Super Glue 3 Minitrio 3X1Gr,Sin categoría,Mercadona,Maquinilla depilación recargable Gillette Venus Comfortglide Breeze 3 hojas,Carrefour,Pegamento Loctite Super Glue 3 Minitrio 3X1Gr
CAT-5354,Gel Wc Accion Total Oceano Pato Pack De 2 Unidades De 750 Ml,Sin categoría,Mercadona,"Aceite de oliva 0,4º Hacendado",Carrefour,Gel Wc Accion Total Oceano Pato Pack De 2 Unidades De 750 Ml
CAT-5535,Patatas Original Tradition Mccain 1 Kg,Sin categoría,Mercadona,Patata,Carrefour,Patatas Original Tradition Mccain 1 Kg
CAT-5567,Pegamento De Barra,Sin categoría,Mercadona,"Aceite de oliva 0,4º Hacendado",Carrefour,Pegamento De Barra
CAT-5571,Palitos Rebozados De Merluza Pescanova 300 G,Pescadería,Mercadona,Aceite de oliva 1º Hacendado,Carrefour,Palitos Rebozados De Merluza Pescanova 300 G
CAT-6038,Limpiador Desinfectante Quitagrasas Sanytol 750 Ml,Hogar,Mercadona,Quitagrasas KH-7,Alcampo,SANYTOL Limpiador desinfectante multiusos 750 ml.
CAT-6093,Cafetera De Aluminio Idealcasa Nero 9 Tazas   Negro,Sin categoría,Mercadona,"Aceite de oliva 0,4º Hacendado",Carrefour,Cafetera De Aluminio Idealcasa Nero 9 Tazas   Negro
CAT-6122,Pizza De Jamon Prosciutto Italpizza 560 G,Congelados,Mercadona,Mostaza de Dijon Hacendado,Carrefour,Pizza De Jamon Prosciutto Italpizza 560 G
CAT-6167,Gel Para Lavavajillas Lima Limon Todo En Uno Somat 60 Lavados,Hogar,Mercadona,Clavo en grano Hacendado,DIA,Lavavajillas máquina todo en 1 lima y limón Somat botella 60 lavados 1.08 L
CAT-6360,Lavavajillas A Maquina Original Pastillas Aroma Limon Todo En Uno Fairy 41 Ud,Hogar,Mercadona,Clavo en grano Hacendado,Carrefour,Lavavajillas A Maquina Original Pastillas Aroma Limon Todo En Uno Fairy 41 Ud
CAT-6457,Lavavajillas A Maquina En Pastillas Quantum Finish Powerball 34 Ud,Hogar,Mercadona,Clavo en grano Hacendado,Carrefour,Lavavajillas A Maquina En Pastillas Quantum Finish Powerball 34 Ud
CAT-6528,Pegamento Loctite Con Pince Super Glue 3  5 Gr,Sin categoría,Mercadona,"Leche corporal nutritiva Nivea con ácido hialurónico, aceite de almendras y sérum de nutrición profunda",Carrefour,Pegamento Loctite Con Pince Super Glue 3  5 Gr
CAT-6897,Patatas Corte Juliana Mccain 600 G,Sin categoría,Mercadona,Patata,Carrefour,Patatas Corte Juliana Mccain 600 G
CAT-6920,Friegasuelos Aroma Lavanda Xanpa 1 L,Sin categoría,Mercadona,Detergente ropa todo en 1 frescor floral Ariel Pods en cápsulas,Carrefour,Friegasuelos Aroma Lavanda Xanpa 1 L
CAT-6934,Film Transparente Albal 50 Metros,Hogar,Mercadona,Crema facial fotocorrector unificador anti-manchas Deliplus FPS 50,Carrefour,Film Transparente Albal 50 Metros
CAT-7157,Cachito De Jamon Pan 340 G,Carnicería y Charcutería,Mercadona,Aceite de oliva virgen extra Hacendado Gran Selección,Carrefour,Cachito De Jamon Pan 340 G
CAT-7487,Cigarrillos De Tolosa De Nuestra Tierra 160 G,Sin categoría,Mercadona,"Aceite de oliva 0,4º Hacendado",Carrefour,Cigarrillos De Tolosa De Nuestra Tierra 160 G
CAT-7529,Ambientador Electrico Aroma Lavanda Recambio Ambi Pur 1 Ud,Hogar,Mercadona,Vela de cumpleaños 1 Hacendado,Carrefour,Ambientador Electrico Aroma Lavanda Recambio Ambi Pur 1 Ud
CAT-7599,Cola De Rape Del Cabo Ultracongelado 350 G Aprox,Pescadería,Mercadona,"Aceite de oliva 0,4º Hacendado",Carrefour,Cola De Rape Del Cabo Ultracongelado 350 G Aprox
CAT-7635,Pizza Margherita Italpizza 410 G,Congelados,Mercadona,"Bebida láctea desnatada sabor fresa y plátano +Proteínas Hacendado 0% MG 0% azúcares añadidos 17,4 g proteínas",Carrefour,Pizza Margherita Italpizza 410 G
CAT-7779,Sandwich De Queso Galleta Y Frambuesa Maxibon Nestle 4 Ud,Lácteos y Huevos,Mercadona,"Aceite de oliva 0,4º Hacendado",Carrefour,Sandwich De Queso Galleta Y Frambuesa Maxibon Nestle 4 Ud
CAT-8383,Ensalada De Algas Wakame 125 G,Sin categoría,Mercadona,Aceite de oliva virgen extra Hacendado Gran Selección,Carrefour,Ensalada De Algas Wakame 125 G
CAT-8417,Cebolla Granel Carrefour 1 Kg Aprox,Frutas y Verduras,Mercadona,Detergente ropa todo en 1 frescor floral Ariel Pods en cápsulas,DIA,Cebolla dulce granel 1.1 Kg aprox.
CAT-8743,Minipizza De Atun Buitoni 270 G,Congelados,Mercadona,Aceite de oliva virgen extra Hacendado Gran Selección,Carrefour,Minipizza De Atun Buitoni 270 G
CAT-8735,Cereza Dulce Deshuesada Congelada La Cuerva 300 G,Frutas y Verduras,Mercadona,Lomo asado La Carloteña lonchas,Carrefour,Cereza Dulce Deshuesada Congelada La Cuerva 300 G
CAT-9147,Suavizante Concentrado Frutos Rojos Y Exoticos Flor Twist 78 Lavados,Hogar,Mercadona,"Leche corporal nutritiva Nivea con ácido hialurónico, aceite de almendras y sérum de nutrición profunda",Carrefour,Suavizante Concentrado Frutos Rojos Y Exoticos Flor Twist 78 Lavados
CAT-9395,Piedra Blanca De Limpieza Chubb 500 G,Sin categoría,Mercadona,Vino tinto tempranillo Cepas Viejas Señorío de los Llanos DO Valdepeñas,Carrefour,Piedra Blanca De Limpieza Chubb 500 G
CAT-9465,Limpiador Especifico Para Placas De Vitroceramica Vitroclen 450 Ml,Hogar,Mercadona,"Aceite de oliva 0,4º Hacendado",Carrefour,Limpiador Especifico Para Placas De Vitroceramica Vitroclen 450 Ml
CAT-9621,Fregona Microfibra Poliester Vileda Premium 2 En 1 ,Hogar,Mercadona,Clavo en grano Hacendado,Carrefour,Fregona Microfibra Poliester Vileda Premium 2 En 1 
CAT-9669,Porciones Vegetarianas A Base De Espinacas Arroz Y Queso Garden Gourmet 180 G,Despensa,Mercadona,"Aceite de oliva 0,4º Hacendado",Carrefour,Porciones Vegetarianas A Base De Espinacas Arroz Y Queso Garden Gourmet 180 G
CAT-9889,Detergente Liquido Para La Ropa De Bebe Frosch Baby 21 Lavados,Hogar,Mercadona,"Aceite de oliva 0,4º Hacendado",Carrefour,Detergente Liquido Para La Ropa De Bebe Frosch Baby 21 Lavados
CAT-4115,Tarrito De Verduritas Con Merluza Desde 6 Meses Hero Solo Sin Gluten 235 G,Pescadería,Mercadona,Bebida láctea Omega 3 Puleva con leche desnatada,Carrefour,Tarrito De Verduritas Con Merluza Desde 6 Meses Hero Solo Sin Gluten 235 G
CAT-4156,Pechuga Empanada Recetas Crujientes La Cocinera 330 G,Carnicería y Charcutería,Mercadona,Lomo asado La Carloteña lonchas,Carrefour,Pechuga Empanada Recetas Crujientes La Cocinera 330 G
CAT-4409,Tarrito De Guisantes Tiernos Con Jamon Desde 6 Meses Hero Solo Sin Gluten 235 G,Carnicería y Charcutería,Mercadona,Bebida láctea Omega 3 Puleva con leche desnatada,Carrefour,Tarrito De Guisantes Tiernos Con Jamon Desde 6 Meses Hero Solo Sin Gluten 235 G
CAT-4587,Snacks De Cereales Con Frambuesa Desde 8 Meses Ecologico Gerber Sin Azucar Anadido 35 G,Despensa,Mercadona,Bebida láctea Omega 3 Puleva con leche desnatada,Carrefour,Snacks De Cereales Con Frambuesa Desde 8 Meses Ecologico Gerber Sin Azucar Anadido 35 G
CAT-4609,Nachos Crujientes Cheddar Pickers By Mccain 230 G,Lácteos y Huevos,Mercadona,"Bebida láctea desnatada sabor fresa y plátano +Proteínas Hacendado 0% MG 0% azúcares añadidos 17,4 g proteínas",Carrefour,Nachos Crujientes Cheddar Pickers By Mccain 230 G
CAT-4717,Ambientador Electrico Campos De Lavanda Recambio Ambi Pur 1 Ud,Hogar,Mercadona,"Aceite de oliva 0,4º Hacendado",Carrefour,Ambientador Electrico Campos De Lavanda Recambio Ambi Pur 1 Ud
CAT-4897,Carne Zamburina Congelado Delfin 270 G,Sin categoría,Mercadona,"Bebida láctea desnatada sabor fresa y plátano +Proteínas Hacendado 0% MG 0% azúcares añadidos 17,4 g proteínas",Carrefour,Carne Zamburina Congelado Delfin 270 G
CAT-4916,Agua Mineral Solan De Cabras 33 Cl,Bebidas,Mercadona,Aceite de oliva virgen extra Hacendado Gran Selección,DIA,Agua mineral Solán de Cabras 500 ml
CAT-4891,Comida Humeda De Cordero Y Pollo Para Perro Pedigree 300 G,Carnicería y Charcutería,Mercadona,"Aceite de oliva 0,4º Hacendado",Carrefour,Comida Humeda De Cordero Y Pollo Para Perro Pedigree 300 G
CAT-4944,Papilla Infantil Desde 12 Meses 8 Cereales Con Cacao Nestle Sin Azucar Anadido 725 G,Despensa,Mercadona,Bebida láctea Omega 3 Puleva con leche desnatada,Carrefour,Papilla Infantil Desde 12 Meses 8 Cereales Con Cacao Nestle Sin Azucar Anadido 725 G
CAT-4988,Ambientador Spray Automatico Sin Aerosol Aroma Flor De Jazmin Active Fresh Recambio Air Wick 1 Ud,Hogar,Mercadona,"Aceite de oliva 0,4º Hacendado",Carrefour,Ambientador Spray Automatico Sin Aerosol Aroma Flor De Jazmin Active Fresh Recambio Air Wick 1 Ud
CAT-4993,Almeja Blanca Del Pacifico Cocida 450 G,Pescadería,Mercadona,"Bebida láctea desnatada sabor fresa y plátano +Proteínas Hacendado 0% MG 0% azúcares añadidos 17,4 g proteínas",Carrefour,Almeja Blanca Del Pacifico Cocida 450 G
CAT-4977,Locion Cara Y Cuerpo 24H De Hidratacion Cottontouch Johnsons Baby 500 Ml,Bebes,Mercadona,"Aceite de oliva 0,4º Hacendado",Carrefour,Locion Cara Y Cuerpo 24H De Hidratacion Cottontouch Johnsons Baby 500 Ml
CAT-5280,Bolsita De Manzana Platano Y Zanahoria Ecologico Hero Solo Sin Gluten 100 G,Frutas y Verduras,Mercadona,"Aceite de oliva 0,4º Hacendado",Carrefour,Bolsita De Manzana Platano Y Zanahoria Ecologico Hero Solo Sin Gluten 100 G
CAT-5899,Tarrito De Pera Y Platano Desde 4 Meses Ecologico Hero Solo Sin Gluten 190 G,Frutas y Verduras,Mercadona,"Aceite de oliva 0,4º Hacendado",Carrefour,Tarrito De Pera Y Platano Desde 4 Meses Ecologico Hero Solo Sin Gluten 190 G
CAT-5979,Empanada De Carne De Vacuno Pukka Pies 210 G,Carnicería y Charcutería,Mercadona,Aceite de oliva 1º Hacendado,Carrefour,Empanada De Carne De Vacuno Pukka Pies 210 G
CAT-6103,Yogur Infantil Platano Y Fresas Desde 6 Meses Hero Baby Sin Gluten Y Azucar Anadido Pack De 2 Unidades De 120 G,Despensa,Mercadona,"Aceite de oliva 0,4º Hacendado",Carrefour,Yogur Infantil Platano Y Fresas Desde 6 Meses Hero Baby Sin Gluten Y Azucar Anadido Pack De 2 Unidades De 120 G
CAT-6394,Pienso Esterilizado Tracto Urinario De Pollo Para Gato Ultima 15 Kg,Carnicería y Charcutería,Mercadona,"Aceite de oliva 0,4º Hacendado",DIA,Alimento para gatos esterilizados y tracto urinario con pollo Ultima bolsa 1.5 Kg
CAT-6397,Pienso De Pollo Para Perros Yorkshire Terrier Ultima 15 Kg,Carnicería y Charcutería,Mercadona,"Aceite de oliva 0,4º Hacendado",Carrefour,Pienso De Pollo Para Perros Yorkshire Terrier Ultima 15 Kg
CAT-6433,Kebab Fusion Fripozo 320 G,Sin categoría,Mercadona,"Bebida láctea desnatada sabor fresa y plátano +Proteínas Hacendado 0% MG 0% azúcares añadidos 17,4 g proteínas",Carrefour,Kebab Fusion Fripozo 320 G
CAT-6708,Tarrito De Menestra De Cordero Desde 6 Meses Nutriben Potitos Sin Gluten 235 G,Congelados,Mercadona,"Aceite de oliva 0,4º Hacendado",Alcampo,NUTRIBÉN Recetas tradicionales Potitos® de menestra de cordero a partir de 6 meses 235 g.
CAT-6748,Coquina 250 G,Sin categoría,Mercadona,Bebida láctea desnatada sabor stracciatella +Proteínas Hacendado 0% azúcares añadidos 20 g proteínas,Carrefour,Coquina 250 G
CAT-6721,Tarrito De Crema De Verduras Con Rape Desde 8 Meses Buenas Noches Hero Baby Pack De 2 Unidades De 190 G,Conservas y Enlatados,Mercadona,Bebida láctea Omega 3 Puleva con leche desnatada,Carrefour,Tarrito De Crema De Verduras Con Rape Desde 8 Meses Buenas Noches Hero Baby Pack De 2 Unidades De 190 G
CAT-6909,Tiramisu Schr Sin Gluten 200 G,Sin categoría,Mercadona,Fruta + leche caribe Don Simón sin azúcares añadidos y zero materia grasa,Carrefour,Tiramisu Schr Sin Gluten 200 G
CAT-7011,Pure De Acai Berry Sin Azucar Ecologico Sambazon Pack De 4 Sobres De 100 G,Despensa,Mercadona,"Aceite de oliva 0,4º Hacendado",Carrefour,Pure De Acai Berry Sin Azucar Ecologico Sambazon Pack De 4 Sobres De 100 G
CAT-7067,Galletas Infantiles Ecologico Hero Solo 160 G,Desayuno y Snack,Mercadona,"Bebida láctea desnatada sabor fresa y plátano +Proteínas Hacendado 0% MG 0% azúcares añadidos 17,4 g proteínas",Carrefour,Galletas Infantiles Ecologico Hero Solo 160 G
CAT-7042,Comida Humeda Pescado Del Oceano Para Gato Adulto Purina Gourmet Natures Creations 85 G,Mascotas,Mercadona,Licor dulce Amaretto Del Patriarca,Carrefour,Comida Humeda Pescado Del Oceano Para Gato Adulto Purina Gourmet Natures Creations 85 G
CAT-7162,Albondigas De Proteinas De Guisantes Green Cuisine Findus 240 G,Carnicería y Charcutería,Mercadona,"Aceite de oliva 0,4º Hacendado",Carrefour,Albondigas De Proteinas De Guisantes Green Cuisine Findus 240 G
CAT-7326,Panales Bebe Seco Dodot T7 15 Kg 60 Ud,Bebes,Mercadona,Perfilador de labios Long Lasting Deliplus 15 canela claro,Carrefour,Panales Bebe Seco Dodot T7 15 Kg 60 Ud
CAT-7351,Papilla Infantil Desde 6 Meses Hero 8 Cereales Galleta Sin Azucar Anadido 550 G,Despensa,Mercadona,Spaghetti sin gluten Felicia,Carrefour,Papilla Infantil Desde 6 Meses Hero 8 Cereales Galleta Sin Azucar Anadido 550 G
CAT-7348,Muffins Relleno Nutella 4 Ud,Desayuno y Snack,Mercadona,Polvos voluminizador para el cabello Volum Fix Deliplus mate fijación 4,Carrefour,Muffins Relleno Nutella 4 Ud
CAT-7505,Tarrito Cocidito Con Ternera Y Jamon Desde 6 Meses Ecologico Smileat Sin Gluten 230 G,Carnicería y Charcutería,Mercadona,Bebida láctea Omega 3 Puleva con leche desnatada,Carrefour,Tarrito Cocidito Con Ternera Y Jamon Desde 6 Meses Ecologico Smileat Sin Gluten 230 G
CAT-7905,Steamed Dumplings Vegetales Itsu 168 G,Sin categoría,Mercadona,"Bebida láctea desnatada sabor fresa y plátano +Proteínas Hacendado 0% MG 0% azúcares añadidos 17,4 g proteínas",Carrefour,Steamed Dumplings Vegetales Itsu 168 G
CAT-8103,Tarrito De Multifrutas Con Mango Desde 6 Meses Ecologico Hero Solo 120 G,Sin categoría,Mercadona,Bebida láctea Omega 3 Puleva con leche desnatada,Carrefour,Tarrito De Multifrutas Con Mango Desde 6 Meses Ecologico Hero Solo 120 G
CAT-8299,Chicken Bites La Cocinera 250 G,Sin categoría,Mercadona,"Bebida láctea desnatada sabor fresa y plátano +Proteínas Hacendado 0% MG 0% azúcares añadidos 17,4 g proteínas",Carrefour,Chicken Bites La Cocinera 250 G
CAT-8273,Bolsita De Frutas Variadas Nestle Happy Fruits Sin Azucar Anadido 110 G,Despensa,Mercadona,"Aceite de oliva 0,4º Hacendado",Carrefour,Bolsita De Frutas Variadas Nestle Happy Fruits Sin Azucar Anadido 110 G
CAT-8404,Tarta Helada Al Whisky Nestle Helados 580 G,Bebidas,Mercadona,"Bebida láctea desnatada sabor fresa y plátano +Proteínas Hacendado 0% MG 0% azúcares añadidos 17,4 g proteínas",Carrefour,Tarta Helada Al Whisky Nestle Helados 580 G
CAT-8462,Panales Dodot Activity T6 14 19 Kg 117 Ud,Bebes,Mercadona,Cacahuete +Proteínas en polvo desgrasado Hacendado 14 g proteínas 70% reducido en grasa,Carrefour,Panales Dodot Activity T6 14 19 Kg 117 Ud
CAT-8587,Pizza Salame Buitoni 195 G,Congelados,Mercadona,"Bebida láctea desnatada sabor fresa y plátano +Proteínas Hacendado 0% MG 0% azúcares añadidos 17,4 g proteínas",Carrefour,Pizza Salame Buitoni 195 G
CAT-8633,Gnocchi Caprese Findus 550 G,Sin categoría,Mercadona,"Bebida láctea desnatada sabor fresa y plátano +Proteínas Hacendado 0% MG 0% azúcares añadidos 17,4 g proteínas",Carrefour,Gnocchi Caprese Findus 550 G
CAT-8611,Snack Crispies Buey Y Pollo Para Gato 45 G,Carnicería y Charcutería,Mercadona,Fruta + leche caribe Don Simón sin azúcares añadidos y zero materia grasa,Alcampo,FELIX Snacks para gatos a base de buey y pollo FELIX CRISPIES 45 g.
CAT-8634,Tequenos De Chocolate Pan 600 G,Panadería y Pastelería,Mercadona,Aceite de oliva virgen extra Hacendado Gran Selección,Carrefour,Tequenos De Chocolate Pan 600 G
CAT-8652,Crackers De Zanahoria Desde 12 Meses Ecologico Nestle 100 G,Frutas y Verduras,Mercadona,"Aceite de oliva 0,4º Hacendado",Carrefour,Crackers De Zanahoria Desde 12 Meses Ecologico Nestle 100 G
CAT-8774,Papilla Infantil Desde 6 Meses Nestle 8 Cereales Con Fruta Sin Azucar Anadido 330 G,Despensa,Mercadona,Bebida láctea Omega 3 Puleva con leche desnatada,Carrefour,Papilla Infantil Desde 6 Meses Nestle 8 Cereales Con Fruta Sin Azucar Anadido 330 G
CAT-9174,Pants Huggies T4 9 14 Kg 36 Ud,Sin categoría,Mercadona,Tratamiento para uñas base 9 en 1 Deliplus vitaminada y alisadora,Carrefour,Pants Huggies T4 9 14 Kg 36 Ud
CAT-9555,Snacks De Salmon Para Gatos Catisfactions 60 G,Pescadería,Mercadona,"Aceite de oliva 0,4º Hacendado",DIA,Snack para gatos con salmón Catisfaction bolsa 60 g
CAT-9817,Patatas Original Tradition Mccain 25 Kg,Sin categoría,Mercadona,Patata,Carrefour,Patatas Original Tradition Mccain 25 Kg
CAT-9814,Postre Lacteo De Pera Desde 6 Meses Nestle Yogolino Sin Gluten Pack De 4 Unidades De 100 G,Lácteos y Huevos,Mercadona,"Aceite de oliva 0,4º Hacendado",Alcampo,"YOGOLINO Postre lácteo de pera, adaptado para bebés a partir de 6 meses, Neslté 4 x 100 g."
CAT-8053,Tarrito De Verduras Con Pescadilla A La Crema Desde 8 Meses Hero Solo Sin Gluten Pack De 6 Unidades De 190 G,Sin categoría,Mercadona,Bebida láctea Omega 3 Puleva con leche desnatada,Carrefour,Tarrito De Verduras Con Pescadilla A La Crema Desde 8 Meses Hero Solo Sin Gluten Pack De 6 Unidades De 190 G
CAT-8549,Snack De Atun Para Gato Churu 20X14 G,Mascotas,Mercadona,Vino tinto tempranillo Cepas Viejas Señorío de los Llanos DO Valdepeñas,Carrefour,Snack De Atun Para Gato Churu 20X14 G
CAT-7084,Comida Semihumeda De Pescado Para Perro Cocosi 3 Kg,Mascotas,Mercadona,"Aceite de oliva 0,4º Hacendado",Carrefour,Comida Semihumeda De Pescado Para Perro Cocosi 3 Kg
CAT-7105,Comida Humeda Seleccion Carnes Mixtas En Gelatina Para Perro Senior Cesar Pack De 4 Unidades De 100 G,Mascotas,Mercadona,"Aceite de oliva 0,4º Hacendado",Carrefour,Comida Humeda Seleccion Carnes Mixtas En Gelatina Para Perro Senior Cesar Pack De 4 Unidades De 100 G
CAT-4608,Aros De Cebolla Pickers By Mccain 350 G,Frutas y Verduras,Mercadona,Mostaza de Dijon Hacendado,Carrefour,Aros De Cebolla Pickers By Mccain 350 G
CAT-4801,Pienso De Pollo Y Arroz Para Perro Adulto Mini Purina One Active 15 Kg,Despensa,Mercadona,"Aceite de oliva 0,4º Hacendado",Carrefour,Pienso De Pollo Y Arroz Para Perro Adulto Mini Purina One Active 15 Kg
CAT-4904,Pienso De Pavo Y Arroz Para Gatos Sensitive Purina One 28 Kg,Despensa,Mercadona,"Aceite de oliva 0,4º Hacendado",Carrefour,Pienso De Pavo Y Arroz Para Gatos Sensitive Purina One 28 Kg
CAT-4907,Pienso De Pollo Para Gatos Esterilizado Bolas De Pelo Purina One  28 Kg,Carnicería y Charcutería,Mercadona,"Aceite de oliva 0,4º Hacendado",Carrefour,Pienso De Pollo Para Gatos Esterilizado Bolas De Pelo Purina One  28 Kg
CAT-5232,Snack Natural De Panza Seca Para Perro Adulto Vitakraft Natural Chews 100 G,Mascotas,Mercadona,"Aceite de oliva 0,4º Hacendado",Carrefour,Snack Natural De Panza Seca Para Perro Adulto Vitakraft Natural Chews 100 G
CAT-5309,Pienso De Pollo Y Arroz Para Perro Medium Maxi Junior Ultima 3 Kg ,Despensa,Mercadona,"Aceite de oliva 0,4º Hacendado",Carrefour,Pienso De Pollo Y Arroz Para Perro Medium Maxi Junior Ultima 3 Kg 
CAT-5473,Comida Humeda De Pescado Para Gato Whiskas 12X85 G,Bebidas,Mercadona,"Aceite de oliva 0,4º Hacendado",Carrefour,Comida Humeda De Pescado Para Gato Whiskas 12X85 G
CAT-5821,Pienso De Buey Para Perro Adulto Purina Friskies Vitafit Active 15 Kg,Mascotas,Mercadona,"Aceite de oliva 0,4º Hacendado",Carrefour,Pienso De Buey Para Perro Adulto Purina Friskies Vitafit Active 15 Kg
CAT-6137,Reptosafe 100 Ml,Sin categoría,Mercadona,Polvo compacto perfeccionador efecto seda Deliplus 100 beige claro,Carrefour,Reptosafe 100 Ml
CAT-6144,Pienso De Pollo Para Perro Junior Purina Friskies 3 Kg,Carnicería y Charcutería,Mercadona,"Aceite de oliva 0,4º Hacendado",Carrefour,Pienso De Pollo Para Perro Junior Purina Friskies 3 Kg
CAT-6423,Comida Para Periquitos Vitakraft 500 G,Mascotas,Mercadona,Polvos voluminizador para el cabello Volum Fix Deliplus mate fijación 4,AhorraMas,Comida periquito Vitakraft 500g
CAT-6605,Comida Humeda Surtido De Pescadodel Oceano Para Gato Purina Gourmet Gold 12X85 G,Mascotas,Mercadona,"Aceite de oliva 0,4º Hacendado",Carrefour,Comida Humeda Surtido De Pescadodel Oceano Para Gato Purina Gourmet Gold 12X85 G
CAT-6709,Snack Bastones De Zanahoria Para Conejos Enanos Carotties Vitakraft 50 G,Mascotas,Mercadona,"Aceite de oliva 0,4º Hacendado",Carrefour,Snack Bastones De Zanahoria Para Conejos Enanos Carotties Vitakraft 50 G
CAT-6914,Leche Infantil De Crecimiento Desde Los 12 Meses Almiron Advance 1200 G,Bebidas,Mercadona,"Aceite de oliva 0,4º Hacendado",Carrefour,Leche Infantil De Crecimiento Desde Los 12 Meses Almiron Advance 1200 G
CAT-7793,Pienso De Buey Y Pollo Con Verduras Para Gato Adulto Purina Friskies 15 Kg,Carnicería y Charcutería,Mercadona,Bebida láctea Omega 3 Puleva con leche desnatada,Carrefour,Pienso De Buey Y Pollo Con Verduras Para Gato Adulto Purina Friskies 15 Kg
CAT-7941,Guanciale En Tiras Ferrarini Sin Gluten 100 G,Sin categoría,Mercadona,Fruta + leche caribe Don Simón sin azúcares añadidos y zero materia grasa,Carrefour,Guanciale En Tiras Ferrarini Sin Gluten 100 G
CAT-8029,Pienso De Buey Para Perro Adulto Mini Ultima 125 Kg,Mascotas,Mercadona,"Aceite de oliva 0,4º Hacendado",Carrefour,Pienso De Buey Para Perro Adulto Mini Ultima 125 Kg
CAT-8086,Pomada Para Proteccion Almohadillas De Perro Kimbo Move 100 Ml,Sin categoría,Mercadona,"Aceite de oliva 0,4º Hacendado",Carrefour,Pomada Para Proteccion Almohadillas De Perro Kimbo Move 100 Ml
CAT-8097,Comida Humeda En Gelatina Con Pollo Para Gatos Adulto Purina Gourmet Revelations 4X57 G,Carnicería y Charcutería,Mercadona,Bebida láctea Omega 3 Puleva con leche desnatada,Carrefour,Comida Humeda En Gelatina Con Pollo Para Gatos Adulto Purina Gourmet Revelations 4X57 G
CAT-8226,Papilla Infantil Gerber Arroz Y Avena Con Manzana Sin Gluten Sin Lactosa Y Sin Azucar Anadido 250 G,Despensa,Mercadona,Bebida láctea Omega 3 Puleva con leche desnatada,Carrefour,Papilla Infantil Gerber Arroz Y Avena Con Manzana Sin Gluten Sin Lactosa Y Sin Azucar Anadido 250 G
CAT-8315,Pienso De Pollo Para Perro Mini Dream Excellence 15 Kg,Carnicería y Charcutería,Mercadona,"Aceite de oliva 0,4º Hacendado",Carrefour,Pienso De Pollo Para Perro Mini Dream Excellence 15 Kg
CAT-8362,Pienso Esterilizado De Salmon Para Gatos Perfect Fit 14 Kg,Pescadería,Mercadona,"Aceite de oliva 0,4º Hacendado",Carrefour,Pienso Esterilizado De Salmon Para Gatos Perfect Fit 14 Kg
CAT-8365,Comida Humeda Esterilizada De Pescado Y Verduras Para Gatos Perfect Fit Pack De 4 Unidades De 85 G,Mascotas,Mercadona,"Aceite de oliva 0,4º Hacendado",Carrefour,Comida Humeda Esterilizada De Pescado Y Verduras Para Gatos Perfect Fit Pack De 4 Unidades De 85 G
CAT-8473,Snack Nuggets De Jabali Para Perros Purina Adventuros 300 G,Congelados,Mercadona,"Aceite de oliva 0,4º Hacendado",Carrefour,Snack Nuggets De Jabali Para Perros Purina Adventuros 300 G
CAT-8565,Pienso De Pollo Sin Cereales Con Frutas Y Verduras Para Perro Junior Miguau 15 Kg,Carnicería y Charcutería,Mercadona,Bebida láctea Omega 3 Puleva con leche desnatada,Carrefour,Pienso De Pollo Sin Cereales Con Frutas Y Verduras Para Perro Junior Miguau 15 Kg
CAT-8573,Pienso De Salmon Sin Cereales Con Frutas Y Verduras Para Perro Adulto Miguau 3 Kg,Pescadería,Mercadona,Bebida láctea Omega 3 Puleva con leche desnatada,Carrefour,Pienso De Salmon Sin Cereales Con Frutas Y Verduras Para Perro Adulto Miguau 3 Kg
CAT-8763,Mascarillas Filtrante Ffp2 Nr Tecsania 2 Ud,Sin categoría,Mercadona,2 Baguettes para hornear,Carrefour,Mascarillas Filtrante Ffp2 Nr Tecsania 2 Ud
CAT-8825,Detox Pronutri Sin Gluten 16 Ud,Bebidas,Mercadona,Fruta + leche caribe Don Simón sin azúcares añadidos y zero materia grasa,Carrefour,Detox Pronutri Sin Gluten 16 Ud
CAT-8856,Comida Humeda En Salsa Seleccion Mixta Para Gatos Sheba Kitten 4X85 G,Despensa,Mercadona,Clavo en grano Hacendado,Carrefour,Comida Humeda En Salsa Seleccion Mixta Para Gatos Sheba Kitten 4X85 G
CAT-9341,Pienso De Pollo Para Perro Mini Junior Ultima 800 G,Carnicería y Charcutería,Mercadona,"Aceite de oliva 0,4º Hacendado",DIA,Alimento para perros mini junior con pollo Ultima bolsa 800 g
CAT-9808,Lasana De Espinacas Y Crema De Queso Fundido De Cabra El Mercado 350 G,Lácteos y Huevos,Mercadona,"Aceite de oliva 0,4º Hacendado",Carrefour,Lasana De Espinacas Y Crema De Queso Fundido De Cabra El Mercado 350 G
CAT-9847,Pienso De Pavo Para Gatos Delicate One Delicate Purina One  800 G,Carnicería y Charcutería,Mercadona,"Aceite de oliva 0,4º Hacendado",Carrefour,Pienso De Pavo Para Gatos Delicate One Delicate Purina One  800 G
CAT-9883,Bloque De Calcio Para Tortugas,Sin categoría,Mercadona,Aceite de oliva virgen extra Hacendado Gran Selección,Carrefour,Bloque De Calcio Para Tortugas
CAT-7775,Colutorio Antiseptico Oraldine 400 Ml,Cuidado personal e Higiene,Mercadona,Biberón 150 ml tetina silicona flujo lento Deliplus +0 meses,Carrefour,Colutorio Antiseptico Oraldine 400 Ml
CAT-4403,Gafa Presbicia Rectangular Circular 300 Colores Varios 1 Ud,Sin categoría,Mercadona,Vela de cumpleaños 1 Hacendado,Carrefour,Gafa Presbicia Rectangular Circular 300 Colores Varios 1 Ud
CAT-4417,Gafa Presbicia Redonda Circular 200 Colores Varios 1 Ud,Sin categoría,Mercadona,Vela de cumpleaños 1 Hacendado,Carrefour,Gafa Presbicia Redonda Circular 250 Colores Varios 1 Ud
CAT-4418,Gafa Presbicia Redonda Circular 100 Colores Varios 1 Ud,Sin categoría,Mercadona,Vela de cumpleaños 1 Hacendado,Carrefour,Gafa Presbicia Redonda Circular 100 Colores Varios 1 Ud
CAT-7958,Parches Tratamiento De Las Calenturas Compeed 15 Ud,Cuidado personal e Higiene,Mercadona,"Aceite de oliva 0,4º Hacendado",Alcampo,COMPEED Parches discretos para el tratamiento de las calenturas 15 uds.
CAT-5233,Surtido De Helados Caramel Collection Hagen Dazs 4 Uds,Congelados,Mercadona,"Aceite de oliva 0,4º Hacendado",DIA,Helado caramel collection mini cups 4 unidades Haagen Dazs 321 g
CAT-5509,Gazpacho Fresco Garcia Millan Sin Gluten 1 L,Conservas y Enlatados,Mercadona,Fruta + leche caribe Don Simón sin azúcares añadidos y zero materia grasa,Carrefour,Gazpacho Fresco Garcia Millan Sin Gluten 1 L
CAT-8170,Tratamiento Para Hongos Fortalecedor De Unas Nailner 5 Ml,Sin categoría,Mercadona,"Aceite de oliva 0,4º Hacendado",Carrefour,Tratamiento Para Hongos Fortalecedor De Unas Nailner 5 Ml
CAT-9176,Zumo De Naranja Don Simon Sin Pulpa Brik 1 L,Bebidas,Mercadona,Aceite de oliva 1º Hacendado,DIA,Zumo de naranja sin pulpa Don Simón 1 L
CAT-5565,Kombucha De Jengibre Y Limon Ecologico Komvida Sin Gluten Botella 25 Cl,Sin categoría,Mercadona,"Aceite de oliva 0,4º Hacendado",Carrefour,Kombucha De Jengibre Y Limon Ecologico Komvida Sin Gluten Botella 25 Cl
CAT-9277,Crema Balsamica Para Proteger La Zona Del Panal Sebamed 300 Ml,Bebes,Mercadona,Licor dulce Amaretto Del Patriarca,Carrefour,Crema Balsamica Para Proteger La Zona Del Panal Sebamed 300 Ml
CAT-5574,Locion Talquistina 200 Ml,Sin categoría,Mercadona,Polvo compacto perfeccionador efecto seda Deliplus 200 beige rosado,Carrefour,Locion Talquistina 200 Ml
CAT-7589,Tinte Classic 5N Castano Claro Farmatint 1 Ud,Sin categoría,Mercadona,Vela de cumpleaños 1 Hacendado,Carrefour,Tinte Classic 5N Castano Claro Farmatint 1 Ud
CAT-9120,Cerveza San Miguel Especial Lager Pack De 28 Latas De 33 Cl,Bebidas,Mercadona,"Aceite de oliva 0,4º Hacendado",Carrefour,Cerveza San Miguel Especial Lager Pack De 28 Latas De 33 Cl
CAT-5696,Apositos Sensitive Con Aloe Vera Salvelox 20 Ud,Cuidado personal e Higiene,Mercadona,"Leche corporal nutritiva Nivea con ácido hialurónico, aceite de almendras y sérum de nutrición profunda",Carrefour,Apositos Sensitive Con Aloe Vera Salvelox 20 Ud
CAT-8074,Agua Mineral Solan De Cabras Natural 50 Cl,Bebidas,Mercadona,Aceite de oliva 1º Hacendado,DIA,Agua mineral Solán de Cabras 5 L
CAT-5824,Gel Dermo Limpiador Mustela 750 Ml,Hogar,Mercadona,Gel de baño granada y frutos silvestres Deliplus piel normal,Carrefour,Gel Dermo Limpiador Mustela 750 Ml
CAT-5852,Pizza De Atun Ristorante Dr Oetker 355 G,Congelados,Mercadona,Mostaza de Dijon Hacendado,DIA,Pizza de atún Dr. Oetker Ristorante 355 g
CAT-8528,Zumo De Naranja Sin Pulpa Innocent Botella 900 Ml,Bebidas,Mercadona,"Aceite de oliva 0,4º Hacendado",Alcampo,INNOCENT Zumo de naranja sin pulpa 900 ml.
CAT-5903,Cerveza Tostada Mahou 00 Alcohol Pack De 6 Botellas De 25 Cl,Bebidas,Mercadona,"Aceite de oliva 0,4º Hacendado",DIA,"Cerveza tostada 0,0% alcohol Mahou pack 12 x 33 cl"
CAT-8555,Chupete De Silicona Anatomico Ultra Air Nighttime Philips Avent 2 Ud,Sin categoría,Mercadona,"Aceite de oliva 0,4º Hacendado",Carrefour,Chupete De Silicona Anatomico Ultra Air Nighttime Philips Avent 2 Ud
CAT-9796,Multivitaminico Y Multimineral En Comprimidos Hombre 50 Multicentrum Sin Gluten 30 Ud,Sin categoría,Mercadona,Clavo en grano Hacendado,Carrefour,Multivitaminico Y Multimineral En Comprimidos Hombre 50 Multicentrum Sin Gluten 30 Ud
CAT-5966,Ginebra Beefeater 1 L,Bebidas,Mercadona,Pañales bebé talla 1 de 2-5 kg Dodot,DIA,Ginebra Beefeater 70 cl
CAT-9235,Gel Hidratante Intimo Efecto Calor Vagisil 30 G,Sin categoría,Mercadona,"Bebida láctea desnatada sabor fresa y plátano +Proteínas Hacendado 0% MG 0% azúcares añadidos 17,4 g proteínas",Carrefour,Gel Hidratante Intimo Efecto Calor Vagisil 30 G
CAT-6117,Fanta De Naranja Pack 9 Latas 33 Cl,Bebidas,Mercadona,Aceite de oliva virgen extra Hacendado Gran Selección,DIA,Fanta de naranja 9 x 330 ml
CAT-7618,Apositos Callos Entre Dedos Compeed 10 Ud,Cuidado personal e Higiene,Mercadona,Postre lácteo con fresa +Proteínas Hacendado 0% MG 10 g proteínas,Carrefour,Apositos Callos Entre Dedos Compeed 10 Ud
CAT-6464,Kit Blanqueamiento Dental White Flash Lacer Blanc 1 Ud,Sin categoría,Mercadona,Vela de cumpleaños 1 Hacendado,Carrefour,Kit Blanqueamiento Dental White Flash Lacer Blanc 1 Ud
CAT-6429,Snack De Buey Para Perro Vitakraft Beef Stick,Mascotas,Mercadona,"Aceite de oliva 0,4º Hacendado",DIA,Snack para perros beef stick de caza Vitakraft 12 g
CAT-6654,Lazos Cebra 6 Ud,Sin categoría,Mercadona,Pañales bebé talla 6 de 17-28 kg Deliplus,Carrefour,Lazos Cebra 6 Ud
CAT-6741,Cerveza El Leon Clasica Lata 33 Cl,Bebidas,Mercadona,Polvos voluminizador para el cabello Volum Fix Deliplus mate fijación 4,Carrefour,Cerveza El Leon Clasica Lata 33 Cl
CAT-6944,Vino Moscatel Cortijo De Ceret Do Valencia 75 Cl,Bebidas,Mercadona,"Aceite de oliva 0,4º Hacendado",Carrefour,Vino Moscatel Cortijo De Ceret Do Valencia 75 Cl
CAT-7643,Gel De Bano Suave Cuerpo Y Cabello Mustella 500 Ml,Sin categoría,Mercadona,"Aceite de oliva 0,4º Hacendado",Carrefour,Gel De Bano Suave Cuerpo Y Cabello Mustella 500 Ml
CAT-7623,Apositos Callos Medianos Compeed 10 Ud,Cuidado personal e Higiene,Mercadona,Postre lácteo con fresa +Proteínas Hacendado 0% MG 10 g proteínas,Carrefour,Apositos Callos Medianos Compeed 10 Ud
CAT-8460,Fuze Tea Te Verde Y Maracuya Botella 500 Ml,Desayuno y Snack,Mercadona,Fruta + leche caribe Don Simón sin azúcares añadidos y zero materia grasa,Carrefour,Fuze Tea Te Verde Y Maracuya Botella 500 Ml
CAT-8558,Chupete De Silicona Anatomico Ultra Start Philips Avent 2 Ud,Sin categoría,Mercadona,"Aceite de oliva 0,4º Hacendado",Carrefour,Chupete De Silicona Anatomico Ultra Start Philips Avent 2 Ud
CAT-8559,Chupete De Silicona Anatomico Ultra Air Philips Avent 2 Ud,Sin categoría,Mercadona,"Aceite de oliva 0,4º Hacendado",Carrefour,Chupete De Silicona Anatomico Ultra Air Philips Avent 2 Ud
CAT-8594,Solucion Unica Pharmaset 60 Ml,Sin categoría,Mercadona,Biberón 150 ml tetina silicona flujo lento Deliplus +0 meses,Carrefour,Solucion Unica Pharmaset 60 Ml
CAT-8821,Solar Pronutri Sin Gluten 30 Ud,Bebidas,Mercadona,Fruta + leche caribe Don Simón sin azúcares añadidos y zero materia grasa,Carrefour,Solar Pronutri Sin Gluten 30 Ud
CAT-7646,Champu Bebe Suave Piel Normal Mustela 200 Ml,Cuidado personal e Higiene,Mercadona,Polvo compacto perfeccionador efecto seda Deliplus 200 beige rosado,Carrefour,Champu Bebe Suave Piel Normal Mustela 200 Ml
CAT-7913,Colorante En Champu Castano Just For Men 30 Ml,Cuidado personal e Higiene,Mercadona,Clavo en grano Hacendado,Carrefour,Colorante En Champu Castano Just For Men 30 Ml
CAT-7561,Dentifrico Para Un Refuerzo Intensivo Del Esmalte Expert Protect Sensodyne 75 Cl,Cuidado personal e Higiene,Mercadona,Licor dulce Amaretto Del Patriarca,Carrefour,Dentifrico Para Un Refuerzo Intensivo Del Esmalte Expert Protect Sensodyne 75 Cl
CAT-7756,Colutorio Diario Fluor Fluor Aid 500 Ml,Cuidado personal e Higiene,Mercadona,Biberón 150 ml tetina silicona flujo lento Deliplus +0 meses,Carrefour,Colutorio Diario Fluor Fluor Aid 500 Ml
CAT-8368,Cepillo De Dientes Proteccion Caries Medio Interx Elmex 1 Ud,Cuidado personal e Higiene,Mercadona,"Aceite de oliva 0,4º Hacendado",Carrefour,Cepillo De Dientes Proteccion Caries Medio Interx Elmex 1 Ud
CAT-9432,Seda Dental Con Cera Vitis 2 X 50 M,Cuidado personal e Higiene,Mercadona,Bebida láctea Omega 3 Puleva con nueces y leche desnatada,Carrefour,Seda Dental Con Cera Vitis 2 X 50 M
CAT-7735,Jabon Liquido Germisdin 1000 Ml,Cuidado personal e Higiene,Mercadona,Biberón 150 ml tetina silicona flujo lento Deliplus +0 meses,Carrefour,Jabon Liquido Germisdin 1000 Ml
CAT-8394,Dermojabon Neutro Hipoalergico Grisi 100 G,Cuidado personal e Higiene,Mercadona,"Bebida láctea desnatada sabor fresa y plátano +Proteínas Hacendado 0% MG 0% azúcares añadidos 17,4 g proteínas",Carrefour,Dermojabon Neutro Hipoalergico Grisi 100 G
CAT-8837,Gel De Ducha Protectora Y Duradera De La Piel Multidermol 750 Ml,Cuidado personal e Higiene,Mercadona,"Aceite de oliva 0,4º Hacendado",Carrefour,Gel De Ducha Protectora Y Duradera De La Piel Multidermol 750 Ml
CAT-8356,Brotes Tiernos Xxl El Mercado 175 G,Sin categoría,Mercadona,Polvos voluminizador para el cabello Volum Fix Deliplus mate fijación 4,Carrefour,Brotes Tiernos Xxl El Mercado 175 G
CAT-8421,Vino Tinto Envejecido Roble Tempranillo La Planta Do Ribera Del Duero 75 Cl,Bebidas,Mercadona,Licor dulce Amaretto Del Patriarca,Carrefour,Vino Tinto Envejecido Roble Tempranillo La Planta Do Ribera Del Duero 75 Cl
CAT-5294, Detergente En Liquido Azul Wipp Express 43 Lavados,Hogar,Mercadona,Clavo en grano Hacendado,Carrefour, Detergente En Liquido Azul Wipp Express 43 Lavados
CAT-5947,Sidra De Nuestra Tierra Dop Asturias Natural 70 Cl,Sin categoría,Mercadona,"Aceite de oliva 0,4º Hacendado",Carrefour,Sidra De Nuestra Tierra Dop Asturias Natural 70 Cl
CAT-6487,Preparado Lacteo Infantil De Crecimiento Desde 12 Meses Nestle Nativa 3 Sin Azucar Anadido Brik 1 L,Despensa,Mercadona,Bebida láctea Omega 3 Puleva con leche desnatada,Carrefour,Preparado Lacteo Infantil De Crecimiento Desde 12 Meses Nestle Nativa 3 Sin Azucar Anadido Brik 1 L
CAT-9504,Patatas Fritas Al Punto De Sal Horno Lays 150 G,Desayuno y Snack,Mercadona,Patata,DIA,Lay's Horno al punto de sal 150 g
CAT-7090,Sandwich De Nata Nordwik 5 Uds,Platos preparados,Mercadona,Aceite de oliva virgen extra Hacendado Gran Selección,Carrefour,Sandwich De Nata Nordwik 5 Uds
CAT-7330,Pants Dodot T7 17 Kg 44 Ud,Bebes,Mercadona,Pañales bebé talla 6 de 17-28 kg Deliplus,Carrefour,Pants Dodot T5 12 17 Kg 58 Ud
CAT-5639,Cono Kinder Bueno 4 Ud,"Azúcar, caramelos y chocolate",Mercadona,Polvos voluminizador para el cabello Volum Fix Deliplus mate fijación 4,Carrefour,Cono Kinder Bueno 4 Ud
CAT-5920,Croquetas De Jamon Iberico La Cocinera 400 G,Congelados,Mercadona,Aceite de oliva 1º Hacendado,Carrefour,Croquetas De Jamon Iberico La Cocinera 400 G
CAT-9327,San Jacobos Recetas Crujientes La Cocinera 388 G,Congelados,Mercadona,Lomo asado La Carloteña lonchas,Carrefour,San Jacobos Recetas Crujientes La Cocinera 388 G
CAT-5997,Bao Buns De Pato Itsu 180 G,Congelados,Mercadona,Aceite de oliva virgen extra Hacendado Gran Selección,Carrefour,Bao Buns De Pato Itsu 180 G
CAT-8990,Calamar De La India Limpio400 G,Pescadería,Mercadona,Aceite de oliva virgen extra Hacendado Gran Selección,Carrefour,Calamar De La India Limpio400 G
CAT-8614,Pisto Con Tomate Findus 450 G,Sin categoría,Mercadona,Bebida láctea Omega 3 Puleva con leche desnatada,Carrefour,Pisto Con Tomate Findus 450 G
CAT-7313,Nuggets De Pollo Maheso Sin Gluten 300 G,Congelados,Mercadona,Fruta + leche caribe Don Simón sin azúcares añadidos y zero materia grasa,Carrefour,Nuggets De Pollo Maheso Sin Gluten 300 G
CAT-8613,Limpiamaquinas Finish Pack De 2 Unidades De 250 Ml,Hogar,Mercadona,"Aceite de oliva 0,4º Hacendado",Carrefour,Limpiamaquinas Finish Pack De 2 Unidades De 250 Ml
CAT-8659,Uva Roja Sin Pepitas El Mercado 500 G Aprox,Sin categoría,Mercadona,Fruta + leche caribe Don Simón sin azúcares añadidos y zero materia grasa,Carrefour,Uva Roja Sin Pepitas El Mercado 500 G Aprox
CAT-6382,Cava Anna Codorniu Brut Nature Do Cava 75 Cl,Bebidas,Mercadona,Vino tinto tempranillo Cepas Viejas Señorío de los Llanos DO Valdepeñas,DIA,Cava brut nature Anna Codorníu 75 cl
CAT-7479,Platano Maduro En Tajadas Congeladas Goya 311 G,Frutas y Verduras,Mercadona,Clavo en grano Hacendado,Carrefour,Platano Maduro En Tajadas Congeladas Goya 311 G
CAT-6374,Comida Humeda De Pollo Para Perros Senior Cesar 150 G,Carnicería y Charcutería,Mercadona,"Aceite de oliva 0,4º Hacendado",DIA,Paté para perros senior con pollo Cesar tarrina 150 g
CAT-7509,Set 50 Moldes De Papel Para Freidora De Aire 26X45 Cm Masterpro Foodies,Sin categoría,Mercadona,"Aceite de oliva 0,4º Hacendado",Carrefour,Set 50 Moldes De Papel Para Freidora De Aire 26X45 Cm Masterpro Foodies
CAT-9108,Barritas Krissia 300 G,Sin categoría,Mercadona,"Bebida láctea desnatada sabor fresa y plátano +Proteínas Hacendado 0% MG 0% azúcares añadidos 17,4 g proteínas",Carrefour,Barritas Krissia 300 G
CAT-8759,Burger Meat Mixta Xxl El Mercado Sin Gluten Y Sin Lactosa Pack De 8 Unidades De 90 G,Sin categoría,Mercadona,"Aceite de oliva 0,4º Hacendado",Carrefour,Burger Meat Mixta Xxl El Mercado Sin Gluten Y Sin Lactosa Pack De 8 Unidades De 90 G
CAT-6513,Patatas Original Steakhouse Mccain 1 Kg,Sin categoría,Mercadona,Patata,Carrefour,Patatas Original Steakhouse Mccain 1 Kg
CAT-7887,Pescadinos De Merluza Empanados Congelados Pescanova 800 G,Pescadería,Mercadona,"Aceite de oliva 0,4º Hacendado",Carrefour,Pescadinos De Merluza Empanados Congelados Pescanova 800 G
CAT-4138,Arroz Tres Delicias Tradicional Findus Salto 500 G,Despensa,Mercadona,"Bebida láctea desnatada sabor fresa y plátano +Proteínas Hacendado 0% MG 0% azúcares añadidos 17,4 g proteínas",Carrefour,Arroz Tres Delicias Tradicional Findus Salto 500 G
CAT-4431,Gambon Salvaje 2 Kg,Sin categoría,Mercadona,Pañales bebé talla 1 de 2-5 kg Dodot,Carrefour,Gambon Salvaje 2 Kg
CAT-4454,Cerveza Saer Brau Sin Alcohol Lata 33 Cl,Bebidas,Mercadona,Fruta + leche caribe Don Simón sin azúcares añadidos y zero materia grasa,Carrefour,Cerveza Saer Brau Sin Alcohol Lata 33 Cl
CAT-4693,Comida Humeda En Salsa De Pollo Y Buey Para Perro Adulto Mini Ultima 4X100 G,Despensa,Mercadona,"Aceite de oliva 0,4º Hacendado",Carrefour,Comida Humeda En Salsa De Pollo Y Buey Para Perro Adulto Mini Ultima 4X100 G
CAT-4888,Bogavante Crudo Chef Del Mar 400 G Aprox,Pescadería,Mercadona,"Bebida láctea desnatada sabor fresa y plátano +Proteínas Hacendado 0% MG 0% azúcares añadidos 17,4 g proteínas",Carrefour,Bogavante Crudo Chef Del Mar 400 G Aprox
CAT-5015,Mini Calzone Bites Sin Gluten Schr 250 G,Sin categoría,Mercadona,Fruta + leche caribe Don Simón sin azúcares añadidos y zero materia grasa,Carrefour,Mini Calzone Bites Sin Gluten Schr 250 G
CAT-5520,Croquetas De Cocido Estilo Ropa Vieja La Cocinera 340 G,Congelados,Mercadona,"Aceite de oliva 0,4º Hacendado",Carrefour,Croquetas De Cocido Estilo Ropa Vieja La Cocinera 340 G
CAT-5594,Tinto De Verano Con Limon La Casera Lata 33 Cl,Bebidas,Mercadona,"Aceite de oliva 0,4º Hacendado",DIA,Tinto de verano con limón La Casera 33 cl
CAT-6516,Boqueron Mariposa En Tempura Delfin 350 G,Bebidas,Mercadona,Clavo en grano Hacendado,Carrefour,Boqueron Mariposa En Tempura Delfin 350 G
CAT-6609,Falafel A Base De Garbanzos Y Hortalizas Vegano Garden Gourmet 190 G,Despensa,Mercadona,"Aceite de oliva 0,4º Hacendado",Carrefour,Falafel A Base De Garbanzos Y Hortalizas Vegano Garden Gourmet 190 G
CAT-6623,Gyozas De Cerdo Vici 400 G,Congelados,Mercadona,Aceite de oliva virgen extra Hacendado Gran Selección,Carrefour,Gyozas De Cerdo Vici 400 G
CAT-6705,Tarrito De Suprema De Merluza Con Arroz Desde 6 Meses Nutriben Potitos Sin Gluten 235 G,Despensa,Mercadona,Bebida láctea Omega 3 Puleva con leche desnatada,Alcampo,NUTRIBÉN Potitos® de arroz con merluza a partir de 6 meses 235 g.
CAT-6736,Filete De Merluza Argentina Sin Piel 900 G,Pescadería,Mercadona,Aceite de oliva 1º Hacendado,DIA,Filetes de merluza Argentina sin piel grandes Pescanova 400 g
CAT-6801,Peskitos De Salmon Pescanova 400 G,Pescadería,Mercadona,Aceite de oliva virgen extra Hacendado Gran Selección,Carrefour,Peskitos De Salmon Pescanova 400 G
CAT-6872,Espinacas En Hojas Findus 1 Kg,Sin categoría,Mercadona,Preparado en polvo instantáneo para crepes Hacendado,Carrefour,Espinacas En Hojas Findus 1 Kg
CAT-7001,Tiras De Pollo Estilo Americano La Cocinera 360 G,Carnicería y Charcutería,Mercadona,"Aceite de oliva 0,4º Hacendado",Carrefour,Tiras De Pollo Estilo Americano La Cocinera 360 G
CAT-7051,Churros Lazo Maheso Sin Gluten Sin Aceite De Palma 200 G,Sin categoría,Mercadona,"Aceite de oliva 0,4º Hacendado",DIA,Churros lazo sin gluten Maheso 200 g
CAT-8013,Empanadillas De Atun Recetas Artesanas La Cocinera 312 G,Congelados,Mercadona,"Aceite de oliva 0,4º Hacendado",DIA,Empanadillas de atún MSC La cocinera 312 g
CAT-8027,Pienso Esterilizado De Salmon Para Gato Adulto Ultima Cat 25 Kg,Pescadería,Mercadona,"Aceite de oliva 0,4º Hacendado",DIA,Alimento para gatos esterilizados con salmón Ultima bolsa 1.5 Kg
CAT-8503,Kombucha Frutos Rojos Ecologica Komvida Sin Gluten 75 Cl,Sin categoría,Mercadona,Spaghetti sin gluten Felicia,DIA,Kombucha con frutos rojos Komvida 250 ml
CAT-8793,Pannini Barbacoa Dr Oetker 250 G,Sin categoría,Mercadona,Carne de cerdo Pulled Pork Hacendado sabor barbacoa,AhorraMas,Pannini Dr Oetker 250g bacon
CAT-8851,Pepsi Pack 2 Botellas 175 L,Bebidas,Mercadona,Maquinillas depilación desechables Deliplus Body 2 hojas,Carrefour,Pepsi Pack 2 Botellas 175 L
CAT-9216,Filete De Pescado Crujiente Con Limon Congelado Findus 225 G,Pescadería,Mercadona,"Aceite de oliva 0,4º Hacendado",Carrefour,Filete De Pescado Crujiente Con Limon Congelado Findus 225 G
CAT-9490,Panales Bebe Seco Dodot T3 6 10 Kg 176 Ud,Bebes,Mercadona,Maquinilla de afeitar recargable Deliplus Precision System 6 hojas,Carrefour,Panales Bebe Seco Dodot T3 6 10 Kg 176 Ud
CAT-9683,Comida Humeda De Oollo Para Gato Adulto Gourmet Gold Fondant 85 G,Mascotas,Mercadona,"Aceite de oliva 0,4º Hacendado",Carrefour,Comida Humeda De Oollo Para Gato Adulto Gourmet Gold Fondant 85 G
CAT-9857,Anis La Castellana Dulce 70 Cl,Bebidas,Mercadona,Jamón de cebo ibérico 50% raza ibérica La Hacienda del Ibérico,DIA,Anís dulce La castellana 70 cl
CAT-6250,Vina Blanco Verdejo Espolon Do Rueda 75 Cl,Bebidas,Mercadona,Vino tinto tempranillo Cepas Viejas Señorío de los Llanos DO Valdepeñas,Carrefour,Vina Blanco Verdejo Espolon Do Rueda 75 Cl
CAT-8076,Agua Mineral Natural Nestle Aquarel 2 L,Bebidas,Mercadona,Preservativos natural On,DIA,Agua mineral Aquarel pack 6 x 1.5 L
CAT-8955,Bacon En Cintas Casa Tarradellas Sin Gluten 150 G,Carnicería y Charcutería,Mercadona,Clavo en grano Hacendado,Carrefour,Bacon En Cintas Casa Tarradellas Sin Gluten 150 G
CAT-9118,Cerveza Mahou Clasica Pack De 28 Latas De 33 Cl,Bebidas,Mercadona,"Aceite de oliva 0,4º Hacendado",Carrefour,Cerveza Mahou Clasica Pack De 28 Latas De 33 Cl
CAT-9556,Snacks De Pollo Para Gatos Catisfactions 60 G,Carnicería y Charcutería,Mercadona,"Aceite de oliva 0,4º Hacendado",DIA,Snack para gatos con pollo Catisfaction bolsa 60 g
CAT-6752,Langostinos Blancos Cocidos Congelados Gambafresh 750 G,Pescadería,Mercadona,"Bebida láctea desnatada sabor fresa y plátano +Proteínas Hacendado 0% MG 0% azúcares añadidos 17,4 g proteínas",Carrefour,Langostinos Blancos Cocidos Congelados Gambafresh 750 G
CAT-3185,Judías verdes planas,Conservas y Enlatados,Mercadona,Judía verde plana,DIA,Judías verdes planas Dia Vegecampo 360 g
CAT-4124,Pate De Atun Casa Tarradellas Sin Gluten 125 G,Carnicería y Charcutería,Mercadona,"Aceite de oliva 0,4º Hacendado",Carrefour,Pate De Atun Casa Tarradellas Sin Gluten 125 G
CAT-9648,Gamba Pelada Congelada 90110 Antonio Y Ricardo 375 G,Pescadería,Mercadona,"Leche corporal nutritiva Nivea con ácido hialurónico, aceite de almendras y sérum de nutrición profunda",Carrefour,Gamba Pelada Congelada 90110 Antonio Y Ricardo 375 G
CAT-5687,Whisky Ballantines Finest 1 L,Bebidas,Mercadona,Crema limpiadora Vitrocerámicas Vitroclen 5 en 1,DIA,Whisky Ballantine's 70 cl
CAT-4568,Langostino Gordo Crudo 2030 Ud 500 G,Pescadería,Mercadona,"Bebida láctea desnatada sabor fresa y plátano +Proteínas Hacendado 0% MG 0% azúcares añadidos 17,4 g proteínas",Carrefour,Langostino Gordo Crudo 2030 Ud 500 G
CAT-6400,Cerveza Estrella Galicia 00 Sin Alcohol Lata 33 Cl,Bebidas,Mercadona,Spaghetti sin gluten Felicia,Carrefour,Cerveza Estrella Galicia 00 Sin Alcohol Lata 33 Cl
CAT-5695,Cerveza El Aguila Sin Filtrar Botella 33 Cl,Bebidas,Mercadona,Fruta + leche caribe Don Simón sin azúcares añadidos y zero materia grasa,Carrefour,Cerveza El Aguila Sin Filtrar Botella 33 Cl
CAT-5220,Cerveza Sin Filtrar Mahou 5 Estrellas Lata 33 Cl,Bebidas,Mercadona,Fruta + leche caribe Don Simón sin azúcares añadidos y zero materia grasa,DIA,Cerveza sin filtrar Mahou 5 Estrellas 33 cl
CAT-4334,Tomate Frito Orlando Sin Gluten Brik 780 G,Despensa,Mercadona,Fruta + leche caribe Don Simón sin azúcares añadidos y zero materia grasa,Carrefour,Tomate Frito Orlando Sin Gluten Brik 780 G
CAT-4136,Pannini De Jamon Y Queso Dr Oetker 250 G,Lácteos y Huevos,Mercadona,Fruta + leche caribe Don Simón sin azúcares añadidos y zero materia grasa,DIA,Pannini jamón y queso 2 unidades Dr. Oetker 250 g
CAT-4147,Anillos A La Romana Receta Clasica Pescanova Sin Gluten 400 G ,Pescadería,Mercadona,Lomo asado La Carloteña lonchas,Carrefour,Anillos A La Romana Receta Clasica Pescanova Sin Gluten 400 G 
CAT-6482,Croquetas De Jamon Iberico 295 G,Congelados,Mercadona,Aceite de oliva virgen extra Hacendado Gran Selección,Carrefour,Croquetas De Jamon Iberico 295 G
CAT-9864,Pienso Esterilizado De Pollo Para Gato Adulto Ultima 15 Kg,Carnicería y Charcutería,Mercadona,"Aceite de oliva 0,4º Hacendado",Carrefour,Pienso Esterilizado De Pollo Para Gato Adulto Ultima 15 Kg
CAT-5718,Pina Colada Malibu Lata 25 Cl,Sin categoría,Mercadona,Chopped cocido en lata Hacendado finas lonchas,AhorraMas,Malibú con piña colada 25cl
CAT-8026,Pienso Esterilizado De Buey Para Gato Adulto Ultima 25 Kg,Mascotas,Mercadona,"Aceite de oliva 0,4º Hacendado",DIA,Alimento para gatos senior esterilizados Ultima bolsa 800 g
CAT-8301,Pienso De Salmon Y Verduras Para Gato Adulto Purina Friskies 4 Kg,Pescadería,Mercadona,"Aceite de oliva 0,4º Hacendado",Carrefour,Pienso De Salmon Y Verduras Para Gato Adulto Purina Friskies 4 Kg
CAT-8598,Jamon Cocido Extra Campofrio Natur Arte 120 G,Carnicería y Charcutería,Mercadona,"Bebida láctea desnatada sabor fresa y plátano +Proteínas Hacendado 0% MG 0% azúcares añadidos 17,4 g proteínas",Carrefour,Jamon Cocido Extra Campofrio Natur Arte 120 G
CAT-8761,Manzana Ambrosia 1 Kg Aprox,Sin categoría,Mercadona,Lavavajillas Todo en 1 Fairy en pastillas,Carrefour,Manzana Ambrosia 1 Kg Aprox
CAT-8900,Fuet Mini Campofrio Snackin 50 G,Carnicería y Charcutería,Mercadona,"Bebida láctea desnatada sabor fresa y plátano +Proteínas Hacendado 0% MG 0% azúcares añadidos 17,4 g proteínas",Carrefour,Fuet Mini Campofrio Snackin 50 G
CAT-9125,Comida Humeda En Gelatina Seleccion Pescado Para Gato Purina Felix Sensations 4X85 G,Mascotas,Mercadona,Clavo en grano Hacendado,Carrefour,Comida Humeda En Gelatina Seleccion Pescado Para Gato Purina Felix Sensations 4X85 G
CAT-9249,La Gula Del Norte 430 G,Sin categoría,Mercadona,"Bebida láctea desnatada sabor fresa y plátano +Proteínas Hacendado 0% MG 0% azúcares añadidos 17,4 g proteínas",Carrefour,La Gula Del Norte 430 G
CAT-9429,Bimi 200 G,Sin categoría,Mercadona,Polvo compacto perfeccionador efecto seda Deliplus 200 beige rosado,Carrefour,Bimi 200 G
CAT-9901,Bebida De Avena Yosoy Sin Gluten Brik 1 L,Lácteos y Huevos,Mercadona,Fruta + leche caribe Don Simón sin azúcares añadidos y zero materia grasa,DIA,Bebida de avena Yosoy 1 L
CAT-6285,Helado Pirulo Fruity Mix Nestle 7 Ud,Congelados,Mercadona,Helado nata Hacendado,DIA,Pirulo fruity mix Nestlé 408 g
CAT-7308,Bolsita De Fresa Y Platano Desde 6 Meses Ecologico Smileat Sin Gluten 100 G,Frutas y Verduras,Mercadona,"Aceite de oliva 0,4º Hacendado",Carrefour,Bolsita De Fresa Y Platano Desde 6 Meses Ecologico Smileat Sin Gluten 100 G
CAT-7151,Cerveza Tostada Amstel 00 Radler Con Limon Lata 33 Cl,Bebidas,Mercadona,"Leche corporal nutritiva Nivea con ácido hialurónico, aceite de almendras y sérum de nutrición profunda",Carrefour,Cerveza Tostada Amstel 00 Radler Con Limon Lata 33 Cl
CAT-6789,Crema Pieles Sensibles E Irritadas Piel En Calma Talquistina 100 Ml,Sin categoría,Mercadona,Clavo en grano Hacendado,Carrefour,Crema Pieles Sensibles E Irritadas Piel En Calma Talquistina 100 Ml
CAT-5203,Vino Tinto Crianza Tempranillo Duron Do Ribera Del Duero 75 Cl,Bebidas,Mercadona,Licor dulce Amaretto Del Patriarca,Carrefour,Vino Tinto Crianza Tempranillo Duron Do Ribera Del Duero 75 Cl
CAT-5849,Mortadela Ahumada Mrm 170 G Aprox,Carnicería y Charcutería,Mercadona,"Bebida láctea desnatada sabor fresa y plátano +Proteínas Hacendado 0% MG 0% azúcares añadidos 17,4 g proteínas",DIA,Mortadela ahumada Mrm 200 g
CAT-5135,Yogur Griego De Stracciatella Danone Pack De 4 Unidades De 110 G,Lácteos y Huevos,Mercadona,"Aceite de oliva 0,4º Hacendado",DIA,Yogur griego stracciatella Danone vaso 4 x 110 g
CAT-6813,Croquetas De Queso Azul Y Nueces Para Freidora De Aire Y Horno La Cocina De Senen Sin Gluten 250 G,Lácteos y Huevos,Mercadona,"Aceite de oliva 0,4º Hacendado",Carrefour,Croquetas De Queso Azul Y Nueces Para Freidora De Aire Y Horno La Cocina De Senen Sin Gluten 250 G
CAT-4264,Nectar De Pera Granini Seleccion Botella 1 L,Bebidas,Mercadona,Aceite de oliva 1º Hacendado,Carrefour,Nectar De Pera Granini Seleccion Botella 1 L
CAT-4267,Zumo De Tomate 100 Premium Granini Botella 1 L,Bebidas,Mercadona,"Aceite de oliva 0,4º Hacendado",Carrefour,Zumo De Tomate 100 Premium Granini Botella 1 L
CAT-4700,Tarrito De Cazuela De Merluza A La Marinera Desde 8 Meses Hero Baby Sin Gluten Pack De 2 Unidades De 190 G,Pescadería,Mercadona,"Aceite de oliva 0,4º Hacendado",Carrefour,Tarrito De Cazuela De Merluza A La Marinera Desde 8 Meses Hero Baby Sin Gluten Pack De 2 Unidades De 190 G
CAT-5461,Gazpacho Fresco Garcia Millan Sin Gluten 330 Ml,Conservas y Enlatados,Mercadona,Fruta + leche caribe Don Simón sin azúcares añadidos y zero materia grasa,DIA,Gazpacho fresco sin gluten García Millán 330 ml
CAT-6255,Canelones De Carne La Cocinera 500 G,Sin categoría,Mercadona,Reducción bálsamica de vinagre Pedro Ximénez Hacendado,Carrefour,Canelones De Carne La Cocinera 500 G
CAT-6362,Lavavajillas A Maquina Platinum Plus Pastillas Todo En Uno Fairy 30 Ud,Hogar,Mercadona,Clavo en grano Hacendado,Carrefour,Lavavajillas A Maquina Platinum Plus Pastillas Todo En Uno Fairy 30 Ud
CAT-6395,Pienso Esterilizado Bolas De Pelo De Pavo Para Gato Ultima 15 Kg,Carnicería y Charcutería,Mercadona,"Aceite de oliva 0,4º Hacendado",Carrefour,Pienso Esterilizado Bolas De Pelo De Pavo Para Gato Ultima 15 Kg
CAT-6396,Pienso Esterilizado De Salmon Para Gato Adulto Ultima 15 Kg,Pescadería,Mercadona,"Aceite de oliva 0,4º Hacendado",Carrefour,Pienso Esterilizado De Salmon Para Gato Adulto Ultima 15 Kg
CAT-6841,Fanta De Naranja Mini Pack 6 Latas 20 Cl,Bebidas,Mercadona,Mostaza de Dijon Hacendado,Carrefour,Fanta De Naranja Mini Pack 6 Latas 20 Cl
CAT-6883,Leche Entera Puleva Sin Lactosa Botella 1 L,Lácteos y Huevos,Mercadona,Fruta + leche caribe Don Simón sin azúcares añadidos y zero materia grasa,DIA,Bebida láctea omega 3 sin Lactosa Puleva 1 L
CAT-7005,Red Bull Bebida Energetica Pack 4 Latas 25 Cl,Bebidas,Mercadona,Polvos voluminizador para el cabello Volum Fix Deliplus mate fijación 4,Carrefour,Red Bull Bebida Energetica Pack 4 Latas 25 Cl
CAT-7277,Pack Dots Bombon 4 Ud,"Azúcar, caramelos y chocolate",Mercadona,Polvos voluminizador para el cabello Volum Fix Deliplus mate fijación 4,Carrefour,Pack Dots Bombon 4 Ud
CAT-7633,Limpiador De Bano Don Limpio 800 Ml,Hogar,Mercadona,Aceite de oliva virgen extra Hacendado Gran Selección,Carrefour,Limpiador De Bano Don Limpio 800 Ml
CAT-7990,Parches Termicos Terapeuticos Thermacare 2 Ud,Pescadería,Mercadona,2 Baguettes para hornear,Carrefour,Parches Termicos Terapeuticos Thermacare 2 Ud
CAT-8061,Pomada Protectora Bepanthol Bayer 100 G,Sin categoría,Mercadona,"Bebida láctea desnatada sabor fresa y plátano +Proteínas Hacendado 0% MG 0% azúcares añadidos 17,4 g proteínas",Carrefour,Pomada Protectora Bepanthol Bayer 100 G
CAT-8444,Tetina Fisiologicas Sx Pro De Silicona De Flujo Medio 3M Suavinex 2 Ud,Sin categoría,Mercadona,"Aceite de oliva 0,4º Hacendado",Carrefour,Tetina Fisiologicas Sx Pro De Silicona De Flujo Medio 3M Suavinex 2 Ud
CAT-8515,Yogur Natural Griego Danone Sin Gluten 920 G,Lácteos y Huevos,Mercadona,Fruta + leche caribe Don Simón sin azúcares añadidos y zero materia grasa,DIA,Yogur griego natural Danone pack 4 x 110 g
CAT-8654,Agua De Mar Hipertonica En Spray Fuerza 1 Suave Rhinomer Plus 125 Ml,Bebidas,Mercadona,"Aceite de oliva 0,4º Hacendado",Carrefour,Agua De Mar Hipertonica En Spray Fuerza 1 Suave Rhinomer Plus 125 Ml
CAT-8754,Crema De Orujo Ruavieja 70 Cl,Bebidas,Mercadona,Aceite de oliva virgen extra Hacendado Gran Selección,DIA,Crema de orujo Ruavieja 70 cl
CAT-4411,Gafa Presbicia Cuadrada Circular 350 Colores Varios 1 Ud,Sin categoría,Mercadona,Vela de cumpleaños 1 Hacendado,Carrefour,Gafa Presbicia Cuadrada Circular 100 Colores Varios 1 Ud
CAT-4815,Meritene Fuerza Y Vitalidad Fresa Sin Gluten Pack De 15 Unidades De 30 G,Sin categoría,Mercadona,"Aceite de oliva 0,4º Hacendado",Carrefour,Meritene Fuerza Y Vitalidad Fresa Sin Gluten Pack De 15 Unidades De 30 G
CAT-6596,Locion Visiblemente Reafirmante Para Todo Tipo De Pieles Neutrogena 2 Unidades De 750 Ml,Cuidado personal e Higiene,Mercadona,"Aceite de oliva 0,4º Hacendado",Carrefour,Locion Visiblemente Reafirmante Para Todo Tipo De Pieles Neutrogena 2 Unidades De 750 Ml
CAT-6764,Queso Semicurado En Lonchas Mezcla Garcia Baquero 200 G,Lácteos y Huevos,Mercadona,Clavo en grano Hacendado,DIA,Queso semicurado García Baquero 160 g
CAT-6806,Pechuga De Pavo En Lonchas Elpozo 1954 Sin Gluten Y Sin Lactosa 130 G,Carnicería y Charcutería,Mercadona,"Aceite de oliva 0,4º Hacendado",Carrefour,Pechuga De Pavo En Lonchas Elpozo 1954 Sin Gluten Y Sin Lactosa 130 G
CAT-6873,Guisantes Finos Findus 1 Kg,Sin categoría,Mercadona,Lavavajillas Todo en 1 Fairy en pastillas,DIA,Guisantes finos Findus 800 g
CAT-7180,Pannini 4 Quesos Dr Oetker 250 G,Lácteos y Huevos,Mercadona,Polvos voluminizador para el cabello Volum Fix Deliplus mate fijación 4,DIA,Pannini cuatro quesos 2 unidades Dr. Oetker 250 g
CAT-7237,Berlinas Bombon Donuts 4 Ud,Panadería y Pastelería,Mercadona,Polvos voluminizador para el cabello Volum Fix Deliplus mate fijación 4,DIA,Berlinas bombón Donuts bandeja 4 unidades 220 g
CAT-7245,Fuze Tea Te Sabor Limon Sin Azucar Lata 33 Cl,Bebidas,Mercadona,Fruta + leche caribe Don Simón sin azúcares añadidos y zero materia grasa,Carrefour,Fuze Tea Te Sabor Limon Sin Azucar Lata 33 Cl
CAT-7342,Snacks Dental Para Perros Pequenos Pedigree Dentastix Pack De 7 Unidades,Mascotas,Mercadona,"Aceite de oliva 0,4º Hacendado",Carrefour,Snacks Dental Para Perros Pequenos Pedigree Dentastix Pack De 7 Unidades
CAT-7400,Spray Nasal Descongestion Nasal Natura Vicks 20 Ml,Sin categoría,Mercadona,Bebida láctea desnatada sabor stracciatella +Proteínas Hacendado 0% azúcares añadidos 20 g proteínas,Carrefour,Spray Nasal Descongestion Nasal Natura Vicks 20 Ml
CAT-7402,Snack De Zanahoria Y Maiz Desde 10 Meses Ecologico Hero Solo Sin Gluten 40 G,Frutas y Verduras,Mercadona,"Aceite de oliva 0,4º Hacendado",Alcampo,"HERO Solo bio Snacks no frtios de zanahoras y maíz de origen ecológico, a partir de 10 meses 40 g."
CAT-7562,Carbon Weber De Lena Vegetal  5 Kg ,Sin categoría,Mercadona,Aceite de oliva virgen extra Hacendado Gran Selección,Carrefour,Carbon Weber De Lena Vegetal  5 Kg 
CAT-9221,Lomo De Cerdo Adobado Al Horno El Pozo 330 G,Carnicería y Charcutería,Mercadona,Aceite de oliva 1º Hacendado,Carrefour,Lomo De Cerdo Adobado Al Horno El Pozo 330 G
CAT-9305,Limpiador Multisuperficies Desinfectante Sin Lejia Sanicentro 750 Ml,Hogar,Mercadona,Spaghetti sin gluten Felicia,Carrefour,Limpiador Multisuperficies Desinfectante Sin Lejia Sanicentro 750 Ml
CAT-9326,Apositos Grandes Maxicover Esteril 76 X 54 Mm Salvelox 5 Ud,Cuidado personal e Higiene,Mercadona,Pañales bebé talla 5 de 11-16 kg Dodot,Carrefour,Apositos Grandes Maxicover Esteril 76 X 54 Mm Salvelox 5 Ud
CAT-9515,Fuet Extra Dolot En Canitas Espuna 50 G,Carnicería y Charcutería,Mercadona,Clavo en grano Hacendado,Carrefour,Fuet Extra Dolot En Canitas Espuna 50 G
CAT-9608,Pomada Reparadora Nariz Y Labios Aquaphor Eucerin 7 G,Sin categoría,Mercadona,"Leche corporal nutritiva Nivea con ácido hialurónico, aceite de almendras y sérum de nutrición profunda",Carrefour,Pomada Reparadora Nariz Y Labios Aquaphor Eucerin 7 G
CAT-9799,Multivitaminico Y Multimineral En Comprimidos Select 50 Multicentrum Sin Gluten 90 Ud,Sin categoría,Mercadona,Clavo en grano Hacendado,Carrefour,Multivitaminico Y Multimineral En Comprimidos Select 50 Multicentrum Sin Gluten 90 Ud
CAT-4284,Champu Pulpa De Cidra Klorane 400 Ml,Cuidado personal e Higiene,Mercadona,Reducción bálsamica de vinagre Pedro Ximénez Hacendado,Carrefour,Champu Pulpa De Cidra Klorane 400 Ml
CAT-7795,Gel Y Champu Para La Higiene De La Piel Y Cabellos Delicados Pon Emo Colageno 1000 Ml,Cuidado personal e Higiene,Mercadona,"Aceite de oliva 0,4º Hacendado",Carrefour,Gel Y Champu Para La Higiene De La Piel Y Cabellos Delicados Pon Emo Colageno 1000 Ml
CAT-4909,Emulsion Sin Jabon Pieles Sensibles Sebamed Pack 2 Unidades 750 Ml,Cuidado personal e Higiene,Mercadona,Spaghetti sin gluten Felicia,Carrefour,Emulsion Sin Jabon Pieles Sensibles Sebamed Pack 2 Unidades 750 Ml
CAT-9047,Sobrasada De Mallorca El Zagal 200 G,Carnicería y Charcutería,Mercadona,Reducción bálsamica de vinagre Pedro Ximénez Hacendado,Carrefour,Sobrasada De Mallorca El Zagal 200 G
CAT-9096,Queso De Mezcla Semicurado Gran Capitan Cuna Cortada De 230 G Aprox,Lácteos y Huevos,Mercadona,"Aceite de oliva 0,4º Hacendado",Carrefour,Queso De Mezcla Semicurado Gran Capitan Cuna Cortada De 230 G Aprox
CAT-7020,Alitas De Pollo Estilo Americano La Cocinera 400 G,Carnicería y Charcutería,Mercadona,"Aceite de oliva 0,4º Hacendado",Carrefour,Alitas De Pollo Estilo Americano La Cocinera 400 G
CAT-7261,Cafe Latte Starbucks 220 Ml,Desayuno y Snack,Mercadona,Maquillaje fluido Long Lasting Deliplus mate 220 beige dorado,DIA,Café latte Starbucks 220 ml
CAT-7829,Barrita De Barquillo Cubierta De Chocolate Huesitos Valor 12 Ud,"Azúcar, caramelos y chocolate",Mercadona,"Aceite de oliva 0,4º Hacendado",Carrefour,Barrita De Barquillo Cubierta De Chocolate Huesitos Valor 12 Ud
CAT-4118,Tomate Triturado Cidacos 800 G,Conservas y Enlatados,Mercadona,"Bebida láctea desnatada sabor fresa y plátano +Proteínas Hacendado 0% MG 0% azúcares añadidos 17,4 g proteínas",Carrefour,Tomate Triturado Cidacos 800 G
CAT-7339,Zumo De Pina Manzana Y Uva Don Simon Pack De 6 Briks De 20 Cl,Bebidas,Mercadona,"Aceite de oliva 0,4º Hacendado",DIA,"Zumo de piña, manzana y uva Don Simón pack 6 x 200 ml"
CAT-9115,Cubre Escoba De Microfibra  Rozenbal    Azul,Hogar,Mercadona,Aceite de oliva 1º Hacendado,Carrefour,Cubre Escoba De Microfibra  Rozenbal    Azul
CAT-8645,Tapones Para Los Oidos Espuma Senti2 6 Ud,Cuidado personal e Higiene,Mercadona,Vino tinto tempranillo Cepas Viejas Señorío de los Llanos DO Valdepeñas,Carrefour,Tapones Para Los Oidos Espuma Senti2 6 Ud
CAT-9124,Patatas Fritas Campesinas Lays Sin Gluten 150 G,Desayuno y Snack,Mercadona,Patata,Carrefour,Patatas Fritas Campesinas Lays Sin Gluten 150 G
CAT-7494,Mini Hamburguesa De Espinaca Garden Gourmet 160 G,Carnicería y Charcutería,Mercadona,"Aceite de oliva 0,4º Hacendado",Carrefour,Mini Hamburguesa De Espinaca Garden Gourmet 160 G
CAT-7602,Filete De Salmon Dimar 360 G,Pescadería,Mercadona,Aceite de oliva virgen extra Hacendado Gran Selección,Carrefour,Filete De Salmon Dimar 360 G
CAT-8392,Galletas Mini The Simpson Siro 275 G,Desayuno y Snack,Mercadona,"Bebida láctea desnatada sabor fresa y plátano +Proteínas Hacendado 0% MG 0% azúcares añadidos 17,4 g proteínas",Carrefour,Galletas Mini The Simpson Siro 275 G
CAT-9046,Chorizo Casero Extra Sarta Palacios 250 G,Carnicería y Charcutería,Mercadona,"Bebida láctea desnatada sabor fresa y plátano +Proteínas Hacendado 0% MG 0% azúcares añadidos 17,4 g proteínas",Carrefour,Chorizo Casero Extra Sarta Palacios 250 G
CAT-9093,Tarrito De Manzana Platano Y Zanahoria Desde 6 Meses Nutriben Potitos 235 G,Bebes,Mercadona,"Aceite de oliva 0,4º Hacendado",Carrefour,Tarrito De Manzana Platano Y Zanahoria Desde 6 Meses Nutriben Potitos 235 G
CAT-9001,Tinto De Verano Con Limon La Casera Botella 15 L,Bebidas,Mercadona,"Aceite de oliva 0,4º Hacendado",DIA,Tinto de verano con limón La Casera 1.5 L
CAT-9009,Gamba Cruda Pequena Pelada Pescatrade 400 G,Pescadería,Mercadona,"Bebida láctea desnatada sabor fresa y plátano +Proteínas Hacendado 0% MG 0% azúcares añadidos 17,4 g proteínas",Carrefour,Gamba Cruda Pequena Pelada Pescatrade 400 G
CAT-4225,Preparado De Soja De Arandanos Alpro Sin Gluten Y Sin Lactosa 400 G,Frutas y Verduras,Mercadona,"Aceite de oliva 0,4º Hacendado",Carrefour,Preparado De Soja De Arandanos Alpro Sin Gluten Y Sin Lactosa 400 G
CAT-9030,Pila 8 Ud  Slimp Lr03 Nn ,Bazar y Varios,Mercadona,Papilla 8 cereales con miel Nestlé +6 meses,Carrefour,Pila 8 Ud  Slimp Lr03 Nn 
CAT-9129,Gelatina Seleccion De Carnes Para Gatos Felix Original Purina 12X85 G,Mascotas,Mercadona,"Aceite de oliva 0,4º Hacendado",Carrefour,Gelatina Seleccion De Carnes Para Gatos Felix Original Purina 12X85 G
CAT-9099,Tarrito De Cocido Desde 6 Meses Hero Solo Sin Gluten 235 G,Sin categoría,Mercadona,"Aceite de oliva 0,4º Hacendado",Carrefour,Tarrito De Cocido Desde 6 Meses Hero Solo Sin Gluten 235 G
CAT-9067,Tinto De Verano Clasico Don Simon Botella 15 L,Sin categoría,Mercadona,"Aceite de oliva 0,4º Hacendado",Carrefour,Tinto De Verano Clasico Don Simon Botella 15 L
CAT-9128,Gelatina Seleccion De Carnes Para Gatos Felix Original Purina 4X85 G,Mascotas,Mercadona,"Aceite de oliva 0,4º Hacendado",Carrefour,Gelatina Seleccion De Carnes Para Gatos Felix Original Purina 4X85 G
CAT-9066,Chorizo De Pavo El Pozo 80 G,Carnicería y Charcutería,Mercadona,Aceite de oliva virgen extra Hacendado Gran Selección,Carrefour,Chorizo De Pavo El Pozo 80 G
CAT-9070,Fuet Casero Pieza Elpozo Sin Gluten 150 G,Carnicería y Charcutería,Mercadona,Fruta + leche caribe Don Simón sin azúcares añadidos y zero materia grasa,Carrefour,Fuet Casero Pieza Elpozo Sin Gluten 150 G
CAT-9033,Schweppes Limon Botella 15 L,Bebidas,Mercadona,Perfilador de labios Long Lasting Deliplus 15 canela claro,Carrefour,Schweppes Limon Botella 15 L
CAT-9098,Manzana Opal 1 Kg Aprox,Sin categoría,Mercadona,Pañales bebé talla 1 de 2-5 kg Dodot,Carrefour,Manzana Opal 1 Kg Aprox
CAT-8789,Toallitas Cara Y Manos Peppa Pig 20 Ud,Sin categoría,Mercadona,Bebida láctea Omega 3 Puleva con nueces y leche desnatada,Carrefour,Toallitas Cara Y Manos Peppa Pig 20 Ud
CAT-5991,Compresas Normal Con Alas Liberty Evax 12 Ud,Cuidado personal e Higiene,Mercadona,"Leche corporal nutritiva Nivea con ácido hialurónico, aceite de almendras y sérum de nutrición profunda",Carrefour,Compresas Normal Con Alas Liberty Evax 12 Ud
CAT-9114,Mascarilla Capilar De Keratina Repara  Protege Para Cabello Danado Y Fragil Pantene Pro V 300 Ml,Cuidado personal e Higiene,Mercadona,"Aceite de oliva 0,4º Hacendado",Carrefour,Mascarilla Capilar De Keratina Repara  Protege Para Cabello Danado Y Fragil Pantene Pro V 300 Ml
CAT-9113,Mascarilla Capilar De Keratina Suave  Liso Para Cabello Apagado Y Encrespado Pantene Pro V 300 Ml,Cuidado personal e Higiene,Mercadona,"Aceite de oliva 0,4º Hacendado",Carrefour,Mascarilla Capilar De Keratina Suave  Liso Para Cabello Apagado Y Encrespado Pantene Pro V 300 Ml
CAT-9064,Chopped Tipo Lata En Lonchas Elpozo Sin Gluten 250 G,Sin categoría,Mercadona,Clavo en grano Hacendado,Carrefour,Chopped Tipo Lata En Lonchas Elpozo Sin Gluten 250 G
CAT-9110,Hamburguesa De Vacuno Wagyu Santa Rosalia 2X150 G,Carnicería y Charcutería,Mercadona,"Aceite de oliva 0,4º Hacendado",Carrefour,Hamburguesa De Vacuno Wagyu Santa Rosalia 2X150 G
CAT-9012,Mollete Mediano De Nuestra Tierra Sin Lactosa 4 Ud,Sin categoría,Mercadona,"Aceite de oliva 0,4º Hacendado",Carrefour,Mollete Mediano De Nuestra Tierra Sin Lactosa 4 Ud
CAT-9101,Bolsita De Manzana Y Albaricoque Goodies 100 G,Sin categoría,Mercadona,"Aceite de oliva 0,4º Hacendado",Carrefour,Bolsita De Manzana Y Albaricoque Goodies 100 G
CAT-9148,Detergente En Capsulas Adios Al Separar Micolor 30 Ud,Hogar,Mercadona,Clavo en grano Hacendado,Carrefour,Detergente En Capsulas Adios Al Separar Micolor 30 Ud
CAT-1003,Cerveza clásica Mahou,Bebidas,Mercadona,Cerveza clásica Mahou,Alcampo,"YOGOLINO de Nestlé Postre lácteo de plátano adaptado para bebés, desde 6 meses 4 x 100 g."
CAT-1003,Cerveza clásica Mahou,Bebidas,DIA,Cerveza clásica Mahou 50 cl,Alcampo,"YOGOLINO de Nestlé Postre lácteo de plátano adaptado para bebés, desde 6 meses 4 x 100 g."
CAT-9032,Panales Bebe Seco Dodot T7 15 Kg 89 Ud,Bebes,Mercadona,Perfilador de labios Long Lasting Deliplus 15 canela claro,Carrefour,Panales Bebe Seco Dodot T7 15 Kg 89 Ud
CAT-5572,Cafe Latte Cappuccino Kaiku Sin Gluten 370 Ml,Desayuno y Snack,Mercadona,Fruta + leche caribe Don Simón sin azúcares añadidos y zero materia grasa,DIA,Café latte cappuccino Kaiku 230 ml
CAT-6017,Pelotazos Sabor Queso Cheetos Sin Gluten 130 G,Lácteos y Huevos,Mercadona,Fruta + leche caribe Don Simón sin azúcares añadidos y zero materia grasa,Carrefour,Pelotazos Sabor Queso Cheetos Sin Gluten 130 G
CAT-9006,Mortadela Iberica Legado El Pozo 180 G Aprox,Carnicería y Charcutería,Mercadona,Polvos voluminizador para el cabello Volum Fix Deliplus mate fijación 4,Carrefour,Mortadela Iberica Legado El Pozo 180 G Aprox
CAT-6253,Lasana Bolonesa La Cocinera 500 G,Sin categoría,Mercadona,"Bebida láctea desnatada sabor fresa y plátano +Proteínas Hacendado 0% MG 0% azúcares añadidos 17,4 g proteínas",DIA,Lasaña boloñesa La cocinera 500 g
CAT-8996,Piadina Prosciutto Ristorante Piadina Droetker 280 G,Sin categoría,Mercadona,"Bebida láctea desnatada sabor fresa y plátano +Proteínas Hacendado 0% MG 0% azúcares añadidos 17,4 g proteínas",DIA,Pizza piadina prosciutto Dr. Oetker Ristorante 280 g
CAT-8946,Quitamanchas Accion Total Oxy Color Neutrex 950 Ml,Hogar,Mercadona,Dentífrico Total original Colgate,DIA,Quitamanchas oxy color Neutrex 950 ml
CAT-8833,Helado Bombon Rafaello 3 Ud,Congelados,Mercadona,Bebida láctea Omega 3 Puleva con leche desnatada,Carrefour,Helado Bombon Rafaello 3 Ud
CAT-8885,Papilla Infantil Desde 6 Meses Galleta Maria Liquida Nestle Pack De 2 Unidades De 250 Ml,Desayuno y Snack,Mercadona,"Aceite de oliva 0,4º Hacendado",Carrefour,Papilla Infantil Desde 6 Meses Galleta Maria Liquida Nestle Pack De 2 Unidades De 250 Ml
CAT-8919,Helado De Limon Cornetto 4 Ud,Congelados,Mercadona,Aceite de oliva virgen extra Hacendado Gran Selección,Carrefour,Helado De Limon Cornetto 4 Ud
CAT-4224,Preparado De Soja Con Vainilla Alpro Sin Gluten Y Sin Lactosa 400 G,Sin categoría,Mercadona,"Aceite de oliva 0,4º Hacendado",Carrefour,Preparado De Soja Con Vainilla Alpro Sin Gluten Y Sin Lactosa 400 G
CAT-2907,Fideuá,Despensa,Mercadona,Fideuá Hacendado,Carrefour,Fideua Carrefour 500 G
CAT-1010,Torrezno precocinado,Carnicería y Charcutería,Mercadona,Torrezno precocinado Hacendado,Alcampo,GARNIER Agua micelar en aceite GARNIER Skin active 400 ml.
CAT-4208,Queso Fundido En Porciones Light La Vaca Que Rie Sin Gluten 375 G,Lácteos y Huevos,Mercadona,Clavo en grano Hacendado,Carrefour,Queso Fundido En Porciones Light La Vaca Que Rie Sin Gluten 375 G
CAT-4567,Bacaladilla 600 G Aprox,Pescadería,Mercadona,"Bebida láctea desnatada sabor fresa y plátano +Proteínas Hacendado 0% MG 0% azúcares añadidos 17,4 g proteínas",Carrefour,Bacaladilla 600 G Aprox
CAT-4920,Empanada Hojaldre De Atun El Mercado 300 G,Sin categoría,Mercadona,Aceite de oliva 1º Hacendado,Carrefour,Empanada Hojaldre De Atun El Mercado 300 G
CAT-5019,Naranja Selecta Bandeja 1 Kg,Sin categoría,Mercadona,Crema limpiadora Vitrocerámicas Vitroclen 5 en 1,Carrefour,Naranja Selecta Bandeja 1 Kg
CAT-5134,Yogur Griego Sabor Lima Y Limon Danone Pack De 4 Unidades De 110 G,Lácteos y Huevos,Mercadona,"Aceite de oliva 0,4º Hacendado",DIA,Yogur griego lima-limón Danone pack 4 x 110 g
CAT-5208,Queso Rallado En Polvo El Caserio 80 G,Lácteos y Huevos,Mercadona,Clavo en grano Hacendado,DIA,Queso rallado en polvo El Caserío 80 g
CAT-5367,Paleta De Cebo Iberica 50  Raza Iberica En Lonchas Sanchez Alcaraz Sin Gluten Y Sin Lactosa 200 G,Sin categoría,Mercadona,"Aceite de oliva 0,4º Hacendado",Carrefour,Paleta De Cebo Iberica 50  Raza Iberica En Lonchas Sanchez Alcaraz Sin Gluten Y Sin Lactosa 200 G
CAT-5909,Pizza De Jamon Y Bacon Con Salsa De Cebolla Caramelizada Pizza  Salsa Campofrio 360 G,Despensa,Mercadona,Bebida láctea Omega 3 Puleva con leche desnatada,Carrefour,Pizza De Jamon Y Bacon Con Salsa De Cebolla Caramelizada Pizza  Salsa Campofrio 360 G
CAT-5971,Higado De Ternera Fileteado Carnicas Meca 550 G,Carnicería y Charcutería,Mercadona,"Aceite de oliva 0,4º Hacendado",Carrefour,Higado De Ternera Fileteado Carnicas Meca 550 G
CAT-6336,Trucha Asalmonada Circulo De Calidad 600 G Aprox,Pescadería,Mercadona,"Aceite de oliva 0,4º Hacendado",Carrefour,Trucha Asalmonada Circulo De Calidad 600 G Aprox
CAT-6399,Queso Lonchas Garcia Baquero Sin Lactosa 150 G,Lácteos y Huevos,Mercadona,Fruta + leche caribe Don Simón sin azúcares añadidos y zero materia grasa,Carrefour,Queso Lonchas Garcia Baquero Sin Lactosa 150 G
CAT-6514,Mejillones De Chile En Escabeche Picante 1520 Dani 69 G,Sin categoría,Mercadona,"Aceite de oliva 0,4º Hacendado",Carrefour,Mejillones De Chile En Escabeche Picante 1520 Dani 69 G
CAT-6579,Filetes De Lomo Bajo De Anojo Circulo De Calidad 500 G Aprox,Frutas y Verduras,Mercadona,"Aceite de oliva 0,4º Hacendado",Carrefour,Filetes De Lomo Bajo De Anojo Circulo De Calidad 500 G Aprox
CAT-6746,Fideu De Marisco 350 G,Pescadería,Mercadona,Aceite de oliva virgen extra Hacendado Gran Selección,Carrefour,Fideu De Marisco 350 G
CAT-6800,Barra Rustica 1 Ud,Sin categoría,Mercadona,Vela de cumpleaños 1 Hacendado,Carrefour,Barra Rustica 1 Ud
CAT-6768,Kefir Liquido Natural Nestle Sin Gluten Pack De 6 Unidades De 100 G,Lácteos y Huevos,Mercadona,"Aceite de oliva 0,4º Hacendado",Carrefour,Kefir Liquido Natural Nestle Sin Gluten Pack De 6 Unidades De 100 G
CAT-7334,Torrezno De Soria De Nuestra Tierra 230 G,Sin categoría,Mercadona,Mostaza de Dijon Hacendado,Carrefour,Torrezno De Soria De Nuestra Tierra 230 G
CAT-7453,Barra De Espiga Candela Especial 1 Ud,Sin categoría,Mercadona,Vino tinto tempranillo Cepas Viejas Señorío de los Llanos DO Valdepeñas,Carrefour,Barra De Espiga Candela Especial 1 Ud
CAT-7577,Detergente En Capsulas Poder Quitamanchas Ariel Platinum 60 Lavados,Hogar,Mercadona,Clavo en grano Hacendado,DIA,Detergente en cápsulas quitamanchas Ariel 26 lavados
CAT-7629,Queso Mozzarella En Lonchas Galbani 100 G,Lácteos y Huevos,Mercadona,Clavo en grano Hacendado,Carrefour,Queso Mozzarella En Lonchas Galbani 100 G
CAT-8205,Pan Con Pasas Y Nueces 1 Ud,Desayuno y Snack,Mercadona,Bebida láctea Omega 3 Puleva con leche desnatada,Carrefour,Pan Con Pasas Y Nueces 1 Ud
CAT-8335,Galleta Chocowafer Milka 150 G,Desayuno y Snack,Mercadona,"Bebida láctea desnatada sabor fresa y plátano +Proteínas Hacendado 0% MG 0% azúcares añadidos 17,4 g proteínas",Carrefour,Galleta Chocowafer Milka 150 G
CAT-9130,Gelatina Seleccion De Carnes Para Gatos Felix Sensations Purina 4 Sobres,Mascotas,Mercadona,"Aceite de oliva 0,4º Hacendado",Carrefour,Gelatina Seleccion De Carnes Para Gatos Felix Sensations Purina 4 Sobres
CAT-8397,Croissant Relleno Con Chocolate Milka 50 G,Panadería y Pastelería,Mercadona,"Leche corporal nutritiva Nivea con ácido hialurónico, aceite de almendras y sérum de nutrición profunda",Carrefour,Croissant Relleno Con Chocolate Milka 50 G
CAT-8623,Espinacas Con Pasas Y Pinones Salteados Findus 400 G,Sin categoría,Mercadona,"Leche corporal nutritiva Nivea con ácido hialurónico, aceite de almendras y sérum de nutrición profunda",DIA,Espinacas con pasas y piñones Findus 400 g
CAT-8678,Hinojo Circulo De Calidad 500 G Aprox,Sin categoría,Mercadona,Vino tinto tempranillo Cepas Viejas Señorío de los Llanos DO Valdepeñas,Carrefour,Hinojo Circulo De Calidad 500 G Aprox
CAT-8862,Mini Brioche 6 Ud,Panadería y Pastelería,Mercadona,Pañales bebé talla 6 de 17-28 kg Deliplus,Carrefour,Mini Brioche 6 Ud
CAT-8895,Mini Fuet Al Brie Snackin Campofrio 50 G,Lácteos y Huevos,Mercadona,"Bebida láctea desnatada sabor fresa y plátano +Proteínas Hacendado 0% MG 0% azúcares añadidos 17,4 g proteínas",Carrefour,Mini Fuet Al Brie Snackin Campofrio 50 G
CAT-8896,Pechuga De Pavo Braseada En Lonchas Campofrio Finissimas Sin Gluten Y Sin Lactosa 110 G,Carnicería y Charcutería,Mercadona,"Aceite de oliva 0,4º Hacendado",Carrefour,Pechuga De Pavo Braseada En Lonchas Campofrio Finissimas Sin Gluten Y Sin Lactosa 110 G
CAT-8953,Espetec Casa Tarradellas Sin Gluten 185 G,Sin categoría,Mercadona,Fruta + leche caribe Don Simón sin azúcares añadidos y zero materia grasa,DIA,Espetec Casa Tarradellas 180 g
CAT-9078,Chopped En Lonchas El Mercado Sin Gluten 250 G,Sin categoría,Mercadona,Fruta + leche caribe Don Simón sin azúcares añadidos y zero materia grasa,Carrefour,Chopped En Lonchas El Mercado Sin Gluten 250 G
CAT-9065,Salchichon De Pavo En Lonchas Elpozo Sin Gluten 65 G,Carnicería y Charcutería,Mercadona,"Aceite de oliva 0,4º Hacendado",Carrefour,Salchichon De Pavo En Lonchas Elpozo Sin Gluten 65 G
CAT-9175,Pants Huggies T6 15 25 Kg 27 Ud,Sin categoría,Mercadona,Perfilador de labios Long Lasting Deliplus 15 canela claro,Carrefour,Pants Huggies T6 15 25 Kg 27 Ud
CAT-9149,Bebida De Zumo De Frutas Y Avena Via Nature Botella 75 Cl,Bebidas,Mercadona,"Aceite de oliva 0,4º Hacendado",Carrefour,Bebida De Zumo De Frutas Y Avena Via Nature Botella 75 Cl
CAT-9165,Limonnada Sin Gas Minute Maid Botella 1 L,Bebidas,Mercadona,Fruta + leche caribe Don Simón sin azúcares añadidos y zero materia grasa,Carrefour,Limonnada Sin Gas Minute Maid Botella 1 L
CAT-9157,Sardinillas En Aceite De Oliva Calvo 60 G,Despensa,Mercadona,Clavo en grano Hacendado,DIA,Sardinillas en aceite de oliva Albo 82 g
CAT-9166,Pienso De Conejo Pollo Y Verduras Para Gato Adulto Purina Friskies 4 Kg,Carnicería y Charcutería,Mercadona,"Aceite de oliva 0,4º Hacendado",Carrefour,Pienso De Conejo Pollo Y Verduras Para Gato Adulto Purina Friskies 4 Kg
CAT-9172,Panales Huggies Ultra Comfort T5 11 25 Kg 42 Ud,Bebes,Mercadona,11 Panecillos,Carrefour,Panales Huggies Ultra Comfort T5 11 25 Kg 42 Ud
CAT-9194,Bebida De Avena Sin Azucar Anadido Alpro Sin Lactosa Brik 1 L,Despensa,Mercadona,"Aceite de oliva 0,4º Hacendado",Carrefour,Bebida De Avena Sin Azucar Anadido Alpro Sin Lactosa Brik 1 L
CAT-9253,Bifidus Desnatado Con Trozos De Melocoton Danone Activia Sin Azucar Anadido Pack De 4 Unidades De 120 G,Despensa,Mercadona,Bebida láctea Omega 3 Puleva con leche desnatada,Carrefour,Bifidus Desnatado Con Trozos De Melocoton Danone Activia Sin Azucar Anadido Pack De 4 Unidades De 120 G
CAT-9287,Refresco De Manzana Trina Sin Gas Lata 33 Cl,Bebidas,Mercadona,Aceite de oliva 1º Hacendado,Carrefour,Refresco De Manzana Trina Sin Gas Lata 33 Cl
CAT-9292,Gel Wc Desinfectante Frescor Montana Con Lejia Sanicentro 1 L,Hogar,Mercadona,Vela de cumpleaños 1 Hacendado,DIA,Desinfectante WC frescor montaña Sanicentro 1 L
CAT-9315,Red Bull Bebida Energetica Albaricoque Y Fresa Lata 25 Cl,Bebidas,Mercadona,"Leche corporal nutritiva Nivea con ácido hialurónico, aceite de almendras y sérum de nutrición profunda",Carrefour,Red Bull Bebida Energetica Albaricoque Y Fresa Lata 25 Cl
CAT-9316,Natillas De Vainilla Nestle La Lechera Pack De 4 Unidades De 115 G,Lácteos y Huevos,Mercadona,"Aceite de oliva 0,4º Hacendado",Carrefour,Natillas De Vainilla Nestle La Lechera Pack De 4 Unidades De 115 G
CAT-9332,Sidra Kopparberg Sabor Fresa Y Lima Lata 50 Cl,Frutas y Verduras,Mercadona,Fruta + leche caribe Don Simón sin azúcares añadidos y zero materia grasa,Carrefour,Sidra Kopparberg Sabor Fresa Y Lima Lata 50 Cl
CAT-9642,Mortadela Di Bologna Igp Ferrarini Espana 100 G,Carnicería y Charcutería,Mercadona,"Bebida láctea desnatada sabor fresa y plátano +Proteínas Hacendado 0% MG 0% azúcares añadidos 17,4 g proteínas",Carrefour,Mortadela Di Bologna Igp Ferrarini Espana 100 G
CAT-8122,Desodorante Roll On Zero Extra Control Sanex 50 Ml,Cuidado personal e Higiene,Mercadona,Preservativos natural On,DIA,Desodorante roll-on zero% extra control 48h Sanex 50 ml
CAT-8783,Tampones Regular Pearl Compak Tampax 20 Ud,Cuidado personal e Higiene,Mercadona,Bebida láctea desnatada sabor stracciatella +Proteínas Hacendado 0% azúcares añadidos 20 g proteínas,DIA,Tampón compak regular Tampax 38 unidades
CAT-9660,Kefir Liquido Natural Nestle 500 G,Lácteos y Huevos,Mercadona,"Bebida láctea desnatada sabor fresa y plátano +Proteínas Hacendado 0% MG 0% azúcares añadidos 17,4 g proteínas",Carrefour,Kefir Liquido Natural Nestle 500 G
CAT-9251,Langostino Extra Crudo Pescanova 800 G,Pescadería,Mercadona,"Bebida láctea desnatada sabor fresa y plátano +Proteínas Hacendado 0% MG 0% azúcares añadidos 17,4 g proteínas",Carrefour,Langostino Extra Crudo Pescanova 800 G
CAT-9760,Mini Palmerita De Mantequilla 175 G,Lácteos y Huevos,Mercadona,Aceite de oliva virgen extra Hacendado Gran Selección,Carrefour,Mini Palmerita De Mantequilla 175 G
CAT-4173,Chorizo Iberico En Lonchas Nico Sin Gluten 90 G,Carnicería y Charcutería,Mercadona,Fruta + leche caribe Don Simón sin azúcares añadidos y zero materia grasa,Carrefour,Chorizo Iberico En Lonchas Nico Sin Gluten 90 G
CAT-8487,Bollo Relleno De Cacao Bollycao 4 Ud,Desayuno y Snack,Mercadona,Reducción bálsamica de vinagre Pedro Ximénez Hacendado,DIA,Bollos rellenos de cacao Bollycao bolsa 228 g
CAT-9227,Lejia Neutrex Futura 19 L,Hogar,Mercadona,Pañal bebé braguita talla L de 12-18 kg Deliplus,Carrefour,Lejia Neutrex Futura 19 L
CAT-9207,Blanqueador Liquido Azulete Calimp 250 Ml,Sin categoría,Mercadona,Biberón 360 ml tetina silicona tres posiciones Deliplus +1 mes,Carrefour,Blanqueador Liquido Azulete Calimp 250 Ml
CAT-9198,Quitagrasas Citrico Kh 7 780 Ml  Crema Limpiadora De Superficies Cif 250 Ml,Hogar,Mercadona,"Aceite de oliva 0,4º Hacendado",Carrefour,Quitagrasas Citrico Kh 7 780 Ml  Crema Limpiadora De Superficies Cif 250 Ml
CAT-9206,Langostino Vannamei Congelado Pescanova 180 G,Pescadería,Mercadona,"Bebida láctea desnatada sabor fresa y plátano +Proteínas Hacendado 0% MG 0% azúcares añadidos 17,4 g proteínas",Carrefour,Langostino Vannamei Congelado Pescanova 180 G
CAT-9215,Filete De Pescado Crujiente Clasicos Congelado Findus Sin Gluten 250 G,Pescadería,Mercadona,"Aceite de oliva 0,4º Hacendado",Carrefour,Filete De Pescado Crujiente Clasicos Congelado Findus Sin Gluten 250 G
CAT-9217,Cepillo Interdental Super Micro Interprox 6 Ud,Cuidado personal e Higiene,Mercadona,6 Panes de leche 3%,Carrefour,Cepillo Interdental Super Micro Interprox 6 Ud
CAT-9261,Bolsita De Fruta Tropical Hero Mi Fruta Sin Gluten 100 G,Sin categoría,Mercadona,"Aceite de oliva 0,4º Hacendado",Carrefour,Bolsita De Fruta Tropical Hero Mi Fruta Sin Gluten 100 G
CAT-9262,Bolsita Con Yogur Platano Y Fresa Hero Solo Sin Gluten Y Sin Azucar Anadido 100 G,Despensa,Mercadona,Bebida láctea Omega 3 Puleva con leche desnatada,Carrefour,Bolsita Con Yogur Platano Y Fresa Hero Solo Sin Gluten Y Sin Azucar Anadido 100 G
CAT-9263,Bolsita De Yogur Manzana Y Fresa Desde 6 Meses Hero Solo Sin Gluten Y Sin Azucar Anadido 100 G,Despensa,Mercadona,"Aceite de oliva 0,4º Hacendado",Carrefour,Bolsita De Yogur Manzana Y Fresa Desde 6 Meses Hero Solo Sin Gluten Y Sin Azucar Anadido 100 G
CAT-9255,Lejia Hogar Con Detergente Frescor Limon Estrella 287 L ,Hogar,Mercadona,"Leche corporal nutritiva Nivea con ácido hialurónico, aceite de almendras y sérum de nutrición profunda",Carrefour,Lejia Hogar Con Detergente Frescor Limon Estrella 287 L 
CAT-9248,Taco De Bacalao Extra Al Punto De Sal Congelado 400 G,Pescadería,Mercadona,"Aceite de oliva 0,4º Hacendado",Carrefour,Taco De Bacalao Extra Al Punto De Sal Congelado 400 G
CAT-9587,Ensaladilla Rusa El Mercado 250 G,Sin categoría,Mercadona,Polvos voluminizador para el cabello Volum Fix Deliplus mate fijación 4,Carrefour,Ensaladilla Rusa El Mercado 250 G
CAT-9247,Pack De 2 Pilas Especiales 2032 De Litio,Bazar y Varios,Mercadona,Mostaza de Dijon Hacendado,Carrefour,Pack De 2 Pilas Especiales 2032 De Litio
CAT-9274,Discos De Lactancia Suavinex 60 Ud,Sin categoría,Mercadona,Aceite de oliva virgen extra Hacendado Gran Selección,Carrefour,Discos De Lactancia Suavinex 60 Ud
CAT-9663,Champu Reconstructor Para Pelo Largo Y Danado Dream Long Elvive Loreal 400 Ml,Cuidado personal e Higiene,Mercadona,Bebida láctea crecimiento y desarrollo Puleva Max,Carrefour,Champu Reconstructor Para Pelo Largo Y Danado Dream Long Elvive Loreal 400 Ml
CAT-9505,Varitas Popcorn De Merluza Pescanova Sin Gluten 300 G,Pescadería,Mercadona,"Aceite de oliva 0,4º Hacendado",Carrefour,Varitas Popcorn De Merluza Pescanova Sin Gluten 300 G
CAT-9746,Salchichas Big Classic El Pozo Sin Gluten Pack De 3 Unidades De 200 G,Carnicería y Charcutería,Mercadona,"Aceite de oliva 0,4º Hacendado",Carrefour,Salchichas Big Classic El Pozo Sin Gluten Pack De 3 Unidades De 200 G
CAT-9278,Higiene Intima Calmante Eucerin Pack De 2 Unidades De 250 Ml,Sin categoría,Mercadona,"Aceite de oliva 0,4º Hacendado",Carrefour,Higiene Intima Calmante Eucerin Pack De 2 Unidades De 250 Ml
CAT-9295,Esparrago Verde Barbacoa Selecta Manojo De  500 G,Conservas y Enlatados,Mercadona,"Aceite de oliva 0,4º Hacendado",Carrefour,Esparrago Verde Barbacoa Selecta Manojo De  500 G
CAT-9296,Preparado Lacteo Infantil De Crecimiento Desde 12 Meses Sabor Galleta Maria Nestle Nativa 3 Brik 1 L,Desayuno y Snack,Mercadona,Bebida láctea Omega 3 Puleva con leche desnatada,Carrefour,Preparado Lacteo Infantil De Crecimiento Desde 12 Meses Sabor Galleta Maria Nestle Nativa 3 Brik 1 L
CAT-9590,Set 100 Tealights Roura   Blanco,Sin categoría,Mercadona,Polvo compacto perfeccionador efecto seda Deliplus 100 beige claro,Carrefour,Set 100 Tealights Roura   Blanco
CAT-9304,Detergente En Polvo Original Ariel 80 Lavados,Hogar,Mercadona,Clavo en grano Hacendado,Carrefour,Detergente En Polvo Original Ariel 80 Lavados
CAT-9275,Papilla Infantil Desde Los 5 Meses  8 Cereales Damira Sin Lactosa 600 G,Bebes,Mercadona,Spaghetti sin gluten Felicia,Carrefour,Papilla Infantil Desde Los 5 Meses  8 Cereales Damira Sin Lactosa 600 G
CAT-9630,Cider Ladron De Manzanas Botella 25 Cl,Bebidas,Mercadona,Vino tinto tempranillo Cepas Viejas Señorío de los Llanos DO Valdepeñas,Carrefour,Cider Ladron De Manzanas Botella 25 Cl
CAT-9276,Papilla Infantil Desde Los 5 6 Meses Multicereales Fos Damira Sin Lactosa 600 G,Bebes,Mercadona,Spaghetti sin gluten Felicia,Carrefour,Papilla Infantil Desde Los 5 6 Meses Multicereales Fos Damira Sin Lactosa 600 G
CAT-9600,Croqueta De Jamon Y Pan Crujiente La Cocina De Senen Sin Gluten 200 G,Congelados,Mercadona,"Aceite de oliva 0,4º Hacendado",Carrefour,Croqueta De Jamon Y Pan Crujiente La Cocina De Senen Sin Gluten 200 G
CAT-9293,Snacks Dental Para Perros Medianos Pedigree Dentastix Fresh Pack De 28 Unidades,Mascotas,Mercadona,"Aceite de oliva 0,4º Hacendado",Carrefour,Snacks Dental Para Perros Medianos Pedigree Dentastix Fresh Pack De 28 Unidades
CAT-9686,Comida Humeda En Salsa Salmon Y Atun Para Gato Adulto Purina Gourmet Perle 4X85 G,Despensa,Mercadona,Clavo en grano Hacendado,Carrefour,Comida Humeda En Salsa Salmon Y Atun Para Gato Adulto Purina Gourmet Perle 4X85 G
CAT-9593,Biberon De Cristal Anticolicos 0 Meses Tetina Inclinada De Silicona Naturalfeeling Chicco 250 Ml,Bebidas,Mercadona,"Aceite de oliva 0,4º Hacendado",Carrefour,Biberon De Cristal Anticolicos 0 Meses Tetina Inclinada De Silicona Naturalfeeling Chicco 250 Ml
CAT-9561,Desodorante En Spray Antitranspirante Invisible Aqua Rexona 200 Ml,Cuidado personal e Higiene,Mercadona,Clavo en grano Hacendado,Alcampo,REXONA Invisible aqua Desodorante en spray para mujer con acción antimanchas 200 ml.
CAT-9582,Colutorio De Uso Diario Sin Alcohol Previene Caries Dental Lacer 1000 Ml,Cuidado personal e Higiene,Mercadona,"Aceite de oliva 0,4º Hacendado",Carrefour,Colutorio De Uso Diario Sin Alcohol Previene Caries Dental Lacer 1000 Ml
CAT-9628,Gel Suave Sin Jabon Bebe Instituto Espanol 500 Ml,Cuidado personal e Higiene,Mercadona,Spaghetti sin gluten Felicia,Carrefour,Gel Suave Sin Jabon Bebe Instituto Espanol 500 Ml
CAT-9365,Dentifrico Para Dientes Sensibles Blanqueante Sensodyne Pack De 2 Unidades De 75 Ml,Cuidado personal e Higiene,Mercadona,"Aceite de oliva 0,4º Hacendado",Carrefour,Dentifrico Para Dientes Sensibles Blanqueante Sensodyne Pack De 2 Unidades De 75 Ml
CAT-9664,Mascarilla Reconstructora Para Pelo Largo Y Danado Dream Long Loreal Elvive 310 Ml,Cuidado personal e Higiene,Mercadona,Bebida láctea crecimiento y desarrollo Puleva Max,Carrefour,Mascarilla Reconstructora Para Pelo Largo Y Danado Dream Long Loreal Elvive 310 Ml
CAT-9665,Mascarilla Capilar 3 En 1 Hair Food Banana Ultra Nutritiva Para Cabello Seco Garnier Fructis 390 Ml,Cuidado personal e Higiene,Mercadona,Bebida láctea Omega 3 Puleva con leche desnatada,Carrefour,Mascarilla Capilar 3 En 1 Hair Food Banana Ultra Nutritiva Para Cabello Seco Garnier Fructis 390 Ml
CAT-9325,Polvos Para Los Pies Funsol 60 G,Sin categoría,Mercadona,Vino tinto tempranillo Cepas Viejas Señorío de los Llanos DO Valdepeñas,Carrefour,Polvos Para Los Pies Funsol 60 G
CAT-9331,Crema Anticelulitica Con Activos Reductores Thiomucase 1 Ud,Sin categoría,Mercadona,Vela de cumpleaños 1 Hacendado,Carrefour,Crema Anticelulitica Con Activos Reductores Thiomucase 1 Ud
CAT-9338,Pienso De Salmon Y Arroz Digestion Delicada Para Perro Mini Purina One Mini Sensitive 15 Kg,Despensa,Mercadona,"Aceite de oliva 0,4º Hacendado",Carrefour,Pienso De Salmon Y Arroz Digestion Delicada Para Perro Mini Purina One Mini Sensitive 15 Kg
CAT-9340,Pienso De Pavo Y Arroz Para Perro Mini Purina One Weigth 15 Kg,Despensa,Mercadona,"Aceite de oliva 0,4º Hacendado",Carrefour,Pienso De Pavo Y Arroz Para Perro Mini Purina One Weigth 15 Kg
CAT-9323,Comida Humeda De Pato Pollo Y Pavo Para Gato Adulto Purina Gourmet Mon Petit 6X50G,Carnicería y Charcutería,Mercadona,"Aceite de oliva 0,4º Hacendado",Alcampo,"PURINA GOURMET Comida para gatos adultos a base de pato, pollo y pavo 6 uds. 50 g."
CAT-9330,Pienso De Pollo Y Verduras Para Perro Adulto Purina Friskies Vitafit Complete 15 Kg,Carnicería y Charcutería,Mercadona,"Aceite de oliva 0,4º Hacendado",Carrefour,Pienso De Pollo Y Verduras Para Perro Adulto Purina Friskies Vitafit Complete 15 Kg
CAT-9657,Licor De Hierbas Puntemino 70 Cl,Bebidas,Mercadona,Aceite de oliva virgen extra Hacendado Gran Selección,Carrefour,Licor De Hierbas Puntemino 70 Cl
CAT-9596,Cepillo Interproximinal Nano Interprox 6 Ud,Sin categoría,Mercadona,Maquinilla de afeitar recargable Deliplus Precision System 6 hojas,Carrefour,Cepillo Interproximinal Nano Interprox 6 Ud
CAT-9334,Comida Humeda De Pollo Y Verduras Para Perro Cesar Recetas De La Huerta 150 G,Carnicería y Charcutería,Mercadona,"Aceite de oliva 0,4º Hacendado",Carrefour,Comida Humeda De Pollo Y Verduras Para Perro Cesar Recetas De La Huerta 150 G
CAT-9335,Comida Humeda Seleccion Recetas De La Huerta Para Perro Cesar Pack De 4 Unidades De 150 G,Mascotas,Mercadona,"Aceite de oliva 0,4º Hacendado",Carrefour,Comida Humeda Seleccion Recetas De La Huerta Para Perro Cesar Pack De 4 Unidades De 150 G
CAT-9343,Snacks Dental Para Perros Pequenos Pedigree Dentastix Pack De 56 Unidades,Mascotas,Mercadona,"Aceite de oliva 0,4º Hacendado",Carrefour,Snacks Dental Para Perros Pequenos Pedigree Dentastix Pack De 56 Unidades
CAT-9342,Snacks De Buey Para Gatos Catisfactions 60 G,Mascotas,Mercadona,Aceite de oliva 1º Hacendado,Carrefour,Snacks De Buey Para Gatos Catisfactions 60 G
CAT-9344,Papel De Cocina Para Todo Colhogar 1 Rollo,Bazar y Varios,Mercadona,Aceite de oliva 1º Hacendado,Carrefour,Papel De Cocina Para Todo Colhogar 1 Rollo
CAT-9399,Detergente Liquido Extra Cuidado Del Color Ariel 40 Lavados,Hogar,Mercadona,Licor dulce Amaretto Del Patriarca,Carrefour,Detergente Liquido Extra Cuidado Del Color Ariel 40 Lavados
CAT-9510,Pomada Reparadora Aquaphor Eucerin 40 G,Sin categoría,Mercadona,"Bebida láctea desnatada sabor fresa y plátano +Proteínas Hacendado 0% MG 0% azúcares añadidos 17,4 g proteínas",Carrefour,Pomada Reparadora Aquaphor Eucerin 40 G
CAT-9522,Cerveza Franziskaner Weissbier Sin Alcohol Botella 50 Cl,Bebidas,Mercadona,Spaghetti sin gluten Felicia,Carrefour,Cerveza Franziskaner Weissbier Sin Alcohol Botella 50 Cl
CAT-9524,2 Bolas De Plastico Y 2 Bolas De Goma Para Gato Vitalkraft,Mascotas,Mercadona,"Aceite de oliva 0,4º Hacendado",Carrefour,2 Bolas De Plastico Y 2 Bolas De Goma Para Gato Vitalkraft
CAT-9501,Baguettina Congelada Sin Gluten 1 Ud,Panadería y Pastelería,Mercadona,Fruta + leche caribe Don Simón sin azúcares añadidos y zero materia grasa,Carrefour,Baguettina Congelada Sin Gluten 1 Ud
CAT-9597,Cepillo Interproximal Conico Interprox 6 Ud,Sin categoría,Mercadona,Maquinilla de afeitar recargable Deliplus Precision System 6 hojas,Carrefour,Cepillo Interproximal Conico Interprox 6 Ud
CAT-9655,Crema De Orujo Puntemino 70 Cl,Bebidas,Mercadona,Aceite de oliva virgen extra Hacendado Gran Selección,Carrefour,Crema De Orujo Puntemino 70 Cl
CAT-9585,Pienso De Pollo Para Gato Esterilizado Brekkies Excel 15 Kg,Carnicería y Charcutería,Mercadona,"Aceite de oliva 0,4º Hacendado",Carrefour,Pienso De Pollo Para Gato Esterilizado Brekkies Excel 15 Kg
CAT-9687,Comida Humeda De Pollobuey Atun Y Salmon Para Gato Adulto Purina Gourmet Gold Fondant 12X85 G,Carnicería y Charcutería,Mercadona,"Aceite de oliva 0,4º Hacendado",Carrefour,Comida Humeda De Pollobuey Atun Y Salmon Para Gato Adulto Purina Gourmet Gold Fondant 12X85 G
CAT-9614,Papayon A Granel 12 Kg Aprox,Sin categoría,Mercadona,Bebida cider con gas Spieler sabor a manzana,Carrefour,Papayon A Granel 12 Kg Aprox
CAT-9627,Bolsita De Pera Platano Y Kiwi Desde 6 Meses Ecologica Hipp Sin Gluten 100 G,Frutas y Verduras,Mercadona,"Aceite de oliva 0,4º Hacendado",Carrefour,Bolsita De Pera Platano Y Kiwi Desde 6 Meses Ecologica Hipp Sin Gluten 100 G
CAT-9667,Carbon Vegetal Carcoa 5 Kg,Sin categoría,Mercadona,Pañales bebé talla 6 de 17-28 kg Deliplus,Carrefour,Carbon Vegetal Carcoa 5 Kg
CAT-9674,Preparado De Paella De Marisco Congelado 600 G,Pescadería,Mercadona,"Aceite de oliva 0,4º Hacendado",Carrefour,Preparado De Paella De Marisco Congelado 600 G
CAT-9308,Gel De Ducha Puro 0 Termal Hidrogenesse 800 Ml,Cuidado personal e Higiene,Mercadona,"Aceite de oliva 0,4º Hacendado",Carrefour,Gel De Ducha Puro 0 Termal Hidrogenesse 800 Ml
CAT-9768,Velon Ilumnacion 15X57 Cm   Blanco,Sin categoría,Mercadona,Molde de papel Bosque Verde para freidora de aire 20 cm,Carrefour,Velon Ilumnacion 15X57 Cm   Blanco
CAT-4125,Queso Fundido En Porciones La Vaca Que Rie Sin Gluten 250 G,Lácteos y Huevos,Mercadona,Clavo en grano Hacendado,DIA,Queso en porciones La Vaca que ríe 250 g
CAT-9656,Pacharan Andui 1 L,Bebidas,Mercadona,Vela de cumpleaños 1 Hacendado,Carrefour,Pacharan Andui 1 L
CAT-7344,Vino Fino Cortijo De Ceret Dojerez Xeres Sherry 75 Cl,Bebidas,Mercadona,"Aceite de oliva 0,4º Hacendado",Carrefour,Vino Fino Cortijo De Ceret Dojerez Xeres Sherry 75 Cl
CAT-7338,Zumo De Melocoton Manzana Y Uva Don Simon Pack De 6 Briks De 20 Cl,Bebidas,Mercadona,"Aceite de oliva 0,4º Hacendado",Carrefour,Zumo De Melocoton Manzana Y Uva Don Simon Pack De 6 Briks De 20 Cl
CAT-7745,Vermut Yzaguirre Rojo 1 L,Bebidas,Mercadona,Lavavajillas Todo en 1 Fairy en pastillas,DIA,Vermouth rojo Yzaguirre 1 L
CAT-9150,Zumo De Mango Maracuya Y Ginseng Via Nature Botella 75 Cl,Bebidas,Mercadona,"Aceite de oliva 0,4º Hacendado",Carrefour,Zumo De Mango Maracuya Y Ginseng Via Nature Botella 75 Cl
CAT-9388,Bebida De Fruta Granada Y Manzana Granini Seleccion Mix Botella 1 L,Bebidas,Mercadona,"Aceite de oliva 0,4º Hacendado",Alcampo,GRANINI Bebida de granada y manzana botella de 1 l.
CAT-9668,Pienso Esterilizado De Salmon Para Gato Adulto 75 Kg,Pescadería,Mercadona,"Aceite de oliva 0,4º Hacendado",Carrefour,Pienso Esterilizado De Salmon Para Gato Adulto 75 Kg
CAT-9692,Pienso Esterilizado Digestivo De Trucha Para Gato Ultima 15 Kg,Pescadería,Mercadona,"Aceite de oliva 0,4º Hacendado",Carrefour,Pienso Esterilizado Digestivo De Trucha Para Gato Ultima 15 Kg
CAT-9685,Comida Humeda De Atun Para Gato Adulto Purina Gourmet Gold Fondant 85 G,Mascotas,Mercadona,"Aceite de oliva 0,4º Hacendado",Alcampo,PURINA GOURMET Comida para gatos húmeda fondant 12 uds. 85 g.
CAT-9818,Limpia Hogar Spray Mousse Accion Lejia Blanqueador Y Desengrasante Spray Ace 700 Ml,Lácteos y Huevos,Mercadona,Bebida láctea crecimiento y desarrollo Puleva Max,Carrefour,Limpia Hogar Spray Mousse Accion Lejia Blanqueador Y Desengrasante Spray Ace 700 Ml
CAT-9715,Snack Delicias De Leche Para Gato Purina Felix 60 G,Mascotas,Mercadona,"Aceite de oliva 0,4º Hacendado",Carrefour,Snack Delicias De Leche Para Gato Purina Felix 60 G
CAT-9793,Traseros De Pollo Certificado 1 Kg Aprox,Carnicería y Charcutería,Mercadona,Mostaza de Dijon Hacendado,Carrefour,Traseros De Pollo Certificado 1 Kg Aprox
CAT-9788,Leche Infantil De Continuacion Desde 6 Meses Blemil Forte 2 Lata 1200 G,Bebes,Mercadona,"Aceite de oliva 0,4º Hacendado",Carrefour,Leche Infantil De Continuacion Desde 6 Meses Blemil Forte 2 Lata 1200 G
CAT-9706,Pechuga De Pollo Estilo Kentucky Maheso 250 G,Carnicería y Charcutería,Mercadona,"Aceite de oliva 0,4º Hacendado",Carrefour,Pechuga De Pollo Estilo Kentucky Maheso 250 G
CAT-9722,Comida Humeda De Ternera Y Atun Para Gato Purina One Indoor 4X85 G,Carnicería y Charcutería,Mercadona,"Aceite de oliva 0,4º Hacendado",Carrefour,Comida Humeda De Ternera Y Atun Para Gato Purina One Indoor 4X85 G
CAT-9716,Comida Humeda De Salmon Y Pavo Para Gatos Purina One Esterilizados 4X85 G,Carnicería y Charcutería,Mercadona,"Aceite de oliva 0,4º Hacendado",Carrefour,Comida Humeda De Salmon Y Pavo Para Gatos Purina One Esterilizados 4X85 G
CAT-9837,Pannini Bacon Crispy Dr Oetker 250 G,Carnicería y Charcutería,Mercadona,"Bebida láctea desnatada sabor fresa y plátano +Proteínas Hacendado 0% MG 0% azúcares añadidos 17,4 g proteínas",Carrefour,Pannini Bacon Crispy Dr Oetker 250 G
CAT-9720,Comida Humeda De Salmon Para Gato Junior Purina One Junior 4X85 G,Pescadería,Mercadona,"Aceite de oliva 0,4º Hacendado",Carrefour,Comida Humeda De Salmon Para Gato Junior Purina One Junior 4X85 G
CAT-9795,Multivitaminico Y Multimineral En Comprimidos Mujer 50 Multicentrum Sin Gluten 30 Ud,Sin categoría,Mercadona,Clavo en grano Hacendado,Carrefour,Multivitaminico Y Multimineral En Comprimidos Mujer 50 Multicentrum Sin Gluten 30 Ud
CAT-9712,Pan Pannier Plus Mediana 300 G,Panadería y Pastelería,Mercadona,"Bebida láctea desnatada sabor fresa y plátano +Proteínas Hacendado 0% MG 0% azúcares añadidos 17,4 g proteínas",Carrefour,Pan Pannier Plus Mediana 300 G
CAT-9704,Preparado De Soja Sabor Arandanos Y Frutos Rojos Alpro Sin Gluten Sin Lactosa Pack De 4 Unidades De 125 G,Frutas y Verduras,Mercadona,"Aceite de oliva 0,4º Hacendado",Carrefour,Preparado De Soja Sabor Arandanos Y Frutos Rojos Alpro Sin Gluten Sin Lactosa Pack De 4 Unidades De 125 G
CAT-9756,Vino Tinto Reserva Dehesas Del Rey Do Ribera Del Duero 75 Cl,Bebidas,Mercadona,Licor dulce Amaretto Del Patriarca,Carrefour,Vino Tinto Reserva Dehesas Del Rey Do Ribera Del Duero 75 Cl
CAT-9765,Snacks De Pollo Para Perro Querico 5 Unidades,Carnicería y Charcutería,Mercadona,"Aceite de oliva 0,4º Hacendado",Carrefour,Snacks De Pollo Para Perro Querico 5 Unidades
CAT-9740,Careta De Cerdo Elpozo 350 G Aprox,Carnicería y Charcutería,Mercadona,Aceite de oliva virgen extra Hacendado Gran Selección,Carrefour,Careta De Cerdo Elpozo 350 G Aprox
CAT-9798,Multivitaminico Y Multimineral En Comprimidos Adultos Multicentrum Sin Gluten 90 Ud,Sin categoría,Mercadona,Clavo en grano Hacendado,Carrefour,Multivitaminico Y Multimineral En Comprimidos Adultos Multicentrum Sin Gluten 90 Ud
CAT-9819,Vermut Zarro Rojo De Grifo 15 L,Bebidas,Mercadona,Aceite de oliva virgen extra Hacendado Gran Selección,Carrefour,Vermut Zarro Rojo De Grifo 15 L
CAT-9805,Pasta Radiatori Garofalo 500 G,Despensa,Mercadona,Pasta tiburón Mac & Cheese Hacendado con salsa de queso,AhorraMas,Radiatori Garofalo 500g
CAT-9810,Jamon Cocido Extra Campofrio Al Corte 150 G Aprox,Carnicería y Charcutería,Mercadona,"Bebida láctea desnatada sabor fresa y plátano +Proteínas Hacendado 0% MG 0% azúcares añadidos 17,4 g proteínas",Carrefour,Jamon Cocido Extra Campofrio Al Corte 150 G Aprox
CAT-9807,Cigarrillos De Tolosa De Chocolate De Nuestra Tierra 200 G,"Azúcar, caramelos y chocolate",Mercadona,"Aceite de oliva 0,4º Hacendado",Carrefour,Cigarrillos De Tolosa De Chocolate De Nuestra Tierra 200 G
CAT-9827,Ambientador De Varillas Dama De Noche Cristalinas 35 Ml,Hogar,Mercadona,"Aceite de oliva 0,4º Hacendado",Carrefour,Ambientador De Varillas Dama De Noche Cristalinas 35 Ml
CAT-9836,Pizza De Jamon Y Champinones Fina Y Crujiente Forno Di Pietra Buitoni 340 G,Congelados,Mercadona,"Aceite de oliva 0,4º Hacendado",Carrefour,Pizza De Jamon Y Champinones Fina Y Crujiente Forno Di Pietra Buitoni 340 G
CAT-9835,Jamon Cocido Extra Sin Fosfatos En Lonchas Circulo De Calidad 155 G,Carnicería y Charcutería,Mercadona,"Aceite de oliva 0,4º Hacendado",Carrefour,Jamon Cocido Extra Sin Fosfatos En Lonchas Circulo De Calidad 155 G
CAT-6143,Champu Para Cabello Con Raices Grasas Y Puntas Secas Hialuronico Pure Elvive Loreal Paris 400 Ml,Cuidado personal e Higiene,Mercadona,Bebida láctea Omega 3 Puleva con leche desnatada,Carrefour,Champu Para Cabello Con Raices Grasas Y Puntas Secas Hialuronico Pure Elvive Loreal Paris 400 Ml
CAT-4646,Dentifrico Complete Con Enjuague Bucal  Blanqueante Oral B 75 Ml,Cuidado personal e Higiene,Mercadona,"Leche corporal nutritiva Nivea con ácido hialurónico, aceite de almendras y sérum de nutrición profunda",Carrefour,Dentifrico Complete Con Enjuague Bucal  Blanqueante Oral B 75 Ml
CAT-7871,Dentifrico Blanqueador Para Dientes Sensibles Sensitive Con Sensi Espuma Colgate 75 Ml,Cuidado personal e Higiene,Mercadona,Bebida láctea Omega 3 Puleva con leche desnatada,Carrefour,Dentifrico Blanqueador Para Dientes Sensibles Sensitive Con Sensi Espuma Colgate 75 Ml
CAT-9770,Recambio Pro Precision Clean Oral B Pro 4 Ud ,Cuidado personal e Higiene,Mercadona,Polvos voluminizador para el cabello Volum Fix Deliplus mate fijación 4,Carrefour,Recambio Pro Precision Clean Oral B Pro 4 Ud 
CAT-9825,Dentifrico Optic Max White Colgate 75 Ml,Cuidado personal e Higiene,Mercadona,Bebida láctea con cereales crecimiento y desarrollo Puleva Max,Carrefour,Dentifrico Optic Max White Colgate 75 Ml
CAT-4400,Gel De Ducha Sweet Melon Tulipan Negro 650 Ml,Cuidado personal e Higiene,Mercadona,"Aceite de oliva 0,4º Hacendado",Carrefour,Gel De Ducha Sweet Melon Tulipan Negro 650 Ml
CAT-4581,Gel De Ducha Coco Natural Honey 650 Ml,Cuidado personal e Higiene,Mercadona,Vino tinto tempranillo Cepas Viejas Señorío de los Llanos DO Valdepeñas,DIA,Gel de ducha coco Natural Honey 650 ml
CAT-6012,Gel Intimo Formula Fresca Chilly 250 Ml,Cuidado personal e Higiene,Mercadona,Gel de baño granada y frutos silvestres Deliplus piel normal,Carrefour,Gel Intimo Formula Fresca Chilly 250 Ml
CAT-8740,Gel De Ducha Original Tulipan Negro 650 Ml,Cuidado personal e Higiene,Mercadona,Aceite de oliva 1º Hacendado,Carrefour,Gel De Ducha Original Tulipan Negro 650 Ml
CAT-9823,Espuma De Afeitar Con Sales Minerales Y Aloe De Vera Para Piel Sensible La Toja 300 Ml,Cuidado personal e Higiene,Mercadona,Bebida láctea Omega 3 Puleva con leche desnatada,Carrefour,Espuma De Afeitar Con Sales Minerales Y Aloe De Vera Para Piel Sensible La Toja 300 Ml
CAT-5767,Compresas Super Fina Y Segura Evax 13 Ud,Cuidado personal e Higiene,Mercadona,Fruta + leche caribe Don Simón sin azúcares añadidos y zero materia grasa,Carrefour,Compresas Super Fina Y Segura Evax 13 Ud
CAT-6292,Compresas Para Incontinencia De Orina Normal Discreet Ausonia 14 Ud,Cuidado personal e Higiene,Mercadona,"Aceite de oliva 0,4º Hacendado",Carrefour,Compresas Para Incontinencia De Orina Normal Discreet Ausonia 14 Ud
CAT-9948,Compresas Para Incontinencia De Orina Proteccion Completa Normal Discreet Ausonia 24 Ud,Cuidado personal e Higiene,Mercadona,"Aceite de oliva 0,4º Hacendado",Carrefour,Compresas Para Incontinencia De Orina Proteccion Completa Normal Discreet Ausonia 24 Ud
CAT-4171,Pegamento Super Glue Loctite 5 Gr,Sin categoría,Mercadona,Coloración permanente 0% amoníaco 5 castaño claro Colorcor,Carrefour,Pegamento Super Glue Loctite 5 Gr
CAT-4191,Fregona Super 30 Microfibras Vileda ,Hogar,Mercadona,Batido lácteo sabor chocolate +Proteínas Hacendado 30 g proteínas,Carrefour,Fregona Super 30 Microfibras Vileda 
CAT-4248,Blanqueador Ropa En Sobres Blanco Nuclear Pack De 6 Unidades De 20 G,Sin categoría,Mercadona,"Aceite de oliva 0,4º Hacendado",Carrefour,Blanqueador Ropa En Sobres Blanco Nuclear Pack De 6 Unidades De 20 G
CAT-4270,Tarrito De Verdura Con Merluza Desde 6 Meses Ecologico Smileat Sin Gluten 230 G,Pescadería,Mercadona,Bebida láctea Omega 3 Puleva con leche desnatada,Carrefour,Tarrito De Verdura Con Merluza Desde 6 Meses Ecologico Smileat Sin Gluten 230 G
CAT-4458,Bastoncillos Johnsons Baby 100 Ud,Bebes,Mercadona,Polvo compacto perfeccionador efecto seda Deliplus 100 beige claro,Carrefour,Bastoncillos Johnsons Baby 100 Ud
CAT-4610,Servilletas De Papel 2 Capas 39X39 Cm Renova 75 Unid   Blancas,Bazar y Varios,Mercadona,"Aceite de oliva 0,4º Hacendado",Carrefour,Servilletas De Papel 2 Capas 39X39 Cm Renova 75 Unid   Blancas
CAT-4640,Toallitas De Bebe Dodot Sensitive Pack De 4 Paquetes De 54 Ud,Bebes,Mercadona,"Aceite de oliva 0,4º Hacendado",Carrefour,Toallitas De Bebe Dodot Sensitive Pack De 4 Paquetes De 54 Ud
CAT-4706,Crema Depilatoria Para Pieles Sensibles Men Veet 200 Ml,Cuidado personal e Higiene,Mercadona,Sal gruesa para hornear Hacendado,DIA,Gel crema depilatorio corporal piel sensible Veet 200 ml
CAT-4761,Papel De Cocina Tornado Strong Foxy 1 Rollo,Bebidas,Mercadona,Aceite de oliva 1º Hacendado,Carrefour,Papel De Cocina Tornado Strong Foxy 1 Rollo
CAT-4790,Detergente En Polvo Limpieza Profunda Skip 75 Lavados,Hogar,Mercadona,Clavo en grano Hacendado,Carrefour,Detergente En Polvo Limpieza Profunda Skip 75 Lavados
CAT-5222,Papilla Infantil Desde 6 Meses 8 Cereales Con Miel Nestle 725 G,Desayuno y Snack,Mercadona,"Leche corporal nutritiva Nivea con ácido hialurónico, aceite de almendras y sérum de nutrición profunda",DIA,Papilla líquida 8 cereales con miel Nestlé caja 2 x 250 ml
CAT-5255,Detergente Liquido Coladas Mixtas Limpia Y Protege Adios Al Separar Micolor 52 Lavados,Hogar,Mercadona,Bebida láctea Omega 3 Puleva con nueces y leche desnatada,Carrefour,Detergente Liquido Coladas Mixtas Limpia Y Protege Adios Al Separar Micolor 52 Lavados
CAT-5318,Gel Wc Con Lejia Y Espuma Limpiadora Fresh Extra Power Pato 750 Ml,Hogar,Mercadona,Aceite de oliva virgen extra Hacendado,Alcampo,PATO Limpiador WC lejía con espuma PATO 750 ml
CAT-5558,Papel De Aluminio Albal 50 Metros,Sin categoría,Mercadona,Aceite de oliva virgen extra Hacendado Gran Selección,Carrefour,Papel De Aluminio Albal 50 Metros
CAT-5561,Postre Lacteo Melocoton Y Platano Desde 6 Meses Nestle Yogolino Sin Gluten Y Sin Azucar Anadido Pack De 4 Unidades De 100 G,Despensa,Mercadona,"Aceite de oliva 0,4º Hacendado",Carrefour,Postre Lacteo Melocoton Y Platano Desde 6 Meses Nestle Yogolino Sin Gluten Y Sin Azucar Anadido Pack De 4 Unidades De 100 G
CAT-5835,Servilletas Color 1 Capa 30X32 Cm 70 Uds Renova,Bazar y Varios,Mercadona,Vela de cumpleaños 1 Hacendado,Carrefour,Servilletas Color 1 Capa 30X32 Cm 70 Uds Renova
CAT-5926,Friegasuelos Multi Superficies Frescor Intenso Higieniza Y Perfuma Aroma Lavanda Disiclin 1000 Ml,Sin categoría,Mercadona,Bebida láctea Omega 3 Puleva con nueces y leche desnatada,Carrefour,Friegasuelos Multi Superficies Frescor Intenso Higieniza Y Perfuma Aroma Lavanda Disiclin 1000 Ml
CAT-5919,Gel Para Lavavajillas Excellence Duo Gel Lima Limon Somat 50 Lavados,Hogar,Mercadona,Sal gruesa para hornear Hacendado,Alcampo,SOMAT Detergente lavavajillas máquina gel lima-limón 35 ds. 560 ml.
CAT-5922,Fregona Tiras Doble Cara De Microfibra Kh7 ,Hogar,Mercadona,Aceite de oliva 1º Hacendado,Carrefour,Fregona Tiras Doble Cara De Microfibra Kh7 
CAT-6023,Set De 10 Vasos De Sidra De Plastico Reutilizable 600 Cl Smart,Sin categoría,Mercadona,"Aceite de oliva 0,4º Hacendado",Carrefour,Set De 10 Vasos De Sidra De Plastico Reutilizable 600 Cl Smart
CAT-5258,Champu Gotas De Brillo Para Cabellos Mas Brillantes Suaves Y Sedosos Johnsons Baby 500 Ml,Cuidado personal e Higiene,Mercadona,"Aceite de oliva 0,4º Hacendado",Carrefour,Champu Gotas De Brillo Para Cabellos Mas Brillantes Suaves Y Sedosos Johnsons Baby 500 Ml
CAT-8040,Champu Purificante Para Pelo Graso Arcilla Suave Y Limon Original Remedies Garnier 400 Ml,Cuidado personal e Higiene,Mercadona,Bebida láctea Omega 3 Puleva con nueces y leche desnatada,Carrefour,Champu Purificante Para Pelo Graso Arcilla Suave Y Limon Original Remedies Garnier 400 Ml
CAT-8256,Gel De Ducha Cuidado Experto  Atopiderm Nutri Repair Sanex 600 Ml,Cuidado personal e Higiene,Mercadona,"Aceite de oliva 0,4º Hacendado",Carrefour,Gel De Ducha Cuidado Experto  Atopiderm Nutri Repair Sanex 600 Ml
CAT-6100,Detergente En Polvo Basico Ariel 40 Lavados,Hogar,Mercadona,Clavo en grano Hacendado,DIA,Detergente en polvo Ariel 30 lavados
CAT-5908,Colgador Wc Blue Activ Floral Bref 2 Ud,Cuidado personal e Higiene,Mercadona,Detergente ropa todo en 1 frescor floral Ariel Pods en cápsulas,DIA,Colgador WC blue active Bref 1 unidad
CAT-6252,Papel De Cocina Tornado Azul Foxy 1 Rollo,Bazar y Varios,Mercadona,Mostaza de Dijon Hacendado,Carrefour,Papel De Cocina Tornado Azul Foxy 1 Rollo
CAT-6307,Colgador Wc Gel Brillante Todo En 1 Frescor De Primavera Bref 2 Ud,Sin categoría,Mercadona,"Aceite de oliva 0,4º Hacendado",Carrefour,Colgador Wc Gel Brillante Todo En 1 Frescor De Primavera Bref 2 Ud
CAT-9160,Gel Fijador Extrafuerte Giorgi 170 Ml,Cuidado personal e Higiene,Mercadona,Gel de baño granada y frutos silvestres Deliplus piel normal,DIA,Gel fijador perfect fix 24 hrs extrafuerte Giorgi line 170 ml
CAT-6358,Lavavajillas A Maquina Original Pastillas Aroma Limon Todo En Uno Fairy 71 Ud,Hogar,Mercadona,Clavo en grano Hacendado,Carrefour,Lavavajillas A Maquina Original Pastillas Aroma Limon Todo En Uno Fairy 71 Ud
CAT-7130,Gel De Ducha Neutro Nutritivo Sanex 600 Ml,Cuidado personal e Higiene,Mercadona,Aceite de oliva 1º Hacendado,Carrefour,Gel De Ducha Neutro Nutritivo Sanex 600 Ml
CAT-5793,Ambientador Automatico Freshmatic Fragancia Nenuco Recambio Air Wick 1 Ud,Cuidado personal e Higiene,Mercadona,Vela de cumpleaños 1 Hacendado,Carrefour,Ambientador Automatico Freshmatic Fragancia Nenuco Recambio Air Wick 1 Ud
CAT-8886,Papilla Infantil Desde 6 Meses Con Miel Nestle Pijama Pack De 2 Unidades De 250 Ml,Desayuno y Snack,Mercadona,Bebida láctea Omega 3 Puleva con leche desnatada,Carrefour,Papilla Infantil Desde 6 Meses Con Miel Nestle Pijama Pack De 2 Unidades De 250 Ml
CAT-9829,Vino Tinto Habla De La Tierra Vt Extremadura 75 Cl,Bebidas,Mercadona,"Aceite de oliva 0,4º Hacendado",Carrefour,Vino Tinto Habla De La Tierra Vt Extremadura 75 Cl
CAT-6517,Gel De Ducha Hidratacion Profunda Advanced Care Dove 400 Ml,Cuidado personal e Higiene,Mercadona,"Aceite de oliva 0,4º Hacendado",Carrefour,Gel De Ducha Hidratacion Profunda Advanced Care Dove 400 Ml
CAT-6913,Pilas Alcalinas D Duracell Plus Paquete De 2,Bazar y Varios,Mercadona,Aceite de oliva 1º Hacendado,Carrefour,Pilas Alcalinas D Duracell Plus Paquete De 2
CAT-6677,Set De 2 Fregonas Tiras Kerkom   Estampadas,Hogar,Mercadona,Aceite de oliva 1º Hacendado,Carrefour,Set De 2 Fregonas Tiras Kerkom   Estampadas
CAT-6998,Friegasuelos Para Madera Con Aceite De Cascara De Naranja Don Limpio 15 L,Hogar,Mercadona,Bebida láctea Omega 3 Puleva con leche desnatada,Carrefour,Friegasuelos Para Madera Con Aceite De Cascara De Naranja Don Limpio 15 L
CAT-8536,Tarrito De Verduritas Con Lenguado Desde 6 Meses Nutriben Potitos Sin Gluten 235 G,Pescadería,Mercadona,Bebida láctea Omega 3 Puleva con leche desnatada,Alcampo,NUTRIBÉN Potitos® de lenguado con verduras selectas a partir de 6 meses 250 g.
CAT-7117,Ambientador Mango Y Lima Decosphere Air Wick 1 Ud,Hogar,Mercadona,Vela de cumpleaños 1 Hacendado,Carrefour,Ambientador Mango Y Lima Decosphere Air Wick 1 Ud
CAT-7146,Set De 3 Bayetas Microfibra  Pequenas Rozenbal 32X32 Cm   Surtido,Hogar,Mercadona,"Aceite de oliva 0,4º Hacendado",Carrefour,Set De 3 Bayetas Microfibra  Pequenas Rozenbal 32X32 Cm   Surtido
CAT-7293,Set De 3 Estropajos Salvaunas Scotch Brite Classic,Hogar,Mercadona,"Aceite de oliva 0,4º Hacendado",DIA,Estropajo salvauñas Scotch 3 unidades
CAT-7464,Bolsa Basura Autocierre De Plastico Reciclado 30L 15 Ud Alfapac   Amarillo,Hogar,Mercadona,"Aceite de oliva 0,4º Hacendado",Carrefour,Bolsa Basura Autocierre De Plastico Reciclado 30L 15 Ud Alfapac   Amarillo
CAT-9256,Lejia Hogar Con Detergente Frescor Azul Estrella 287 L,Hogar,Mercadona,"Leche corporal nutritiva Nivea con ácido hialurónico, aceite de almendras y sérum de nutrición profunda",Carrefour,Lejia Hogar Con Detergente Frescor Azul Estrella 287 L
CAT-7508,Set 50 Moldes De Papel Para Freidora De Aire Cuadrado 20X20X45 Cm Masterpro Foodies,Sin categoría,Mercadona,"Aceite de oliva 0,4º Hacendado",Carrefour,Set 50 Moldes De Papel Para Freidora De Aire Cuadrado 20X20X45 Cm Masterpro Foodies
CAT-8144,Preparado 7 Frutas Desde 6 Meses Nestle Sin Gluten Sin Lactosa Y Sin Azucar Anadido Pack De 4 Unidades De 100 G,Despensa,Mercadona,"Aceite de oliva 0,4º Hacendado",Carrefour,Preparado 7 Frutas Desde 6 Meses Nestle Sin Gluten Sin Lactosa Y Sin Azucar Anadido Pack De 4 Unidades De 100 G
CAT-7608,Lavavajillas A Mano Poder 3En1 Limon Fairy 500 Ml,Hogar,Mercadona,Cacao en polvo a la taza Valor,Carrefour,Lavavajillas A Mano Poder 3En1 Limon Fairy 500 Ml
CAT-7874,Takitos Crazy Burrito Fripozo 250 G,Sin categoría,Mercadona,"Bebida láctea desnatada sabor fresa y plátano +Proteínas Hacendado 0% MG 0% azúcares añadidos 17,4 g proteínas",Carrefour,Takitos Crazy Burrito Fripozo 250 G
CAT-7906,Bolsita De Cacao Y Platano Nesquik 110 G,Desayuno y Snack,Mercadona,Fruta + leche caribe Don Simón sin azúcares añadidos y zero materia grasa,Carrefour,Bolsita De Cacao Y Platano Nesquik 110 G
CAT-7957,Detergente Liquido Para Lana Y Prendas Delicadas Renueva Perlan 41 Lavados,Hogar,Mercadona,Bebida láctea crecimiento y desarrollo Puleva Max,Carrefour,Detergente Liquido Para Lana Y Prendas Delicadas Renueva Perlan 41 Lavados
CAT-8036,Bolsas De Basura Perfumada De Bano 100 Reciclado 10L 12 Ud Handy Bag,Hogar,Mercadona,"Aceite de oliva 0,4º Hacendado",Carrefour,Bolsas De Basura Perfumada De Bano 100 Reciclado 10L 12 Ud Handy Bag
CAT-8200,Escobilla Wc De Polipropileno Msv   Blanca,Sin categoría,Mercadona,Aceite de oliva 1º Hacendado,Carrefour,Escobilla Wc De Polipropileno Msv   Blanca
CAT-9625,Detergente Liquido Para Ropa De Bebe Sin Alergenos Norit 32 Lavados,Hogar,Mercadona,"Aceite de oliva 0,4º Hacendado",Carrefour,Detergente Liquido Para Ropa De Bebe Sin Alergenos Norit 32 Lavados
CAT-8231,Ropa Interior Absorbente Nino Noche Drynites 4 7 Anos 17 30 Kg 16 Ud,Sin categoría,Mercadona,Pañales bebé talla 1 de 2-5 kg Dodot,Carrefour,Ropa Interior Absorbente Nino Noche Drynites 4 7 Anos 17 30 Kg 16 Ud
CAT-8274,Bolsita De Manzana Platano Y Fresa Nestle Cool Fruits Sin Azucar Anadido 110 G,Despensa,Mercadona,"Aceite de oliva 0,4º Hacendado",DIA,"Alimento infantil con puré de manzana, fresa, plátano y avena Nestlé bolsa 90 g"
CAT-8274,Bolsita De Manzana Platano Y Fresa Nestle Cool Fruits Sin Azucar Anadido 110 G,Despensa,DIA,"Alimento infantil con puré de manzana, fresa, plátano y avena Nestlé bolsa 90 g",Carrefour,Bolsita De Manzana Platano Y Fresa Nestle Cool Fruits Sin Azucar Anadido 110 G
CAT-8282,Pizza De Espinacas Ristorante Dr Oetker 390 G,Congelados,Mercadona,"Aceite de oliva 0,4º Hacendado",Carrefour,Pizza De Espinacas Ristorante Dr Oetker 390 G
CAT-8505,Quitamanchas Sin Manchas Sin Olores Kh 7 750 Ml,Hogar,Mercadona,Fruta + leche caribe Don Simón sin azúcares añadidos y zero materia grasa,Carrefour,Quitamanchas Sin Manchas Sin Olores Kh 7 750 Ml
CAT-8718,Discos Wc Hibiscus Hyperspace Recambio Pato 2 Ud,Sin categoría,Mercadona,Colgador WC Dália Bosque Verde,Carrefour,Discos Wc Hibiscus Hyperspace Recambio Pato 2 Ud
CAT-8739,Minipizza Cremosa Al Jamon Buitoni 270 G ,Congelados,Mercadona,"Bebida láctea desnatada sabor fresa y plátano +Proteínas Hacendado 0% MG 0% azúcares añadidos 17,4 g proteínas",Carrefour,Minipizza Cremosa Al Jamon Buitoni 270 G 
CAT-8803,Filete De Panga Sin Piel Exkimo 480 G,Sin categoría,Mercadona,Fruta + leche caribe Don Simón sin azúcares añadidos y zero materia grasa,Carrefour,Filete De Panga Sin Piel Exkimo 480 G
CAT-9361,Bolsas Multiusos Con Cierre Cremallera Zipper 3L Albal 8 Ud,Sin categoría,Mercadona,"Leche corporal nutritiva Nivea con ácido hialurónico, aceite de almendras y sérum de nutrición profunda",Carrefour,Bolsas Multiusos Con Cierre Cremallera Zipper 3L Albal 8 Ud
CAT-9445,Pizza De Jamon Y Queso Fina Y Crujiente Forno Di Pietra Buitoni 350 G,Lácteos y Huevos,Mercadona,"Aceite de oliva 0,4º Hacendado",Alcampo,BUITONI Forno di piertra Pizza de jamón y queso con masa fina y crujiente 350 g.
CAT-4313,Pienso De Salmon Para Perro Mini Ultima 125 Kg,Pescadería,Mercadona,"Aceite de oliva 0,4º Hacendado",Carrefour,Pienso De Salmon Para Perro Mini Ultima 125 Kg
CAT-9866,Comida Humeda Seleccion Carnes Mixtas En Salsa Para Perro Cesar Pack De 4 Unidades De 100 G,Despensa,Mercadona,"Aceite de oliva 0,4º Hacendado",Carrefour,Comida Humeda Seleccion Carnes Mixtas En Salsa Para Perro Cesar Pack De 4 Unidades De 100 G
CAT-9912,Pizza 4 Quesos Rustica Dr Oetker 555 G,Lácteos y Huevos,Mercadona,Polvos voluminizador para el cabello Volum Fix Deliplus mate fijación 4,Carrefour,Pizza 4 Quesos Rustica Dr Oetker 555 G
CAT-4452,Chupete Fusion Con Tetina Fisiologica De Silicona  2 4 Meses Suavinex 2 Ud,Sin categoría,Mercadona,Bebida láctea Omega 3 Puleva con leche desnatada,Carrefour,Chupete Fusion Con Tetina Fisiologica De Silicona 4 18 Meses Suavinex 2 Ud
CAT-4535,Comida Humeda En Delicada Gelatina Para Perro Senior Cesar Pack De 4 Unidades De 150 G,Mascotas,Mercadona,"Aceite de oliva 0,4º Hacendado",Carrefour,Comida Humeda En Delicada Gelatina Para Perro Senior Cesar Pack De 4 Unidades De 150 G
CAT-5158,Snacks Dental Para Perros Grandes Pedigree Dentastix Pack De 7 Unidades,Mascotas,Mercadona,"Aceite de oliva 0,4º Hacendado",DIA,Snack para perros dentaxtix grandes Pedigree Dentastix bolsa 154 g
CAT-5201,Pienso De Buey Y Trigo Para Gato Adulto Esterilizado Purina One 15 Kg,Mascotas,Mercadona,"Aceite de oliva 0,4º Hacendado",Alcampo,"PURINA ONE Pienso para gatos adultos esterilizados a base de buey 1,5 kg."
CAT-5530,Empapador Para Cachorros 60X90 Cm Cocosi Pack De 10 Uds,Sin categoría,Mercadona,"Aceite de oliva 0,4º Hacendado",Carrefour,Empapador Para Cachorros 60X90 Cm Cocosi Pack De 10 Uds
CAT-5511,Comida Humeda Seleccion Clasicos Para Perro Cesar Pack De 8 Unidades De 150 G,Mascotas,Mercadona,"Aceite de oliva 0,4º Hacendado",Carrefour,Comida Humeda Seleccion Clasicos Para Perro Cesar Pack De 8 Unidades De 150 G
CAT-5882,Comida Humeda Delicias Del Oceano Para Gato Adulto Purina Gourmet Perle 4X85 G,Mascotas,Mercadona,Licor dulce Amaretto Del Patriarca,Carrefour,Comida Humeda Delicias Del Oceano Para Gato Adulto Purina Gourmet Perle 4X85 G
CAT-6375,Comida Humeda Seleccion Clasicos Para Perro Cesar Pack De 4 Unidades De 150 G,Mascotas,Mercadona,"Aceite de oliva 0,4º Hacendado",Carrefour,Comida Humeda Seleccion Clasicos Para Perro Cesar Pack De 4 Unidades De 150 G
CAT-6388,Pienso Esterilizado De Pollo Para Gato Brekkies 3 Kg,Carnicería y Charcutería,Mercadona,"Aceite de oliva 0,4º Hacendado",DIA,Alimento para gatos esterilizados con pollo Brekkies bolsa 3 Kg
CAT-6536,Pienso Esterilizado De Pollo Para Gatos Adultos Ultima Pro  11 Kg,Carnicería y Charcutería,Mercadona,"Aceite de oliva 0,4º Hacendado",Carrefour,Pienso Esterilizado De Pollo Para Gatos Adultos Ultima Pro  11 Kg
CAT-6537,Pienso Esterilizado De Salmon Para Gatos Adultos Ultima Pro  11 Kg,Pescadería,Mercadona,"Aceite de oliva 0,4º Hacendado",DIA,Alimento para gatos esterilizados con salmón Ultima Pro+ bolsa 375 g
CAT-6732,Banador Panal Agatha Ruiz De La Prada Ts 7 Kg 13 Kg 12 Ud,Bebes,Mercadona,"Aceite de oliva 0,4º Hacendado",Carrefour,Banador Panal Agatha Ruiz De La Prada Ts 7 Kg 13 Kg 12 Ud
CAT-6896,Barritas De Miel Para Agapornis Vitakraft ,Desayuno y Snack,Mercadona,Aceite de oliva 1º Hacendado,Carrefour,Barritas De Miel Para Agapornis Vitakraft 
CAT-7107,Snacks De Pollo Para Perros Cachorros Pedigree Tasty Minis Junior 125 G,Carnicería y Charcutería,Mercadona,"Aceite de oliva 0,4º Hacendado",Carrefour,Snacks De Pollo Para Perros Cachorros Pedigree Tasty Minis Junior 125 G
CAT-7358,Pienso De Buey Para Perro Frolic 15 Kg,Mascotas,Mercadona,Vino tinto tempranillo Cepas Viejas Señorío de los Llanos DO Valdepeñas,Carrefour,Pienso De Buey Para Perro Frolic 15 Kg
CAT-9921,Pan De Molde Integral Warburtons 800 G,Panadería y Pastelería,Mercadona,Vino tinto tempranillo Cepas Viejas Señorío de los Llanos DO Valdepeñas,Carrefour,Pan De Molde Integral Warburtons 800 G
CAT-9848,Vino Blanco Verdejo Marques De Caceres Do Rueda 75 Cl,Bebidas,Mercadona,"Aceite de oliva 0,4º Hacendado",Carrefour,Vino Blanco Verdejo Marques De Caceres Do Rueda 75 Cl
CAT-9968,Perejil Liso Fresco Manojo De 20 G,Frutas y Verduras,Mercadona,Aceite de oliva virgen extra Hacendado Gran Selección,Carrefour,Perejil Liso Fresco Manojo De 20 G
CAT-9863,Pienso De Pollo Para Gato Junior Ultima 15 Kg,Carnicería y Charcutería,Mercadona,"Aceite de oliva 0,4º Hacendado",Carrefour,Pienso De Pollo Para Gato Junior Ultima 15 Kg
CAT-7794,Pienso De Pescado Del Oceano Y Verduras Para Gato Adulto Purina Friskies 15 Kg,Mascotas,Mercadona,"Aceite de oliva 0,4º Hacendado",Carrefour,Pienso De Pescado Del Oceano Y Verduras Para Gato Adulto Purina Friskies 15 Kg
CAT-9939,Arroz Basmati Tilda 1 Kg,Despensa,Mercadona,Pañales bebé talla 1 de 2-5 kg Dodot,DIA,Arroz basmati Tilda 1 Kg
CAT-8021,Pienso De Salmon Para Gato Adulto Ultima Cat 25 Kg,Pescadería,Mercadona,"Aceite de oliva 0,4º Hacendado",DIA,Alimento para gatos adultos sabor salmón Ultima bolsa 750 g
CAT-9956,Ambientador Electrico Flores Elegantes 3Volution Recambio Ambi Pur 1 Ud,Hogar,Mercadona,Vela de cumpleaños 1 Hacendado,Carrefour,Ambientador Electrico Flores Elegantes 3Volution Recambio Ambi Pur 1 Ud
CAT-9947,Friegasuelos Flor Delicada Don Limpio 15 L ,Hogar,Mercadona,Fruta + leche caribe Don Simón sin azúcares añadidos y zero materia grasa,Carrefour,Friegasuelos Flor Delicada Don Limpio 15 L 
CAT-9949,Compresas Para Incontinencia De Orina Proteccion Completa Extra Discreet Ausonia 20 Ud,Cuidado personal e Higiene,Mercadona,"Aceite de oliva 0,4º Hacendado",Carrefour,Compresas Para Incontinencia De Orina Proteccion Completa Extra Discreet Ausonia 20 Ud
CAT-9928,Palitos Trenzpollo 8 Ud Crf P,Carnicería y Charcutería,Mercadona,Papilla 8 cereales con galleta María Nestlé +6 meses,Carrefour,Palitos Trenzpollo 8 Ud Crf P
CAT-9914,Desinfectante En Spray Hogar Y Tejidos Sanytol 300 Ml,Hogar,Mercadona,Clavo en grano Hacendado,Carrefour,Desinfectante En Spray Hogar Y Tejidos Sanytol 300 Ml
CAT-9892,Salchichas Big Pollo El Pozo Sin Gluten Pack De 3 Unidades De 200 G,Carnicería y Charcutería,Mercadona,"Aceite de oliva 0,4º Hacendado",Carrefour,Salchichas Big Pollo El Pozo Sin Gluten Pack De 3 Unidades De 200 G
CAT-9865,Comida Humeda Seleccion Carnes Mixtas En Gelatina Para Perro Cesar Pack De 4 Unidades De 100 G,Mascotas,Mercadona,"Aceite de oliva 0,4º Hacendado",Carrefour,Comida Humeda Seleccion Carnes Mixtas En Gelatina Para Perro Cesar Pack De 4 Unidades De 100 G
CAT-9891,Detergente Gel Activo Formula Higiene Colon 74 Lavados,Hogar,Mercadona,Gel corporal infantil Deliplus,Carrefour,Detergente Gel Activo Formula Higiene Colon 45 Lavados
CAT-7103,Snacks De Pollo Y Bacon Para Perro Pedigree Rodeo Duos 123 G,Cuidado personal e Higiene,Mercadona,"Aceite de oliva 0,4º Hacendado",Carrefour,Snacks De Pollo Y Bacon Para Perro Pedigree Rodeo Duos 123 G
CAT-9909,Detergente En Polvo Activo Profesional Colon 135 Lavados,Hogar,Mercadona,Clavo en grano Hacendado,Carrefour,Detergente En Polvo Activo Profesional Colon 135 Lavados
CAT-9967,Boniato Ecologico 650 G,Frutas y Verduras,Mercadona,"Bebida láctea desnatada sabor fresa y plátano +Proteínas Hacendado 0% MG 0% azúcares añadidos 17,4 g proteínas",Carrefour,Boniato Ecologico 650 G
CAT-8101,Comida Humeda En Salsa De Aves Para Gatos Delices Du Jour Sheba 6 Sobres De 50 G,Despensa,Mercadona,"Aceite de oliva 0,4º Hacendado",Carrefour,Comida Humeda En Salsa De Aves Para Gatos Delices Du Jour Sheba 6 Sobres De 50 G
CAT-8311,Pienso De Pollo Para Perro Mediano Grande Dream Excellence 3 Kg,Carnicería y Charcutería,Mercadona,"Aceite de oliva 0,4º Hacendado",Carrefour,Pienso De Pollo Para Perro Mediano Grande Dream Excellence 3 Kg
CAT-9141,Comida Humeda En Gelatina Festin De Sabores Para Gato Purina Felix Fantastic 4X85 G,Bebidas,Mercadona,"Aceite de oliva 0,4º Hacendado",Alcampo,FELIX Comida para gatos húmeda tiernos trocitos en gelatina FELIX FANTASTIC 12 uds. x 85 g.
CAT-9923,Croissant Frankfurt Campofrio 1 Ud,Panadería y Pastelería,Mercadona,Detergente ropa todo en 1 frescor floral Ariel Pods en cápsulas,Carrefour,Croissant Frankfurt Campofrio 1 Ud
CAT-9084,Snacks Dental Para Perros Medianos Pedigree Dentastix Pack De 28 Unidades,Mascotas,Mercadona,"Aceite de oliva 0,4º Hacendado",Carrefour,Snacks Dental Para Perros Medianos Pedigree Dentastix Pack De 28 Unidades
CAT-9173,Pants Huggies T5 12 17 Kg 32 Ud,Sin categoría,Mercadona,Natillas sabor vainilla +Proteínas Hacendado 12 g proteínas,Carrefour,Pants Huggies T5 12 17 Kg 32 Ud
CAT-9337,Pienso De Buey Para Perro Adulto Mini Purina Friskies Menu 3 Kg,Mascotas,Mercadona,"Aceite de oliva 0,4º Hacendado",Carrefour,Pienso De Buey Para Perro Adulto Mini Purina Friskies Menu 3 Kg
CAT-9802,Pechuga De Pavo En Lonchas Campofrio 170 G Aprox,Carnicería y Charcutería,Mercadona,"Aceite de oliva 0,4º Hacendado",DIA,Pechuga de pavo Campofrío 70 g
CAT-9580,Pienso De Pollo Para Gatos Junior Purina One 15 Kg,Carnicería y Charcutería,Mercadona,"Aceite de oliva 0,4º Hacendado",Alcampo,"PURINA ONE Pienso para gatos completo junior rico en pollo 1,5 kg."
CAT-9879,Spray Elimina Piojos Y Liendres Fullmarks 150 Ml,Sin categoría,Mercadona,Fruta + leche caribe Don Simón sin azúcares añadidos y zero materia grasa,Carrefour,Spray Elimina Piojos Y Liendres Fullmarks 150 Ml
CAT-9881,Cinta Dental Con Fluor Y Menta Vitis 2 Ud,Sin categoría,Mercadona,Fruta + leche caribe Don Simón sin azúcares añadidos y zero materia grasa,Carrefour,Cinta Dental Con Fluor Y Menta Vitis 2 Ud
CAT-9867,Comida Humeda Seleccion Recetas Campesinas Para Perro Cesar Pack De 8 Unidades De 150 G,Mascotas,Mercadona,"Aceite de oliva 0,4º Hacendado",Carrefour,Comida Humeda Seleccion Recetas Campesinas Para Perro Cesar Pack De 8 Unidades De 150 G
CAT-9887,Fosforos Medianos Tres Estrellas Pack De 3 Ud,Sin categoría,Mercadona,"Aceite de oliva 0,4º Hacendado",Carrefour,Fosforos Medianos Tres Estrellas Pack De 3 Ud
CAT-9870,Snack Crema De Leche Con Queso Para Gatos Pequenos Vitakraft 70 G,Lácteos y Huevos,Mercadona,"Aceite de oliva 0,4º Hacendado",Carrefour,Snack Crema De Leche Con Queso Para Gatos Pequenos Vitakraft 70 G
CAT-9884,Kefir Pastoret Sin Gluten 500 G,Lácteos y Huevos,Mercadona,Fruta + leche caribe Don Simón sin azúcares añadidos y zero materia grasa,DIA,Kéfir Pastoret tarrina 500 g
CAT-9875,Gel De Ducha Urea Instituto Espanol 1250 Ml,Cuidado personal e Higiene,Mercadona,Aceite de oliva 1º Hacendado,DIA,Gel de ducha aloe vera Instituto Español 1.25 L
CAT-9970,Supremas De Atun Congelado Findus 230 G,Sin categoría,Mercadona,Mostaza de Dijon Hacendado,Carrefour,Supremas De Atun Congelado Findus 230 G
CAT-1283,Pistacho tostado 0% sal añadida,Desayuno y Snack,Mercadona,Pistacho tostado Hacendado 0% sal añadida,Carrefour,Pistachos Tostados Sin Sal Anadida Carrefour 150 G
CAT-8804,Control De Las Grasas Pronutri Sin Gluten 30 Ud,Bebidas,Mercadona,"Aceite de oliva 0,4º Hacendado",Carrefour,Control De Las Grasas Pronutri Sin Gluten 30 Ud
CAT-6182,Roll On Arnica Para Golpes Topeto 15 Ml,Sin categoría,Mercadona,Preservativos natural On,Carrefour,Roll On Arnica Para Golpes Topeto 15 Ml
CAT-5378,Cepillo Dental Suave Lacer 2 Ud,Cuidado personal e Higiene,Mercadona,Maquinillas depilación desechables Deliplus Body 2 hojas,Carrefour,Cepillo Dental Suave Lacer 2 Ud
CAT-8141,Colutorio Diario Formula De Accion Blanqueadora Con Fluor Sin Alcohol Sabor Menta Lacer Blanc 500 Ml,Cuidado personal e Higiene,Mercadona,Bebida láctea Omega 3 Puleva con leche desnatada,Carrefour,Colutorio Diario Formula De Accion Blanqueadora Con Fluor Sin Alcohol Sabor Menta Lacer Blanc 500 Ml
CAT-9873,Valeriana Forte En Comprimidos Kneipp Sin Gluten Sin Lactosa 30 Ud,Sin categoría,Mercadona,Clavo en grano Hacendado,Carrefour,Valeriana Forte En Comprimidos Kneipp Sin Gluten Sin Lactosa 30 Ud
CAT-8836,Suero Fisiologico Pack De 2 Unidades 30 Monodosis De 5 Ml,Cuidado personal e Higiene,Mercadona,"Aceite de oliva 0,4º Hacendado",Carrefour,Suero Fisiologico Pack De 2 Unidades 30 Monodosis De 5 Ml
CAT-7889,Dentifrico Proteccion Bucodental Integral De Dientes Y Encias Triple Accion Lacer Oros Pack De 2 Unidades De 125 Ml,Cuidado personal e Higiene,Mercadona,"Aceite de oliva 0,4º Hacendado",Carrefour,Dentifrico Proteccion Bucodental Integral De Dientes Y Encias Triple Accion Lacer Oros Pack De 2 Unidades De 125 Ml
CAT-6280,Cepillo De Dientes Medio Phb 2 Ud,Cuidado personal e Higiene,Mercadona,Aceite de oliva virgen extra Hacendado Gran Selección,Carrefour,Cepillo De Dientes Medio Phb 2 Ud
CAT-7797,Infusion Instantanea Blevit Noches Felices 150 G,Desayuno y Snack,Mercadona,"Bebida láctea desnatada sabor fresa y plátano +Proteínas Hacendado 0% MG 0% azúcares añadidos 17,4 g proteínas",Carrefour,Infusion Instantanea Blevit Noches Felices 150 G
CAT-8805,Pelo Piel Y Unas Pronutri Sin Gluten 30 Ud,Bebidas,Mercadona,Fruta + leche caribe Don Simón sin azúcares añadidos y zero materia grasa,Carrefour,Pelo Piel Y Unas Pronutri Sin Gluten 30 Ud
CAT-9764,Solucion Unica Con Antideposito De Proteinas Para Lentes De Contacto Blandas Novalens 500 Ml,Sin categoría,Mercadona,Bebida láctea Omega 3 Puleva con leche desnatada,Carrefour,Solucion Unica Con Antideposito De Proteinas Para Lentes De Contacto Blandas Novalens 500 Ml
CAT-8225,Papilla Infantil Desde 6 Meses Gerber Multicereales Galleta Sin Azucar Anadido 510 G,Despensa,Mercadona,Spaghetti sin gluten Felicia,Carrefour,Papilla Infantil Desde 6 Meses Gerber Multicereales Galleta Sin Azucar Anadido 510 G
CAT-7900,Suero Fisiologico Senti2 Pack 30 Monodosis De 5 Ml,Cuidado personal e Higiene,Mercadona,"Aceite de oliva 0,4º Hacendado",Carrefour,Suero Fisiologico Senti2 Pack 30 Monodosis De 5 Ml
CAT-5782,Cepillo Interdental Super Micro Interprox 6 Ud,Cuidado personal e Higiene,Mercadona,6 Panes de leche 3%,Carrefour,Cepillo Interdental Super Micro Interprox 6 Ud
CAT-7749,Cepillo Interdental Conico Interprox 6 Ud,Cuidado personal e Higiene,Mercadona,Maquinilla de afeitar recargable Deliplus Precision System 6 hojas,Carrefour,Cepillo Interdental Conico Interprox 6 Ud
CAT-9689,Cepillo De Dientes Suave Complete Protection Parodontax 1 Ud,Cuidado personal e Higiene,Mercadona,"Aceite de oliva 0,4º Hacendado",Carrefour,Cepillo De Dientes Suave Complete Protection Parodontax 1 Ud
CAT-7760,Limpiador Lingual Halita 1 Ud,Hogar,Mercadona,Crema limpiadora Vitrocerámicas Vitroclen 5 en 1,Carrefour,Limpiador Lingual Halita 1 Ud
CAT-7161,Set Higiene Bebe Chicco Natural Sensation Gel  Champu 200 Ml Crema Corporal 150 Ml Y Agua Perfumada 100 Ml,Cuidado personal e Higiene,Mercadona,Bebida láctea Omega 3 Puleva con nueces y leche desnatada,Carrefour,Set Higiene Bebe Chicco Natural Sensation Gel  Champu 200 Ml Crema Corporal 150 Ml Y Agua Perfumada 100 Ml
CAT-6723,Dentifrico De Uso Diario Formula De Accion Blanqueadora Con Fluor Sin Alcohol Sabor Citrus Lacer Blanc 125 Ml,Cuidado personal e Higiene,Mercadona,Bebida láctea Omega 3 Puleva con leche desnatada,Carrefour,Dentifrico De Uso Diario Formula De Accion Blanqueadora Con Fluor Sin Alcohol Sabor Citrus Lacer Blanc 125 Ml
CAT-8064,Te Manasul Seal 25 Ud,Sin categoría,Mercadona,"Cubo de basura pequeño 10L Bosque Verde 24,1 x 25 x 24,7 cm",Carrefour,Te Manasul Seal 25 Ud
CAT-8566,Pienso De Pollo Sin Cereales Con Frutas Y Verduras Para Perro Junior Miguau 3 Kg,Carnicería y Charcutería,Mercadona,Bebida láctea Omega 3 Puleva con leche desnatada,Carrefour,Pienso De Pollo Sin Cereales Con Frutas Y Verduras Para Perro Junior Miguau 3 Kg
CAT-5226,Dentifrico Control Duplo Parogencyl Pack De 2 Unidades De 125 Ml,Cuidado personal e Higiene,Mercadona,"Aceite de oliva 0,4º Hacendado",Carrefour,Dentifrico Control Duplo Parogencyl Pack De 2 Unidades De 125 Ml
CAT-8551,Chupete De Silicona Anatomico Ultra Air Nighttime Philips Avent 2 Ud,Sin categoría,Mercadona,"Aceite de oliva 0,4º Hacendado",Carrefour,Chupete De Silicona Anatomico Ultra Air Nighttime Philips Avent 2 Ud
CAT-5802,Cepillo De Dientes Plus Petit Phb 1 Ud,Cuidado personal e Higiene,Mercadona,Vino tinto tempranillo Cepas Viejas Señorío de los Llanos DO Valdepeñas,Carrefour,Cepillo De Dientes Plus Petit Phb 1 Ud
CAT-8118,Arbol De Te Tecsania 10 Ml,Desayuno y Snack,Mercadona,Aceite de oliva virgen extra Hacendado Gran Selección,Carrefour,Arbol De Te Tecsania 10 Ml
CAT-9868,Snack De Vacuno Y Queso Para Perro Pedigree Tasty Mini 140 G,Lácteos y Huevos,Mercadona,"Aceite de oliva 0,4º Hacendado",Carrefour,Snack De Vacuno Y Queso Para Perro Pedigree Tasty Mini 140 G
CAT-9862,Limpiacristales Cristasol 125 L,Hogar,Mercadona,Pañal bebé braguita talla L de 12-18 kg Deliplus,DIA,Limpiacristales Cristasol 750 ml
CAT-3621,Palo antideslizante 140 cm,Hogar,Mercadona,Molde de papel Bosque Verde para freidora de aire 20 cm,DIA,Palo antideslizante Sp berner
CAT-9922,Levadura Fresca Levanova Sin Gluten Pack De 2 Sobres De 25 G ,Despensa,Mercadona,"Aceite de oliva 0,4º Hacendado",Carrefour,Levadura Fresca Levanova Sin Gluten Pack De 2 Sobres De 25 G 
CAT-9458,Barritas De Chocolate Fondant Bimanan 10 Ud,"Azúcar, caramelos y chocolate",Mercadona,Aceite de oliva 1º Hacendado,Carrefour,Barritas De Chocolate Fondant Bimanan 10 Ud
CAT-4266,Nectar De Naranja Granini Botella 1 L,Bebidas,Mercadona,Vino tinto tempranillo Cepas Viejas Señorío de los Llanos DO Valdepeñas,DIA,Néctar naranja Granini 1 L
CAT-4560,Sardina Parrocha 1 Kg Aprox,Sin categoría,Mercadona,Lavavajillas Todo en 1 Fairy en pastillas,Carrefour,Sardina Parrocha 1 Kg Aprox
CAT-4566,Fingers Recetas Crujientes La Cocinera 320 G,Sin categoría,Mercadona,"Bebida láctea desnatada sabor fresa y plátano +Proteínas Hacendado 0% MG 0% azúcares añadidos 17,4 g proteínas",Carrefour,Fingers Recetas Crujientes La Cocinera 320 G
CAT-4578,Sidra De Nuestra Tierra Natural 75 Cl,Sin categoría,Mercadona,Vino tinto tempranillo Cepas Viejas Señorío de los Llanos DO Valdepeñas,Carrefour,Sidra De Nuestra Tierra Natural 75 Cl
CAT-4582,Tonica Schweppes Pomelo Y Baya Del Nepal Botella 20 Cl,Bebidas,Mercadona,Licor dulce Amaretto Del Patriarca,Carrefour,Tonica Schweppes Pomelo Y Baya Del Nepal Botella 20 Cl
CAT-4580,Gouda Rings  Bacon Fripozo 250 G,Lácteos y Huevos,Mercadona,"Bebida láctea desnatada sabor fresa y plátano +Proteínas Hacendado 0% MG 0% azúcares añadidos 17,4 g proteínas",Carrefour,Gouda Rings  Bacon Fripozo 250 G
CAT-4565,Croquetas De Bacalao La Cocinera 500 G,Congelados,Mercadona,Vino tinto tempranillo Cepas Viejas Señorío de los Llanos DO Valdepeñas,Carrefour,Croquetas De Bacalao La Cocinera 500 G
CAT-4586,Tarrito De Hortalizas Con Ternera Desde 6 Meses Ecologico Gerber Sin Gluten 190 G,Carnicería y Charcutería,Mercadona,Bebida láctea Omega 3 Puleva con leche desnatada,Carrefour,Tarrito De Hortalizas Con Ternera Desde 6 Meses Ecologico Gerber Sin Gluten 190 G
CAT-4253,Champu Tratante Alivia El Picor Elimina La Caspa Kelual Ds Ducray 100 Ml,Cuidado personal e Higiene,Mercadona,Lomo asado La Carloteña lonchas,Carrefour,Champu Tratante Alivia El Picor Elimina La Caspa Kelual Ds Ducray 100 Ml
CAT-4583,Berlina Bombon Donuts 2 Ud,Panadería y Pastelería,Mercadona,Maquinillas depilación desechables Deliplus Body 2 hojas,Carrefour,Berlina Bombon Donuts 2 Ud
CAT-4595,Agua De Mar Higiene Nasal En Spray Senti2 Pack De 2 Unidades De 100 Ml,Cuidado personal e Higiene,Mercadona,"Aceite de oliva 0,4º Hacendado",Carrefour,Agua De Mar Higiene Nasal En Spray Senti2 Pack De 2 Unidades De 100 Ml
CAT-4781,Hamburguesa De Anojo Circulo De Calidad 300 G,Carnicería y Charcutería,Mercadona,"Aceite de oliva 0,4º Hacendado",Carrefour,Hamburguesa De Anojo Circulo De Calidad 300 G
CAT-4913,Limpiamaquinas Finish 250 Ml,Hogar,Mercadona,Biberón 150 ml tetina silicona flujo lento Deliplus +0 meses,Carrefour,Limpiamaquinas Finish 250 Ml
CAT-4641,Lacon En Tapas Cortadas A Cuchillo Mrm 170 G,Sin categoría,Mercadona,Clavo en grano Hacendado,Carrefour,Lacon En Tapas Cortadas A Cuchillo Mrm 170 G
CAT-4775,Patatas Fritas Campesinas Horno Lays 130 G,Desayuno y Snack,Mercadona,Patata,Carrefour,Patatas Fritas Campesinas Horno Lays 130 G
CAT-4658,Leche De Cabra Semidesnatada Puleva Botella 1 L,Sin categoría,Mercadona,"Aceite de oliva 0,4º Hacendado",Carrefour,Leche De Cabra Semidesnatada Puleva Botella 1 L
CAT-4787,Snack Chips De Fresa Hero Kids 12 G,Sin categoría,Mercadona,Aceite de oliva virgen extra Hacendado Gran Selección,Carrefour,Snack Chips De Fresa Hero Kids 12 G
CAT-5037,Brotes De Soja Verde Fanya 200 G,Sin categoría,Mercadona,Aceite de oliva virgen extra Hacendado Gran Selección,Carrefour,Brotes De Soja Verde Fanya 200 G
CAT-4716,Gaseosa La Casera Sabor Limon Zero Azucares Anadidos Pack 2 Botellas 15 L,Bebidas,Mercadona,Lomo asado La Carloteña lonchas,Carrefour,Gaseosa La Casera Sabor Limon Zero Azucares Anadidos Pack 2 Botellas 15 L
CAT-5013,Paleta De Cebo Iberica 50 Raza Iberica En Lonchas Nico 90 G,Sin categoría,Mercadona,"Aceite de oliva 0,4º Hacendado",Carrefour,Paleta De Cebo Iberica 50 Raza Iberica En Lonchas Nico 90 G
CAT-5004,Fiambre De Pechuga De Pavo En Lonchas Elpozo Sin Gluten Y Sin Lactosa 80 G,Carnicería y Charcutería,Mercadona,"Aceite de oliva 0,4º Hacendado",Carrefour,Fiambre De Pechuga De Pavo En Lonchas Elpozo Sin Gluten Y Sin Lactosa 80 G
CAT-4764,Comida Humeda De Carne Para Perro Golden Can 124 Kg,Mascotas,Mercadona,"Aceite de oliva 0,4º Hacendado",Carrefour,Comida Humeda De Carne Para Perro Golden Can 124 Kg
CAT-5031,Arroz Con Mucho Pavo Alinut 240 G,Despensa,Mercadona,Bebida láctea Omega 3 Puleva con nueces y leche desnatada,Carrefour,Arroz Con Mucho Pavo Alinut 240 G
CAT-4703,Pincho De Huevo Con Bacon Y Patata La Cocina De Senen Sin Gluten 120 G,Carnicería y Charcutería,Mercadona,"Aceite de oliva 0,4º Hacendado",Carrefour,Pincho De Huevo Con Bacon Y Patata La Cocina De Senen Sin Gluten 120 G
CAT-4698,Comida Humeda De Salmon Para Gato Adulto Purina Gourmet Gold 85 G,Pescadería,Mercadona,"Aceite de oliva 0,4º Hacendado",Carrefour,Comida Humeda De Salmon Para Gato Adulto Purina Gourmet Gold 85 G
CAT-4908,Tomate Frito Orlando Sin Gluten Pack De 3 Briks De 212 G,Despensa,Mercadona,"Aceite de oliva 0,4º Hacendado",Carrefour,Tomate Frito Orlando Sin Gluten Pack De 3 Briks De 212 G
CAT-4715,Bolsita De Aguacate Y Arandanos Desde 6 Meses Ecologico Smileat Sin Gluten 100 G,Frutas y Verduras,Mercadona,"Aceite de oliva 0,4º Hacendado",Carrefour,Bolsita De Aguacate Y Arandanos Desde 6 Meses Ecologico Smileat Sin Gluten 100 G
CAT-4731,Crema De Queso De Untar Natural Philadelphia Pack De 2 Unidades De 250 G,Lácteos y Huevos,Mercadona,"Aceite de oliva 0,4º Hacendado",Carrefour,Crema De Queso De Untar Natural Philadelphia Pack De 2 Unidades De 250 G
CAT-4793,Pienso De Pollo Y Arroz Para Perro Medium Maxi Adulto  Ultima Dog 75 Kg,Despensa,Mercadona,"Aceite de oliva 0,4º Hacendado",Carrefour,Pienso De Pollo Y Arroz Para Perro Medium Maxi Adulto  Ultima Dog 75 Kg
CAT-4734,Detergente Gel Activo Formula Higiene Colon 100 Lavados,Hogar,Mercadona,Gel corporal infantil Deliplus,Carrefour,Detergente Gel Activo Formula Higiene Colon 100 Lavados
CAT-7674,Gel Dentifrico Sensibilidad Dental Sensilacer 125 Ml,Cuidado personal e Higiene,Mercadona,Gel corporal infantil Deliplus,Carrefour,Gel Dentifrico Sensibilidad Dental Sensilacer 125 Ml
CAT-7685,Cepillo De Dientes Extra Suave Lacer 1 Ud,Cuidado personal e Higiene,Mercadona,Mostaza de Dijon Hacendado,Carrefour,Cepillo De Dientes Extra Suave Lacer 1 Ud
CAT-9919,Champu Anticaida Purificante Cabellos Grasos Science Les Cosmetiques 400 Ml,Cuidado personal e Higiene,Mercadona,Recipiente de plástico redondo 240 ml Bosque Verde,Carrefour,Champu Anticaida Purificante Cabellos Grasos Science Les Cosmetiques 400 Ml
CAT-4634,Colutorio De Uso Diario Que Previene El Sangrado Gingival Causado Por Encias Delicadas Y Gingivitis Gingilacer 1000 Ml,Cuidado personal e Higiene,Mercadona,"Aceite de oliva 0,4º Hacendado",Carrefour,Colutorio De Uso Diario Que Previene El Sangrado Gingival Causado Por Encias Delicadas Y Gingivitis Gingilacer 1000 Ml
CAT-4806,Comida Humeda De Pollo Para Gato Adulto Purina Gourmet Gold 85 G,Carnicería y Charcutería,Mercadona,"Aceite de oliva 0,4º Hacendado",Carrefour,Comida Humeda De Pollo Para Gato Adulto Purina Gourmet Gold 85 G
CAT-4912,Nuggets Recetas Crujientes La Cocinera 350 G,Congelados,Mercadona,"Bebida láctea desnatada sabor fresa y plátano +Proteínas Hacendado 0% MG 0% azúcares añadidos 17,4 g proteínas",Carrefour,Nuggets Recetas Crujientes La Cocinera 350 G
CAT-4735,Detergente En Polvo Colon 100 Lavados,Hogar,Mercadona,Clavo en grano Hacendado,Carrefour,Detergente En Polvo Colon 100 Lavados
CAT-5330,Detergente Liquido Esencia Flota 100 Lavados,Hogar,Mercadona,Polvo compacto perfeccionador efecto seda Deliplus 100 beige claro,Carrefour,Detergente Liquido Esencia Flota 100 Lavados
CAT-5337,Croissant Beurre Charentes Poitou 80 G ,Panadería y Pastelería,Mercadona,"Bebida láctea desnatada sabor fresa y plátano +Proteínas Hacendado 0% MG 0% azúcares añadidos 17,4 g proteínas",Carrefour,Croissant Beurre Charentes Poitou 80 G 
CAT-4746,Detergente En Capsulas Limpieza Profunda Power Caps Wipp Express 33 Lavados,Hogar,Mercadona,Clavo en grano Hacendado,Carrefour,Detergente En Capsulas Limpieza Profunda Power Caps Wipp Express 33 Lavados
CAT-4722,Detergente Liquido Jabon De Marsella Omino Bianco 45 Lavados,Cuidado personal e Higiene,Mercadona,"Aceite de oliva 0,4º Hacendado",Carrefour,Detergente Liquido Jabon De Marsella Omino Bianco 67 Lavados
CAT-4822,Bloc Wc 1 Ud,Sin categoría,Mercadona,Vela de cumpleaños 1 Hacendado,Carrefour,Bloc Wc 1 Ud
CAT-4886,Gel De Ducha Puro 0 Pieles Sensibles Hidrogenesse 800 Ml,Cuidado personal e Higiene,Mercadona,"Aceite de oliva 0,4º Hacendado",Carrefour,Gel De Ducha Puro 0 Pieles Sensibles Hidrogenesse 800 Ml
CAT-4786,Snack Puffs Maiz Y Avena Ecologico Hero Solo 25 G,Sin categoría,Mercadona,"Leche corporal nutritiva Nivea con ácido hialurónico, aceite de almendras y sérum de nutrición profunda",DIA,Snack de maíz y avena ecológico puffs Hero bolsa 25 g
CAT-4791,Locion Urea Repair Plus Eucerin 1L,Sin categoría,Mercadona,Recipiente hermético de plástico rectangular 1L Bosque Verde,Carrefour,Locion Urea Repair Plus Eucerin 1L
CAT-5284,Bolsita De Platano Pera Y Naranja Ecologico Hero Solo Sin Gluten 100 G,Frutas y Verduras,Mercadona,"Aceite de oliva 0,4º Hacendado",Carrefour,Bolsita De Platano Pera Y Naranja Ecologico Hero Solo Sin Gluten 100 G
CAT-4772,Vino Tinto Roble Tempranillo Enrique I Do Ribera De Duero 75 Cl,Bebidas,Mercadona,"Aceite de oliva 0,4º Hacendado",Carrefour,Vino Tinto Roble Tempranillo Enrique I Do Ribera De Duero 75 Cl
CAT-5003,Jamon Cocido En Lonchas El Pozo Sin Gluten Y Sin Lactosa 80 G,Carnicería y Charcutería,Mercadona,Clavo en grano Hacendado,Carrefour,Jamon Cocido En Lonchas El Pozo Sin Gluten Y Sin Lactosa 80 G
CAT-4992,Carne De Mejillon Cocida 275 G,Sin categoría,Mercadona,Aceite de oliva virgen extra Hacendado Gran Selección,Carrefour,Carne De Mejillon Cocida 275 G
CAT-4914,Patatas Original Crinkle Mccain 750 G,Sin categoría,Mercadona,Patata,Carrefour,Patatas Original Crinkle Mccain 750 G
CAT-4921,Empanada Hojaldre De Carne El Mercado 300 G,Sin categoría,Mercadona,Aceite de oliva 1º Hacendado,Carrefour,Empanada Hojaldre De Carne El Mercado 300 G
CAT-4784,Servilletas De 2 Capas De Papel 23X23 Cm Renova 90 Uds   Blancas,Bazar y Varios,Mercadona,"Aceite de oliva 0,4º Hacendado",Carrefour,Servilletas De 2 Capas De Papel 23X23 Cm Renova 90 Uds   Blancas
CAT-4896,Pejerrey Crudo Congelado Delfin 500 G,Sin categoría,Mercadona,"Bebida láctea desnatada sabor fresa y plátano +Proteínas Hacendado 0% MG 0% azúcares añadidos 17,4 g proteínas",Carrefour,Pejerrey Crudo Congelado Delfin 500 G
CAT-4721,Detergente Liquido Jabon De Marsella Omino Bianco 67 Lavados,Cuidado personal e Higiene,Mercadona,"Aceite de oliva 0,4º Hacendado",Carrefour,Detergente Liquido Jabon De Marsella Omino Bianco 45 Lavados
CAT-5638,Maletin De Jamon De Cebo Iberico 50 Raza Iberica En Lonchas El Pozo Sin Gluten Y Sin Lactosa 15 Sobres De 50 G,Carnicería y Charcutería,Mercadona,"Aceite de oliva 0,4º Hacendado",Carrefour,Maletin De Jamon De Cebo Iberico 50 Raza Iberica En Lonchas El Pozo Sin Gluten Y Sin Lactosa 15 Sobres De 50 G
CAT-5770,Tortita De Pollo Y Quesos Fundidos Aldelis 270 G,Lácteos y Huevos,Mercadona,"Aceite de oliva 0,4º Hacendado",Carrefour,Tortita De Pollo Y Quesos Fundidos Aldelis 270 G
CAT-5771,Queso Havarti Light En Lonchas Arla 150 G,Lácteos y Huevos,Mercadona,Clavo en grano Hacendado,Carrefour,Queso Havarti Light En Lonchas Arla 150 G
CAT-6316,Suavizante Concentrado Pasion Y Tiare Sensations Asevi 60 Lavados,Hogar,Mercadona,"Leche corporal nutritiva Nivea con ácido hialurónico, aceite de almendras y sérum de nutrición profunda",Carrefour,Suavizante Concentrado Pasion Y Tiare Sensations Asevi 60 Lavados
CAT-4796,Postre Lacteo Natural Desde 6 Meses Nestle Yogolino Sin Gluten Pack De 4 Unidades De 100 G,Lácteos y Huevos,Mercadona,"Aceite de oliva 0,4º Hacendado",DIA,Postre lácteo natural Nestlé Yogolino pack 4 x 100 g
CAT-4825,Multivitaminico Y Multimineral En Comprimidos Hombre Multicentrum Sin Gluten 30 Ud,Sin categoría,Mercadona,Clavo en grano Hacendado,Carrefour,Multivitaminico Y Multimineral En Comprimidos Hombre Multicentrum Sin Gluten 30 Ud
CAT-4903,Pienso De Salmon Y Trigo Para Gatos Esterilizados Purina One 28 G,Pescadería,Mercadona,"Aceite de oliva 0,4º Hacendado",Carrefour,Pienso De Salmon Y Trigo Para Gatos Esterilizados Purina One 28 G
CAT-4892,Comida Humeda De Buey E Higado Para Perros Pedigree 300 G,Mascotas,Mercadona,"Aceite de oliva 0,4º Hacendado",Carrefour,Comida Humeda De Buey E Higado Para Perros Pedigree 300 G
CAT-4906,Pienso De Buey Y Trigo Para Gatos Esterilizados Purina One 28 Kg,Mascotas,Mercadona,"Aceite de oliva 0,4º Hacendado",Carrefour,Pienso De Buey Y Trigo Para Gatos Esterilizados Purina One 28 Kg
CAT-4943,Pomada Para Proteger La Zona Del Panal Mitosyl 145 G,Bebes,Mercadona,Licor dulce Amaretto Del Patriarca,Carrefour,Pomada Para Proteger La Zona Del Panal Mitosyl 145 G
CAT-5235,Gel De Bano Delicado Para Bebe Natural Sensation 0M Chicco 500 Ml,Sin categoría,Mercadona,"Aceite de oliva 0,4º Hacendado",Alcampo,CHICCO Nautal sensation Gel de baño y champú para bebe desde 0 meses 500 ml.
CAT-5331,Chupete De Silicona Fisiologico Sx Pro 0 6 Meses Suavinex 1 Ud,Sin categoría,Mercadona,"Aceite de oliva 0,4º Hacendado",Carrefour,Chupete De Silicona Fisiologico Sx Pro 6 18 Meses Suavinex 1 Ud
CAT-5332,Chupete Con Tetina Fisiologica Sx Pro De Silicona 0 6 Meses Suavinex 2 Ud,Sin categoría,Mercadona,Bebida láctea Omega 3 Puleva con leche desnatada,Carrefour,Chupete Con Tetina Fisiologica Sx Pro De Silicona 0 6 Meses Suavinex 2 Ud
CAT-5333,Chupete De Silicona Fisiologico Sx Pro 6 18 Meses Suavinex 1 Ud,Sin categoría,Mercadona,"Aceite de oliva 0,4º Hacendado",Carrefour,Chupete De Silicona Fisiologico Sx Pro 0 6 Meses Suavinex 1 Ud
CAT-5345,Serum Antiedad Reafirmante Retinol Boost Neutrogena 30 Ml,Cuidado personal e Higiene,Mercadona,Protector labial Deliplus FPS 30,Carrefour,Serum Antiedad Reafirmante Retinol Boost Neutrogena 30 Ml
CAT-5357,Pastillas De Encendido Ibecosol Olor Reducido 96 Uds,Sin categoría,Mercadona,"Aceite de oliva 0,4º Hacendado",Carrefour,Pastillas De Encendido Ibecosol Olor Reducido 96 Uds
CAT-5348,Comida Humeda Sabores Mixtos En Salsa Para Perro Pedigree Pack De 12 Unidades De 100 G,Despensa,Mercadona,"Aceite de oliva 0,4º Hacendado",Carrefour,Comida Humeda Sabores Mixtos En Salsa Para Perro Pedigree Pack De 12 Unidades De 100 G
CAT-5365,Tarta Helada Romantica Carte Dor 550 G,Congelados,Mercadona,"Bebida láctea desnatada sabor fresa y plátano +Proteínas Hacendado 0% MG 0% azúcares añadidos 17,4 g proteínas",Carrefour,Tarta Helada Romantica Carte Dor 550 G
CAT-5351,Empanadilla Argentina 125 G,Congelados,Mercadona,"Bebida láctea desnatada sabor fresa y plátano +Proteínas Hacendado 0% MG 0% azúcares añadidos 17,4 g proteínas",Carrefour,Empanadilla Argentina 125 G
CAT-5368,Jamon De Cebo Iberico 50 Raza Iberica En Lonchas Sanchez Alcaraz Sin Gluten Y Sin Lactosa 200 G,Carnicería y Charcutería,Mercadona,"Aceite de oliva 0,4º Hacendado",Carrefour,Jamon De Cebo Iberico 50 Raza Iberica En Lonchas Sanchez Alcaraz Sin Gluten Y Sin Lactosa 200 G
CAT-5369,Mini Taquitos De Jamon Curado Sanchez Alcaraz Sin Gluten Y Sin Lactosa 2X40 G,Carnicería y Charcutería,Mercadona,"Aceite de oliva 0,4º Hacendado",Carrefour,Mini Taquitos De Jamon Curado Sanchez Alcaraz Sin Gluten Y Sin Lactosa 2X40 G
CAT-5634,Cono White Kinder Bueno 4 D,"Azúcar, caramelos y chocolate",Mercadona,Polvos voluminizador para el cabello Volum Fix Deliplus mate fijación 4,Carrefour,Cono White Kinder Bueno 4 D
CAT-5651,Gintonic London Dry Tanqueray Lata 250 Ml,Sin categoría,Mercadona,Ginebra Dry Gin Seagram's,Carrefour,Gintonic London Dry Tanqueray Lata 250 Ml
CAT-5656,Limpieza Y Eliminacion De Proteinas Para Lentes De Contacto Blandas Solucion Unica Oune Pack De 2 Unidades 360 Ml,Sin categoría,Mercadona,"Aceite de oliva 0,4º Hacendado",Carrefour,Limpieza Y Eliminacion De Proteinas Para Lentes De Contacto Blandas Solucion Unica Oune Pack De 2 Unidades 360 Ml
CAT-5662,Multivitaminico Y Multimineralcon Ginseng Y Ginkgo En Comprimidos Plus Multicentrum Sin Gluten 30 Ud,Sin categoría,Mercadona,Bebida láctea Omega 3 Puleva con nueces y leche desnatada,Carrefour,Multivitaminico Y Multimineralcon Ginseng Y Ginkgo En Comprimidos Plus Multicentrum Sin Gluten 30 Ud
CAT-5676,Pienso De Pollo Y Arroz Para Perro Medium Maxi Junior Ultima 75 Kg,Despensa,Mercadona,"Aceite de oliva 0,4º Hacendado",Carrefour,Pienso De Pollo Y Arroz Para Perro Medium Maxi Junior Ultima 75 Kg
CAT-6357,Lavavajillas A Mano Aloe Vera Y Pepino Limpieza Y Cuidado Fairy 650 Ml,Hogar,Mercadona,Cacao en polvo a la taza Hacendado,Carrefour,Lavavajillas A Mano Aloe Vera Y Pepino Limpieza Y Cuidado Fairy 650 Ml
CAT-6309,Colgador Wc Gel Brillante Todo En 1 Oceano Artico Bref 2 Ud,Sin categoría,Mercadona,Clavo en grano Hacendado,Carrefour,Colgador Wc Gel Brillante Todo En 1 Oceano Artico Bref 2 Ud
CAT-5668,Comedero Antiderrapante Para Perro De Polipropileno 1 L,Mascotas,Mercadona,"Aceite de oliva 0,4º Hacendado",Carrefour,Comedero Antiderrapante Para Perro De Polipropileno 1 L
CAT-5790,Postre Lacteo De Natillas Desde 6 Meses Nestle Yogolino Pack De 4 Unidades De 100 G,Lácteos y Huevos,Mercadona,"Aceite de oliva 0,4º Hacendado",Carrefour,Postre Lacteo De Natillas Desde 6 Meses Nestle Yogolino Pack De 4 Unidades De 100 G
CAT-6295,Jamon Curado En Medias Lonchas El Pozo 1954 Sin Gluten Y Sin Lactosa 50 G,Carnicería y Charcutería,Mercadona,Clavo en grano Hacendado,Carrefour,Jamon Curado En Medias Lonchas El Pozo 1954 Sin Gluten Y Sin Lactosa 50 G
CAT-6323,Atun Claro Al Natural Calvo Pack De 6 Unidades De 56 G,Conservas y Enlatados,Mercadona,"Aceite de oliva 0,4º Hacendado",Carrefour,Atun Claro Al Natural Calvo Pack De 6 Unidades De 56 G
CAT-5827,Cerveza Daura Sin Gluten Botella 33 Cl,Bebidas,Mercadona,Fruta + leche caribe Don Simón sin azúcares añadidos y zero materia grasa,Alcampo,MAHOU Cerveza sin gluten botella de 33 cl.
CAT-5701,Tarrito De Lentejas Con Verduras Y Jamon Desde 8 Meses Hero Solo Pack 2 Unidades 190 G,Despensa,Mercadona,Bebida láctea Omega 3 Puleva con leche desnatada,Carrefour,Tarrito De Lentejas Con Verduras Y Jamon Desde 8 Meses Hero Solo Pack 2 Unidades 190 G
CAT-5702,Tarrito De Cocido De Ternera Desde 8 Meses Hero Baby Sin Gluten Pack De 2 Unidades 190 G,Carnicería y Charcutería,Mercadona,"Aceite de oliva 0,4º Hacendado",Carrefour,Tarrito De Cocido De Ternera Desde 8 Meses Hero Baby Sin Gluten Pack De 2 Unidades 190 G
CAT-5705,Puerro Circulo De Calidad 500 G,Frutas y Verduras,Mercadona,Aceite de oliva virgen extra Hacendado Gran Selección,Carrefour,Puerro Circulo De Calidad 500 G
CAT-5792,Brandy Veterano 1 L,Bebidas,Mercadona,Vela de cumpleaños 1 Hacendado,DIA,Brandy Veterano 1 l
CAT-5774,Preparado De Soja Sabor Mango Sin Azucar Anadido Alpro Mas Fruta Sin Gluten Y Sin Lactosa 400 G,Despensa,Mercadona,"Aceite de oliva 0,4º Hacendado",Carrefour,Preparado De Soja Sabor Mango Sin Azucar Anadido Alpro Mas Fruta Sin Gluten Y Sin Lactosa 400 G
CAT-5776,Comida Humeda Finas Laminas De Gelatina Para Gato Adulto Purina Gourmet Perle 4X85 G,Mascotas,Mercadona,"Aceite de oliva 0,4º Hacendado",Carrefour,Comida Humeda Finas Laminas De Gelatina Para Gato Adulto Purina Gourmet Perle 4X85 G
CAT-5783,Comida Humeda De Pescado Y Carne Para Gato Adulto Gourmet 12X85 G,Mascotas,Mercadona,"Aceite de oliva 0,4º Hacendado",Carrefour,Comida Humeda De Pescado Y Carne Para Gato Adulto Gourmet 12X85 G
CAT-6377,Pastillas De Encender Carcoa 32 Uds,Sin categoría,Mercadona,Aceite de oliva virgen extra Hacendado Gran Selección,Carrefour,Pastillas De Encender Carcoa 32 Uds
CAT-5778,Nabo Granel 1 Kg Aprox,Frutas y Verduras,Mercadona,Pañales bebé talla 1 de 2-5 kg Dodot,DIA,Pepino granel 1 Kg aprox.
CAT-6050,Parches Termicos Terapeuticos Para Dolor De Cuello Hombros Y Munecas Thermacare 6 Ud,Pescadería,Mercadona,"Aceite de oliva 0,4º Hacendado",Carrefour,Parches Termicos Terapeuticos Para Dolor De Cuello Hombros Y Munecas Thermacare 6 Ud
CAT-6267,Champu Anticaspa Anticaida Hs 330 Ml,Cuidado personal e Higiene,Mercadona,Biberón 150 ml tetina silicona flujo lento Deliplus +0 meses,Carrefour,Champu Anticaspa Anticaida Hs 330 Ml
CAT-6298,Sprite De Lima Limon Bajo En Azucar Pack 2 Botellas 2 L,Bebidas,Mercadona,"Aceite de oliva 0,4º Hacendado",Carrefour,Sprite De Lima Limon Bajo En Azucar Pack 2 Botellas 2 L
CAT-6312,Bebida De Soja Plus Ligera Sin Azucar Vivesoy 1 L,Despensa,Mercadona,"Aceite de oliva 0,4º Hacendado",Carrefour,Bebida De Soja Plus Ligera Sin Azucar Vivesoy 1 L
CAT-6324,Limpiador De Bano En Gel Frescor Marino Chubb 15 L,Hogar,Mercadona,"Aceite de oliva 0,4º Hacendado",Carrefour,Limpiador De Bano En Gel Frescor Marino Chubb 15 L
CAT-6335,Pan Payes 5 Cereales Con Semillas De Calabaza Rebanado 490 G,Panadería y Pastelería,Mercadona,"Aceite de oliva 0,4º Hacendado",Carrefour,Pan Payes 5 Cereales Con Semillas De Calabaza Rebanado 490 G
CAT-6364,Yogur De Fresa Con Grageas De Chocolate Nestle Smarties Pack De 2 Unidades De 128 G,Lácteos y Huevos,Mercadona,Bebida láctea Omega 3 Puleva con leche desnatada,Carrefour,Yogur De Fresa Con Grageas De Chocolate Nestle Smarties Pack De 2 Unidades De 128 G
CAT-6297,Gel De Ducha Musgo Blanco Con Antibacteriano Malizia 1000 Ml,Cuidado personal e Higiene,Mercadona,"Aceite de oliva 0,4º Hacendado",Carrefour,Gel De Ducha Musgo Blanco Con Antibacteriano Malizia 1000 Ml
CAT-4887,Cepillo De Dientes Blanqueador Lacer Blanc 1 Ud,Cuidado personal e Higiene,Mercadona,"Aceite de oliva 0,4º Hacendado",Carrefour,Cepillo De Dientes Blanqueador Lacer Blanc 1 Ud
CAT-6268,Champu Anticaspa Anticaida Con Cafeina Pro Expert 7 Hs 300 Ml ,Cuidado personal e Higiene,Mercadona,"Leche corporal nutritiva Nivea con ácido hialurónico, aceite de almendras y sérum de nutrición profunda",Carrefour,Champu Anticaspa Anticaida Con Cafeina Pro Expert 7 Hs 300 Ml 
CAT-5689,Desodorante Roll On Te Verde Organic Byly 50 Ml,Cuidado personal e Higiene,Mercadona,Preservativos natural On,Carrefour,Desodorante Roll On Te Verde Organic Byly 50 Ml
CAT-6334,Jabon De Manos Rosa Mosqueta Babaria 500 Ml,Cuidado personal e Higiene,Mercadona,Aceite de oliva 1º Hacendado,Carrefour,Jabon De Manos Rosa Mosqueta Babaria 500 Ml
CAT-4935,Champu Anticaida Quinina Klorane Pack De 2 Unidades De 400 Ml,Cuidado personal e Higiene,Mercadona,"Aceite de oliva 0,4º Hacendado",Carrefour,Champu Anticaida Quinina Klorane Pack De 2 Unidades De 400 Ml
CAT-6146,Desodorante Roll On Extrem Byly 50 Ml,Cuidado personal e Higiene,Mercadona,Preservativos natural On,Carrefour,Desodorante Roll On Extrem Byly 50 Ml
CAT-5777,Snacks De Buey Para Perro Pedigree Rodeo Duos 122 G,Cuidado personal e Higiene,Mercadona,"Aceite de oliva 0,4º Hacendado",DIA,Snack para perros Pedigree Rodeo bolsa 70 g
CAT-6304,Desodorante En Spray Extra Eficaz Lactovit 200 Ml,Cuidado personal e Higiene,Mercadona,Clavo en grano Hacendado,Carrefour,Desodorante En Spray Extra Eficaz Lactovit 200 Ml
CAT-5766,Compresas Normal Fina Y Segura Evax 40 Ud,Cuidado personal e Higiene,Mercadona,Fruta + leche caribe Don Simón sin azúcares añadidos y zero materia grasa,Carrefour,Compresas Normal Fina Y Segura Evax 40 Ud
CAT-5677,Coloracion Permanente Sin Amoniaco Cabellos Delicados N 50 Castano Claro Colour Clinuance Cleare Institute 1 Ud,Cuidado personal e Higiene,Mercadona,Fruta + leche caribe Don Simón sin azúcares añadidos y zero materia grasa,Carrefour,Coloracion Permanente Sin Amoniaco Cabellos Delicados N 50 Castano Claro Colour Clinuance Cleare Institute 1 Ud
CAT-5679,Coloracion Permanente Sin Amoniaco Cabellos Delicados N 70 Rubio Colour Clinuance Cleare Institute 1 Ud,Cuidado personal e Higiene,Mercadona,Spaghetti sin gluten Felicia,Carrefour,Coloracion Permanente Sin Amoniaco Cabellos Delicados N 70 Rubio Colour Clinuance Cleare Institute 1 Ud
CAT-5768,Champu De Romero Para Cabello Fino Ecologico Urtekram 500 Ml,Cuidado personal e Higiene,Mercadona,"Aceite de oliva 0,4º Hacendado",Carrefour,Champu De Romero Para Cabello Fino Ecologico Urtekram 500 Ml
CAT-5780,Colutorio Control Diario Periodontal Y Periimplantorio Perio Aid 1000 Ml,Cuidado personal e Higiene,Mercadona,Almendra tostada y salada Hacendado con piel,Carrefour,Colutorio Control Diario Periodontal Y Periimplantorio Perio Aid 1000 Ml
CAT-6530,Queso Fundido En Porciones La Vaca Que Rie Sin Gluten 375 G,Lácteos y Huevos,Mercadona,Clavo en grano Hacendado,Carrefour,Queso Fundido En Porciones La Vaca Que Rie Sin Gluten 375 G
CAT-6523,Pan De Molde Familiar Sin Azucar Anadido Bimbo 640 G,Despensa,Mercadona,"Aceite de oliva 0,4º Hacendado",Carrefour,Pan De Molde Familiar Sin Azucar Anadido Bimbo 640 G
CAT-6564,Set De 4 Bayetas Multiusos Microfibra Vileda Microfibre Colors Xl,Hogar,Mercadona,"Aceite de oliva 0,4º Hacendado",Carrefour,Set De 4 Bayetas Multiusos Microfibra Vileda Microfibre Colors Xl
CAT-6519,Gel De Ducha Cuidado Fresco Limpieza Delicada Para Una Piel Suave Dove 720 Ml,Cuidado personal e Higiene,Mercadona,"Aceite de oliva 0,4º Hacendado",Carrefour,Gel De Ducha Cuidado Fresco Limpieza Delicada Para Una Piel Suave Dove 720 Ml
CAT-6566,Chicles Sabor Menta Orbit Sin Azucar 64 G,Despensa,Mercadona,Fruta + leche caribe Don Simón sin azúcares añadidos y zero materia grasa,DIA,Chicles sabor menta sin azúcar Orbit bote 46 unidades
CAT-5474,Comida Humeda De Pescado Para Gato Whiskas 24X85 G,Bebidas,Mercadona,"Aceite de oliva 0,4º Hacendado",Carrefour,Comida Humeda De Pescado Para Gato Whiskas 24X85 G
CAT-6518,Gel De Ducha Hidratante Limpieza Delicada Para Una Piel Suave Dove 720 Ml,Cuidado personal e Higiene,Mercadona,"Aceite de oliva 0,4º Hacendado",Carrefour,Gel De Ducha Hidratante Limpieza Delicada Para Una Piel Suave Dove 720 Ml
CAT-6521,Locion  Champu Antipiojos Zz 225 Ml,Cuidado personal e Higiene,Mercadona,Biberón 150 ml tetina silicona flujo lento Deliplus +0 meses,Carrefour,Locion  Champu Antipiojos Zz 225 Ml
CAT-6642,Magdalenas Redondas La Bella Easo 16 Ud,Panadería y Pastelería,Mercadona,Gaseosa La Casera grande,DIA,Magdalenas La bella easo bolsa 261 g
CAT-5476,Comida Humeda De Ave Para Gato Whiskas 12X85 G,Bebidas,Mercadona,"Aceite de oliva 0,4º Hacendado",Carrefour,Comida Humeda De Ave Para Gato Whiskas 12X85 G
CAT-5743,Hamburguesas De Pollo De Corral 250 G,Carnicería y Charcutería,Mercadona,Vino tinto tempranillo Cepas Viejas Señorío de los Llanos DO Valdepeñas,Carrefour,Hamburguesas De Pollo De Corral 250 G
CAT-5744,Snacks Dental Para Perros Grandes Pedigree Dentastix Pack De 56 Unidades,Mascotas,Mercadona,"Aceite de oliva 0,4º Hacendado",Carrefour,Snacks Dental Para Perros Grandes Pedigree Dentastix Pack De 56 Unidades
CAT-6248,Patatas Chef Gourmet Mccain 500 G,Sin categoría,Mercadona,Patata,Carrefour,Patatas Chef Gourmet Mccain 500 G
CAT-6257,Lasana De Atun La Cocinera 500 G,Sin categoría,Mercadona,Aceite de oliva virgen extra Hacendado Gran Selección,Carrefour,Lasana De Atun La Cocinera 500 G
CAT-6251,Cola De Rape Chino Congelado 800 G,Pescadería,Mercadona,Aceite de oliva virgen extra Hacendado Gran Selección,Carrefour,Cola De Rape Chino Congelado 800 G
CAT-6246,Vitakraft Virutas De Roedores 60L,Mascotas,Mercadona,Aceite de oliva virgen extra Hacendado Gran Selección,Carrefour,Vitakraft Virutas De Roedores 60L
CAT-6287,Maxibon Jungly Blanco Nestle 4 Ud,Sin categoría,Mercadona,Polvos voluminizador para el cabello Volum Fix Deliplus mate fijación 4,Carrefour,Maxibon Jungly Blanco Nestle 4 Ud
CAT-6288,Pirulo Fruit Joy Nestle Sin Gluten 5 Ud,Sin categoría,Mercadona,Fruta + leche caribe Don Simón sin azúcares añadidos y zero materia grasa,Carrefour,Pirulo Fruit Joy Nestle Sin Gluten 5 Ud
CAT-6291,Tabletas Limpiadoras Para Protesis Dentales Ferulas Dentales Y Ortodoncia Accion Total Corega 36 Ud,Hogar,Mercadona,Bebida láctea Omega 3 Puleva con nueces y leche desnatada,Carrefour,Tabletas Limpiadoras Para Protesis Dentales Ferulas Dentales Y Ortodoncia Accion Total Corega 36 Ud
CAT-6306,Discos De Lactancia Ultra Absorbentes Philips Avent 60 Ud,Sin categoría,Mercadona,"Aceite de oliva 0,4º Hacendado",Carrefour,Discos De Lactancia Ultra Absorbentes Philips Avent 60 Ud
CAT-6319,Snacks Infantil De Fresa Y Manzana Ecologico Smileat 25 G,Sin categoría,Mercadona,"Aceite de oliva 0,4º Hacendado",Carrefour,Snacks Infantil De Fresa Y Manzana Ecologico Smileat 25 G
CAT-6320,Bolsita De Yogur De Frambuesa Desde 9 Meses Ecologico Smileat Sin Gluten Y Sin Azucar Anadido 100 G,Despensa,Mercadona,"Aceite de oliva 0,4º Hacendado",Carrefour,Bolsita De Yogur De Frambuesa Desde 9 Meses Ecologico Smileat Sin Gluten Y Sin Azucar Anadido 100 G
CAT-6331,Galletas De Chocolate Rellenas De Crema Oreo 440 G,Desayuno y Snack,Mercadona,"Aceite de oliva 0,4º Hacendado",DIA,Galletas de cacao rellenas de crema Oreo bolsa 154 g
CAT-6332,Crema Pies Ultra Hidratante Para Pies Secos Y Estropeados Neutrogena Pack De 2 Unidades De 100 Ml,Cuidado personal e Higiene,Mercadona,"Aceite de oliva 0,4º Hacendado",Carrefour,Crema Pies Ultra Hidratante Para Pies Secos Y Estropeados Neutrogena Pack De 2 Unidades De 100 Ml
CAT-6355,Pomada Protectora Con Extracto De Avena Natusan 100 Ml,Sin categoría,Mercadona,"Aceite de oliva 0,4º Hacendado",Carrefour,Pomada Protectora Con Extracto De Avena Natusan 100 Ml
CAT-6370,Pienso De Ave Pollo Verduras Y Cereales Para Gato Adulto  Brekkies 900 G,Carnicería y Charcutería,Mercadona,"Aceite de oliva 0,4º Hacendado",Carrefour,Pienso De Ave Pollo Verduras Y Cereales Para Gato Adulto  Brekkies 900 G
CAT-6541,Snack Multicereal Con Sal Marina Sunbites 95 G,Despensa,Mercadona,Sal fina Hacendado,Carrefour,Snack Multicereal Con Sal Marina Sunbites 95 G
CAT-6373,Comida Humeda De Pollo Para Perros Cesar 150 G,Carnicería y Charcutería,Mercadona,"Aceite de oliva 0,4º Hacendado",Carrefour,Comida Humeda De Pollo Para Perros Cesar 150 G
CAT-6386,Guisante Superfino Findus 550 G,Sin categoría,Mercadona,"Bebida láctea desnatada sabor fresa y plátano +Proteínas Hacendado 0% MG 0% azúcares añadidos 17,4 g proteínas",DIA,Guisantes superfinos Findus 550 g
CAT-6628,Mermelada De Fresa Temporada Hero Sin Gluten 350 G,Desayuno y Snack,Mercadona,"Aceite de oliva 0,4º Hacendado",Alcampo,HERO Mermelada de fresas de temporada 350 g.
CAT-6404,Tinto De Verano Con Botanicos Sandevid Spritz Lata 25 Cl,Sin categoría,Mercadona,"Aceite de oliva 0,4º Hacendado",Carrefour,Tinto De Verano Con Botanicos Sandevid Spritz Lata 25 Cl
CAT-6634,Batido De Cacao Cacaolat Sin Gluten Pack De 6 Briks De 200 Ml,Lácteos y Huevos,Mercadona,"Aceite de oliva 0,4º Hacendado",Carrefour,Batido De Cacao Cacaolat Sin Gluten Pack De 6 Briks De 200 Ml
CAT-8915,Frambuesas Congeladas Banadas En Chocolate Blanco Y Chocolate Negro Sin Gluten Tr Fr 6 Uds,"Azúcar, caramelos y chocolate",Mercadona,Bebida láctea Omega 3 Puleva con nueces y leche desnatada,Carrefour,Frambuesas Congeladas Banadas En Chocolate Blanco Y Chocolate Negro Sin Gluten Tr Fr 6 Uds
CAT-6568,Vino Tinto Crianza Tempranillo Dehesas Del Rey Do Ribera Del Duero 75 Cl,Bebidas,Mercadona,Licor dulce Amaretto Del Patriarca,Carrefour,Vino Tinto Crianza Tempranillo Dehesas Del Rey Do Ribera Del Duero 75 Cl
CAT-6398,Pienso De Pollo Para Perro Adulto Mini Ultima 3 Kg,Carnicería y Charcutería,Mercadona,"Aceite de oliva 0,4º Hacendado",Carrefour,Pienso De Pollo Para Perro Adulto Mini Ultima 3 Kg
CAT-6657,Manzana Fuji Circulo De Calidad A Granel 1 Kg Aprox,Frutas y Verduras,Mercadona,"Aceite de oliva 0,4º Hacendado",Carrefour,Manzana Fuji Circulo De Calidad A Granel 1 Kg Aprox
CAT-6543,Pila Lr03 Frecuente 4 Ud Energizer,Bazar y Varios,Mercadona,Polvos voluminizador para el cabello Volum Fix Deliplus mate fijación 4,Carrefour,Pila Lr6 Frecuente 4 Ud Energizer
CAT-6434,Pechuga De Pollo Cryspy Chicken Americana Fripozo 230 G,Carnicería y Charcutería,Mercadona,"Aceite de oliva 0,4º Hacendado",Carrefour,Pechuga De Pollo Cryspy Chicken Americana Fripozo 230 G
CAT-6391,Entrecot De Lomo De Cerdo Iberico Marinado Legado Iberico 300 G,Carnicería y Charcutería,Mercadona,"Aceite de oliva 0,4º Hacendado",Carrefour,Entrecot De Lomo De Cerdo Iberico Marinado Legado Iberico 300 G
CAT-6444,Papilla Infantil Hero Crema De Arroz Desde 4 Meses Sin Gluten Y Sin Azucar Anadido 220 G,Despensa,Mercadona,"Aceite de oliva 0,4º Hacendado",Carrefour,Papilla Infantil Hero Crema De Arroz Desde 4 Meses Sin Gluten Y Sin Azucar Anadido 220 G
CAT-6387,Tarrito De Bacalao Con Patatas Y Verduras Desde 6 Meses Ecologico Smileat  230 G,Pescadería,Mercadona,Bebida láctea Omega 3 Puleva con leche desnatada,Alcampo,"SMILEAT Tarrito de bacalao con patatas y verduras, a partir de 6 meses."
CAT-6392,Pienso De Salmon Para Perro Brekkies 14 Kg,Pescadería,Mercadona,Aceite de oliva 1º Hacendado,Carrefour,Pienso De Salmon Para Perro Brekkies 14 Kg
CAT-6565,Chicles Sabor Fresa Orbit Sin Azucar 64 G,Despensa,Mercadona,Fruta + leche caribe Don Simón sin azúcares añadidos y zero materia grasa,DIA,Chicles sabor fresa sin azúcar Orbit bote 46 unidades
CAT-6460,Pina Premadurada 18 Kg Aprox,Sin categoría,Mercadona,Pañal bebé braguita talla L de 12-18 kg Deliplus,Carrefour,Pina Premadurada 18 Kg Aprox
CAT-6534,Combinado Bacardi Breezer Ron Con Naranja 275 Cl,Bebidas,Mercadona,"Leche corporal nutritiva Nivea con ácido hialurónico, aceite de almendras y sérum de nutrición profunda",Carrefour,Combinado Bacardi Breezer Ron Con Naranja 275 Cl
CAT-6465,Paleta Asada Al Horno En Lonchas Noel Delizias Sin Gluten Y Sin Lactosa 150 G,Sin categoría,Mercadona,Clavo en grano Hacendado,Carrefour,Paleta Asada Al Horno En Lonchas Noel Delizias Sin Gluten Y Sin Lactosa 150 G
CAT-6488,Palomitas De Colores Frit Ravich Sin Gluten 130 G,Desayuno y Snack,Mercadona,"Aceite de oliva 0,4º Hacendado",Carrefour,Palomitas De Colores Frit Ravich Sin Gluten 130 G
CAT-6435,Thai Noodles Fripozo 320 G,Despensa,Mercadona,"Bebida láctea desnatada sabor fresa y plátano +Proteínas Hacendado 0% MG 0% azúcares añadidos 17,4 g proteínas",Carrefour,Thai Noodles Fripozo 320 G
CAT-6545,Tinto De Verano Don Simon Con Limon Sin Alcohol Sin Azucar Lata 33 Cl,Bebidas,Mercadona,"Aceite de oliva 0,4º Hacendado",Carrefour,Tinto De Verano Don Simon Con Limon Sin Alcohol Sin Azucar Lata 33 Cl
CAT-6426,Barritas De Miel Para Hamster Vitakraft 2 Ud,Desayuno y Snack,Mercadona,Aceite de oliva 1º Hacendado,Carrefour,Barritas De Miel Para Hamster Vitakraft 2 Ud
CAT-6507,Churros Maheso 400 G,Sin categoría,Mercadona,"Bebida láctea desnatada sabor fresa y plátano +Proteínas Hacendado 0% MG 0% azúcares añadidos 17,4 g proteínas",Carrefour,Churros Maheso 400 G
CAT-6428,Barritas De Miel Para Conejos Enanos Vitakraft 2 Ud,Desayuno y Snack,Mercadona,"Aceite de oliva 0,4º Hacendado",Carrefour,Barritas De Miel Para Conejos Enanos Vitakraft 2 Ud
CAT-6578,Corazon De Cogollos Circulo De Calidad X 6 Ud,Sin categoría,Mercadona,"Aceite de oliva 0,4º Hacendado",Carrefour,Corazon De Cogollos Circulo De Calidad X 6 Ud
CAT-6451,Jamon Curado En Lonchas Nico 150 G,Carnicería y Charcutería,Mercadona,Preparado en polvo instantáneo para crepes Hacendado,Carrefour,Jamon Curado En Lonchas Nico 150 G
CAT-6455,Agua Natural Con Gas Pedras Salgadas 1 L,Bebidas,Mercadona,Bebida láctea con cereales crecimiento y desarrollo Puleva Max,Carrefour,Agua Natural Con Gas Pedras Salgadas 1 L
CAT-6140,Champu Cuidado Clasico Para Todo Tipo De Cabello Tresemme 685 Ml,Cuidado personal e Higiene,Mercadona,"Aceite de oliva 0,4º Hacendado",DIA,Champú cuidado clásico todo tipo de cabellos Tresemmé 685 ml
CAT-6512,Chupete De Silicona Anatomico Luxe Physioforma Chicco 2 Ud,Sin categoría,Mercadona,"Aceite de oliva 0,4º Hacendado",Carrefour,Chupete De Silicona Anatomico Luxe Physioforma Chicco 2 Ud
CAT-6520,Porciones Vegetarianas A Base De Proteina De Soja Y Gluten De Trigo Garden Gourmet 180 G,Sin categoría,Mercadona,"Aceite de oliva 0,4º Hacendado",Carrefour,Porciones Vegetarianas A Base De Proteina De Soja Y Gluten De Trigo Garden Gourmet 180 G
CAT-6538,Pienso De Pollo Para Perro Adulto Mini Ultima Pro  11 Kg,Carnicería y Charcutería,Mercadona,"Aceite de oliva 0,4º Hacendado",Carrefour,Pienso De Pollo Para Perro Adulto Mini Ultima Pro  11 Kg
CAT-6515,Preparado De Marisco Para Paella Delfin 480 G,Pescadería,Mercadona,"Aceite de oliva 0,4º Hacendado",Carrefour,Preparado De Marisco Para Paella Delfin 480 G
CAT-6529,Kiwi Ecologico 500 G,Frutas y Verduras,Mercadona,"Bebida láctea desnatada sabor fresa y plátano +Proteínas Hacendado 0% MG 0% azúcares añadidos 17,4 g proteínas",Carrefour,Kiwi Ecologico 500 G
CAT-6631,Borek De Queso 100 G,Lácteos y Huevos,Mercadona,"Aceite de oliva 0,4º Hacendado",Carrefour,Borek De Queso 100 G
CAT-7376,Acondicionador Repara Y Protege Para Pelo Seco Debil Y Danado Pantene Pro V 160 Ml,Cuidado personal e Higiene,Mercadona,Bebida láctea crecimiento y desarrollo Puleva Max,Carrefour,Acondicionador Repara Y Protege Para Pelo Seco Debil Y Danado Pantene Pro V 160 Ml
CAT-7869,Cepillo De Dientes Suave Limpieza Profunda 360 Colgate 1 Ud,Cuidado personal e Higiene,Mercadona,"Aceite de oliva 0,4º Hacendado",DIA,Cepillo de dientes suave limpieza profunda Colgate 1 unidad
CAT-6910,Queso Fundido Con Sticks De Pan La Vaca Que Rie Pack De 8 Unidades De 35 G,Lácteos y Huevos,Mercadona,Bebida láctea Omega 3 Puleva con leche desnatada,Carrefour,Queso Fundido Con Sticks De Pan La Vaca Que Rie Pack De 8 Unidades De 35 G
CAT-6090,Gamba Arrocera Congelada 500 G Aprox,Pescadería,Mercadona,"Bebida láctea desnatada sabor fresa y plátano +Proteínas Hacendado 0% MG 0% azúcares añadidos 17,4 g proteínas",Carrefour,Gamba Arrocera Congelada 500 G Aprox
CAT-6884,Limpiador De Suciedad Y Manchas De Humedad Cillit Bang 1 L,Hogar,Mercadona,"Aceite de oliva 0,4º Hacendado",Carrefour,Limpiador De Suciedad Y Manchas De Humedad Cillit Bang 1 L
CAT-6990,Combinado Bacardi Breezer Ron Con Sandia 275 Cl,Bebidas,Mercadona,"Leche corporal nutritiva Nivea con ácido hialurónico, aceite de almendras y sérum de nutrición profunda",Carrefour,Combinado Bacardi Breezer Ron Con Sandia 275 Cl
CAT-6908,Yogur Griego Azucarado Natural Danone Oikos Sin Gluten Pack De 4 Unidades De 110 G,Despensa,Mercadona,"Aceite de oliva 0,4º Hacendado",Carrefour,Yogur Griego Azucarado Natural Danone Oikos Sin Gluten Pack De 4 Unidades De 110 G
CAT-6860,Pan De Pueblo Sin Aditivos 1 Ud,Panadería y Pastelería,Mercadona,Aceite de oliva virgen extra Hacendado Gran Selección,Carrefour,Pan De Pueblo Sin Aditivos 1 Ud
CAT-6585,Colgador Wc Blue Activ Hygiene Bref 3 Ud,Sin categoría,Mercadona,Maquinilla depilación recargable Gillette Venus Comfortglide Breeze 3 hojas,Carrefour,Colgador Wc Blue Activ Hygiene Bref 3 Ud
CAT-6698,Acondicionador Hidratante Al Higo De Barbaria Klorane 200 Ml,Cuidado personal e Higiene,Mercadona,"Aceite de oliva 0,4º Hacendado",Carrefour,Acondicionador Hidratante Al Higo De Barbaria Klorane 200 Ml
CAT-9666,Mascarilla Capilar 3 En 1 Hair Food Papaya Reparadora Para Cabello Danado Garnier Fructis 390 Ml,Cuidado personal e Higiene,Mercadona,Bebida láctea Omega 3 Puleva con leche desnatada,Carrefour,Mascarilla Capilar 3 En 1 Hair Food Papaya Reparadora Para Cabello Danado Garnier Fructis 390 Ml
CAT-6695,Empanada Rectangular De Carne 700 G,Sin categoría,Mercadona,Aceite de oliva virgen extra Hacendado Gran Selección,Carrefour,Empanada Rectangular De Carne 700 G
CAT-9878,Gel Champu Espumoso Suavinex 750 Ml,Cuidado personal e Higiene,Mercadona,Gel de baño granada y frutos silvestres Deliplus piel normal,Carrefour,Gel Champu Espumoso Suavinex 750 Ml
CAT-6490,Zumo De Naranja Simon Life Botella 15 L,Bebidas,Mercadona,Mostaza de Dijon Hacendado,DIA,Simon life de naranja 1.5 L
CAT-6472,Suavizante Concentrado Sueno De Jazmin Mimosin 105 Lavados,Hogar,Mercadona,"Aceite de oliva 0,4º Hacendado",Alcampo,"MIMOSÍN Sueño de jazmín Suavizante concentrado con potenciadores de la fragancia 1008 ml, 56 lavados."
CAT-6582,Dentifrico Proteccion De Encias Menta Fresca Advanced Oral B 75 Ml,Cuidado personal e Higiene,Mercadona,"Aceite de oliva 0,4º Hacendado",Carrefour,Dentifrico Proteccion De Encias Menta Fresca Advanced Oral B 75 Ml
CAT-6531,Ensalada Completa Cesar American Style Florette 200 G,Sin categoría,Mercadona,"Bebida láctea desnatada sabor fresa y plátano +Proteínas Hacendado 0% MG 0% azúcares añadidos 17,4 g proteínas",Alcampo,FLORETTE American Style Ensalada completa César 200 g.
CAT-6588,Fanta De Limon Pack 2 Botellas 2 L,Bebidas,Mercadona,Aceite de oliva virgen extra Hacendado Gran Selección,Carrefour,Fanta De Limon Pack 2 Botellas 2 L
CAT-6835,Gel De Ducha Para Piel Sensible Hipoalergenico Natura Instituto Espanol 750 Ml,Cuidado personal e Higiene,Mercadona,"Aceite de oliva 0,4º Hacendado",Carrefour,Gel De Ducha Para Piel Sensible Hipoalergenico Natura Instituto Espanol 750 Ml
CAT-6587,Crema De Queso Brie Con Trufa President 105 G,Lácteos y Huevos,Mercadona,"Aceite de oliva 0,4º Hacendado",Carrefour,Crema De Queso Brie Con Trufa President 105 G
CAT-7024,Jabon En Pastillas Natural Lagarto Pack De 3 Unidades De 200 G,Cuidado personal e Higiene,Mercadona,"Aceite de oliva 0,4º Hacendado",Carrefour,Jabon En Pastillas Natural Lagarto Pack De 3 Unidades De 200 G
CAT-6576,Set De  Servilletas  1 Capa De Celulosa Renova Red Label 140Pz   Color Y Decoradas,Bazar y Varios,Mercadona,"Aceite de oliva 0,4º Hacendado",Carrefour,Set De  Servilletas  1 Capa De Celulosa Renova Red Label 140Pz   Color Y Decoradas
CAT-6592,Locion En Gel Ultraligera Para Todo Tipo De Piel Hydro Boost Neutrogena 400 Ml,Cuidado personal e Higiene,Mercadona,"Aceite de oliva 0,4º Hacendado",Carrefour,Locion En Gel Ultraligera Para Todo Tipo De Piel Hydro Boost Neutrogena 400 Ml
CAT-6593,Locion De Absorcion Inmediata Para Piel Seca Hidratacion Profunda Neutrogena De 2 Unidades 750 Ml,Cuidado personal e Higiene,Mercadona,"Aceite de oliva 0,4º Hacendado",Carrefour,Locion De Absorcion Inmediata Para Piel Seca Hidratacion Profunda Neutrogena De 2 Unidades 750 Ml
CAT-7037,Set 2 Estropajos Fibra Con Esponja Vileda Glitzi Colors,Hogar,Mercadona,"Leche corporal nutritiva Nivea con ácido hialurónico, aceite de almendras y sérum de nutrición profunda",Carrefour,Set 2 Estropajos Fibra Con Esponja Vileda Glitzi Colors
CAT-6815,Salchichas Big Pavo El Pozo Sin Gluten Pack De 3 Unidades De 200 G,Carnicería y Charcutería,Mercadona,"Aceite de oliva 0,4º Hacendado",Carrefour,Salchichas Big Pavo El Pozo Sin Gluten Pack De 3 Unidades De 200 G
CAT-6886,Bocados Mediterraneo De Hera Sin Gluten 160 G,Sin categoría,Mercadona,"Aceite de oliva 0,4º Hacendado",Carrefour,Bocados Mediterraneo De Hera Sin Gluten 160 G
CAT-6825,Set De 20 Vasos Carton Nupik Naturgo 290 Cc   Blanco,Sin categoría,Mercadona,"Aceite de oliva 0,4º Hacendado",Carrefour,Set De 20 Vasos Carton Nupik Naturgo 290 Cc   Blanco
CAT-6612,Pienso Esterilizado Bolas De Pelo De Pavo Para Gato Adulto Ultima 75 Kg,Carnicería y Charcutería,Mercadona,"Aceite de oliva 0,4º Hacendado",Carrefour,Pienso Esterilizado Bolas De Pelo De Pavo Para Gato Adulto Ultima 75 Kg
CAT-6874,Judias Verdes Planas Findus 1 Kg,Sin categoría,Mercadona,Crema limpiadora Vitrocerámicas Vitroclen 5 en 1,Carrefour,Judias Verdes Planas Findus 1 Kg
CAT-6600,Recogedor Con Palo Vileda Universal,Hogar,Mercadona,Bebida láctea Omega 3 Puleva con nueces y leche desnatada,Carrefour,Recogedor Con Palo Vileda Universal
CAT-6656,Tira De Costilla De Cerdo Adobada La Nuncia 600 G Aprox,Carnicería y Charcutería,Mercadona,"Aceite de oliva 0,4º Hacendado",Carrefour,Tira De Costilla De Cerdo Adobada La Nuncia 600 G Aprox
CAT-7002,Lomos De Bacalao Congelado 500 G Aprox,Pescadería,Mercadona,Vino tinto tempranillo Cepas Viejas Señorío de los Llanos DO Valdepeñas,Carrefour,Lomos De Bacalao Congelado 500 G Aprox
CAT-6749,Cuartos De Pollo Congelado 2 Kg,Carnicería y Charcutería,Mercadona,Aceite de oliva virgen extra Hacendado Gran Selección,Carrefour,Cuartos De Pollo Congelado 2 Kg
CAT-6610,Chuleton De Vacuno 400 G Aprox,Carnicería y Charcutería,Mercadona,Aceite de oliva virgen extra Hacendado Gran Selección,Carrefour,Chuleton De Vacuno 400 G Aprox
CAT-6594,Locion En Gel Ultraligera Para Todo Tipo De Piel Hydro Boost Neutrogena 2 Unidades De 750 Ml,Cuidado personal e Higiene,Mercadona,"Aceite de oliva 0,4º Hacendado",Carrefour,Locion En Gel Ultraligera Para Todo Tipo De Piel Hydro Boost Neutrogena 2 Unidades De 750 Ml
CAT-6818,Pechuga De Pavo Cocida Al Corte Naturarte Campofrio 150 G Aprox,Carnicería y Charcutería,Mercadona,"Aceite de oliva 0,4º Hacendado",Carrefour,Pechuga De Pavo Cocida Al Corte Naturarte Campofrio 150 G Aprox
CAT-6697,Toallitas De Bebe Dodot Sensitive 54 Ud,Bebes,Mercadona,Mostaza de Dijon Hacendado,Carrefour,Toallitas De Bebe Dodot Sensitive 54 Ud
CAT-6651,Porciones De Rape Sin Piel Crudas Delfin 300 G,Pescadería,Mercadona,"Aceite de oliva 0,4º Hacendado",Carrefour,Porciones De Rape Sin Piel Crudas Delfin 300 G
CAT-6891,Banador Panal Desechable Huggies Little Swimmers T2 3 3 Kg 8 Kg 20 Ud,Bebes,Mercadona,Bebida láctea desnatada omega 3 Hacendado,Carrefour,Banador Panal Desechable Huggies Little Swimmers T2 3 3 Kg 8 Kg 20 Ud
CAT-6740,Queso De Cabra En Rulo Soignon 180 G,Lácteos y Huevos,Mercadona,Clavo en grano Hacendado,Carrefour,Queso De Cabra En Rulo Soignon 180 G
CAT-6595,Balsamo Reconfortante Cara Y Cuello Hidratacion Profunda Neutrogena 2 Unidades De 300 Ml,Cuidado personal e Higiene,Mercadona,"Aceite de oliva 0,4º Hacendado",Carrefour,Balsamo Reconfortante Cara Y Cuello Hidratacion Profunda Neutrogena 2 Unidades De 300 Ml
CAT-6611,Apositos Ampollas Extreme Compeed 1 Ud,Cuidado personal e Higiene,Mercadona,Detergente ropa todo en 1 frescor floral Ariel Pods en cápsulas,Carrefour,Apositos Ampollas Extreme Compeed 1 Ud
CAT-6728,Crema De Queso Con Finas Hierbas Philadelphia 150 G,Lácteos y Huevos,Mercadona,"Aceite de oliva 0,4º Hacendado",DIA,Queso de untar con finas hierbas Philadelphia 150 g
CAT-6646,Plato Carton Con Rodal Papel Ph Blister 4 Y 4 Uds 27 Y 35 Cm,Sin categoría,Mercadona,"Leche corporal nutritiva Nivea con ácido hialurónico, aceite de almendras y sérum de nutrición profunda",Carrefour,Plato Carton Con Rodal Papel Ph Blister 4 Y 4 Uds 27 Y 35 Cm
CAT-7018,Galletas De Fibra Integral Zero Gullon Sin Azucar 170 G,Despensa,Mercadona,"Aceite de oliva 0,4º Hacendado",Carrefour,Galletas De Fibra Integral Zero Gullon Sin Azucar 170 G
CAT-6706,Tarrito De Frutas Variadas Desde 6 Meses Nutriben Potitos Sin Gluten Sin Azucar Anadido 235 G,Despensa,Mercadona,"Aceite de oliva 0,4º Hacendado",Carrefour,Tarrito De Frutas Variadas Desde 6 Meses Nutriben Potitos Sin Gluten Sin Azucar Anadido 235 G
CAT-6653,Pienso Para Perro Adulto Bon Menu Receta Mediterranea 4 Kg,Mascotas,Mercadona,Sal gruesa para hornear Hacendado,AhorraMas,Pienso perro Bon Menu receta mediterránea 4kg
CAT-6707,Tarrito De Verduras Con Pollo Desde 6 Meses Nutriben Potitos Sin Gluten 235 G,Carnicería y Charcutería,Mercadona,Bebida láctea Omega 3 Puleva con leche desnatada,Carrefour,Tarrito De Verduras Con Pollo Desde 6 Meses Nutriben Potitos Sin Gluten 235 G
CAT-6696,Empanada Rectangular De Bacalao 700 G,Pescadería,Mercadona,Vino tinto tempranillo Cepas Viejas Señorío de los Llanos DO Valdepeñas,Carrefour,Empanada Rectangular De Bacalao 700 G
CAT-6735,Filete De Merluza Sin Piel Congelado 850 G,Pescadería,Mercadona,Aceite de oliva 1º Hacendado,Carrefour,Filete De Merluza Sin Piel Congelado 850 G
CAT-6868,Coca Cola Pack De 4 Botellas De 20 Cl,Bebidas,Mercadona,Vino tinto tempranillo Cepas Viejas Señorío de los Llanos DO Valdepeñas,Carrefour,Coca Cola Pack De 4 Botellas De 20 Cl
CAT-6767,Bollo De Petitas Chocolate Con Leche Weikis La Bella Easo 6 Ud,Panadería y Pastelería,Mercadona,"Aceite de oliva 0,4º Hacendado",DIA,Bollería con pepitas de chocolate con leche Weikis bolsa 240 g
CAT-6701,Espigas De Mijo Para Pajaros Vita Nature Vitakraft 100 G,Mascotas,Mercadona,"Aceite de oliva 0,4º Hacendado",Carrefour,Espigas De Mijo Para Pajaros Vita Nature Vitakraft 100 G
CAT-6808,Comida Humeda Bocaditos En Salsa Para Gatos Festin Del Mar Purina Felix Tasty Shreds 12X80 G,Despensa,Mercadona,Licor dulce Amaretto Del Patriarca,Carrefour,Comida Humeda Bocaditos En Salsa Para Gatos Festin Del Mar Purina Felix Tasty Shreds 12X80 G
CAT-6893,Banador Panal Desechable Huggies Little Swimmers T5 6 12 Kg 18 Kg 19 Ud,Bebes,Mercadona,Pañales bebé talla 1 de 2-5 kg Dodot,Carrefour,Banador Panal Desechable Huggies Little Swimmers T5 6 12 Kg 18 Kg 19 Ud
CAT-6912,Pilas Alcalinas 9V Duracell Plus Paquete De 1,Bazar y Varios,Mercadona,"Aceite de oliva 0,4º Hacendado",Carrefour,Pilas Alcalinas 9V Duracell Plus Paquete De 1
CAT-6743,Pannini Atun Dr Oetker 250 G,Sin categoría,Mercadona,"Bebida láctea desnatada sabor fresa y plátano +Proteínas Hacendado 0% MG 0% azúcares añadidos 17,4 g proteínas",Carrefour,Pannini Atun Dr Oetker 250 G
CAT-6747,Lacon Ahumado Natural Cortado A Mano En Lascas Navidul Sin Gluten 210 G,Sin categoría,Mercadona,Clavo en grano Hacendado,Carrefour,Lacon Ahumado Natural Cortado A Mano En Lascas Navidul Sin Gluten 210 G
CAT-6718,Arena Aglomerante De Tofu Para Gatos Cocosi 6L,Mascotas,Mercadona,"Aceite de oliva 0,4º Hacendado",Carrefour,Arena Aglomerante De Tofu Para Gatos Cocosi 6L
CAT-6809,Arroz Con Leche Danone Pack De 2 Unidades De 130 G,Despensa,Mercadona,"Aceite de oliva 0,4º Hacendado",Carrefour,Arroz Con Leche Danone Pack De 2 Unidades De 130 G
CAT-6843,Vino Tinto Crianza Marques De Valido Do Ca Rioja 75 Cl,Bebidas,Mercadona,"Aceite de oliva 0,4º Hacendado",Carrefour,Vino Tinto Crianza Marques De Valido Do Ca Rioja 75 Cl
CAT-6777,Desatascador Gel Para Tuberias Bloqueadas Wc Net 1 L,Sin categoría,Mercadona,Sal gruesa para hornear Hacendado,DIA,Desatascador de tuberías gel denso WC Net 1 L
CAT-7010,Salchichas Con Doble De Leche Campofrio Sin Gluten 140 G,Carnicería y Charcutería,Mercadona,"Aceite de oliva 0,4º Hacendado",Carrefour,Salchichas Con Doble De Leche Campofrio Sin Gluten 140 G
CAT-7003,Taco Salmon Keta Salvaje Congelado 360 G,Pescadería,Mercadona,"Bebida láctea desnatada sabor fresa y plátano +Proteínas Hacendado 0% MG 0% azúcares añadidos 17,4 g proteínas",Carrefour,Taco Salmon Keta Salvaje Congelado 360 G
CAT-6915,Leche Infantil De Crecimiento Desde 2 Anos Almiron Advance Ata 800 G,Bebidas,Mercadona,"Aceite de oliva 0,4º Hacendado",Carrefour,Leche Infantil De Crecimiento Desde 2 Anos Almiron Advance Ata 800 G
CAT-7465,Bolsas De Basura Autocierre Ya Cortadas 30L 15 Ud Alfapac,Hogar,Mercadona,"Aceite de oliva 0,4º Hacendado",Carrefour,Bolsas De Basura Autocierre Ya Cortadas 30L 15 Ud Alfapac
CAT-7076,Surtido De Helados Fruit Collection Hagen Dazs Sin Gluten 4 Ud,Congelados,Mercadona,"Aceite de oliva 0,4º Hacendado",Carrefour,Surtido De Helados Fruit Collection Hagen Dazs Sin Gluten 4 Ud
CAT-7385,Coca Cola Mini Pack 10 Latas 20 Cl,Bebidas,Mercadona,Molde de papel Bosque Verde para freidora de aire 20 cm,Carrefour,Coca Cola Mini Pack 10 Latas 20 Cl
CAT-7056,Preparado De Soja Fresa Tipo Skyr Alto En Proteina Alpro Sin Lactosa 400 G,Lácteos y Huevos,Mercadona,"Aceite de oliva 0,4º Hacendado",Carrefour,Preparado De Soja Fresa Tipo Skyr Alto En Proteina Alpro Sin Lactosa 400 G
CAT-7109,Gel Active Fisiocrem 200 Ml,Sin categoría,Mercadona,Gel de baño tiernos recuerdos Deliplus piel normal,Carrefour,Gel Active Fisiocrem 200 Ml
CAT-7120,Pepsi Zero Azucar Pack De 12 Latas De 33 Cl,Bebidas,Mercadona,Aceite de oliva 1º Hacendado,Carrefour,Pepsi Zero Azucar Pack De 12 Latas De 33 Cl
CAT-6816,Champu Y Gel Calendula Ecologico Weleda Baby 200 Ml,Cuidado personal e Higiene,Mercadona,"Leche corporal nutritiva Nivea con ácido hialurónico, aceite de almendras y sérum de nutrición profunda",Carrefour,Champu Y Gel Calendula Ecologico Weleda Baby 200 Ml
CAT-7306,Tarrito Multifrutas Con Mango Desde 4 Meses Ecologico Smileat Sin Gluten 130 G,Sin categoría,Mercadona,Bebida láctea Omega 3 Puleva con leche desnatada,Carrefour,Tarrito Multifrutas Con Mango Desde 4 Meses Ecologico Smileat Sin Gluten 130 G
CAT-7043,Comida Humeda Surtido De Carne Para Gato Adulto Purina Gourmet Natures Creations 4X85 G,Mascotas,Mercadona,"Aceite de oliva 0,4º Hacendado",Carrefour,Comida Humeda Surtido De Carne Para Gato Adulto Purina Gourmet Natures Creations 4X85 G
CAT-6092,Cafetera De Aluminio Idealcasa Nero 6 Tazas   Negro,Sin categoría,Mercadona,"Aceite de oliva 0,4º Hacendado",Carrefour,Cafetera De Aluminio Idealcasa Nero 6 Tazas   Negro
CAT-6095,Fregona De Microfibra   Bicolor,Hogar,Mercadona,Aceite de oliva virgen extra Hacendado Gran Selección,Carrefour,Fregona De Microfibra   Bicolor
CAT-6807,Comida Humeda En Gelatina Buey Pollo Y Cordero Para Perro Adulto Purina Friskies Pack 12X85 G,Carnicería y Charcutería,Mercadona,Bebida láctea Omega 3 Puleva con nueces y leche desnatada,Carrefour,Comida Humeda En Gelatina Buey Pollo Y Cordero Para Perro Adulto Purina Friskies Pack 12X85 G
CAT-6993,Aceitunas Verdes Rellenas De Anchoa La Espanola Sin Gluten 3 Pack De 50 G,Conservas y Enlatados,Mercadona,Bebida láctea Omega 3 Puleva con leche desnatada,DIA,Aceitunas rellenas de anchoa La española 3 x 50 g
CAT-7016,Coca Cola Light Pack 9 Latas 33 Cl,Bebidas,Mercadona,"Golosinas Rega Pica Mix Hacendado sabor fresa, frambuesa, manzana y cola ácida",DIA,Coca-Cola light 330 ml
CAT-7060,Comida Para Conejillos De Indias 800 Gr,Sin categoría,Mercadona,Mostaza de Dijon Hacendado,Carrefour,Comida Para Conejillos De Indias 800 Gr
CAT-7070,Discos Wc Activos Inodoros Frescor Marino Aparato  Recambio Pato 1 Ud,Sin categoría,Mercadona,Vela de cumpleaños 1 Hacendado,Carrefour,Discos Wc Activos Inodoros Frescor Marino Aparato  Recambio Pato 1 Ud
CAT-7054,Yogur Griego Con Fresas Danone Oikos Pack De 4 Unidades De 110 G,Lácteos y Huevos,Mercadona,"Aceite de oliva 0,4º Hacendado",Carrefour,Yogur Griego Con Fresas Danone Oikos Pack De 4 Unidades De 110 G
CAT-7073,Codillo De Jamon Asado Tello 600 G,Carnicería y Charcutería,Mercadona,Aceite de oliva virgen extra Hacendado Gran Selección,Carrefour,Codillo De Jamon Asado Tello 600 G
CAT-6640,Champu Fortificante Fuerza Y Brillo Para Cabello Normal Ganier Fructis 690 Ml,Cuidado personal e Higiene,Mercadona,Bebida láctea crecimiento y desarrollo Puleva Max,DIA,Champú fortificante fuerza y brillo cabello normal Fructis 300 ml
CAT-7041,Comida Humeda Surtido De Pescado Para Gato Adulto Purina Gourmet Natures Creations 4X85 G,Mascotas,Mercadona,"Aceite de oliva 0,4º Hacendado",Carrefour,Comida Humeda Surtido De Pescado Para Gato Adulto Purina Gourmet Natures Creations 4X85 G
CAT-7068,Bolsita De Manzana Melocoton Y Platano Desde 4 Meses Ecologico Hero Solo Sin Gluten 100 G,Frutas y Verduras,Mercadona,"Aceite de oliva 0,4º Hacendado",Carrefour,Bolsita De Manzana Melocoton Y Platano Desde 4 Meses Ecologico Hero Solo Sin Gluten 100 G
CAT-7071,Discos Wc Activos Inodoros Lima Aparato  Recambio Pato 1 Ud,Frutas y Verduras,Mercadona,Vela de cumpleaños 1 Hacendado,Carrefour,Discos Wc Activos Inodoros Lima Aparato  Recambio Pato 1 Ud
CAT-7269,Perlas Perfumadas Pink Passion Detersolin 1 Ud,Sin categoría,Mercadona,Vela de cumpleaños 1 Hacendado,Carrefour,Perlas Perfumadas Pink Passion Detersolin 1 Ud
CAT-7082,Limonada Don Simon Exprimida Botella 15 L,Sin categoría,Mercadona,Fruta + leche caribe Don Simón sin azúcares añadidos y zero materia grasa,Carrefour,Limonada Don Simon Exprimida Botella 15 L
CAT-7356,Coco En Trozos El Mercado 125 G,Sin categoría,Mercadona,Preparado en polvo instantáneo para crepes Hacendado,Carrefour,Coco En Trozos El Mercado 125 G
CAT-7102,Champu Liso Keratina Con Aceite Marula Hasta 72H Control Del Encrespamiento Tresemme 685 Ml,Cuidado personal e Higiene,Mercadona,Bebida láctea Omega 3 Puleva con leche desnatada,Carrefour,Champu Liso Keratina Con Aceite Marula Hasta 72H Control Del Encrespamiento Tresemme 685 Ml
CAT-7272,Postre Lacteo Natural Desde 6 Meses Nestle Yogolino Sin Gluten Y Sin Azucar Anadido 100 G,Despensa,Mercadona,Bebida láctea Omega 3 Puleva con nueces y leche desnatada,Carrefour,Postre Lacteo Natural Desde 6 Meses Nestle Yogolino Sin Gluten Y Sin Azucar Anadido 100 G
CAT-7452,Barra Candeal 1 Ud,Panadería y Pastelería,Mercadona,Vela de cumpleaños 1 Hacendado,Carrefour,Barra Candeal 1 Ud
CAT-7085,Comida Semihumeda De Pollo Para Perro Cocosi 3 Kg,Carnicería y Charcutería,Mercadona,"Aceite de oliva 0,4º Hacendado",Carrefour,Comida Semihumeda De Pollo Para Perro Cocosi 3 Kg
CAT-7365,Pan De Molde De Maiz Y Semillas De Girasol 400 G,Desayuno y Snack,Mercadona,"Aceite de oliva 0,4º Hacendado",Carrefour,Pan De Molde De Maiz Y Semillas De Girasol 400 G
CAT-7316,Panecillo De Centeno 51 6 Ud,Sin categoría,Mercadona,Aceite de oliva virgen extra Hacendado Gran Selección,Carrefour,Panecillo De Centeno 51 6 Ud
CAT-7469,Cerveza La Sagra Original Lager Lata 33 Cl,Bebidas,Mercadona,Gaseosa La Casera grande,Carrefour,Cerveza La Sagra Original Lager Lata 33 Cl
CAT-7307,Tarrito De Pera Ciruela Y Platano Desde 4 Meses Ecologico Smileat Sin Gluten 130 G,Frutas y Verduras,Mercadona,"Aceite de oliva 0,4º Hacendado",Carrefour,Tarrito De Pera Ciruela Y Platano Desde 4 Meses Ecologico Smileat Sin Gluten 130 G
CAT-7483,Yogur Con Fresa Nestle La Lechera Pack De 2 Unidades De 125 G,Lácteos y Huevos,Mercadona,"Aceite de oliva 0,4º Hacendado",Carrefour,Yogur Con Fresa Nestle La Lechera Pack De 2 Unidades De 125 G
CAT-7314,Espiga Rustica 1 Ud,Sin categoría,Mercadona,Vela de cumpleaños 1 Hacendado,Carrefour,Espiga Rustica 1 Ud
CAT-7083,Comida Semihumeda De Cerdo Para Perro Cocosi 3 Kg,Carnicería y Charcutería,Mercadona,"Aceite de oliva 0,4º Hacendado",Carrefour,Comida Semihumeda De Cerdo Para Perro Cocosi 3 Kg
CAT-7368,Lavavajillas A Maquina En Pastillas Naranja Fairy 35 Ud,Hogar,Mercadona,Clavo en grano Hacendado,Carrefour,Lavavajillas A Maquina En Pastillas Naranja Fairy 35 Ud
CAT-7106,Comida Humeda De Buey Y Verduras Para Perro Cesar Recetas De La Huerta 300 G,Mascotas,Mercadona,"Aceite de oliva 0,4º Hacendado",Carrefour,Comida Humeda De Buey Y Verduras Para Perro Cesar Recetas De La Huerta 300 G
CAT-7100,Apritivo De Maiz Sabor Barbacoa Fritos Matutano Sin Gluten 130 G,Desayuno y Snack,Mercadona,"Aceite de oliva 0,4º Hacendado",Carrefour,Apritivo De Maiz Sabor Barbacoa Fritos Matutano Sin Gluten 130 G
CAT-7287,Ambientador Electrico Aroma Limpio 3Volution Ambi Pur 1 Ud,Hogar,Mercadona,Vela de cumpleaños 1 Hacendado,Carrefour,Ambientador Electrico Aroma Limpio 3Volution Ambi Pur 1 Ud
CAT-7158,Desatascador De Tuberias Atascos Dificiles Turbo 5 Min Wc Net 1 L,Sin categoría,Mercadona,"Aceite de oliva 0,4º Hacendado",Carrefour,Desatascador De Tuberias Atascos Dificiles Turbo 5 Min Wc Net 1 L
CAT-7135,Vermut Monte Esquinza Rojo 1 L,Bebidas,Mercadona,Crema limpiadora Vitrocerámicas Vitroclen 5 en 1,Carrefour,Vermut Monte Esquinza Rojo 1 L
CAT-7288,Champu Suavidad Aroma A Rosas Herbal Essences 350 Ml ,Cuidado personal e Higiene,Mercadona,Cacao en polvo a la taza Hacendado,DIA,Champú suavidad aroma a rosas Herbal Essences 350 ml
CAT-7144,Vino Tinto De Francia Ac Bordeaux Grand Moment 75 Cl,Bebidas,Mercadona,"Aceite de oliva 0,4º Hacendado",Carrefour,Vino Tinto De Francia Ac Bordeaux Grand Moment 75 Cl
CAT-7134,Almohadilla De Gel Para La Terapia Del Frio Y Del Calor Farmamed 1 Ud,Cuidado personal e Higiene,Mercadona,"Aceite de oliva 0,4º Hacendado",Carrefour,Almohadilla De Gel Para La Terapia Del Frio Y Del Calor Farmamed 1 Ud
CAT-7175,Papel Cuadrado Especial Para Freidoras De Aire Ecofami 50 Ud,Sin categoría,Mercadona,"Aceite de oliva 0,4º Hacendado",Carrefour,Papel Cuadrado Especial Para Freidoras De Aire Ecofami 50 Ud
CAT-7176,Papel Rectangular Especial Para Freidoras De Aire Ecofami 50 Ud,Sin categoría,Mercadona,"Aceite de oliva 0,4º Hacendado",Carrefour,Papel Rectangular Especial Para Freidoras De Aire Ecofami 50 Ud
CAT-7357,Pan Rebanado Hogaza 500 G,Panadería y Pastelería,Mercadona,"Bebida láctea desnatada sabor fresa y plátano +Proteínas Hacendado 0% MG 0% azúcares añadidos 17,4 g proteínas",Carrefour,Pan Rebanado Hogaza 500 G
CAT-7165,Jabon De Manos Hidratante Con Proteccion Total Contra Agentes Externos Sanytol 250 Ml,Cuidado personal e Higiene,Mercadona,Bebida láctea Omega 3 Puleva con leche desnatada,Carrefour,Jabon De Manos Hidratante Con Proteccion Total Contra Agentes Externos Sanytol 250 Ml
CAT-7380,Compresas Ultra Finas Normal Con Alas 28 Ud,Cuidado personal e Higiene,Mercadona,"Leche corporal nutritiva Nivea con ácido hialurónico, aceite de almendras y sérum de nutrición profunda",Carrefour,Compresas Ultra Finas Normal Con Alas 28 Ud
CAT-7132,Gel De Ducha Neutro Hidratante Sanex 600 Ml,Cuidado personal e Higiene,Mercadona,Aceite de oliva 1º Hacendado,Carrefour,Gel De Ducha Neutro Hidratante Sanex 600 Ml
CAT-7111,Dentifrico Con Fluor De Uso Diario Blanqueante Diario Parodontax 75 Ml,Cuidado personal e Higiene,Mercadona,"Aceite de oliva 0,4º Hacendado",Carrefour,Dentifrico Con Fluor De Uso Diario Blanqueante Diario Parodontax 75 Ml
CAT-6923,Gel Dentifrico Antiplaca Y Anticaries Frescor Prolongado Con Fluor Lacer Fresh 125 Ml,Cuidado personal e Higiene,Mercadona,Bebida láctea Omega 3 Puleva con leche desnatada,Carrefour,Gel Dentifrico Antiplaca Y Anticaries Frescor Prolongado Con Fluor Lacer Fresh 125 Ml
CAT-7049,Dentifrico Herbal Fresh Parodontax Pack De 2 Unidades De 75 Ml,Cuidado personal e Higiene,Mercadona,"Aceite de oliva 0,4º Hacendado",Carrefour,Dentifrico Herbal Fresh Parodontax Pack De 2 Unidades De 75 Ml
CAT-7110,Dentifrico Con Fluor De Uso Diario Frescor Diario Parodontax 75 Ml,Cuidado personal e Higiene,Mercadona,"Aceite de oliva 0,4º Hacendado",Carrefour,Dentifrico Con Fluor De Uso Diario Frescor Diario Parodontax 75 Ml
CAT-7131,Gel De Ducha Neutro Hidratante Sanex 850 Ml,Cuidado personal e Higiene,Mercadona,Aceite de oliva 1º Hacendado,Carrefour,Gel De Ducha Neutro Hidratante Sanex 850 Ml
CAT-7275,Chapatta Cristal Kornspitz 2 Unidades De 93 G,Sin categoría,Mercadona,"Aceite de oliva 0,4º Hacendado",Carrefour,Chapatta Cristal Kornspitz 2 Unidades De 93 G
CAT-7164,Burgers De Proteina De Soja Y Guisantes Con Especias Ultracongeladas Green Cuisine Findus 209 G,Despensa,Mercadona,Bebida láctea Omega 3 Puleva con leche desnatada,Carrefour,Burgers De Proteina De Soja Y Guisantes Con Especias Ultracongeladas Green Cuisine Findus 209 G
CAT-7173,Bagels Clasico Bimbo 4 Ud,Panadería y Pastelería,Mercadona,Polvos voluminizador para el cabello Volum Fix Deliplus mate fijación 4,Carrefour,Bagels Clasico Bimbo 4 Ud
CAT-7304,Mini Hamburguesas De Pollo 200 G,Carnicería y Charcutería,Mercadona,Aceite de oliva virgen extra Hacendado Gran Selección,Carrefour,Mini Hamburguesas De Pollo 200 G
CAT-7279,Filetes De Merluza Al Huevo Pescanova Sin Gluten 400 G,Pescadería,Mercadona,"Aceite de oliva 0,4º Hacendado",Carrefour,Filetes De Merluza Al Huevo Pescanova Sin Gluten 400 G
CAT-7312,Suizos 4 Ud,Sin categoría,Mercadona,Polvos voluminizador para el cabello Volum Fix Deliplus mate fijación 4,Carrefour,Suizos 4 Ud
CAT-7294,Ajo Circulo De Calidad 250 G,Frutas y Verduras,Mercadona,Aceite de oliva virgen extra Hacendado Gran Selección,Carrefour,Ajo Circulo De Calidad 250 G
CAT-7478,Arepa De Maiz Amarillo Goya Sin Gluten 450 G,Panadería y Pastelería,Mercadona,Aceite de oliva 1º Hacendado,Carrefour,Arepa De Maiz Amarillo Goya Sin Gluten 450 G
CAT-7607,Lavavajillas A Mano Poder 3En1 Limon Spray  Recarga Fairy 1000 Ml ,Hogar,Mercadona,Cacao en polvo a la taza Hacendado,Carrefour,Lavavajillas A Mano Poder 3En1 Limon Spray  Recarga Fairy 1000 Ml 
CAT-5941,Preparado Lacteo Infantil De Crecimiento Desde 3 Anos Con Galleta Maria Nestle Nativa Crecimiento Junior Brik 1 L,Desayuno y Snack,Mercadona,Bebida láctea Omega 3 Puleva con leche desnatada,Carrefour,Preparado Lacteo Infantil De Crecimiento Desde 3 Anos Con Galleta Maria Nestle Nativa Crecimiento Junior Brik 1 L
CAT-7789,Ambientador Electrico Frescor De Abril 3Volution Recambio Ambi Pur 1 Ud,Hogar,Mercadona,"Aceite de oliva 0,4º Hacendado",Carrefour,Ambientador Electrico Frescor De Abril 3Volution Recambio Ambi Pur 1 Ud
CAT-7798,Bebida Funcional Antiox Granada Juver Sin Azucar Anadida 1 L,Despensa,Mercadona,Spaghetti sin gluten Felicia,Carrefour,Bebida Funcional Antiox Granada Juver Sin Azucar Anadida 1 L
CAT-6540,Pienso Esterilizado De Salmon Para Gatos Adultos Ultima Pro  375 G,Pescadería,Mercadona,"Aceite de oliva 0,4º Hacendado",Carrefour,Pienso Esterilizado De Salmon Para Gatos Adultos Ultima Pro  375 G
CAT-7273,Bolsita De Fresa Y Manzana Desde 6 Meses Nestle Yogolino Sin Gluten Y Sin Azucar Anadido 100 G,Despensa,Mercadona,"Aceite de oliva 0,4º Hacendado",Alcampo,YOGOLINO Bolsita de fruta (manzana y fresa) para bebés a partir de 6 meses YOGOLINO de Nestle 100 g.
CAT-7827,Cerveza Estrella Galicia Especial Pack De 10 Latas 33 Cl,Bebidas,Mercadona,"Aceite de oliva 0,4º Hacendado",Carrefour,Cerveza Estrella Galicia Especial Pack De 10 Latas 33 Cl
CAT-7301,Preparado Lacteo Infantil De Crecimiento Desde 3 Anos Con Cereales Nestle Nativa Junior Brik 1 L,Sin categoría,Mercadona,Bebida láctea Omega 3 Puleva con leche desnatada,Carrefour,Preparado Lacteo Infantil De Crecimiento Desde 3 Anos Con Cereales Nestle Nativa Junior Brik 1 L
CAT-7299,Postre Lacteo Natural Desde 6 Meses Nestle Yogolino Sin Gluten Y Sin Azucar Anadido Pack De 4 Unidades De 100 G,Despensa,Mercadona,"Aceite de oliva 0,4º Hacendado",Alcampo,YOGOLINO Postre lácteo natural sin azúcares añadidos especial para niños desde 6 meses YOGOLINO de Nestlé 4 x 100 g.
CAT-7324,Pants Dodot T6 14 19 Kg 54 Ud,Bebes,Mercadona,Pañal bebé braguita talla L de 12-18 kg Deliplus,Carrefour,Pants Dodot T6 14 19 Kg 54 Ud
CAT-7367,Lavavajillas A Maquina Platinum Plus Pastillas Todo En Uno Fairy 71 Ud,Hogar,Mercadona,Clavo en grano Hacendado,Carrefour,Lavavajillas A Maquina Platinum Plus Pastillas Todo En Uno Fairy 71 Ud
CAT-7830,Filetes De Vacuno Marinados El Mercado 500 G Aprox,Carnicería y Charcutería,Mercadona,"Aceite de oliva 0,4º Hacendado",Carrefour,Filetes De Vacuno Marinados El Mercado 500 G Aprox
CAT-7401,Galletitas Infantiles Animales Desde 12 Meses Ecologicas Hero Solo 100 G,Sin categoría,Mercadona,"Bebida láctea desnatada sabor fresa y plátano +Proteínas Hacendado 0% MG 0% azúcares añadidos 17,4 g proteínas",Carrefour,Galletitas Infantiles Animales Desde 12 Meses Ecologicas Hero Solo 100 G
CAT-7882,Limon El Mercado Malla De 15 Kg,Sin categoría,Mercadona,Aceite de oliva virgen extra Hacendado Gran Selección,Carrefour,Limon El Mercado Malla De 15 Kg
CAT-7396,Vitakraft Barritas Para Periquitos De Albaricoque  Higo,Mascotas,Mercadona,"Aceite de oliva 0,4º Hacendado",Carrefour,Vitakraft Barritas Para Periquitos De Albaricoque  Higo
CAT-7427,Espinacas Al Ajillo Findus 450 G,Sin categoría,Mercadona,"Bebida láctea desnatada sabor fresa y plátano +Proteínas Hacendado 0% MG 0% azúcares añadidos 17,4 g proteínas",Carrefour,Espinacas Al Ajillo Findus 450 G
CAT-7440,Papilla Infantil Desde 6 Meses 8 Cereales Con Galleta Maria Nestle Sin Azucar Anadido 725 G,Despensa,Mercadona,Bebida láctea Omega 3 Puleva con leche desnatada,Carrefour,Papilla Infantil Desde 6 Meses 8 Cereales Con Galleta Maria Nestle Sin Azucar Anadido 725 G
CAT-7764,Galletas De Barquillo Rellenas De Crema De Chocolate Zero Gullon Sin Azucares 180 G,Despensa,Mercadona,"Aceite de oliva 0,4º Hacendado",Carrefour,Galletas De Barquillo Rellenas De Crema De Chocolate Zero Gullon Sin Azucares 180 G
CAT-7883,Vino Tinto Tempranillo Tinta Fina Vina Pedrosa Coleccion Barricas Do Ribera Del Duero 75 Cl,Bebidas,Mercadona,Licor dulce Amaretto Del Patriarca,Carrefour,Vino Tinto Tempranillo Tinta Fina Vina Pedrosa Coleccion Barricas Do Ribera Del Duero 75 Cl
CAT-7638,Lavavajillas A Mano Maxpower Fairy 730 Ml,Hogar,Mercadona,Cerdo a tacos,Carrefour,Lavavajillas A Mano Maxpower Fairy 730 Ml
CAT-7944,Palillos Redondos Torneados De Madera Unic De 550 Piezas,Sin categoría,Mercadona,"Aceite de oliva 0,4º Hacendado",Carrefour,Palillos Redondos Torneados De Madera Unic De 550 Piezas
CAT-7559,Limpiacristales Con Amoniaco Cristasol 1 L,Hogar,Mercadona,"Leche corporal nutritiva Nivea con ácido hialurónico, aceite de almendras y sérum de nutrición profunda",Carrefour,Limpiacristales Con Amoniaco Cristasol 1 L
CAT-7490,Gel Limpiador Facial Al Agua Hidro Boost Neutrogena Pack De 2 Unidades De 200 Ml,Hogar,Mercadona,"Aceite de oliva 0,4º Hacendado",Carrefour,Gel Limpiador Facial Al Agua Hidro Boost Neutrogena Pack De 2 Unidades De 200 Ml
CAT-7645,Champu Recien Nacido Mustela 150 Ml,Cuidado personal e Higiene,Mercadona,Biberón 150 ml tetina silicona flujo lento Deliplus +0 meses,Carrefour,Champu Recien Nacido Mustela 150 Ml
CAT-7746,Gel Champu Felices Suenos Denenes 600 Ml,Cuidado personal e Higiene,Mercadona,Gel de baño granada y frutos silvestres Deliplus piel normal,Carrefour,Gel Champu Felices Suenos Denenes 600 Ml
CAT-7615,Cava Castell Del Llac Semi Seco 75 Cl,Bebidas,Mercadona,Filetes de caballa del sur contenido reducido en sal Hacendado en aceite de oliva,Carrefour,Cava Castell Del Llac Semi Seco 75 Cl
CAT-7768,Snacks Blue Heat Takis 130 G,Sin categoría,Mercadona,"Bebida láctea desnatada sabor fresa y plátano +Proteínas Hacendado 0% MG 0% azúcares añadidos 17,4 g proteínas",DIA,Snack blue heat Takis 80 g
CAT-7613,Pasta Plumas Gallo 400 G,Despensa,Mercadona,Pasta tiburón Mac & Cheese Hacendado con salsa de queso,DIA,Plumas N.º 6 Gallo 400 g
CAT-7567,Cordon Bleu De Carne De Pechuga De Pollo Con Fiambre De Pavo Y Queso El Mercado 260 G,Lácteos y Huevos,Mercadona,Bebida láctea Omega 3 Puleva con leche desnatada,Carrefour,Cordon Bleu De Carne De Pechuga De Pollo Con Fiambre De Pavo Y Queso El Mercado 260 G
CAT-7751,Seda Dental Suave Con Fluor Y Menta Vitis 50 Metros,Cuidado personal e Higiene,Mercadona,"Leche corporal nutritiva Nivea con ácido hialurónico, aceite de almendras y sérum de nutrición profunda",Carrefour,Seda Dental Suave Con Fluor Y Menta Vitis 50 Metros
CAT-7868,Cepillo De Dientes Medio 360 Deep Clean Colgate 1 Ud,Cuidado personal e Higiene,Mercadona,"Aceite de oliva 0,4º Hacendado",Carrefour,Cepillo De Dientes Medio 360 Deep Clean Colgate 1 Ud
CAT-7896,Cepillo De Dientes Pro Clean Oral B 2 Ud,Cuidado personal e Higiene,Mercadona,Mostaza de Dijon Hacendado,Carrefour,Cepillo De Dientes Pro Clean Oral B 2 Ud
CAT-7927,Dentifrico Prevencion Del Sarro Advanced Oral B 75 Ml,Cuidado personal e Higiene,Mercadona,Licor dulce Amaretto Del Patriarca,Carrefour,Dentifrico Prevencion Del Sarro Advanced Oral B 75 Ml
CAT-7752,Cepillo Dental Suave Vitis 1 Ud,Cuidado personal e Higiene,Mercadona,Crema limpiadora Vitrocerámicas Vitroclen 5 en 1,Carrefour,Cepillo Dental Suave Vitis 1 Ud
CAT-7754,Cepillo Dental Junior Cabezal Pequeno Vitis 1 Ud,Cuidado personal e Higiene,Mercadona,Vela de cumpleaños 1 Hacendado,Carrefour,Cepillo Dental Junior Cabezal Pequeno Vitis 1 Ud
CAT-7518,Neceser Nenuco Elefante Gel De Ducha 200 Ml Y Agua De Colonia 200 Ml,Cuidado personal e Higiene,Mercadona,"Aceite de oliva 0,4º Hacendado",Carrefour,Neceser Nenuco Elefante Gel De Ducha 200 Ml Y Agua De Colonia 200 Ml
CAT-7578,Detergente A Maquina En Capsulas Frescor Alpino Ariel Pods 60 Lavados,Hogar,Mercadona,Clavo en grano Hacendado,Carrefour,Detergente A Maquina En Capsulas Frescor Alpino Ariel Pods 60 Lavados
CAT-7636,Pizza Marinara Italpizza 375 G,Congelados,Mercadona,"Bebida láctea desnatada sabor fresa y plátano +Proteínas Hacendado 0% MG 0% azúcares añadidos 17,4 g proteínas",Carrefour,Pizza Marinara Italpizza 375 G
CAT-7637,Pizza Grillfest Ltalpizza 535 G,Congelados,Mercadona,"Bebida láctea desnatada sabor fresa y plátano +Proteínas Hacendado 0% MG 0% azúcares añadidos 17,4 g proteínas",Carrefour,Pizza Grillfest Ltalpizza 535 G
CAT-7510,Set 50 Moldes De Papel Para Freidora De Aire Redondo 20X45 Cm Masterpro Foodies ,Sin categoría,Mercadona,"Aceite de oliva 0,4º Hacendado",Carrefour,Set 50 Moldes De Papel Para Freidora De Aire Redondo 20X45 Cm Masterpro Foodies 
CAT-7595,Apositos Gasa Algodon 20X20 Cm Loto Caja 20 Ud,Cuidado personal e Higiene,Mercadona,Bebida láctea desnatada sabor stracciatella +Proteínas Hacendado 0% azúcares añadidos 20 g proteínas,Carrefour,Apositos Gasa Algodon 20X20 Cm Loto Caja 20 Ud
CAT-7587,Seta Ostra Cultivada Circulo De Calidad 300 G Aprox,Sin categoría,Mercadona,"Aceite de oliva 0,4º Hacendado",Carrefour,Seta Ostra Cultivada Circulo De Calidad 300 G Aprox
CAT-7497,Kebab De Pollo Simons Food Sin Gluten 350 G,Carnicería y Charcutería,Mercadona,Aceite de oliva 1º Hacendado,Carrefour,Kebab De Pollo Simons Food Sin Gluten 350 G
CAT-7507,Set 50 Moldes De Papel Para Freidora De Aire Redondo 16X45 Cm Masterpro Foodies,Sin categoría,Mercadona,"Aceite de oliva 0,4º Hacendado",Carrefour,Set 50 Moldes De Papel Para Freidora De Aire Redondo 16X45 Cm Masterpro Foodies
CAT-7593,Tinte Classic 7N Rubio Farmatint 1 Ud,Sin categoría,Mercadona,Detergente ropa todo en 1 frescor floral Ariel Pods en cápsulas,Carrefour,Tinte Classic 7N Rubio Farmatint 1 Ud
CAT-7761,Colutorio Par El Mal Aliento Halita 500 Ml,Cuidado personal e Higiene,Mercadona,Polvos voluminizador para el cabello Volum Fix Deliplus mate fijación 4,Carrefour,Colutorio Par El Mal Aliento Halita 500 Ml
CAT-7596,Gasa Esteril Loto 20 Ud,Cuidado personal e Higiene,Mercadona,Molde de papel Bosque Verde para freidora de aire 20 cm,Carrefour,Gasa Esteril Loto 20 Ud
CAT-7774,Enjuague Bucal Antiseptico Oraldine 200 Ml,Cuidado personal e Higiene,Mercadona,Polvo compacto perfeccionador efecto seda Deliplus 200 beige rosado,Carrefour,Enjuague Bucal Antiseptico Oraldine 200 Ml
CAT-7784,Dentifrico Proteccion Caries Maximum Caries Protection Colgate Pack De 2 Unidades De 75 Ml,Cuidado personal e Higiene,Mercadona,"Aceite de oliva 0,4º Hacendado",Carrefour,Dentifrico Proteccion Caries Maximum Caries Protection Colgate Pack De 2 Unidades De 75 Ml
CAT-7614,Cava Castell Del Llac Brut Do Cava 75 Cl,Bebidas,Mercadona,Vino tinto tempranillo Cepas Viejas Señorío de los Llanos DO Valdepeñas,Carrefour,Cava Castell Del Llac Brut Do Cava 75 Cl
CAT-7619,Apositos Juanetes Compeed 5 Ud,Cuidado personal e Higiene,Mercadona,Crema limpiadora Vitrocerámicas Vitroclen 5 en 1,Carrefour,Apositos Juanetes Compeed 5 Ud
CAT-7647,Locion Mustela 750 Ml,Sin categoría,Mercadona,Biberón 150 ml tetina silicona flujo lento Deliplus +0 meses,Carrefour,Locion Mustela 750 Ml
CAT-7621,Apositos Ampollas Pequenas Compeed 6 Ud,Cuidado personal e Higiene,Mercadona,Maquinilla de afeitar recargable Deliplus Precision System 6 hojas,Carrefour,Apositos Ampollas Pequenas Compeed 6 Ud
CAT-7658,Bolsita De Cereza Acai Y Amaranto Desde 8 Meses Ecologico Smileat Sin Gluten 100 G,Frutas y Verduras,Mercadona,"Aceite de oliva 0,4º Hacendado",Carrefour,Bolsita De Cereza Acai Y Amaranto Desde 8 Meses Ecologico Smileat Sin Gluten 100 G
CAT-6786,Desodorante En Spray Natural 24H Heno De Pravia 200 Ml,Cuidado personal e Higiene,Mercadona,"Aceite de oliva 0,4º Hacendado",Carrefour,Desodorante En Spray Natural 24H Heno De Pravia 200 Ml
CAT-7821,Quitamanchas Oxi Action Vanish 480 G,Hogar,Mercadona,"Bebida láctea desnatada sabor fresa y plátano +Proteínas Hacendado 0% MG 0% azúcares añadidos 17,4 g proteínas",Carrefour,Quitamanchas Oxi Action Vanish 480 G
CAT-8172,Desodorante En Spray Para Los Pies Y Calzado Devor Olor 150 Ml,Cuidado personal e Higiene,Mercadona,Clavo en grano Hacendado,Carrefour,Desodorante En Spray Para Los Pies Y Calzado Devor Olor 150 Ml
CAT-7934,Pizza De Champinones Y Jamon Cocido Buitoni 375 G,Congelados,Mercadona,"Aceite de oliva 0,4º Hacendado",Carrefour,Pizza De Champinones Y Jamon Cocido Buitoni 375 G
CAT-8429,Desodorante En Spray Invisible Ice Fresh Rexona Men Pack De 2 Unidades De 200 Ml,Cuidado personal e Higiene,Mercadona,"Aceite de oliva 0,4º Hacendado",Carrefour,Desodorante En Spray Invisible Ice Fresh Rexona Men Pack De 2 Unidades De 200 Ml
CAT-4614,Colutorio Diario Cuidado De Las Encias Menta Suave 0 Alcohol Parodontax 500 Ml,Cuidado personal e Higiene,Mercadona,"Aceite de oliva 0,4º Hacendado",Carrefour,Colutorio Diario Cuidado De Las Encias Menta Suave 0 Alcohol Parodontax 500 Ml
CAT-7964,Pizza Double Salamino La Bomba Italpizza 465 G,Congelados,Mercadona,Cacao en polvo a la taza Valor,Carrefour,Pizza Double Salamino La Bomba Italpizza 465 G
CAT-7956,Lomos De Salmon Congelado Dimar 230 G,Pescadería,Mercadona,Vino tinto tempranillo Cepas Viejas Señorío de los Llanos DO Valdepeñas,Carrefour,Lomos De Salmon Congelado Dimar 230 G
CAT-4617,Colutorio Diario Cuidado De Las Encias Frescor Intenso 0 Alcohol Parodontax 500 Ml,Cuidado personal e Higiene,Mercadona,"Aceite de oliva 0,4º Hacendado",Carrefour,Colutorio Diario Cuidado De Las Encias Frescor Intenso 0 Alcohol Parodontax 500 Ml
CAT-9880,Colutorio Anticaries Vitis 500 Ml,Cuidado personal e Higiene,Mercadona,Biberón 150 ml tetina silicona flujo lento Deliplus +0 meses,Carrefour,Colutorio Anticaries Vitis 500 Ml
CAT-9995,Limpia Maquinas Lavavajillas Antical Somat 3 Ud,Hogar,Mercadona,Maquinilla depilación recargable Gillette Venus Comfortglide Breeze 3 hojas,Carrefour,Limpia Maquinas Lavavajillas Antical Somat 3 Ud
CAT-6242,Colutorio Diario Formula De Accion Blanqueadora Con Fluor Sin Alcohol Sabor Citrus Lacer Blanc 500 Ml,Cuidado personal e Higiene,Mercadona,Bebida láctea Omega 3 Puleva con leche desnatada,Carrefour,Colutorio Diario Formula De Accion Blanqueadora Con Fluor Sin Alcohol Sabor Citrus Lacer Blanc 500 Ml
CAT-5399,Desodorante En Spray Pepino Advanced Care Dove 200 Ml,Cuidado personal e Higiene,Mercadona,Clavo en grano Hacendado,DIA,Desodorante advanced care original Dove spray 200 ml
CAT-6580,Dentifrico Sensibilidad Y Blanqueamiento Pro Expert Oral B Pack De 2 Unidades De 75 Ml,Cuidado personal e Higiene,Mercadona,"Aceite de oliva 0,4º Hacendado",Carrefour,Dentifrico Sensibilidad Y Blanqueamiento Pro Expert Oral B Pack De 2 Unidades De 75 Ml
CAT-7822,Quitamanchas Blanqueador Gold Oxi Action Vanish 400 G,Hogar,Mercadona,"Bebida láctea desnatada sabor fresa y plátano +Proteínas Hacendado 0% MG 0% azúcares añadidos 17,4 g proteínas",Carrefour,Quitamanchas Blanqueador Gold Oxi Action Vanish 400 G
CAT-4847,Bolsita De Naranja Platano Pera Y Galleta Desde 12 Meses Hero Solo Sin Azucar Anadido Pack 4 Unidades De 100 G,Bebidas,Mercadona,"Aceite de oliva 0,4º Hacendado",Alcampo,"HERO Solo Bolsitas de fruta (naranja, plátano, pera) y galleta, a partir de 12 meses 4 x 100 g."
CAT-7112,Dentifrico Con Fluor De Uso Diario Complete Proteccion Original Parodontax 75 Ml,Cuidado personal e Higiene,Mercadona,Bebida láctea Omega 3 Puleva con leche desnatada,Carrefour,Dentifrico Con Fluor De Uso Diario Complete Proteccion Original Parodontax 75 Ml
CAT-7823,Quitamanchas Blanqueador Gold Oxi Action Vanish 960 G,Hogar,Mercadona,"Bebida láctea desnatada sabor fresa y plátano +Proteínas Hacendado 0% MG 0% azúcares añadidos 17,4 g proteínas",Carrefour,Quitamanchas Blanqueador Gold Oxi Action Vanish 960 G
CAT-6943,Galletas Doradas Al Horno Zero Gullon Sin Azucar 330 G,Despensa,Mercadona,Spaghetti sin gluten Felicia,Carrefour,Galletas Doradas Al Horno Zero Gullon Sin Azucar 330 G
CAT-7765,Gnocchi Con Verduras Y Pollo Cn Congelados De Navarra 600 G,Congelados,Mercadona,"Aceite de oliva 0,4º Hacendado",Carrefour,Gnocchi Con Verduras Y Pollo Cn Congelados De Navarra 600 G
CAT-7819,Filetes De Bacalao Congelados Dimar 360 G,Pescadería,Mercadona,Mostaza de Dijon Hacendado,Carrefour,Filetes De Bacalao Congelados Dimar 360 G
CAT-7894,Tiras Estilo Americano De Proteina De Guisante Y Trigo Green Cuisine Findus 210 G,Sin categoría,Mercadona,"Aceite de oliva 0,4º Hacendado",Carrefour,Tiras Estilo Americano De Proteina De Guisante Y Trigo Green Cuisine Findus 210 G
CAT-1002,Toallitas bebé pieles con tendencia atópica,Bebes,Mercadona,Toallitas bebé pieles con tendencia atópica Deliplus,Alcampo,"NESTLÉ Bolsita de fruta (mango, manzana) con zanahoria, para bebés a partir de 6 meses 90 g."
CAT-1006,Cerveza especial San Miguel,Bebidas,Mercadona,Cerveza especial San Miguel,Alcampo,BREKKIES Pienso para gatos a base de aves y verduras BREKKIES DELICIOUS 3 kg.
CAT-1006,Cerveza especial San Miguel,Bebidas,DIA,Cerveza San Miguel 33 cl,Alcampo,BREKKIES Pienso para gatos a base de aves y verduras BREKKIES DELICIOUS 3 kg.
CAT-7886,Pizza Jamon Y Queso Rustica Dr Oetker 545 G,Lácteos y Huevos,Mercadona,Fruta + leche caribe Don Simón sin azúcares añadidos y zero materia grasa,Carrefour,Pizza Jamon Y Queso Rustica Dr Oetker 545 G
CAT-7893,Nuggets De Proteina De Guisante Y Trigo Green Cuisine Findus 250 G,Congelados,Mercadona,"Aceite de oliva 0,4º Hacendado",Carrefour,Nuggets De Proteina De Guisante Y Trigo Green Cuisine Findus 250 G
CAT-7904,Soup Dumplings De Pollo Itsu 168 G,Carnicería y Charcutería,Mercadona,Aceite de oliva virgen extra Hacendado Gran Selección,Carrefour,Soup Dumplings De Pollo Itsu 168 G
CAT-7945,Fregona Con Tiras De Microfibra Vileda Super,Hogar,Mercadona,Aceite de oliva 1º Hacendado,Carrefour,Fregona Con Tiras De Microfibra Vileda Super
CAT-7139,Dentifrico De Uso Diario Que Previene El Sangrado Gingival Causado Por Encias Delicadas Y Gingivitis Gingilacer Pack De 2 Unidades De 125 Ml,Cuidado personal e Higiene,Mercadona,"Aceite de oliva 0,4º Hacendado",Carrefour,Dentifrico De Uso Diario Que Previene El Sangrado Gingival Causado Por Encias Delicadas Y Gingivitis Gingilacer Pack De 2 Unidades De 125 Ml
CAT-7897,Cepillo De Dientes Manual Pro 3Dwhite Clinica Oral B 1 Ud,Cuidado personal e Higiene,Mercadona,"Aceite de oliva 0,4º Hacendado",Carrefour,Cepillo De Dientes Manual Pro 3Dwhite Clinica Oral B 1 Ud
CAT-9279,Colutorio De Uso Diario Sin Alcohol Previene Caries Dental Lacer Fresh 500 Ml,Cuidado personal e Higiene,Mercadona,"Aceite de oliva 0,4º Hacendado",Carrefour,Colutorio De Uso Diario Sin Alcohol Previene Caries Dental Lacer Fresh 500 Ml
CAT-6406,Gel De Ducha Argan Natural Honey 650 Ml,Cuidado personal e Higiene,Mercadona,Mostaza de Dijon Hacendado,DIA,Gel de ducha elixir de argán Natural Honey 650 ml
CAT-7431,Jabon Original En Pastilla Para Cara Cuerpo Y Manos Dove Pack De 4 Unidades 90 G,Cuidado personal e Higiene,Mercadona,"Aceite de oliva 0,4º Hacendado",Carrefour,Jabon Original En Pastilla Para Cara Cuerpo Y Manos Dove Pack De 4 Unidades 90 G
CAT-8564,Gel De Ducha Marine Magno 550 Ml,Cuidado personal e Higiene,Mercadona,Aceite de oliva virgen extra Hacendado Gran Selección,Carrefour,Gel De Ducha Marine Magno 550 Ml
CAT-9309,Gel De Ducha Puro 0 Hidratante Hidrogenesse 800 Ml,Cuidado personal e Higiene,Mercadona,"Aceite de oliva 0,4º Hacendado",Carrefour,Gel De Ducha Puro 0 Hidratante Hidrogenesse 800 Ml
CAT-6051,Compresas Normal Con Alas Posparto Indasec Postpart 14 Ud,Cuidado personal e Higiene,Mercadona,"Leche corporal nutritiva Nivea con ácido hialurónico, aceite de almendras y sérum de nutrición profunda",Carrefour,Compresas Normal Con Alas Posparto Indasec Postpart 14 Ud
CAT-5742,Naranjada Natural Light Don Simon 15 L,Sin categoría,Mercadona,Fruta + leche caribe Don Simón sin azúcares añadidos y zero materia grasa,Carrefour,Naranjada Natural Light Don Simon 15 L
CAT-8265,Pizza Fresca De Jamon Con Perlas De Mozzarella De Lenta Fermentacion Casa Tarradellas 400 G,Lácteos y Huevos,Mercadona,Bebida láctea Omega 3 Puleva con leche desnatada,Carrefour,Pizza Fresca De Jamon Con Perlas De Mozzarella De Lenta Fermentacion Casa Tarradellas 400 G
CAT-8229,Ambientador De Armario Lavanda Ambar 1 Ud,Hogar,Mercadona,Mostaza de Dijon Hacendado,Carrefour,Ambientador De Armario Lavanda Ambar 1 Ud
CAT-7844,Pienso De Pollo Para Perros Adultos Pequenos Ultima 15 Kg,Carnicería y Charcutería,Mercadona,"Aceite de oliva 0,4º Hacendado",Carrefour,Pienso De Pollo Para Perros Adultos Pequenos Ultima 15 Kg
CAT-7873,Takitos Tako Loco Fripozo 250 G,Sin categoría,Mercadona,"Bebida láctea desnatada sabor fresa y plátano +Proteínas Hacendado 0% MG 0% azúcares añadidos 17,4 g proteínas",Carrefour,Takitos Tako Loco Fripozo 250 G
CAT-7898,Bolsa Reutilizable Caliente Y Frio Nescare 1 Ud,Sin categoría,Mercadona,Fruta + leche caribe Don Simón sin azúcares añadidos y zero materia grasa,Carrefour,Bolsa Reutilizable Caliente Y Frio Nescare 1 Ud
CAT-7908,Bolsita De Cacao Nesquik 110 G,Desayuno y Snack,Mercadona,Aceite de oliva virgen extra Hacendado Gran Selección,Carrefour,Bolsita De Cacao Nesquik 110 G
CAT-7928,Preparado Lacteo Infantil De Crecimiento Desde 3 Anos Nestle Junior Original Sin Gluten Y Sin Azucar Anadido Brik 1 L,Despensa,Mercadona,Bebida láctea Omega 3 Puleva con leche desnatada,Carrefour,Preparado Lacteo Infantil De Crecimiento Desde 3 Anos Nestle Junior Original Sin Gluten Y Sin Azucar Anadido Brik 1 L
CAT-7930,Tarrito De Crema De Verduras Desde 6 Meses Hero Solo Sin Gluten 190 G,Conservas y Enlatados,Mercadona,"Aceite de oliva 0,4º Hacendado",Carrefour,Tarrito De Crema De Verduras Desde 6 Meses Hero Solo Sin Gluten 190 G
CAT-7931,Tarrito De Crema De Zanahoria Y Calabaza Verduras Desde 6 Meses Hero Solo Sin Gluten 190 G,Conservas y Enlatados,Mercadona,"Aceite de oliva 0,4º Hacendado",Carrefour,Tarrito De Crema De Zanahoria Y Calabaza Verduras Desde 6 Meses Hero Solo Sin Gluten 190 G
CAT-7966,Emulsion Roll On Cbd Forte Fisionatur 75 Ml,Sin categoría,Mercadona,Preservativos natural On,Carrefour,Emulsion Roll On Cbd Forte Fisionatur 75 Ml
CAT-7970,Preparado Alimenticio Vegetal Congelado Con Sabor A Pollo Valsoia 200 G,Carnicería y Charcutería,Mercadona,Bebida láctea semidesnatada con fibra Hacendado,Carrefour,Preparado Alimenticio Vegetal Congelado Con Sabor A Pollo Valsoia 200 G
CAT-8002,Arroz Integral Para Microondas Brillante Pack De 2 Unidades De 125 G,Despensa,Mercadona,"Aceite de oliva 0,4º Hacendado",DIA,Vasos de arroz integral con quinoa Brillante 2 x 125 g
CAT-8031,Bolsas De Basura Resistente Antigoteo 100 Reciclado 50L 8 Ud Handy Bag,Hogar,Mercadona,"Aceite de oliva 0,4º Hacendado",Carrefour,Bolsas De Basura Resistente Antigoteo 100 Reciclado 50L 8 Ud Handy Bag
CAT-8032,Bolsas De Basura Resistente Y Antigoteo 100 Reciclado Handy Bag 30L 20 Uds,Hogar,Mercadona,"Aceite de oliva 0,4º Hacendado",Carrefour,Bolsas De Basura Resistente Y Antigoteo 100 Reciclado Handy Bag 30L 20 Uds
CAT-8033,Bolsas De Basura Reciclaje Envases 100 Reciclado 30L 12 Ud Handy Bag,Hogar,Mercadona,"Aceite de oliva 0,4º Hacendado",Carrefour,Bolsas De Basura Reciclaje Envases 100 Reciclado 30L 12 Ud Handy Bag
CAT-7994,Comida Humeda Finas Lonchas De Pollo Para Gato Adulto Purina Gourmet Diamant 85 G,Carnicería y Charcutería,Mercadona,"Aceite de oliva 0,4º Hacendado",Carrefour,Comida Humeda Finas Lonchas De Pollo Para Gato Adulto Purina Gourmet Diamant 85 G
CAT-8011,Pienso De Pollo Para Perros Senior Medianos Y Grandes Ultima 3 Kg,Carnicería y Charcutería,Mercadona,"Aceite de oliva 0,4º Hacendado",Carrefour,Pienso De Pollo Para Perros Senior Medianos Y Grandes Ultima 3 Kg
CAT-8018,Pienso Esterilizado De Pollo Para Gato Senior Ultima Cat 25 Kg,Carnicería y Charcutería,Mercadona,"Aceite de oliva 0,4º Hacendado",Carrefour,Pienso Esterilizado De Pollo Para Gato Senior Ultima Cat 25 Kg
CAT-8019,Pienso De Pollo Para Gato Adulto Ultima 25 Kg,Carnicería y Charcutería,Mercadona,"Aceite de oliva 0,4º Hacendado",Carrefour,Pienso De Pollo Para Gato Adulto Ultima 25 Kg
CAT-8007,Pienso De Buey Para Perros Brekkies Mix Excel 15 Kg,Mascotas,Mercadona,"Aceite de oliva 0,4º Hacendado",Carrefour,Pienso De Buey Para Perros Brekkies Mix Excel 15 Kg
CAT-8024,Pienso De Buey Para Perro Mini Adulto Ultima Dog 25 Kg,Mascotas,Mercadona,"Aceite de oliva 0,4º Hacendado",Carrefour,Pienso De Buey Para Perro Mini Adulto Ultima Dog 25 Kg
CAT-8063,Complemento Vitaminico Con Coenzima Q10 Supradyn Activo Bayer 30 Ud,Sin categoría,Mercadona,"Leche corporal nutritiva Nivea con ácido hialurónico, aceite de almendras y sérum de nutrición profunda",Carrefour,Complemento Vitaminico Con Coenzima Q10 Supradyn Activo Bayer 30 Ud
CAT-8184,Brandy De Jerez Solera Reserva Altorreal 70 Cl,Bebidas,Mercadona,"Aceite de oliva 0,4º Hacendado",Carrefour,Brandy De Jerez Solera Reserva Altorreal 70 Cl
CAT-8046,Cerveza 1906 Red Vintage La Colorada Lata 33 Cl,Bebidas,Mercadona,Lomo asado La Carloteña lonchas,Carrefour,Cerveza 1906 Red Vintage La Colorada Lata 33 Cl
CAT-8181,Gel Limpiador Hidratante Cerave 473 Ml,Hogar,Mercadona,Gel de baño granada y frutos silvestres Deliplus piel normal,Carrefour,Gel Limpiador Hidratante Cerave 473 Ml
CAT-8285,Panuelos Cubo Collection Kleenex Caja De 48 Ud,Sin categoría,Mercadona,"Aceite de oliva 0,4º Hacendado",Carrefour,Panuelos Cubo Collection Kleenex Caja De 48 Ud
CAT-8140,Pizza Grillfest Italpizza 425 G,Congelados,Mercadona,"Bebida láctea desnatada sabor fresa y plátano +Proteínas Hacendado 0% MG 0% azúcares añadidos 17,4 g proteínas",Carrefour,Pizza Grillfest Italpizza 425 G
CAT-8059,Pienso De Buey Para Perros Adultos Brekkies Excel Delicious 3 Kg,Mascotas,Mercadona,"Aceite de oliva 0,4º Hacendado",Carrefour,Pienso De Buey Para Perros Adultos Brekkies Excel Delicious 3 Kg
CAT-8078,Set De 30 Platos De Carton 23 Cm Smart   Blanco,Sin categoría,Mercadona,"Aceite de oliva 0,4º Hacendado",Carrefour,Set De 30 Platos De Carton 23 Cm Smart   Blanco
CAT-8171,Gel Para El Alivio De Hemorroides Y Fisuras Anales Hemoclin 37 G,Sin categoría,Mercadona,"Aceite de oliva 0,4º Hacendado",Carrefour,Gel Para El Alivio De Hemorroides Y Fisuras Anales Hemoclin 37 G
CAT-8203,Polvo Gasificante Para Hornear  Royal Sin Gluten Pack De 6 Sobres De 16 G,Sin categoría,Mercadona,"Aceite de oliva 0,4º Hacendado",Carrefour,Polvo Gasificante Para Hornear  Royal Sin Gluten Pack De 6 Sobres De 16 G
CAT-8166,Pechuga De Pollo Cocida Asada Al Horno En Lonchas Naturarte Campofrio Sin Gluten Y Sin Lactosa 90 G,Carnicería y Charcutería,Mercadona,"Aceite de oliva 0,4º Hacendado",Carrefour,Pechuga De Pollo Cocida Asada Al Horno En Lonchas Naturarte Campofrio Sin Gluten Y Sin Lactosa 90 G
CAT-8357,Magreta Adobada El Mercado 330 G,Sin categoría,Mercadona,Polvos voluminizador para el cabello Volum Fix Deliplus mate fijación 4,Carrefour,Magreta Adobada El Mercado 330 G
CAT-8035,Bolsas De Basura Fijacion Elastica 100 Reciclado 30L 12 Ud Handy Bag,Hogar,Mercadona,"Aceite de oliva 0,4º Hacendado",Carrefour,Bolsas De Basura Fijacion Elastica 100 Reciclado 30L 12 Ud Handy Bag
CAT-8310,Cerveza Tostada Estrella Galicia 00 Alcohol Pack 10 Latas De 33 Cl ,Bebidas,Mercadona,"Aceite de oliva 0,4º Hacendado",Carrefour,Cerveza Tostada Estrella Galicia 00 Alcohol Pack 10 Latas De 33 Cl 
CAT-8128,Salteado Verduras Receta Tradicional Findus Salteados 500 G,Sin categoría,Mercadona,"Bebida láctea desnatada sabor fresa y plátano +Proteínas Hacendado 0% MG 0% azúcares añadidos 17,4 g proteínas",Carrefour,Salteado Verduras Receta Tradicional Findus Salteados 500 G
CAT-8351,Pan Chapata 1 Ud,Panadería y Pastelería,Mercadona,Vela de cumpleaños 1 Hacendado,Carrefour,Pan Chapata 1 Ud
CAT-8160,Piccolinis Jamon Y Queso Buitoni 270 G,Lácteos y Huevos,Mercadona,Bebida láctea Omega 3 Puleva con nueces y leche desnatada,Carrefour,Piccolinis Jamon Y Queso Buitoni 270 G
CAT-8056,Ensalada De Salmon Ahumado Queso De Cabra Y Mango Krissia 160 G,Lácteos y Huevos,Mercadona,"Aceite de oliva 0,4º Hacendado",Carrefour,Ensalada De Salmon Ahumado Queso De Cabra Y Mango Krissia 160 G
CAT-8329,Preparado De Coco Natural Alpro Sin Gluten Y Sin Lactosa 350 G,Sin categoría,Mercadona,"Aceite de oliva 0,4º Hacendado",Carrefour,Preparado De Coco Natural Alpro Sin Gluten Y Sin Lactosa 350 G
CAT-7915,Colorante En Champu Negro Just For Men 30 Ml,Cuidado personal e Higiene,Mercadona,Clavo en grano Hacendado,Carrefour,Colorante En Champu Negro Just For Men 30 Ml
CAT-8051,Gyozas Con Sucedaneo De Angulas Y Ajo Vici 400 G,Congelados,Mercadona,"Aceite de oliva 0,4º Hacendado",Carrefour,Gyozas Con Sucedaneo De Angulas Y Ajo Vici 400 G
CAT-8324,Agua Mineral Natural Font Vella Con Toque De Sabor A Manzana Sin Azucar 115 L,Bebidas,Mercadona,Bebida láctea Omega 3 Puleva con leche desnatada,Carrefour,Agua Mineral Natural Font Vella Con Toque De Sabor A Manzana Sin Azucar 115 L
CAT-8054,Tarrito De Guisantes Tiernos Con Jamon Cocido Extra Desde 6 Meses Hero Solo Sin Gluten Pack De 6 Unidades De 190 G,Carnicería y Charcutería,Mercadona,Bebida láctea Omega 3 Puleva con leche desnatada,Carrefour,Tarrito De Guisantes Tiernos Con Jamon Cocido Extra Desde 6 Meses Hero Solo Sin Gluten Pack De 6 Unidades De 190 G
CAT-8050,Gambas Peladas Crudas Ultracongeladas Pescanova 240 G,Pescadería,Mercadona,"Bebida láctea desnatada sabor fresa y plátano +Proteínas Hacendado 0% MG 0% azúcares añadidos 17,4 g proteínas",Carrefour,Gambas Peladas Crudas Ultracongeladas Pescanova 240 G
CAT-8161,Agua Mineral Natural Font Vella Con Toque De Sabor A Limon Sin Azucar 115 L,Bebidas,Mercadona,Bebida láctea Omega 3 Puleva con leche desnatada,Alcampo,"FONT VELLA Agua mineral con un toque de sabor a limón botella 1,15 l."
CAT-8188,Galleta Rellena De Chocolate Con Leche Lotus Biscoff 150 G,Desayuno y Snack,Mercadona,"Aceite de oliva 0,4º Hacendado",Carrefour,Galleta Rellena De Chocolate Con Leche Lotus Biscoff 150 G
CAT-8254,Gel De Ducha Hidratante Protector Cuidado Experto Sanex 850 Ml,Cuidado personal e Higiene,Mercadona,"Aceite de oliva 0,4º Hacendado",Carrefour,Gel De Ducha Hidratante Protector Cuidado Experto Sanex 850 Ml
CAT-8252,Gel De Ducha Hidratante Piel Muy Seca Pro Hydrate Cuidado Experto Sanex 600 Ml,Cuidado personal e Higiene,Mercadona,"Aceite de oliva 0,4º Hacendado",Carrefour,Gel De Ducha Hidratante Piel Muy Seca Pro Hydrate Cuidado Experto Sanex 600 Ml
CAT-5338,Agua De Colonia Original Heno De Pravia 780 Ml,Cuidado personal e Higiene,Mercadona,"Aceite de oliva 0,4º Hacendado",DIA,Agua de colonia original Heno de Pravia 780 ml
CAT-8087,Champu Para Perros De Pelo Corto Kimbo Instinct 250 Ml,Cuidado personal e Higiene,Mercadona,"Aceite de oliva 0,4º Hacendado",Carrefour,Champu Para Perros De Pelo Corto Kimbo Instinct 250 Ml
CAT-8048,Baguette 1 Ud,Panadería y Pastelería,Mercadona,Vela de cumpleaños 1 Hacendado,Carrefour,Baguette 1 Ud
CAT-8083,Set 8 Vasos De Carton Doble Pared To Go 36 Cl Ripple Wall   Negro,Sin categoría,Mercadona,"Aceite de oliva 0,4º Hacendado",Carrefour,Set 8 Vasos De Carton Doble Pared To Go 36 Cl Ripple Wall   Negro
CAT-8073,Navaja Ultracongelada 400 G,Pescadería,Mercadona,"Bebida láctea desnatada sabor fresa y plátano +Proteínas Hacendado 0% MG 0% azúcares añadidos 17,4 g proteínas",Carrefour,Navaja Ultracongelada 400 G
CAT-8038,Champu Nutricion Profunda Con Aceite De Aguacate Y Manteca De Karite Garnier Original Remedies 400 Ml,Cuidado personal e Higiene,Mercadona,Bebida láctea Omega 3 Puleva con leche desnatada,Carrefour,Champu Nutricion Profunda Con Aceite De Aguacate Y Manteca De Karite Garnier Original Remedies 400 Ml
CAT-8049,Barra De Cereales 1 Ud,Panadería y Pastelería,Mercadona,Aceite de oliva virgen extra Hacendado Gran Selección,Carrefour,Barra De Cereales 1 Ud
CAT-8100,Comida Humeda En Salsa De Pescados Para Gatos Delices Du Jour Sheba 6 Sobres De 50 G,Despensa,Mercadona,"Aceite de oliva 0,4º Hacendado",Carrefour,Comida Humeda En Salsa De Pescados Para Gatos Delices Du Jour Sheba 6 Sobres De 50 G
CAT-8099,Comida Humeda En Gelatina Con Salmon Para Gatos Purina Gourmet Revelations 4X57 G,Pescadería,Mercadona,Bebida láctea Omega 3 Puleva con leche desnatada,Carrefour,Comida Humeda En Gelatina Con Salmon Para Gatos Purina Gourmet Revelations 4X57 G
CAT-8189,Aceite Capilar Protector De Queratina Con Vitamina E Repara  Protege Pantene Pro V 100 Ml,Cuidado personal e Higiene,Mercadona,Bebida láctea Omega 3 Puleva con leche desnatada,Carrefour,Aceite Capilar Protector De Queratina Con Vitamina E Repara  Protege Pantene Pro V 100 Ml
CAT-8114,Powerade Ice Storm Bebida Isotonica Botella 1 L,Bebidas,Mercadona,Vela de cumpleaños 1 Hacendado,Carrefour,Powerade Ice Storm Bebida Isotonica Botella 1 L
CAT-8177,Crema Renovadora De Pies Cerave 88 Ml,Sin categoría,Mercadona,Vino tinto tempranillo Cepas Viejas Señorío de los Llanos DO Valdepeñas,Carrefour,Crema Renovadora De Pies Cerave 88 Ml
CAT-8251,Gel De Ducha Dermo Pro Hydrate Hidratante Piel Muy Seca Biomeprotect Sanex 850 Ml,Cuidado personal e Higiene,Mercadona,"Aceite de oliva 0,4º Hacendado",Carrefour,Gel De Ducha Dermo Pro Hydrate Hidratante Piel Muy Seca Biomeprotect Sanex 850 Ml
CAT-8443,Tetina Fisiologicas Sx Pro De Silicona De Flujo Denso 6M Suavinex 2 Ud,Sin categoría,Mercadona,"Aceite de oliva 0,4º Hacendado",Carrefour,Tetina Fisiologicas Sx Pro De Silicona De Flujo Denso 6M Suavinex 2 Ud
CAT-8537,Tarrito De Ternera Con Patatas Y Zanahorias Desde Los 6 Meses Nutriben Potitos Sin Gluten 235 G,Carnicería y Charcutería,Mercadona,Bebida láctea Omega 3 Puleva con leche desnatada,Carrefour,Tarrito De Ternera Con Patatas Y Zanahorias Desde Los 6 Meses Nutriben Potitos Sin Gluten 235 G
CAT-4804,Comida Humeda Mousse De Pescado Del Oceano Para Gato Adulto Purina Gourmet Gold 85 G,Lácteos y Huevos,Mercadona,"Aceite de oliva 0,4º Hacendado",Carrefour,Comida Humeda Mousse De Pescado Del Oceano Para Gato Adulto Purina Gourmet Gold 85 G
CAT-6096,Cocktail De Frutos Secos Sin Cascara Frit Ravich Sin Gluten 160 G,Desayuno y Snack,Mercadona,"Aceite de oliva 0,4º Hacendado",Carrefour,Cocktail De Frutos Secos Sin Cascara Frit Ravich Sin Gluten 160 G
CAT-8129,Salteado De Verduras Receta Campestre Findus Salteados 500 G,Sin categoría,Mercadona,"Aceite de oliva 0,4º Hacendado",DIA,Salteado receta campestre Findus 500 g
CAT-8232,Ropa Interior Absorbente Nina Noche Drynites 8 13 Anos 30 48 Kg 13 Ud,Sin categoría,Mercadona,Pañales bebé talla 1 de 2-5 kg Dodot,Carrefour,Ropa Interior Absorbente Nina Noche Drynites 8 13 Anos 30 48 Kg 13 Ud
CAT-8227,Papilla Infantil Desde 6 Meses Gerber Multicereales Sin Azucar Anadido 510 G,Despensa,Mercadona,Spaghetti sin gluten Felicia,Carrefour,Papilla Infantil Desde 6 Meses Gerber Multicereales Sin Azucar Anadido 510 G
CAT-8193,Bombones Helados De Frambuesa Banada En Chocolate Blanco Y Negro Franui Sin Gluten 150 G,Congelados,Mercadona,"Aceite de oliva 0,4º Hacendado",Carrefour,Bombones Helados De Frambuesa Banada En Chocolate Blanco Y Negro Franui Sin Gluten 150 G
CAT-8215,Pienso De Pollo Para Gato Adulto Ultima Cat 75 Kg,Carnicería y Charcutería,Mercadona,"Aceite de oliva 0,4º Hacendado",Carrefour,Pienso De Pollo Para Gato Adulto Ultima Cat 75 Kg
CAT-8216,Pienso Esterilizado Bolas Pelo De Trucha Para Gatos Ultima 15 Kg,Pescadería,Mercadona,"Aceite de oliva 0,4º Hacendado",DIA,Alimento para gatos esterilizados anti bolas de pelo con trucha Ultima bolsa 1.5 Kg
CAT-8243,Tipp Ex Mini Bic Pocket Mouse 2Ud  Regalo 1 Ud,Sin categoría,Mercadona,Vela de cumpleaños 1 Hacendado,Carrefour,Tipp Ex Mini Bic Pocket Mouse 2Ud  Regalo 1 Ud
CAT-8244,Ropa Interior Absorbente Nina Noche Drynites 4 7 Anos 17 30 Kg 16 Ud,Sin categoría,Mercadona,Pañales bebé talla 1 de 2-5 kg Dodot,Carrefour,Ropa Interior Absorbente Nina Noche Drynites 4 7 Anos 17 30 Kg 16 Ud
CAT-8270,Chupete Con Tetina Anatomica Sx Pro De Silicona 0 6 Meses Suavinex 2 Ud,Sin categoría,Mercadona,"Aceite de oliva 0,4º Hacendado",Carrefour,Chupete Con Tetina Anatomica Sx Pro De Silicona 0 6 Meses Suavinex 2 Ud
CAT-8271,Pienso  Tracto Urinario De Pollo Y Verduras Para Gato Adulto Ultima Cat 750 G,Carnicería y Charcutería,Mercadona,"Aceite de oliva 0,4º Hacendado",Carrefour,Pienso  Tracto Urinario De Pollo Y Verduras Para Gato Adulto Ultima Cat 750 G
CAT-8294,Crujientes Cordon Bleu Valsoia 220 G,Sin categoría,Mercadona,"Bebida láctea desnatada sabor fresa y plátano +Proteínas Hacendado 0% MG 0% azúcares añadidos 17,4 g proteínas",Carrefour,Crujientes Cordon Bleu Valsoia 220 G
CAT-8275,Bolsita De Tutti Frutti Nestle Crazy Fruits Sin Azucar Anadido 110 G,Despensa,Mercadona,"Aceite de oliva 0,4º Hacendado",Carrefour,Bolsita De Tutti Frutti Nestle Crazy Fruits Sin Azucar Anadido 110 G
CAT-8298,Alitas De Pollo Marinadas Sabor Barbacoa La Cocinera 300 G,Carnicería y Charcutería,Mercadona,"Aceite de oliva 0,4º Hacendado",Carrefour,Alitas De Pollo Marinadas Sabor Barbacoa La Cocinera 300 G
CAT-8304,Comida Humeda Seleccion De Carnes Para Gatos Esterilizados Adultos Ultima 85X4 G,Mascotas,Mercadona,"Aceite de oliva 0,4º Hacendado",Carrefour,Comida Humeda Seleccion De Carnes Para Gatos Esterilizados Adultos Ultima 85X4 G
CAT-8327,Rejilla Para Freidora De Aire 3 Niveles En Acero Inoxidable Masterpro Foodies,Sin categoría,Mercadona,Bebida láctea Omega 3 Puleva con leche desnatada,Carrefour,Rejilla Para Freidora De Aire 3 Niveles En Acero Inoxidable Masterpro Foodies
CAT-8345,Gel Stick De Arnica Y Arpagofito Arnidol 15 Ml,Sin categoría,Mercadona,"Aceite de oliva 0,4º Hacendado",Carrefour,Gel Stick De Arnica Y Arpagofito Arnidol 15 Ml
CAT-8556,Leche Fermentada Con Levaduras Y Granulos De Kefir Nestle 375 G,Despensa,Mercadona,"Aceite de oliva 0,4º Hacendado",Carrefour,Leche Fermentada Con Levaduras Y Granulos De Kefir Nestle 375 G
CAT-8318,Pasta Con Salmon Salvaje Y Salsa De Hierbas Aromaticas Ecologico Hipp 250 G,Despensa,Mercadona,Bebida láctea Omega 3 Puleva con leche desnatada,Carrefour,Pasta Con Salmon Salvaje Y Salsa De Hierbas Aromaticas Ecologico Hipp 250 G
CAT-8341,Nuggets Con Queso Recetas Crujientes La Cocinera 350 G,Lácteos y Huevos,Mercadona,Lomo asado La Carloteña lonchas,Carrefour,Nuggets Con Queso Recetas Crujientes La Cocinera 350 G
CAT-8338,Bifidus Con Trozos De Pera Danone Activia Pack De 4 Unidades De 120 G,Lácteos y Huevos,Mercadona,"Aceite de oliva 0,4º Hacendado",DIA,Bífidus con pera Activia pack 4 x 120 g
CAT-8313,Pienso De Pollo Para Perro Mini Dream Excellence 15 Kg,Carnicería y Charcutería,Mercadona,"Aceite de oliva 0,4º Hacendado",Carrefour,Pienso De Pollo Para Perro Mini Dream Excellence 15 Kg
CAT-8291,Crema Desodorante Sin Pefume Gisle Denis 100 Ml,Cuidado personal e Higiene,Mercadona,Fruta + leche caribe Don Simón sin azúcares añadidos y zero materia grasa,Carrefour,Crema Desodorante Sin Pefume Gisle Denis 100 Ml
CAT-8312,Pienso De Salmon Para Perro Mediano Grande Dream Excellence 3 Kg,Pescadería,Mercadona,"Aceite de oliva 0,4º Hacendado",Carrefour,Pienso De Salmon Para Perro Mediano Grande Dream Excellence 3 Kg
CAT-8374,Parches Topicos Efecto Forte Alivium Cbd 6 Ud,Sin categoría,Mercadona,6 Panes de leche 3%,Carrefour,Parches Topicos Efecto Forte Alivium Cbd 6 Ud
CAT-8567,Pienso De Pollo Sin Cereales Con Frutas Y Verduras Para Perro Senior Miguau 3 Kg,Carnicería y Charcutería,Mercadona,Bebida láctea Omega 3 Puleva con leche desnatada,Carrefour,Pienso De Pollo Sin Cereales Con Frutas Y Verduras Para Perro Senior Miguau 3 Kg
CAT-8660,Uva Blanca Sin Pepitas El Mercado 500 G Aprox,Sin categoría,Mercadona,Fruta + leche caribe Don Simón sin azúcares añadidos y zero materia grasa,Carrefour,Uva Blanca Sin Pepitas El Mercado 500 G Aprox
CAT-8723,Aperitivo De Maiz Sweet Chilli Bits Doritos 80 G,Desayuno y Snack,Mercadona,"Aceite de oliva 0,4º Hacendado",DIA,Doritos Bits sweet chilli 40 g
CAT-8378,Cocktail De Frutos Secos Sin Cascara Frit Ravich Sin Gluten 300 G,Desayuno y Snack,Mercadona,"Aceite de oliva 0,4º Hacendado",Carrefour,Cocktail De Frutos Secos Sin Cascara Frit Ravich Sin Gluten 300 G
CAT-8403,Preparado Lacteo Infantil De Crecimiento Desde 24 Meses En Polvo Nestle Nidina 4 Lata 800 G,Sin categoría,Mercadona,"Aceite de oliva 0,4º Hacendado",Carrefour,Preparado Lacteo Infantil De Crecimiento Desde 24 Meses En Polvo Nestle Nidina 4 Lata 800 G
CAT-8570,Pienso De Salmon Sin Cereales Con Frutas Y Verduras Para Perro Adulto Miguau 15 Kg,Pescadería,Mercadona,Bebida láctea Omega 3 Puleva con leche desnatada,Carrefour,Pienso De Salmon Sin Cereales Con Frutas Y Verduras Para Perro Adulto Miguau 15 Kg
CAT-8381,Salchichas Jumbo De Queso Con Bacon Oscar Mayer Sin Gluten 335 G,Lácteos y Huevos,Mercadona,"Aceite de oliva 0,4º Hacendado",Carrefour,Salchichas Jumbo De Queso Con Bacon Oscar Mayer Sin Gluten 335 G
CAT-8626,Pechuga De Pavo Cocida Campofrio Natur Arte 105 G,Carnicería y Charcutería,Mercadona,"Aceite de oliva 0,4º Hacendado",Carrefour,Pechuga De Pavo Cocida Campofrio Natur Arte 105 G
CAT-8547,Snack De Mariscos Para Gato Churu 20X14 G,Pescadería,Mercadona,Mostaza de Dijon Hacendado,Carrefour,Snack De Mariscos Para Gato Churu 20X14 G
CAT-8748,Berlina Hoops Party 1 Ud,Sin categoría,Mercadona,Pañales bebé talla 1 de 2-5 kg Dodot,Carrefour,Berlina Hoops Party 1 Ud
CAT-8361,Colutorio Encias Vitis 500 Ml,Cuidado personal e Higiene,Mercadona,Biberón 150 ml tetina silicona flujo lento Deliplus +0 meses,Carrefour,Colutorio Encias Vitis 500 Ml
CAT-8406,Bolsita De Manzana Y Fresa Goodies Sin Azucar Pack 4 Unidades 100 G,Despensa,Mercadona,"Aceite de oliva 0,4º Hacendado",Carrefour,Bolsita De Manzana Y Fresa Goodies Sin Azucar Pack 4 Unidades 100 G
CAT-8426,Aperitivo De Maiz Risketos Risi Sin Gluten 120 G,Desayuno y Snack,Mercadona,"Aceite de oliva 0,4º Hacendado",Carrefour,Aperitivo De Maiz Risketos Risi Sin Gluten 120 G
CAT-8364,Comida Humeda De Carne Para Gato Adulto Perfect Fit 4X85 G,Mascotas,Mercadona,"Aceite de oliva 0,4º Hacendado",Carrefour,Comida Humeda De Carne Para Gato Adulto Perfect Fit 4X85 G
CAT-8358,Gasas Bebe Para Limpieza De Ojos Y Cara Dytas 100 Ud,Cuidado personal e Higiene,Mercadona,"Aceite de oliva 0,4º Hacendado",Carrefour,Gasas Bebe Para Limpieza De Ojos Y Cara Dytas 100 Ud
CAT-8386,Aposito Liquido Mimetik Beter 15 G,Cuidado personal e Higiene,Mercadona,"Bebida láctea desnatada sabor fresa y plátano +Proteínas Hacendado 0% MG 0% azúcares añadidos 17,4 g proteínas",Carrefour,Aposito Liquido Mimetik Beter 15 G
CAT-8407,Snacks Infantil Bbq Crocodile Puffs Goodies 30 G,Sin categoría,Mercadona,"Bebida láctea desnatada sabor fresa y plátano +Proteínas Hacendado 0% MG 0% azúcares añadidos 17,4 g proteínas",Carrefour,Snacks Infantil Bbq Crocodile Puffs Goodies 30 G
CAT-8424,Gusanitos Risi Sin Gluten 85 G,Desayuno y Snack,Mercadona,Fruta + leche caribe Don Simón sin azúcares añadidos y zero materia grasa,Carrefour,Gusanitos Risi Sin Gluten 85 G
CAT-8412,Leche Infantil De Continuacion Desde 6 Meses Puleva Peques 2 Brik 1 L,Bebes,Mercadona,"Aceite de oliva 0,4º Hacendado",Carrefour,Leche Infantil De Continuacion Desde 6 Meses Puleva Peques 2 Brik 1 L
CAT-8461,Panales Dodot Activity T5 12 17Kg 126 Ud ,Bebes,Mercadona,Postre lácteo natural +Proteínas Hacendado 0% MG 12 g proteínas,Carrefour,Panales Dodot Activity T5 12 17 Kg 48 Ud
CAT-8484,Panecillo 6 Semillas 1 Ud,Sin categoría,Mercadona,Lavavajillas Todo en 1 Fairy en pastillas,Carrefour,Panecillo 6 Semillas 1 Ud
CAT-8550,Chupete De Silicona Anatomico Ultra Air Nighttimenuit Philips Avent 2 Ud,Sin categoría,Mercadona,"Aceite de oliva 0,4º Hacendado",Carrefour,Chupete De Silicona Anatomico Ultra Air Nighttimenuit Philips Avent 2 Ud
CAT-8553,Chupete De Silicona Anatomico Ultra Air Nighttime Philips Avent 2 Ud,Sin categoría,Mercadona,"Aceite de oliva 0,4º Hacendado",Carrefour,Chupete De Silicona Anatomico Ultra Air Nighttime Philips Avent 2 Ud
CAT-8554,Chupete De Silicona Anatomico Ultra Air Nighttime Philips Avent 2 Ud,Sin categoría,Mercadona,"Aceite de oliva 0,4º Hacendado",Carrefour,Chupete De Silicona Anatomico Ultra Air Nighttime Philips Avent 2 Ud
CAT-8557,Chupete De Silicona Anatomico Ultra Start Philips Avent 2 Ud,Sin categoría,Mercadona,"Aceite de oliva 0,4º Hacendado",Carrefour,Chupete De Silicona Anatomico Ultra Start Philips Avent 2 Ud
CAT-8560,Chupete De Silicona Anatomico Ultra Air Philips Avent 2 Ud,Sin categoría,Mercadona,"Aceite de oliva 0,4º Hacendado",Carrefour,Chupete De Silicona Anatomico Ultra Air Philips Avent 2 Ud
CAT-8561,Chupete De Silicona Anatomico Ultra Air Philips Avent 2 Ud,Sin categoría,Mercadona,"Aceite de oliva 0,4º Hacendado",Carrefour,Chupete De Silicona Anatomico Ultra Air Philips Avent 2 Ud
CAT-8588,Filete De Lomo De Cerdo Xxl El Mercado 15 Kg Aprox,Carnicería y Charcutería,Mercadona,"Aceite de oliva 0,4º Hacendado",Carrefour,Filete De Lomo De Cerdo Xxl El Mercado 15 Kg Aprox
CAT-8367,Dentifrico Con Fluor Infantil 0 6 Anos Elmex 50 Ml,Cuidado personal e Higiene,Mercadona,Vela de cumpleaños 0 Hacendado,Carrefour,Dentifrico Con Fluor Infantil 0 6 Anos Elmex 50 Ml
CAT-8372,Dentifrico Junior Elmex 75 Ml ,Cuidado personal e Higiene,Mercadona,Biberón 150 ml tetina silicona flujo lento Deliplus +0 meses,Carrefour,Dentifrico Junior Elmex 75 Ml 
CAT-8540,Colutorio Sequedad Oral Xerostomia Y Equilibrante Salival Xerolacer 500 Ml,Cuidado personal e Higiene,Mercadona,Bebida láctea crecimiento y desarrollo Puleva Max,Carrefour,Colutorio Sequedad Oral Xerostomia Y Equilibrante Salival Xerolacer 500 Ml
CAT-8427,Vinagre De Limpieza Con Jabon Natural Aroma Limon Disiclin 750 Ml,Cuidado personal e Higiene,Mercadona,"Aceite de oliva 0,4º Hacendado",Carrefour,Vinagre De Limpieza Con Jabon Natural Aroma Limon Disiclin 750 Ml
CAT-8769,Lomo De Salmon El Mercado Pack De 3 Unidades De 100 G,Pescadería,Mercadona,"Aceite de oliva 0,4º Hacendado",Carrefour,Lomo De Salmon El Mercado Pack De 3 Unidades De 100 G
CAT-6102,Tarrito De Yogur Natural Desde 6 Meses Hero Baby Sin Gluten Pack De 2 Unidades 120 G,Lácteos y Huevos,Mercadona,"Aceite de oliva 0,4º Hacendado",Carrefour,Tarrito De Yogur Natural Desde 6 Meses Hero Baby Sin Gluten Pack De 2 Unidades 120 G
CAT-6099,Detergente En Capsulas Alpes Todo En Uno Pods Ariel 19 Lavados,Hogar,Mercadona,Clavo en grano Hacendado,DIA,Detergente en cápsulas todo en uno Ariel 18 lavados
CAT-8584,Pizza Espinacas Buitoni 195 G,Congelados,Mercadona,"Bebida láctea desnatada sabor fresa y plátano +Proteínas Hacendado 0% MG 0% azúcares añadidos 17,4 g proteínas",Carrefour,Pizza Espinacas Buitoni 195 G
CAT-8585,Pizza Burguer Buitoni 195 G,Congelados,Mercadona,"Bebida láctea desnatada sabor fresa y plátano +Proteínas Hacendado 0% MG 0% azúcares añadidos 17,4 g proteínas",Carrefour,Pizza Burguer Buitoni 195 G
CAT-8624,Panuelos Allergy Kleenex Caja De 56 Ud,Sin categoría,Mercadona,Vino tinto tempranillo Cepas Viejas Señorío de los Llanos DO Valdepeñas,Carrefour,Panuelos Allergy Kleenex Caja De 56 Ud
CAT-8630,Tapones Para Los Oidos De Silicona Noton Aqua Sport 6 Ud,Sin categoría,Mercadona,"Aceite de oliva 0,4º Hacendado",Carrefour,Tapones Para Los Oidos De Silicona Noton Aqua Sport 6 Ud
CAT-8612,Cerveza Saer Brau Sin Alcohol Pack De 6 Botellas De 25 Cl,Bebidas,Mercadona,"Aceite de oliva 0,4º Hacendado",Carrefour,Cerveza Saer Brau Sin Alcohol Pack De 6 Botellas De 25 Cl
CAT-8617,Gaseosa La Casera Limon 0 Calorias Y Azucares Lata 33 Cl,Bebidas,Mercadona,Lomo asado La Carloteña lonchas,Carrefour,Gaseosa La Casera Limon 0 Calorias Y Azucares Lata 33 Cl
CAT-8629,Papilla Infantil Desde 6 Meses Nestle 8 Cereales Sin Azucar Anadido Ni Producidos 570 G,Despensa,Mercadona,Spaghetti sin gluten Felicia,Carrefour,Papilla Infantil Desde 6 Meses Nestle 8 Cereales Sin Azucar Anadido Ni Producidos 570 G
CAT-8607,Comida Humeda Surtido De Carne En Salsa Para Gato Adulto Purina Gourmet Gold 12X85 G,Despensa,Mercadona,"Aceite de oliva 0,4º Hacendado",Carrefour,Comida Humeda Surtido De Carne En Salsa Para Gato Adulto Purina Gourmet Gold 12X85 G
CAT-8597,Tarrito De Arroz Con Pollo Desde 6 Meses Hero Solo Sin Gluten Pack De 6 Unidades De 235 G,Despensa,Mercadona,Bebida láctea Omega 3 Puleva con leche desnatada,Carrefour,Tarrito De Arroz Con Pollo Desde 6 Meses Hero Solo Sin Gluten Pack De 6 Unidades De 235 G
CAT-8605,Detergente En Liquido Limpieza Profunda Higiene  Antiolores Wipp Express 60 Lavados,Hogar,Mercadona,Clavo en grano Hacendado,Carrefour,Detergente En Liquido Limpieza Profunda Higiene  Antiolores Wipp Express 60 Lavados
CAT-8606,Detergente En Liquido Limpieza Profunda Wipp Express 60 Lavados,Hogar,Mercadona,Clavo en grano Hacendado,Carrefour,Detergente En Liquido Limpieza Profunda Wipp Express 60 Lavados
CAT-8608,Comida Humeda Surtido De Carnes Para Gato Adulto Purina Gourmet Gold Doble Placer 12X85 G,Mascotas,Mercadona,"Aceite de oliva 0,4º Hacendado",Carrefour,Comida Humeda Surtido De Carnes Para Gato Adulto Purina Gourmet Gold Doble Placer 12X85 G
CAT-8641,Zumo Paraiso Original Bifrutas Pack De 3 Briks 330 Ml,Bebidas,Mercadona,"Aceite de oliva 0,4º Hacendado",Carrefour,Zumo Paraiso Original Bifrutas Pack De 3 Briks 330 Ml
CAT-8642,Zumo Pacifico Original Bifrutas Pack De 3 Briks De 33 Cl,Bebidas,Mercadona,"Aceite de oliva 0,4º Hacendado",Carrefour,Zumo Pacifico Original Bifrutas Pack De 3 Briks De 33 Cl
CAT-8643,Zumo Mediterraneo Original Bifrutas Pack De 6 Briks De 20 Cl,Bebidas,Mercadona,"Aceite de oliva 0,4º Hacendado",Carrefour,Zumo Mediterraneo Original Bifrutas Pack De 6 Briks De 20 Cl
CAT-8646,Pienso De Buey Para Gato Adulto Brekkies Excel 35 Kg,Mascotas,Mercadona,"Aceite de oliva 0,4º Hacendado",Carrefour,Pienso De Buey Para Gato Adulto Brekkies Excel 35 Kg
CAT-8647,Pienso De Pescado Para Gato Adulto  Brekkies Excel  35 Kg,Mascotas,Mercadona,"Aceite de oliva 0,4º Hacendado",Carrefour,Pienso De Pescado Para Gato Adulto  Brekkies Excel  35 Kg
CAT-8667,Papel Higienico Deluxe Xxl Colhogar 36 Rollos,Bazar y Varios,Mercadona,Chicles XXL gragea Hacendado,Carrefour,Papel Higienico Deluxe Xxl Colhogar 36 Rollos
CAT-8651,Crackers De Tomate Desde 12 Meses Ecologico Nestle 100 G,Desayuno y Snack,Mercadona,"Aceite de oliva 0,4º Hacendado",Carrefour,Crackers De Tomate Desde 12 Meses Ecologico Nestle 100 G
CAT-8716,Recambio 100 Hojas 210X297 Mm 4X4M 7 Gr,Sin categoría,Mercadona,Polvo compacto perfeccionador efecto seda Deliplus 100 beige claro,Carrefour,Recambio 100 Hojas 210X297 Mm 4X4M 7 Gr
CAT-8747,Estuche De 2 Botellas De Vino Tinto Roble Protos Do Ribera Del Duero 75 Cl,Bebidas,Mercadona,"Aceite de oliva 0,4º Hacendado",Carrefour,Estuche De 2 Botellas De Vino Tinto Roble Protos Do Ribera Del Duero 75 Cl
CAT-8770,Lomo De Salmon Noruego El Mercado Pack De 2 Unidades De 125 G,Pescadería,Mercadona,"Aceite de oliva 0,4º Hacendado",Carrefour,Lomo De Salmon Noruego El Mercado Pack De 2 Unidades De 125 G
CAT-8898,Pechuga De Pavo Braseado En Lonchas Campofrio Finissimas Sin Gluten Y Sin Lactosa 165 G,Carnicería y Charcutería,Mercadona,"Aceite de oliva 0,4º Hacendado",Carrefour,Pechuga De Pavo Braseado En Lonchas Campofrio Finissimas Sin Gluten Y Sin Lactosa 165 G
CAT-8859,Pepsi Pack De 4 Botellas De 175 L,Bebidas,Mercadona,Aceite de oliva virgen extra Hacendado Gran Selección,Carrefour,Pepsi Pack De 4 Botellas De 175 L
CAT-8699,Pienso De Pollo Fresco Para Gatos Junior Frutas Y Verduras Dream Excellence 15 Kg,Carnicería y Charcutería,Mercadona,"Aceite de oliva 0,4º Hacendado",Carrefour,Pienso De Pollo Fresco Para Gatos Junior Frutas Y Verduras Dream Excellence 15 Kg
CAT-8701,Pienso Esterilizado De Pollo Fresco Para Gatos Adultos Frutas Y Verduras Dream Excellence 15 Kg,Carnicería y Charcutería,Mercadona,"Aceite de oliva 0,4º Hacendado",Carrefour,Pienso Esterilizado De Pollo Fresco Para Gatos Adultos Frutas Y Verduras Dream Excellence 15 Kg
CAT-8702,Pienso De Pollo Fresco Para Gatos Senior Frutas Y Verduras Dream Excellence 15 Kg,Carnicería y Charcutería,Mercadona,"Aceite de oliva 0,4º Hacendado",Carrefour,Pienso De Pollo Fresco Para Gatos Senior Frutas Y Verduras Dream Excellence 15 Kg
CAT-8700,Pienso Esterilizado De Salmon Fresco Para Gatos Adultos Frutas Y Verduras Dream Excellence 15 Kg,Pescadería,Mercadona,"Aceite de oliva 0,4º Hacendado",Carrefour,Pienso Esterilizado De Salmon Fresco Para Gatos Adultos Frutas Y Verduras Dream Excellence 15 Kg
CAT-8664,Desodorante En Spray Black Fresh Axe 150 Ml,Cuidado personal e Higiene,Mercadona,Clavo en grano Hacendado,Carrefour,Desodorante En Spray Black Fresh Axe 150 Ml
CAT-8731,Set 8 Hermeticos De Vidrio,Sin categoría,Mercadona,Aceite de oliva virgen extra Hacendado Gran Selección,Carrefour,Set 8 Hermeticos De Vidrio
CAT-8733,Mora Congelada La Cuerva 300 G,Sin categoría,Mercadona,"Bebida láctea desnatada sabor fresa y plátano +Proteínas Hacendado 0% MG 0% azúcares añadidos 17,4 g proteínas",Carrefour,Mora Congelada La Cuerva 300 G
CAT-8741,Tarrito De Crema Suave De Calabaza Y Queso Desde 6 Meses Nutriben Potitos Sin Gluten 235 G,Lácteos y Huevos,Mercadona,"Aceite de oliva 0,4º Hacendado",Carrefour,Tarrito De Crema Suave De Calabaza Y Queso Desde 6 Meses Nutriben Potitos Sin Gluten 235 G
CAT-8869,Protegeslip Cotton Flexiform Sin Fragancia Carefree 56 Ud,Sin categoría,Mercadona,Spaghetti sin gluten Felicia,Carrefour,Protegeslip Cotton Flexiform Sin Fragancia Carefree 56 Ud
CAT-8765,Tortitas De Maiz Bicentury Sin Gluten 130 G,Sin categoría,Mercadona,Aceite de oliva 1º Hacendado,Carrefour,Tortitas De Maiz Bicentury Sin Gluten 130 G
CAT-8794,Queso Rulo De Cabra Sant Maure 180 G,Lácteos y Huevos,Mercadona,Reducción bálsamica de vinagre Pedro Ximénez Hacendado,Carrefour,Queso Rulo De Cabra Sant Maure 180 G
CAT-8891,Comida Humeda Estofado De Ternera Para Perros Cocosi 280 G,Carnicería y Charcutería,Mercadona,"Aceite de oliva 0,4º Hacendado",Carrefour,Comida Humeda Estofado De Ternera Para Perros Cocosi 280 G
CAT-8863,Baguette Vienesa 4 Ud,Panadería y Pastelería,Mercadona,Polvos voluminizador para el cabello Volum Fix Deliplus mate fijación 4,Carrefour,Baguette Vienesa 4 Ud
CAT-8889,Comida Humeda Estofado De Pato Para Perros Cocosi 280 G,Mascotas,Mercadona,"Aceite de oliva 0,4º Hacendado",Carrefour,Comida Humeda Estofado De Pato Para Perros Cocosi 280 G
CAT-8902,Chopped Pork En Lonchas Campofrio Sin Gluten 95 G,Sin categoría,Mercadona,Clavo en grano Hacendado,Carrefour,Chopped Pork En Lonchas Campofrio Sin Gluten 95 G
CAT-8918,Set 3 Bayetas Multiusos Microfibra Bayeco ,Hogar,Mercadona,Maquinilla depilación recargable Gillette Venus Comfortglide Breeze 3 hojas,Carrefour,Set 3 Bayetas Multiusos Microfibra Bayeco 
CAT-8662,Desodorante En Spray Dark Temptation Fresh Axe 150 Ml,Cuidado personal e Higiene,Mercadona,Clavo en grano Hacendado,Carrefour,Desodorante En Spray Dark Temptation Fresh Axe 150 Ml
CAT-4402,Gafa Presbicia Cuadrada Circular 100 Colores Varios 1 Ud,Sin categoría,Mercadona,Vela de cumpleaños 1 Hacendado,Carrefour,Gafa Presbicia Cuadrada Circular 150 Colores Varios 1 Ud
CAT-4151,Croquetas De Jamon Serrano Sabrosisimas La Cocinera 500 G,Congelados,Mercadona,"Aceite de oliva 0,4º Hacendado",Carrefour,Croquetas De Jamon Serrano Sabrosisimas La Cocinera 500 G
CAT-5355,Lecho Vegetal Clean Higienico De Maiz Vitakraft 8 L,Mascotas,Mercadona,"Aceite de oliva 0,4º Hacendado",Carrefour,Lecho Vegetal Clean Higienico De Maiz Vitakraft 8 L
CAT-4830,Queso De Vaca Havarti De Barra En Lonchas Arla 220 G Aprox,Lácteos y Huevos,Mercadona,"Aceite de oliva 0,4º Hacendado",Carrefour,Queso De Vaca Havarti De Barra En Lonchas Arla 220 G Aprox
CAT-4819,Tarrito De Jardinera De Ternera Desde 6 Meses Nestle Sin Gluten 190 G,Carnicería y Charcutería,Mercadona,"Aceite de oliva 0,4º Hacendado",Carrefour,Tarrito De Jardinera De Ternera Desde 6 Meses Nestle Sin Gluten 190 G
CAT-5452,Canelones De Carne Price 300 G,Sin categoría,Mercadona,Aceite de oliva virgen extra Hacendado Gran Selección,Carrefour,Canelones De Carne Price 300 G
CAT-4598,Salchichon Iberico Extra Villar Maestros Del Corte 90 G ,Carnicería y Charcutería,Mercadona,Licor dulce Amaretto Del Patriarca,DIA,Salchichón de cebo ibérico extra Villar 90 g
CAT-5128,Set 3 Bayetas Suave Multiusos Microfibras Vileda Suave Ultra Fresh,Hogar,Mercadona,Bebida láctea desnatada omega 3 Hacendado,Carrefour,Set 3 Bayetas Suave Multiusos Microfibras Vileda Suave Ultra Fresh
CAT-5758,San Jacobo Empanado El Mercado Sin Gluten 340 G,Congelados,Mercadona,Fruta + leche caribe Don Simón sin azúcares añadidos y zero materia grasa,Carrefour,San Jacobo Empanado El Mercado Sin Gluten 340 G
CAT-8764,Gel Champu Bano Suave Suavinex 750 Ml,Cuidado personal e Higiene,Mercadona,Gel de baño granada y frutos silvestres Deliplus piel normal,Carrefour,Gel Champu Bano Suave Suavinex 750 Ml
CAT-5145,Set De 3 Filtros De Agua Brita Maxtra Pro ,Sin categoría,Mercadona,Aceite de oliva 1º Hacendado,Carrefour,Set De 3 Filtros De Agua Brita Maxtra Pro 
CAT-4730,Pack Morcilla Burgos Rios 600 G Aprox,Sin categoría,Mercadona,"Bebida láctea desnatada sabor fresa y plátano +Proteínas Hacendado 0% MG 0% azúcares añadidos 17,4 g proteínas",Carrefour,Pack Morcilla Burgos Rios 600 G Aprox
CAT-5200,Pienso De Salmon Y Atun Para Gatos Esterilizados Purina One 15 Kg,Pescadería,Mercadona,"Aceite de oliva 0,4º Hacendado",Carrefour,Pienso De Salmon Y Atun Para Gatos Esterilizados Purina One 15 Kg
CAT-4430,Baguetinas Pan Maheso Pack De 4 Unidades De 125 G,Panadería y Pastelería,Mercadona,"Aceite de oliva 0,4º Hacendado",Carrefour,Baguetinas Pan Maheso Pack De 4 Unidades De 125 G
CAT-5472,Comida Humeda De Ave Para Gato Whiskas 4X85 G,Bebidas,Mercadona,"Aceite de oliva 0,4º Hacendado",Carrefour,Comida Humeda De Ave Para Gato Whiskas 4X85 G
CAT-3549,Limpiador Baños en gel,Hogar,Mercadona,Mayonesa en sobres individuales Hacendado,DIA,"Limpiador baño en gel Sanytol 1,2 L"
CAT-7474,Preparado Vegetariano A Base De Proteinas De Soja Y Trigo Classic Filet Garden Gourmet 150 G,Sin categoría,Mercadona,"Aceite de oliva 0,4º Hacendado",Carrefour,Preparado Vegetariano A Base De Proteinas De Soja Y Trigo Classic Filet Garden Gourmet 150 G
CAT-4396,Limpiador Vitroceramicas En Crema Naranja Ecologico Frosch 500 Ml,Hogar,Mercadona,Clavo en grano Hacendado,Carrefour,Limpiador Vitroceramicas En Crema Naranja Ecologico Frosch 500 Ml
CAT-4677,Set 3 Sartenes De Aluminio Prensado Para Induccion Con  Mango Bakelita San Ignacio 18 22 26 Cm   Cobre,Sin categoría,Mercadona,Bebida láctea Omega 3 Puleva con leche desnatada,Carrefour,Set 3 Sartenes De Aluminio Prensado Para Induccion Con  Mango Bakelita San Ignacio 18 22 26 Cm   Cobre
CAT-3573,Limpiador Vitrocerámicas 3 en,Hogar,Mercadona,Bebida láctea Omega 3 Puleva con leche desnatada,Carrefour,Limpiador De Vitroceramica Kh 7 450 Ml
CAT-4928,Set 2 Estropajos Fibra Clasica Scotch Brite,Hogar,Mercadona,2 Baguettes para hornear,Carrefour,Set 2 Estropajos Fibra Clasica Scotch Brite
CAT-5334,Chupete Con Tetina Fisiologica Sx Pro De Silicona 6 18 Meses Suavinex 2 Ud,Sin categoría,Mercadona,Bebida láctea Omega 3 Puleva con leche desnatada,Carrefour,Chupete Con Tetina Fisiologica Sx Pro De Silicona 6 18 Meses Suavinex 2 Ud
CAT-4379,Granada A Granel 1 Kg Aprox,Frutas y Verduras,Mercadona,Lavavajillas Todo en 1 Fairy en pastillas,Carrefour,Granada A Granel 1 Kg Aprox
CAT-5490,Chocolate Con Leche De Los Alpes Milka 125 G,"Azúcar, caramelos y chocolate",Mercadona,Aceite de oliva 1º Hacendado,Carrefour,Chocolate Con Leche De Los Alpes Milka 125 G
CAT-5283,Tarrito De Calabaza Patata Guisante Y Brocoli Desde 6 Meses  Ecologico Hero Solo Sin Gluten 190 G,Frutas y Verduras,Mercadona,"Aceite de oliva 0,4º Hacendado",Carrefour,Tarrito De Calabaza Patata Guisante Y Brocoli Desde 6 Meses  Ecologico Hero Solo Sin Gluten 190 G
CAT-4905,Pienso De Pollo Y Trigo Para Gatos Esterilizados Purina One 28  Kg,Carnicería y Charcutería,Mercadona,"Aceite de oliva 0,4º Hacendado",Carrefour,Pienso De Pollo Y Trigo Para Gatos Esterilizados Purina One 28  Kg
CAT-8861,Propolis Con Miel Zinc Y Vit C Sabor Limon Y Miel En Pastillas Blandas Juanola Sin Gluten 24 Ud,Desayuno y Snack,Mercadona,Bebida láctea Omega 3 Puleva con leche desnatada,Carrefour,Propolis Con Miel Zinc Y Vit C Sabor Limon Y Miel En Pastillas Blandas Juanola Sin Gluten 24 Ud
CAT-8814,Spray De Propolis Y Equinaea Pronutri Sin Gluten Y Sin Azucar Anadido 20 Ml,Bebidas,Mercadona,"Aceite de oliva 0,4º Hacendado",Carrefour,Spray De Propolis Y Equinaea Pronutri Sin Gluten Y Sin Azucar Anadido 20 Ml
CAT-5311,Estropajo Con Esponja Soft Bano Flexible Scotch Brite,Hogar,Mercadona,"Leche corporal nutritiva Nivea con ácido hialurónico, aceite de almendras y sérum de nutrición profunda",Carrefour,Estropajo Con Esponja Soft Bano Flexible Scotch Brite
CAT-8892,Pienso De Buey Para Perro Adulto Brekkies Excel 725 Kg,Mascotas,Mercadona,"Aceite de oliva 0,4º Hacendado",Carrefour,Pienso De Buey Para Perro Adulto Brekkies Excel 725 Kg
CAT-8850,Dentifrico Proteccion Anticaries Protege Encias Con Fluor Y Calcio Sabor Menta Para Ninos 6 Anos Junior Lacer 75 Ml,Cuidado personal e Higiene,Mercadona,Bebida láctea Omega 3 Puleva con leche desnatada,Carrefour,Dentifrico Proteccion Anticaries Protege Encias Con Fluor Y Calcio Sabor Menta Para Ninos 6 Anos Junior Lacer 75 Ml
CAT-8817,Cola De Caballo Pronutri Sin Gluten 30 Ud,Bebidas,Mercadona,Fruta + leche caribe Don Simón sin azúcares añadidos y zero materia grasa,Carrefour,Cola De Caballo Pronutri Sin Gluten 30 Ud
CAT-4558,Compresas Super Con Alas Cottonlike Evax 24 Ud,Cuidado personal e Higiene,Mercadona,"Leche corporal nutritiva Nivea con ácido hialurónico, aceite de almendras y sérum de nutrición profunda",Carrefour,Compresas Super Con Alas Cottonlike Evax 24 Ud
CAT-8822,Complemento Multivitaminico Pronutri 30 Ud,Bebidas,Mercadona,Batido lácteo sabor chocolate +Proteínas Hacendado 30 g proteínas,Carrefour,Complemento Multivitaminico Pronutri 30 Ud
CAT-5727,Tinto De Verano Con Limon Sin Alcohol Don Simon Botella 15 L,Sin categoría,Mercadona,"Aceite de oliva 0,4º Hacendado",Carrefour,Tinto De Verano Con Limon Sin Alcohol Don Simon Botella 15 L
CAT-8849,Dentifrico Proteccion Anticaries Con Fluor Y Calcio Sabor Fresa Para Ninos 6 Meses Infantil Lacer 75 Ml,Cuidado personal e Higiene,Mercadona,Bebida láctea Omega 3 Puleva con leche desnatada,Carrefour,Dentifrico Proteccion Anticaries Con Fluor Y Calcio Sabor Fresa Para Ninos 6 Meses Infantil Lacer 75 Ml
CAT-8806,Valeriana Pronutri Sin Gluten 30 Ud,Bebidas,Mercadona,Fruta + leche caribe Don Simón sin azúcares añadidos y zero materia grasa,Carrefour,Valeriana Pronutri Sin Gluten 30 Ud
CAT-4325,Snacks De Cereales Con Platano Desde 8 Meses Ecologico Gerber Sin Azucar Anadido 35 G,Despensa,Mercadona,Bebida láctea Omega 3 Puleva con leche desnatada,Carrefour,Snacks De Cereales Con Platano Desde 8 Meses Ecologico Gerber Sin Azucar Anadido 35 G
CAT-5122,Desodorante En Spray Aqua Bergamot Axe 150 Ml,Cuidado personal e Higiene,Mercadona,Clavo en grano Hacendado,Carrefour,Desodorante En Spray Aqua Bergamot Axe 150 Ml
CAT-4736,Quitamanchas Del Dia A Dia Para La Ropa 4 En 1 Pretratante Spray Vanish 750 Ml,Hogar,Mercadona,Licor dulce Amaretto Del Patriarca,Alcampo,"VANISH Quitamanchas del día a día 4en1 VANISH OxiAction, spray 750 ml."
CAT-4777,Vino Tinto Roble Tempranillo Cune Do Ribera Del Duero 75 Cl,Bebidas,Mercadona,Licor dulce Amaretto Del Patriarca,Carrefour,Vino Tinto Roble Tempranillo Cune Do Ribera Del Duero 75 Cl
CAT-4893,Colas De Langostino Al Ajillo Aguinamar 105 G,Pescadería,Mercadona,"Aceite de oliva 0,4º Hacendado",DIA,Colas de langostino al ajillo Aguinamar bolsa 105 g
CAT-5005,Bollito Con Pepitas De Chocolate Abuelo Bread Sin Gluten Y Sin Lactosa 60 G,"Azúcar, caramelos y chocolate",Mercadona,Bebida láctea Omega 3 Puleva con leche desnatada,Carrefour,Bollito Con Pepitas De Chocolate Abuelo Bread Sin Gluten Y Sin Lactosa 60 G
CAT-5039,Tonico Capilar Azul Ronquina Kesmar 1 L,Bebidas,Mercadona,Detergente ropa todo en 1 frescor floral Ariel Pods en cápsulas,Carrefour,Tonico Capilar Azul Ronquina Kesmar 1 L
CAT-5095,Cepillo Interdental Nano Interprox 6 Ud,Cuidado personal e Higiene,Mercadona,Maquinilla de afeitar recargable Deliplus Precision System 6 hojas,Carrefour,Cepillo Interdental Nano Interprox 6 Ud
CAT-5111,Serum Liposomado C Vit 5 Sesderma 30 Ml,Sin categoría,Mercadona,Comprimidos efervescentes vitamina C y zinc Deliplus sabor limón,Carrefour,Serum Liposomado C Vit 5 Sesderma 30 Ml
CAT-5238,Whisky Jack Daniels Con Coca Cola Lata 33 Cl,Bebidas,Mercadona,"Leche corporal nutritiva Nivea con ácido hialurónico, aceite de almendras y sérum de nutrición profunda",Carrefour,Whisky Jack Daniels Con Coca Cola Lata 33 Cl
CAT-5292, Detergente En Liquido Limpio Y Liso Wipp Express 43 Lavados,Hogar,Mercadona,Clavo en grano Hacendado,Carrefour, Detergente En Liquido Limpio Y Liso Wipp Express 43 Lavados
CAT-5300,Almejones Al Natural Dani 63 G,Pescadería,Mercadona,"Bebida láctea desnatada sabor fresa y plátano +Proteínas Hacendado 0% MG 0% azúcares añadidos 17,4 g proteínas",Carrefour,Almejones Al Natural Dani 63 G
CAT-6296,Gel De Ducha Talco Malizia 1000 Ml,Cuidado personal e Higiene,Mercadona,Aceite de oliva virgen extra Hacendado Gran Selección,Carrefour,Gel De Ducha Talco Malizia 1000 Ml
CAT-5317,Nachos Rellenos De Queso Fripozo 250 G,Lácteos y Huevos,Mercadona,Vino tinto tempranillo Cepas Viejas Señorío de los Llanos DO Valdepeñas,Carrefour,Nachos Rellenos De Queso Fripozo 250 G
CAT-5366,Pan De Perrito 6 Ud 330 G,Panadería y Pastelería,Mercadona,Aceite de oliva virgen extra Hacendado Gran Selección,Carrefour,Pan De Perrito 6 Ud 330 G
CAT-5423,Pepsi Zero Azucar Lima Pack De 9 Latas De 33 Cl,Bebidas,Mercadona,"Aceite de oliva 0,4º Hacendado",DIA,Pepsi zero azúcar sabor lima pack 24 x 330 ml
CAT-5458,Gel De Bano Para El Cuidado De Pieles Atopicas Secas Y Sensibles Instituto Espanol 500 Ml,Sin categoría,Mercadona,"Aceite de oliva 0,4º Hacendado",Alcampo,INSTITUTO ESPAÑOL Gel de baño sin jabón para pieles sensibles y atópicas INSTITUTO ESPAÑOL Bebé 500 ml.
CAT-5306,Champu Revitalizante Resist Plus Con Arginina Cabellos Fragiles Science Les Cosmetiques 400 Ml,Cuidado personal e Higiene,Mercadona,Bebida láctea Omega 3 Puleva con leche desnatada,Carrefour,Champu Revitalizante Resist Plus Con Arginina Cabellos Fragiles Science Les Cosmetiques 400 Ml
CAT-5435,Tarrito De Verduras Con Garbanzos Desde 6 Meses Ecologico Natube Sin Gluten 220 G,Despensa,Mercadona,Bebida láctea Omega 3 Puleva con leche desnatada,Carrefour,Tarrito De Verduras Con Garbanzos Desde 6 Meses Ecologico Natube Sin Gluten 220 G
CAT-5470,Langostinos Pink Ultracongelado Caja De 500 G,Pescadería,Mercadona,"Aceite de oliva 0,4º Hacendado",Carrefour,Langostinos Pink Ultracongelado Caja De 500 G
CAT-5798,Champu Anticaspa Cabello Normal Graso Tgel Neutrogena Pack De 2 Unidades De 250 Ml ,Cuidado personal e Higiene,Mercadona,"Aceite de oliva 0,4º Hacendado",Carrefour,Champu Anticaspa Cabello Normal Graso Tgel Neutrogena Pack De 2 Unidades De 250 Ml 
CAT-5552,Insecticida Liquido Electrico Antimosquitos Comunes Y Tigres Aparato Y Recambio Raid 3 Ud,Cuidado personal e Higiene,Mercadona,Bebida láctea Omega 3 Puleva con leche desnatada,Carrefour,Insecticida Liquido Electrico Antimosquitos Comunes Y Tigres Aparato Y Recambio Raid 3 Ud
CAT-5593,Zumo De Frutas Del Bosque Sunny Delight Blue Botella 125 L,Bebidas,Mercadona,"Aceite de oliva 0,4º Hacendado",Carrefour,Zumo De Frutas Del Bosque Sunny Delight Blue Botella 125 L
CAT-5647,Mimos De Merluza Congelados Pescanova 360 G,Pescadería,Mercadona,Aceite de oliva 1º Hacendado,Carrefour,Mimos De Merluza Congelados Pescanova 360 G
CAT-5739,Bizcochos Rellenos De Chocolate Con Leche Cakechoc Milka 175 G,Panadería y Pastelería,Mercadona,"Aceite de oliva 0,4º Hacendado",DIA,Bizcocho relleno con chocolate cake & choc Milka caja 175 g
CAT-5781,Comida Humeda De Pollo Y Buey En Salsa Microbioma Intestinal Equilibrado Para Perro Mini Purina One Mini Microbiome 4X85 G,Despensa,Mercadona,"Aceite de oliva 0,4º Hacendado",Carrefour,Comida Humeda De Pollo Y Buey En Salsa Microbioma Intestinal Equilibrado Para Perro Mini Purina One Mini Microbiome 4X85 G
CAT-5839,Snack De Bacon Para Perros Purina Friskies Bon Bacon 120 G,Carnicería y Charcutería,Mercadona,"Aceite de oliva 0,4º Hacendado",Carrefour,Snack De Bacon Para Perros Purina Friskies Bon Bacon 120 G
CAT-6014,Discos Wc Activos Inodoros Frescor Marino Recambio Pato 2 Ud,Sin categoría,Mercadona,Colgador WC Dália Bosque Verde,Carrefour,Discos Wc Activos Inodoros Frescor Marino Recambio Pato 2 Ud
CAT-6676,Antical Para Lavadora En Gel Power Gel Calgon 750 Ml,Hogar,Mercadona,Clavo en grano Hacendado,Carrefour,Antical Para Lavadora En Gel Power Gel Calgon 750 Ml
CAT-7309,Bolsita De Frutas Variadas Desde 6 Meses Ecologico Smileat Sin Gluten 100 G,Sin categoría,Mercadona,"Aceite de oliva 0,4º Hacendado",Carrefour,Bolsita De Frutas Variadas Desde 6 Meses Ecologico Smileat Sin Gluten 100 G
CAT-6020,Tonica Schweppes Con Hibiscus Premium Botella 20 Cl,Bebidas,Mercadona,"Leche corporal nutritiva Nivea con ácido hialurónico, aceite de almendras y sérum de nutrición profunda",Carrefour,Tonica Schweppes Con Hibiscus Premium Botella 20 Cl
CAT-6105,Quitamanchas Spray Romar 210 Cc,Hogar,Mercadona,Polvo compacto perfeccionador efecto seda Deliplus 210 almendra,Carrefour,Quitamanchas Spray Romar 210 Cc
CAT-6655,Natilla De Chocolate Alta En Proteinas Valio Profeel Protein  Sin Lactosa 180 G,Lácteos y Huevos,Mercadona,"Aceite de oliva 0,4º Hacendado",Alcampo,"VALIO Profeel Natillas de chocolate sin lactosa, ni azúcares añadidos y con alto contenido en proteínas (20 g) 180 g."
CAT-6031,Galletas De Espelta Avena Y Cacao Desde 10 Meses Ecologicas Smileat Sin Azucar Anadido 220 G,Despensa,Mercadona,"Aceite de oliva 0,4º Hacendado",Carrefour,Galletas De Espelta Avena Y Cacao Desde 10 Meses Ecologicas Smileat Sin Azucar Anadido 220 G
CAT-6992,Pizza Prosciutto Formaggi La Mia Grande Dr Oetker 400 G,Congelados,Mercadona,Lomo asado La Carloteña lonchas,Carrefour,Pizza Prosciutto Formaggi La Mia Grande Dr Oetker 400 G
CAT-6037,Salmon Noruego Ahumado Skandia Sin Gluten 80 G,Pescadería,Mercadona,Fruta + leche caribe Don Simón sin azúcares añadidos y zero materia grasa,Carrefour,Salmon Noruego Ahumado Skandia Sin Gluten 80 G
CAT-6591,Locion Hidratacion Profunda De Absorcion Inmediata Para Piel Seca Neutrogena 400 Ml,Cuidado personal e Higiene,Mercadona,"Aceite de oliva 0,4º Hacendado",Carrefour,Locion Hidratacion Profunda De Absorcion Inmediata Para Piel Seca Neutrogena 400 Ml
CAT-6165,Vino Tinto Roble Tempranillo Vina Espolon Do Ribera Del Duero 75 Cl,Bebidas,Mercadona,Licor dulce Amaretto Del Patriarca,Carrefour,Vino Tinto Roble Tempranillo Vina Espolon Do Ribera Del Duero 75 Cl
CAT-7174,Bagels Semillas New York Bakery Bimbo 4 Ud,Panadería y Pastelería,Mercadona,Polvos voluminizador para el cabello Volum Fix Deliplus mate fijación 4,Carrefour,Bagels Semillas New York Bakery Bimbo 4 Ud
CAT-6222,Arroz Con Pollo Thai Curry Findus 400 G,Despensa,Mercadona,Bebida láctea con cereales crecimiento y desarrollo Puleva Max,Carrefour,Arroz Con Pollo Thai Curry Findus 400 G
CAT-6234,Snacks Dental Para Perros Medianos Pedigree Daily Oral Care Dentastix Pack De 56 Unidades,Mascotas,Mercadona,"Aceite de oliva 0,4º Hacendado",Carrefour,Snacks Dental Para Perros Medianos Pedigree Daily Oral Care Dentastix Pack De 56 Unidades
CAT-6290,Cono Extreme Caramel Choco Toffee Nestle 6 Ud,Sin categoría,Mercadona,6 Panes de leche 3%,Carrefour,Cono Extreme Caramel Choco Toffee Nestle 6 Ud
CAT-6301,Quitamanchas En Pulverizador Sin Manchas Kh 7 780 Ml,Hogar,Mercadona,Clavo en grano Hacendado,Carrefour,Quitamanchas En Pulverizador Sin Manchas Kh 7 780 Ml
CAT-6550,Lavavajillas A Mano Ultra Plus Mistol 950 Ml,Hogar,Mercadona,Cerdo a tacos,Carrefour,Lavavajillas A Mano Ultra Plus Mistol 950 Ml
CAT-6824,Set De 50 Vasos Carton Nupik 100 Cc   Blanco,Sin categoría,Mercadona,Aceite de oliva 1º Hacendado,Carrefour,Set De 50 Vasos Carton Nupik 100 Cc   Blanco
CAT-6302,Quitamanchas Sin Manchas Recambio Kh 7 780 Ml,Hogar,Mercadona,Fruta + leche caribe Don Simón sin azúcares añadidos y zero materia grasa,Carrefour,Quitamanchas Sin Manchas Recambio Kh 7 780 Ml
CAT-6318,Piccolinis Frankfurt Buitoni 270 G,Sin categoría,Mercadona,"Bebida láctea desnatada sabor fresa y plátano +Proteínas Hacendado 0% MG 0% azúcares añadidos 17,4 g proteínas",Carrefour,Piccolinis Frankfurt Buitoni 270 G
CAT-6365,Patatas Tradicional Congeladas Findus 875 G,Sin categoría,Mercadona,Patata,Carrefour,Patatas Tradicional Congeladas Findus 875 G
CAT-6371,Pienso De Atun Salmon Cereales Y Verdura Para Gato Adulto Brekkies Excel 900 G,Pescadería,Mercadona,"Aceite de oliva 0,4º Hacendado",DIA,"Alimento para gatos sabor salmón, atún y verduras Brekkies bolsa 1.5 Kg"
CAT-6376,Comida Humeda Seleccion Recetas Campesinas Para Perro Cesar Pack De 4 Unidades De 150 G,Mascotas,Mercadona,"Aceite de oliva 0,4º Hacendado",Carrefour,Comida Humeda Seleccion Recetas Campesinas Para Perro Cesar Pack De 4 Unidades De 150 G
CAT-6405,Bolsas De Almacenamiento De Leche Materna Medela 25 Ud,Sin categoría,Mercadona,"Aceite de oliva 0,4º Hacendado",Carrefour,Bolsas De Almacenamiento De Leche Materna Medela 25 Ud
CAT-6273,Dentifrico Antiplaca Y Anticaries De Uso Diario Con Fluor Lacer 200 Ml,Cuidado personal e Higiene,Mercadona,"Aceite de oliva 0,4º Hacendado",Carrefour,Dentifrico Antiplaca Y Anticaries De Uso Diario Con Fluor Lacer 200 Ml
CAT-5985,Gel De Ducha Sensible Cuidado Hidratante Nb Palmolive 600 Ml,Cuidado personal e Higiene,Mercadona,"Aceite de oliva 0,4º Hacendado",Carrefour,Gel De Ducha Sensible Cuidado Hidratante Nb Palmolive 600 Ml
CAT-5067,Colonia Infantil Suavinex 100 Ml,Cuidado personal e Higiene,Mercadona,Polvo compacto perfeccionador efecto seda Deliplus 100 beige claro,Carrefour,Colonia Infantil Suavinex 100 Ml
CAT-6459,Detergente En Polvo Marsella Max Active Plus Flota 84 Lavados ,Hogar,Mercadona,Clavo en grano Hacendado,Carrefour,Detergente En Polvo Marsella Max Active Plus Flota 84 Lavados 
CAT-6436,Pechuga De Pollo Cryspy Chicken Mexicana Fripozo 230 G,Carnicería y Charcutería,Mercadona,"Aceite de oliva 0,4º Hacendado",Carrefour,Pechuga De Pollo Cryspy Chicken Mexicana Fripozo 230 G
CAT-6475,Cerveza Damm Lemon Con Limon Lata 33 Cl,Bebidas,Mercadona,Bebida láctea con cereales crecimiento y desarrollo Puleva Max,Carrefour,Cerveza Damm Lemon Con Limon Lata 33 Cl
CAT-6539,Pienso De Salmon Para Perro Adulto Mini Ultima Pro  11 Kg,Pescadería,Mercadona,"Aceite de oliva 0,4º Hacendado",Carrefour,Pienso De Salmon Para Perro Adulto Mini Ultima Pro  11 Kg
CAT-6586,Jamon Cocido Grand Bouquet En Lonchas Noel Sin Gluten Y Sin Lactosa 140 G,Carnicería y Charcutería,Mercadona,Clavo en grano Hacendado,Carrefour,Jamon Cocido Grand Bouquet En Lonchas Noel Sin Gluten Y Sin Lactosa 140 G
CAT-6544,Pila Lr6 Frecuente 4 Ud Energizer,Bazar y Varios,Mercadona,Polvos voluminizador para el cabello Volum Fix Deliplus mate fijación 4,Carrefour,Pila Lr03 Frecuente 4 Ud Energizer
CAT-6632,Picos Gourmet El Mercado 130 G,Sin categoría,Mercadona,Polvos voluminizador para el cabello Volum Fix Deliplus mate fijación 4,Carrefour,Picos Gourmet El Mercado 130 G
CAT-6733,Banador Panal Agatha Ruiz De La Prada Tm 12 Kg 11 Ud,Bebes,Mercadona,"Aceite de oliva 0,4º Hacendado",Carrefour,Banador Panal Agatha Ruiz De La Prada Tm 12 Kg 11 Ud
CAT-6726,Snacks Dental Para Perros Medianos Pedigree Dentastix Pack De 7 Unidades,Mascotas,Mercadona,"Aceite de oliva 0,4º Hacendado",Carrefour,Snacks Dental Para Perros Medianos Pedigree Dentastix Pack De 7 Unidades
CAT-6774,Fuze Tea Sabor Melocoton Y Hibisco Botella 15 L,Sin categoría,Mercadona,Fruta + leche caribe Don Simón sin azúcares añadidos y zero materia grasa,Carrefour,Fuze Tea Sabor Melocoton Y Hibisco Botella 15 L
CAT-6858,Pan Campeonato Fricopan Spanien 1 Und,Panadería y Pastelería,Mercadona,Pan integral trigo 100%,Carrefour,Pan Campeonato Fricopan Spanien 1 Und
CAT-7017,Morcilla De Burgos De Nuestra Tierra 350 G Aprox,Sin categoría,Mercadona,"Aceite de oliva 0,4º Hacendado",Carrefour,Morcilla De Burgos De Nuestra Tierra 350 G Aprox
CAT-7632,Limpiador De Bano Don Limpio 3 L,Hogar,Mercadona,Bebida láctea Omega 3 Puleva con leche desnatada,DIA,Limpiador de baño Don Limpio spray 800 ml
CAT-4464,Ginebra Rives Original 1 L,Bebidas,Mercadona,Lavavajillas Todo en 1 Fairy en pastillas,Carrefour,Ginebra Rives Original 1 L
CAT-5893,Gelatina Sabor Fresa Sin Azucar Royal Sin Gluten Pack De 4 Unidades De 90 G,Despensa,Mercadona,"Aceite de oliva 0,4º Hacendado",DIA,Gelatina sabor fresa sin azúcar Royal pack 4 x 90 g
CAT-6342,Aposito Postpicadura Ninos Orphea 30 Ud,Cuidado personal e Higiene,Mercadona,Batido lácteo sabor chocolate +Proteínas Hacendado 30 g proteínas,Carrefour,Aposito Postpicadura Ninos Orphea 30 Ud
CAT-6704,Tarrito De Pollo Con Arroz Desde 6 Meses Nutriben Potitos Sin Gluten 235 G,Despensa,Mercadona,Bebida láctea Omega 3 Puleva con leche desnatada,Alcampo,NUTRIBÉN Potitos® de pollo con arroz a partir de 6 meses 235 g.
CAT-6745,Paella Mixta 350 G,Sin categoría,Mercadona,"Bebida láctea desnatada sabor fresa y plátano +Proteínas Hacendado 0% MG 0% azúcares añadidos 17,4 g proteínas",Carrefour,Paella Mixta 350 G
CAT-7226,Preservativos Con Puntos Y Estrias Dame Placer Durex 12 Ud,Sin categoría,Mercadona,"Leche corporal nutritiva Nivea con ácido hialurónico, aceite de almendras y sérum de nutrición profunda",Carrefour,Preservativos Con Puntos Y Estrias Dame Placer Durex 12 Ud
CAT-7271,Postre Lacteo De Platano Desde 6 Meses Nestle Yogolino Sin Gluten Y Sin Azucar Anadido 100 G,Despensa,Mercadona,"Aceite de oliva 0,4º Hacendado",Carrefour,Postre Lacteo De Platano Desde 6 Meses Nestle Yogolino Sin Gluten Y Sin Azucar Anadido 100 G
CAT-7266,Bandas De Cera Depilatorias Facial Hipoalergenicas Minima Veet 20 Ud,Cuidado personal e Higiene,Mercadona,"Aceite de oliva 0,4º Hacendado",Carrefour,Bandas De Cera Depilatorias Facial Hipoalergenicas Minima Veet 20 Ud
CAT-7298,Spray Limpia Gafas Y Pantallas Fami 30 Ml,Sin categoría,Mercadona,Fruta + leche caribe Don Simón sin azúcares añadidos y zero materia grasa,Carrefour,Spray Limpia Gafas Y Pantallas Fami 30 Ml
CAT-7591,Tinte Classic 6D Rubio Oscuro Dorado Farmatint 1 Ud,Sin categoría,Mercadona,Vela de cumpleaños 1 Hacendado,Carrefour,Tinte Classic 6D Rubio Oscuro Dorado Farmatint 1 Ud
CAT-7616,Cava Castell Del Llac Brut Rosado Do Cava 75 Cl,Bebidas,Mercadona,Vino tinto tempranillo Cepas Viejas Señorío de los Llanos DO Valdepeñas,Carrefour,Cava Castell Del Llac Brut Rosado Do Cava 75 Cl
CAT-7656,Cheddar Bites Fripozo 250 G,Lácteos y Huevos,Mercadona,"Bebida láctea desnatada sabor fresa y plátano +Proteínas Hacendado 0% MG 0% azúcares añadidos 17,4 g proteínas",Carrefour,Cheddar Bites Fripozo 250 G
CAT-7664,Cafe Latte Espresso Kaiku Sin Gluten 230 Ml,Desayuno y Snack,Mercadona,Fruta + leche caribe Don Simón sin azúcares añadidos y zero materia grasa,DIA,Café latte espresso Kaiku 230 ml
CAT-7716,Pan De La Abuela Integral 100,Panadería y Pastelería,Mercadona,Aceite de oliva virgen extra Hacendado Gran Selección,Carrefour,Pan De La Abuela Integral 100
CAT-7860,Mini Bombones Helados Clasico Almendras Y Chocolate Blanco Bomboniera Magnum Sin Gluten 12 Ud,Congelados,Mercadona,Bebida láctea Omega 3 Puleva con nueces y leche desnatada,Carrefour,Mini Bombones Helados Clasico Almendras Y Chocolate Blanco Bomboniera Magnum Sin Gluten 12 Ud
CAT-9056,Cana De Lomo En Lonchas Navidul Sin Gluten Y Sin Lactosa 40 G,Sin categoría,Mercadona,"Aceite de oliva 0,4º Hacendado",Carrefour,Cana De Lomo En Lonchas Navidul Sin Gluten Y Sin Lactosa 40 G
CAT-8890,Comida Humeda Estofado De Atun Para Perros Cocosi 280 G,Mascotas,Mercadona,"Aceite de oliva 0,4º Hacendado",Carrefour,Comida Humeda Estofado De Atun Para Perros Cocosi 280 G
CAT-8967,Chorizo Pamplona En Lonchas Revilla Sin Gluten 65 G,Carnicería y Charcutería,Mercadona,Clavo en grano Hacendado,Carrefour,Chorizo Pamplona En Lonchas Revilla Sin Gluten 65 G
CAT-9028,Pila 8 Ud  Slimp Lr06 Nn,Bazar y Varios,Mercadona,Papilla 8 cereales con miel Nestlé +6 meses,Carrefour,Pila 8 Ud  Slimp Lr06 Nn
CAT-8767,Bollito Recubierto De Chocolate Blanco Rayado Donettes 8 Ud,"Azúcar, caramelos y chocolate",Mercadona,"Aceite de oliva 0,4º Hacendado",Carrefour,Bollito Recubierto De Chocolate Blanco Rayado Donettes 8 Ud
CAT-7935,Pizza De 4 Quesos Bella Napoli Buitoni 345 G,Lácteos y Huevos,Mercadona,Aceite de oliva 1º Hacendado,Carrefour,Pizza De 4 Quesos Bella Napoli Buitoni 345 G
CAT-7998,La Gula Del Norte Reducida En Sal Sin Gluten 200 G,Sin categoría,Mercadona,Clavo en grano Hacendado,Carrefour,La Gula Del Norte Reducida En Sal Sin Gluten 200 G
CAT-8022,Pienso De Pollo Para Perro Yorkshire Mini Ultima Dog 25 Kg,Carnicería y Charcutería,Mercadona,"Aceite de oliva 0,4º Hacendado",Carrefour,Pienso De Pollo Para Perro Yorkshire Mini Ultima Dog 25 Kg
CAT-8091,Bebida Refrescante Mixta De Leche Y Zumo De Frutas Bifrutas Dark 330 Ml,Bebidas,Mercadona,"Aceite de oliva 0,4º Hacendado",Carrefour,Bebida Refrescante Mixta De Leche Y Zumo De Frutas Bifrutas Dark 330 Ml
CAT-8185,Brandy De Jerez Solera Altorreal 70 Cl,Bebidas,Mercadona,Vino tinto tempranillo Cepas Viejas Señorío de los Llanos DO Valdepeñas,Carrefour,Brandy De Jerez Solera Altorreal 70 Cl
CAT-8773,Queso Camembert Caprice Des Dieux 200 G,Lácteos y Huevos,Mercadona,"Bebida láctea desnatada sabor fresa y plátano +Proteínas Hacendado 0% MG 0% azúcares añadidos 17,4 g proteínas",Carrefour,Queso Camembert Caprice Des Dieux 200 G
CAT-8047,Set 10 Vasos Reutilizables De Polipropileno 465 Cc Nupik,Sin categoría,Mercadona,"Aceite de oliva 0,4º Hacendado",Carrefour,Set 10 Vasos Reutilizables De Polipropileno 465 Cc Nupik
CAT-8096,Ambientador Spray Automatico Sin Aerosol Aroma Campo De Lavanda Active Fresh Aparato Y Recambio Air Wick 1 Ud,Hogar,Mercadona,"Aceite de oliva 0,4º Hacendado",Carrefour,Ambientador Spray Automatico Sin Aerosol Aroma Campo De Lavanda Active Fresh Aparato Y Recambio Air Wick 1 Ud
CAT-8230,Ambientador De Armario Aire Limpio Ambar 1 Ud,Hogar,Mercadona,"Aceite de oliva 0,4º Hacendado",Carrefour,Ambientador De Armario Aire Limpio Ambar 1 Ud
CAT-8126,Ensalada Completa Japon Florette 250 G,Sin categoría,Mercadona,"Bebida láctea desnatada sabor fresa y plátano +Proteínas Hacendado 0% MG 0% azúcares añadidos 17,4 g proteínas",Carrefour,Ensalada Completa Japon Florette 250 G
CAT-8179,Gel Limpiador Espumoso Cerave 473 Ml,Hogar,Mercadona,Gel de baño granada y frutos silvestres Deliplus piel normal,Carrefour,Gel Limpiador Espumoso Cerave 473 Ml
CAT-8260,Dentifrico Dientes Fuertes Y Aliento Fresco Fresh Gel Colgate Pack De 2 Unidades De 75 Ml,Cuidado personal e Higiene,Mercadona,"Aceite de oliva 0,4º Hacendado",Carrefour,Dentifrico Dientes Fuertes Y Aliento Fresco Fresh Gel Colgate Pack De 2 Unidades De 75 Ml
CAT-8371,Cepillo De Dientes Suave Sensitive Para Dientes Sensibles Elmex 1 Ud,Cuidado personal e Higiene,Mercadona,"Aceite de oliva 0,4º Hacendado",Carrefour,Cepillo De Dientes Suave Sensitive Para Dientes Sensibles Elmex 1 Ud
CAT-8738,Champu Uso Frecuente Pilexil 300 Ml,Cuidado personal e Higiene,Mercadona,Biberón 150 ml tetina silicona flujo lento Deliplus +0 meses,Carrefour,Champu Uso Frecuente Pilexil 300 Ml
CAT-7624,Crema De Manos Concentrada Sin Perfume Alivio Inmediato Para Manos Secas Neutrogena 50 Ml,Cuidado personal e Higiene,Mercadona,"Aceite de oliva 0,4º Hacendado",Carrefour,Crema De Manos Concentrada Sin Perfume Alivio Inmediato Para Manos Secas Neutrogena 50 Ml
CAT-8236,Ropa Interior Absorbente Nino Noche Drynites 8 13 Anos 30 48 Kg 13 Ud,Sin categoría,Mercadona,Pañales bebé talla 1 de 2-5 kg Dodot,Carrefour,Ropa Interior Absorbente Nino Noche Drynites 8 13 Anos 30 48 Kg 13 Ud
CAT-8343,Pienso Light Pollo Y Arroz Para Perros Adultos Medium Maxi Ultima 3 Kg,Despensa,Mercadona,Bebida láctea desnatada omega 3 Hacendado,Carrefour,Pienso Light Pollo Y Arroz Para Perros Adultos Medium Maxi Ultima 3 Kg
CAT-9127,Comida Humeda En Gelatina Festin Del Mar Para Gato Purina Felix Duo 4X85 G,Mascotas,Mercadona,Licor dulce Amaretto Del Patriarca,Carrefour,Comida Humeda En Gelatina Festin Del Mar Para Gato Purina Felix Duo 4X85 G
CAT-8314,Pienso De Salmon Para Perro Mini Dream Excellence 15 Kg,Pescadería,Mercadona,"Aceite de oliva 0,4º Hacendado",Carrefour,Pienso De Salmon Para Perro Mini Dream Excellence 15 Kg
CAT-8446,Snack Infantil Tubitos De Zanahoria Y Maiz Desde 8 Meses Ecologico Danone Bledina Sin Gluten Y Sin Azucar Anadido 20 G,Despensa,Mercadona,"Aceite de oliva 0,4º Hacendado",Carrefour,Snack Infantil Tubitos De Zanahoria Y Maiz Desde 8 Meses Ecologico Danone Bledina Sin Gluten Y Sin Azucar Anadido 20 G
CAT-8535,Hamburguesa Vegetal A Base De Proteina De Soja Heura 180 G,Carnicería y Charcutería,Mercadona,"Aceite de oliva 0,4º Hacendado",Carrefour,Hamburguesa Vegetal A Base De Proteina De Soja Heura 180 G
CAT-8632,Fish Tenders Findus 256 G,Sin categoría,Mercadona,"Bebida láctea desnatada sabor fresa y plátano +Proteínas Hacendado 0% MG 0% azúcares añadidos 17,4 g proteínas",Carrefour,Fish Tenders Findus 256 G
CAT-6126,Serum En Spray Metodo Rizos N3 Rizos Hidratados Y Definidos Durante 48H Garnier Fructis 150 Ml,Cuidado personal e Higiene,Mercadona,Bebida láctea Omega 3 Puleva con nueces y leche desnatada,Carrefour,Serum En Spray Metodo Rizos N3 Rizos Hidratados Y Definidos Durante 48H Garnier Fructis 150 Ml
CAT-8644,Tapones Para Los Oidos De Natacion Senti2 4 Ud,Cuidado personal e Higiene,Mercadona,"Aceite de oliva 0,4º Hacendado",Carrefour,Tapones Para Los Oidos De Natacion Senti2 4 Ud
CAT-8790,Zumo De Manzana 100 Premium Granini Botella 1 L,Bebidas,Mercadona,"Aceite de oliva 0,4º Hacendado",Carrefour,Zumo De Manzana 100 Premium Granini Botella 1 L
CAT-8897,Pechuga De Pavo Cocida En Lonchas Campofrio Finissimas Sin Gluten Y Sin Lactosa 165 G,Carnicería y Charcutería,Mercadona,"Aceite de oliva 0,4º Hacendado",Carrefour,Pechuga De Pavo Cocida En Lonchas Campofrio Finissimas Sin Gluten Y Sin Lactosa 165 G
CAT-7912,Colorante En Champu Moreno Just For Men 30 Ml,Cuidado personal e Higiene,Mercadona,Clavo en grano Hacendado,Carrefour,Colorante En Champu Moreno Just For Men 30 Ml
CAT-8486,Champu Anticaspa Classic Hs 300 Ml,Cuidado personal e Higiene,Mercadona,Maquillaje serum camomila Deliplus 300 beige oscuro,DIA,Champú anticaspa classic H&S 250 ml
CAT-7682,Dentifrico Proteccion Anticaries Protege Encias Con Fluor Y Calcio Sabor Fresa Para Ninos 6 Anos Junior Lacer 75 Ml,Cuidado personal e Higiene,Mercadona,Bebida láctea Omega 3 Puleva con leche desnatada,Carrefour,Dentifrico Proteccion Anticaries Protege Encias Con Fluor Y Calcio Sabor Fresa Para Ninos 6 Anos Junior Lacer 75 Ml
CAT-7688,Seda Dental Con Cera Y Fluor Lacer 50 M,Cuidado personal e Higiene,Mercadona,Fruta + leche caribe Don Simón sin azúcares añadidos y zero materia grasa,Carrefour,Seda Dental Con Cera Y Fluor Lacer 50 M
CAT-7763,Dentifrico Cuidado De Encias Colgate Total 75Ml,Cuidado personal e Higiene,Mercadona,"Aceite de oliva 0,4º Hacendado",Carrefour,Dentifrico Cuidado De Encias Colgate Total 75Ml
CAT-8434,Dentifrico Cristales Refrescantes Maxfresh Colgate Pack 2 Unidades 75 Ml,Cuidado personal e Higiene,Mercadona,Dentífrico infantil + 2 años Deliplus,Carrefour,Dentifrico Cristales Refrescantes Maxfresh Colgate Pack 2 Unidades 75 Ml
CAT-8469,Comida Humeda De Mousse Con Salmon Para Gato Adulto Purina Gourmet 4X57 G,Lácteos y Huevos,Mercadona,Bebida láctea Omega 3 Puleva con leche desnatada,DIA,Mousse para gatos de salmón Gourmet caja 4 x 57 g
CAT-5740,Bizcocho De Chocolate Osito Lulu Fontaneda 150 G,Panadería y Pastelería,Mercadona,"Aceite de oliva 0,4º Hacendado",DIA,Bizcocho ositos lulú rellenos de chocolate Fontaneda caja 150 g
CAT-4127,Salchichas Alemanas Cocidas Y Ahumadas Estilo Baviera Campofrio Sin Gluten 260 G,Carnicería y Charcutería,Mercadona,Bebida láctea crecimiento y desarrollo Puleva Max,Carrefour,Salchichas Alemanas Cocidas Y Ahumadas Estilo Baviera Campofrio Sin Gluten 260 G
CAT-6101,Tarrito De Pera Platano Y Zanahoria Desde 4 Meses Ecologico Hero Solo Sin Gluten Pack De 6 Unidades De 120 G,Frutas y Verduras,Mercadona,"Aceite de oliva 0,4º Hacendado",Carrefour,Tarrito De Pera Platano Y Zanahoria Desde 4 Meses Ecologico Hero Solo Sin Gluten Pack De 6 Unidades De 120 G
CAT-8983,Detergente En Capsulas Frescor Silvestre Poderoso Ariel 29 Lavados,Hogar,Mercadona,Clavo en grano Hacendado,Carrefour,Detergente En Capsulas Frescor Silvestre Poderoso Ariel 29 Lavados
CAT-4104,Bombones De Chocolate Y Avellana Ferrero Rocher Estuche 16 Ud,"Azúcar, caramelos y chocolate",Mercadona,"Aceite de oliva 0,4º Hacendado",Carrefour,Bombones De Chocolate Y Avellana Ferrero Rocher Estuche 16 Ud
CAT-8520,Fresa Origen Huelva Circulo De Calidad 400 G,Sin categoría,Mercadona,Aceite de oliva 1º Hacendado,Carrefour,Fresa Origen Huelva Circulo De Calidad 400 G
CAT-9846,Pienso De Buey Para Gatos Sterilcat One Stericat Purina One 800 G,Mascotas,Mercadona,"Aceite de oliva 0,4º Hacendado",Carrefour,Pienso De Buey Para Gatos Sterilcat One Stericat Purina One 800 G
CAT-4168,Batido De Cacao Original Cacaolat Sin Gluten Pack De 4 Botellas De 200 Ml,Lácteos y Huevos,Mercadona,"Aceite de oliva 0,4º Hacendado",Carrefour,Batido De Cacao Original Cacaolat Sin Gluten Pack De 4 Botellas De 200 Ml
CAT-9219,Detergente Gel Activo Formula Higiene Colon 45 Lavados,Hogar,Mercadona,Gel corporal infantil Deliplus,Carrefour,Detergente Gel Activo Formula Higiene Colon 74 Lavados
CAT-9443,Pizza De Atun Fina Y Crujiente Forno Di Pietra Buitoni 345 G,Congelados,Mercadona,"Aceite de oliva 0,4º Hacendado",Carrefour,Pizza De Atun Fina Y Crujiente Forno Di Pietra Buitoni 345 G
CAT-9514,Jamon Curado En Taquitos Navidul Sin Gluten Pack De 2 Unidades De 50 G,Carnicería y Charcutería,Mercadona,"Aceite de oliva 0,4º Hacendado",Carrefour,Jamon Curado En Taquitos Navidul Sin Gluten Pack De 2 Unidades De 50 G
CAT-9936,Vino Tinto Envejecido En Roble Tempranillo Protos Do Ribera Del Duero 75 Cl,Bebidas,Mercadona,Licor dulce Amaretto Del Patriarca,Carrefour,Vino Tinto Envejecido En Roble Tempranillo Protos Do Ribera Del Duero 75 Cl
CAT-8423,Aperitivo De Maiz Triskys Risi Sin Gluten 115 G,Desayuno y Snack,Mercadona,"Aceite de oliva 0,4º Hacendado",Carrefour,Aperitivo De Maiz Triskys Risi Sin Gluten 115 G
CAT-9000,Arroz Bomba Categoria Extra La Fallera 1 Kg,Despensa,Mercadona,Gaseosa La Casera grande,DIA,Arroz bomba La fallera 1 Kg
CAT-8475,Croissant Brioche 1 Ud,Panadería y Pastelería,Mercadona,Pañales bebé talla 1 de 2-5 kg Dodot,Carrefour,Croissant Brioche 1 Ud
CAT-9594,Biberon Anticolicos 2 Meses Tetina Inclinada De Silicona Naturalfeeling Chicco 250 Ml,Bebidas,Mercadona,"Aceite de oliva 0,4º Hacendado",Carrefour,Biberon Anticolicos 2 Meses Tetina Inclinada De Silicona Naturalfeeling Chicco 250 Ml
CAT-8552,Chupete De Silicona Anatomico Ultra Air Nighttime Philips Avent 2 Ud,Sin categoría,Mercadona,"Aceite de oliva 0,4º Hacendado",Carrefour,Chupete De Silicona Anatomico Ultra Air Nighttime Philips Avent 2 Ud
CAT-9877,Champu De Cebolla Nuggelasule 250 Ml,Cuidado personal e Higiene,Mercadona,Reducción bálsamica de vinagre Pedro Ximénez Hacendado,Carrefour,Champu De Cebolla Nuggelasule 250 Ml
CAT-9774,Gel De Ducha Sales Minarales La Toja 600 Ml,Cuidado personal e Higiene,Mercadona,Aceite de oliva 1º Hacendado,Carrefour,Gel De Ducha Sales Minarales La Toja 600 Ml
CAT-9237,Compresas Noche Extra Con Alas Cottonlike Evax 16 Ud,Cuidado personal e Higiene,Mercadona,"Leche corporal nutritiva Nivea con ácido hialurónico, aceite de almendras y sérum de nutrición profunda",Carrefour,Compresas Noche Extra Con Alas Cottonlike Evax 16 Ud
CAT-9701,Protegeslip Normal En Bolsitas Evax 40 Ud,Cuidado personal e Higiene,Mercadona,Clavo en grano Hacendado,Carrefour,Protegeslip Normal En Bolsitas Evax 40 Ud
CAT-9272,Dentifrico Vitis Aloe Vera 100 Ml,Cuidado personal e Higiene,Mercadona,Polvo compacto perfeccionador efecto seda Deliplus 100 beige claro,Carrefour,Dentifrico Vitis Aloe Vera 100 Ml
CAT-9294,Snacks De Chifles Hojuelas De Platano Con Sal Tortolines 105 G,Frutas y Verduras,Mercadona,"Aceite de oliva 0,4º Hacendado",Carrefour,Snacks De Chifles Hojuelas De Platano Con Sal Tortolines 105 G
CAT-9260,Bolsita De Fruta Mediterranea Mi Futa Hero Sin Gluten Y Sin Azucar Anadido 100 G,Despensa,Mercadona,"Aceite de oliva 0,4º Hacendado",Carrefour,Bolsita De Fruta Mediterranea Mi Futa Hero Sin Gluten Y Sin Azucar Anadido 100 G
CAT-9924,Patatas Mediterrean Mccain 750 G,Sin categoría,Mercadona,Patata,Carrefour,Patatas Mediterrean Mccain 750 G
CAT-8784,Locion Atopicontrol Eucerin 400 Ml,Sin categoría,Mercadona,Biberón 150 ml tetina silicona flujo lento Deliplus +0 meses,Carrefour,Locion Atopicontrol Eucerin 400 Ml
CAT-8604,Detergente En Liquido Limpieza Profunda Limpio  Liso Wipp Express 60 Lavados,Hogar,Mercadona,Clavo en grano Hacendado,Carrefour,Detergente En Liquido Limpieza Profunda Limpio  Liso Wipp Express 60 Lavados
CAT-8615,Habas Babys Findus 400 G,Sin categoría,Mercadona,"Bebida láctea desnatada sabor fresa y plátano +Proteínas Hacendado 0% MG 0% azúcares añadidos 17,4 g proteínas",Carrefour,Habas Babys Findus 400 G
CAT-8959,Chorizo En Lonchas Revilla Sin Gluten 65 G,Carnicería y Charcutería,Mercadona,Fruta + leche caribe Don Simón sin azúcares añadidos y zero materia grasa,Carrefour,Chorizo En Lonchas Revilla Sin Gluten 65 G
CAT-9786,Pechuga De Pollo Fileteada Marinada A Las Finas Hierbas Coren 400 G Aprox,Carnicería y Charcutería,Mercadona,"Aceite de oliva 0,4º Hacendado",Carrefour,Pechuga De Pollo Fileteada Marinada A Las Finas Hierbas Coren 400 G Aprox
CAT-8586,Pizza Mozzarella Buitoni 195 G,Lácteos y Huevos,Mercadona,"Bebida láctea desnatada sabor fresa y plátano +Proteínas Hacendado 0% MG 0% azúcares añadidos 17,4 g proteínas",Carrefour,Pizza Mozzarella Buitoni 195 G
CAT-9254,Lejia Hogar Con Detergente Frescor Limon Estrella 143 L,Hogar,Mercadona,"Leche corporal nutritiva Nivea con ácido hialurónico, aceite de almendras y sérum de nutrición profunda",DIA,"Lejía con detergente limón Estrella 1,43 L"
CAT-9893,Cajas De Fosforos  Pequenos,Sin categoría,Mercadona,Aceite de oliva virgen extra Hacendado Gran Selección,Carrefour,Cajas De Fosforos  Pequenos
CAT-9039,Gel De Ducha Original Moussel 650 Ml,Cuidado personal e Higiene,Mercadona,Reducción bálsamica de vinagre Pedro Ximénez Hacendado,Carrefour,Gel De Ducha Original Moussel 650 Ml
CAT-9353,Cepillo De Dientes Encias Delicadas Cabezal Pequeno Maxima Precision Gingilacer 1 Ud,Cuidado personal e Higiene,Mercadona,"Aceite de oliva 0,4º Hacendado",Carrefour,Cepillo De Dientes Encias Delicadas Cabezal Pequeno Maxima Precision Gingilacer 1 Ud
CAT-9095,Queso De Mezcla Curado En Cuna Cortada Gran Capitan 210 G,Lácteos y Huevos,Mercadona,"Aceite de oliva 0,4º Hacendado",Carrefour,Queso De Mezcla Curado En Cuna Cortada Gran Capitan 210 G
CAT-8661,Desodorante En Spray Black Axe Pack De 2 Unidades De 150 Ml,Cuidado personal e Higiene,Mercadona,"Aceite de oliva 0,4º Hacendado",Carrefour,Desodorante En Spray Black Axe Pack De 2 Unidades De 150 Ml
CAT-9473,Dentifrico Proteccion Caries Maximum Caries Protection Colgate 50 Ml,Cuidado personal e Higiene,Mercadona,Multi corrector Rimmel London 50 sand,Carrefour,Dentifrico Proteccion Caries Maximum Caries Protection Colgate 50 Ml
CAT-7870,Vino Tinto Roble Mayor De Castilla Do Ribera Del Duero 75 Cl,Bebidas,Mercadona,"Aceite de oliva 0,4º Hacendado",DIA,Vino tinto roble D.O. Ribera del Duero Mayor de Castilla 75 cl
CAT-7982,Cerveza Mahou Mixta Shandy Con Limon Lata 33 Cl,Bebidas,Mercadona,"Leche corporal nutritiva Nivea con ácido hialurónico, aceite de almendras y sérum de nutrición profunda",DIA,Cerveza con limón Mahou Mixta 33 cl
CAT-6458,Desodorante En Spray Antitranspirante Thermo Fresh Men Rexona 200 Ml,Cuidado personal e Higiene,Mercadona,Clavo en grano Hacendado,Carrefour,Desodorante En Spray Antitranspirante Thermo Fresh Men Rexona 200 Ml
CAT-4116,Tarrito De Hervido De Verduras De La Huerta Desde 6 Meses Hero Solo Sin Gluten 235 G,Sin categoría,Mercadona,"Aceite de oliva 0,4º Hacendado",Carrefour,Tarrito De Hervido De Verduras De La Huerta Desde 6 Meses Hero Solo Sin Gluten 235 G
CAT-4209,Cartucho De Recambio De Filtro De Agua Brita On Tap V,Sin categoría,Mercadona,"Aceite de oliva 0,4º Hacendado",Carrefour,Cartucho De Recambio De Filtro De Agua Brita On Tap V
CAT-4090,Tabletas Limpiadoras Para Protesis Dentales Accion Desinfectante Con Oxigeno Activo Polident 30 Ud,Hogar,Mercadona,Bebida láctea Omega 3 Puleva con leche desnatada,Carrefour,Tabletas Limpiadoras Para Protesis Dentales Accion Desinfectante Con Oxigeno Activo Polident 30 Ud
CAT-4111,Tarrito De Arroz Con Pollo Desde 6 Meses Hero Solo Sin Gluten 235 G,Despensa,Mercadona,"Aceite de oliva 0,4º Hacendado",Carrefour,Tarrito De Arroz Con Pollo Desde 6 Meses Hero Solo Sin Gluten 235 G
CAT-4234,Hamburguesa Originales Heura Sin Gluten 440 G,Carnicería y Charcutería,Mercadona,Fruta + leche caribe Don Simón sin azúcares añadidos y zero materia grasa,Carrefour,Hamburguesa Originales Heura Sin Gluten 440 G
CAT-4198,Dentifrico Gingi Kin B5 Pack De 2 Unidades De 125 Ml,Cuidado personal e Higiene,Mercadona,"Aceite de oliva 0,4º Hacendado",Carrefour,Dentifrico Gingi Kin B5 Pack De 2 Unidades De 125 Ml
CAT-0401,Moras,Frutas y Verduras,Mercadona,Moras,Carrefour,Mora 125 G
CAT-0285,Arándanos,Frutas y Verduras,Mercadona,Arándanos,Carrefour,Arandanos 225 G
CAT-0285,Arándanos,Frutas y Verduras,DIA,Arándanos vaso 170 g,Carrefour,Arandanos 225 G
CAT-4485,Papel De Cocina Adapt Colhogar 3 Rollos,Bazar y Varios,Mercadona,Mostaza de Dijon Hacendado,Carrefour,Papel De Cocina Adapt Colhogar 3 Rollos
CAT-4232,Gel Limpiador Cleanance Avne 400 Ml,Hogar,Mercadona,Gel de baño granada y frutos silvestres Deliplus piel normal,Carrefour,Gel Limpiador Cleanance Avne 400 Ml
CAT-4226,Preparado De Soja Natural Con Avena Alpro Sin Lactosa 400 G,Sin categoría,Mercadona,"Aceite de oliva 0,4º Hacendado",Carrefour,Preparado De Soja Natural Con Avena Alpro Sin Lactosa 400 G
CAT-4229,Cleanance Solar Spf50 Avne 50 Ml,Sin categoría,Mercadona,Crema facial fotocorrector unificador anti-manchas Deliplus FPS 50,Carrefour,Cleanance Solar Spf50 Avne 50 Ml
CAT-4091,Gel Champu Original Denenes 600 Ml,Cuidado personal e Higiene,Mercadona,Gel de baño granada y frutos silvestres Deliplus piel normal,Carrefour,Gel Champu Original Denenes 600 Ml
CAT-7366,Pan Molde Alto Contenido En Proteinas 450 G,Panadería y Pastelería,Mercadona,Clavo en grano Hacendado,Carrefour,Pan Molde Alto Contenido En Proteinas 450 G
CAT-4441,Croquetas De Pollo Estofado La Cocinera 500 G,Congelados,Mercadona,"Aceite de oliva 0,4º Hacendado",Carrefour,Croquetas De Pollo Estofado La Cocinera 500 G
CAT-4167,Fertilizante Universal Compo 1L,Sin categoría,Mercadona,Recipiente hermético de plástico rectangular 1L Bosque Verde,Carrefour,Fertilizante Universal Compo 1L
CAT-4355,Tarrito De Menestra De Verduras Ternera Y Jamon Desde 6 Meses Hero Baby Sin Gluten Pack De 6 Unidades De 235 G,Congelados,Mercadona,"Aceite de oliva 0,4º Hacendado",Carrefour,Tarrito De Menestra De Verduras Ternera Y Jamon Desde 6 Meses Hero Baby Sin Gluten Pack De 6 Unidades De 235 G
CAT-4014,Coca Cola Sin Cafeina Botella 2 L,Bebidas,DIA,Coca-Cola sin cafeína 330 ml,Carrefour,Coca Cola Sin Cafeina Botella 2 L
CAT-4765,Desodorante Spray Pies Controla La Sudoracion Y La Humedad Babaria 150 Ml,Cuidado personal e Higiene,Mercadona,Lomo asado La Carloteña lonchas,Carrefour,Desodorante Spray Pies Controla La Sudoracion Y La Humedad Babaria 150 Ml
CAT-4149,Desodorante Roll On Sensitive Sin Perfume Con Seda Hipoalergenico Byly 50 Ml,Cuidado personal e Higiene,Mercadona,Bebida láctea Omega 3 Puleva con leche desnatada,Carrefour,Desodorante Roll On Sensitive Sin Perfume Con Seda Hipoalergenico Byly 50 Ml
CAT-4197,Enjuague Bucal Oral Kin Zero Pack De 2 Unidades De 500 Ml,Cuidado personal e Higiene,Mercadona,"Aceite de oliva 0,4º Hacendado",Carrefour,Enjuague Bucal Oral Kin Zero Pack De 2 Unidades De 500 Ml
CAT-4101,Conos De Maiz Matutano 3D 85 G,Sin categoría,Mercadona,Aceite de oliva virgen extra Hacendado Gran Selección,Carrefour,Conos De Maiz Matutano 3D 85 G
CAT-4081,Plenitude Revitalift Tarro 50,Sin categoría,Mercadona,Crema facial fotocorrector unificador anti-manchas Deliplus FPS 50,Carrefour,Plenitude Revitalift Tarro 50
CAT-4514,Spray Quitamanchas Aceites Y Salsas Grasas Doble Uso Cebralin 200 Ml,Hogar,Mercadona,"Leche corporal nutritiva Nivea con ácido hialurónico, aceite de almendras y sérum de nutrición profunda",Carrefour,Spray Quitamanchas Aceites Y Salsas Grasas Doble Uso Cebralin 200 Ml
CAT-4075,Limpiador En Crema Original Cif 750 Ml,Hogar,Mercadona,Clavo en grano Hacendado,Carrefour,Limpiador En Crema Original Cif 750 Ml
CAT-4615,Pienso De Pescado Para Gatos Sensitive Purina One 15 Kg,Mascotas,Mercadona,"Aceite de oliva 0,4º Hacendado",Carrefour,Pienso De Pescado Para Gatos Sensitive Purina One 15 Kg
CAT-4519,Pants Dodot Activity T5 12 17 Kg 38 Ud,Bebes,Mercadona,Natillas sabor vainilla +Proteínas Hacendado 12 g proteínas,Carrefour,Pants Dodot Activity T7 17 Kg 29 Ud
CAT-4164,Preparado De Soja Y Lima Limon Alpro Sin Gluten Y Sin Lactosa 400 G,Frutas y Verduras,Mercadona,"Aceite de oliva 0,4º Hacendado",Carrefour,Preparado De Soja Y Lima Limon Alpro Sin Gluten Y Sin Lactosa 400 G
CAT-4279,Set 2 Estropajos Salvaunas Antibacterias Vileda Plus,Hogar,Mercadona,2 Baguettes para hornear,Carrefour,Set 2 Estropajos Salvaunas Antibacterias Vileda Plus
CAT-7333,Queso Fundido En Lonchas Clasico El Caserio Sin Gluten 262 G ,Lácteos y Huevos,Mercadona,Clavo en grano Hacendado,Carrefour,Queso Fundido En Lonchas Clasico El Caserio Sin Gluten 262 G 
CAT-4497,Yogur Sabor Galleta Danone Sin Gluten Pack De 4 Unidades De 120 G,Lácteos y Huevos,Mercadona,"Aceite de oliva 0,4º Hacendado",Carrefour,Yogur Sabor Galleta Danone Sin Gluten Pack De 4 Unidades De 120 G
CAT-4114,Tarrito De Crema Bechamel Con Lenguado Desde 6 Meses Hero Baby Sin Gluten 235 G,Pescadería,Mercadona,Bebida láctea Omega 3 Puleva con leche desnatada,Carrefour,Tarrito De Crema Bechamel Con Lenguado Desde 6 Meses Hero Baby Sin Gluten 235 G
CAT-4117,Tarrito De Frutas Variadas Desde 4 Meses Hero Baby Sin Gluten Pack De 2 Unidades De 120 G,Bebes,Mercadona,"Aceite de oliva 0,4º Hacendado",Carrefour,Tarrito De Frutas Variadas Desde 4 Meses Hero Baby Sin Gluten Pack De 2 Unidades De 120 G
CAT-4361,Pez Espada 12 Kg Aprox,Pescadería,Mercadona,Pañales bebé talla 1 de 2-5 kg Dodot,Carrefour,Pez Espada 12 Kg Aprox
CAT-4107,Mostaza Orlando Sin Gluten Envase 290 G,Despensa,Mercadona,Fruta + leche caribe Don Simón sin azúcares añadidos y zero materia grasa,Carrefour,Mostaza Orlando Sin Gluten Envase 290 G
CAT-4095,Palitos De Chocolate Noir Mikado Lu 75 G,"Azúcar, caramelos y chocolate",Mercadona,Mostaza de Dijon Hacendado,Carrefour,Palitos De Chocolate Noir Mikado Lu 75 G
CAT-4655,Zumo Tropical Original Bifrutas Pack De 3 Briks De 33 Cl,Bebidas,Mercadona,"Aceite de oliva 0,4º Hacendado",Carrefour,Zumo Tropical Original Bifrutas Pack De 3 Briks De 33 Cl
CAT-4092,Compresas Normal Fina Y Segura Evax 16 Ud,Cuidado personal e Higiene,Mercadona,Fruta + leche caribe Don Simón sin azúcares añadidos y zero materia grasa,Carrefour,Compresas Normal Fina Y Segura Evax 16 Ud
CAT-4183,Ensaladera De Opal 24Cm   Blanco,Sin categoría,Mercadona,Aceite de oliva virgen extra Hacendado Gran Selección,Carrefour,Ensaladera De Opal 24Cm   Blanco
CAT-4235,Picada Troceada Heura Sin Gluten 300 G ,Sin categoría,Mercadona,Fruta + leche caribe Don Simón sin azúcares añadidos y zero materia grasa,Carrefour,Picada Troceada Heura Sin Gluten 300 G 
CAT-4100,Cortezas De Trigo Bocabits Matutano 75 G,Desayuno y Snack,Mercadona,Mostaza de Dijon Hacendado,Carrefour,Cortezas De Trigo Bocabits Matutano 75 G
CAT-4064,Desatascador Gel Mr Muscle Forza 1 L,Sin categoría,Mercadona,Gel de baño granada y frutos silvestres Deliplus piel normal,Carrefour,Desatascador Gel Mr Muscle Forza 1 L
CAT-4246,Calabacin De Mercado 1 Kg Aprox,Frutas y Verduras,Mercadona,Aceite de oliva virgen extra Hacendado Gran Selección,Carrefour,Calabacin De Mercado 1 Kg Aprox
CAT-4496,Zanahoria  Manojo De 750 G,Frutas y Verduras,Mercadona,Aceite de oliva virgen extra Hacendado Gran Selección,DIA,Zanahoria manojo 750 g
CAT-9306,Zumo De Naranja Con Pulpa Innocent Botella 900 Ml,Bebidas,Mercadona,"Aceite de oliva 0,4º Hacendado",Carrefour,Zumo De Naranja Con Pulpa Innocent Botella 900 Ml
CAT-4401,Gafa Presbicia Rectangular Circular 150 Colores Varios 1 Ud,Sin categoría,Mercadona,Vela de cumpleaños 1 Hacendado,Carrefour,Gafa Presbicia Rectangular Circular 150 Colores Varios 1 Ud
CAT-4438,Capricho Mar Pescanova 600 G,Pescadería,Mercadona,"Bebida láctea desnatada sabor fresa y plátano +Proteínas Hacendado 0% MG 0% azúcares añadidos 17,4 g proteínas",Carrefour,Capricho Mar Pescanova 600 G
CAT-4274,Eliminador De Humos Wynns 325 Ml,Sin categoría,Mercadona,Aceite de oliva virgen extra Hacendado Gran Selección,Carrefour,Eliminador De Humos Wynns 325 Ml
CAT-1408,Lasaña boloñesa,Platos preparados,Mercadona,Lasaña boloñesa familiar Hacendado ultracongelada,Carrefour,Lasana Bolonesa Carrefour Extra 500 G
CAT-4381,Kiwi 1 Kg Aprox,Frutas y Verduras,Mercadona,Vela de cumpleaños 1 Hacendado,DIA,Kiwi granel 500 g aprox.
CAT-4432,Gambon Krustasur 2 Kg,Sin categoría,Mercadona,Pañales bebé talla 1 de 2-5 kg Dodot,Carrefour,Gambon Krustasur 2 Kg
CAT-4484,Esparragos Blancos Extra 812 Carretilla 205 G,Conservas y Enlatados,Mercadona,"Bebida láctea desnatada sabor fresa y plátano +Proteínas Hacendado 0% MG 0% azúcares añadidos 17,4 g proteínas",DIA,Espárragos blancos extra Carretilla 150 g
CAT-4289,Plato Llano De Vidrio Luminarc 245 Cm   Blanco,Sin categoría,Mercadona,"Aceite de oliva 0,4º Hacendado",Carrefour,Plato Llano De Vidrio Luminarc 245 Cm   Blanco
CAT-4389,Cerveza Erdinger Weissbier Alemana De Trigo Botella 50 Cl,Bebidas,Mercadona,"Aceite de oliva 0,4º Hacendado",Carrefour,Cerveza Erdinger Weissbier Alemana De Trigo Botella 50 Cl
CAT-4273,Tarrito De Ternera Con Verduras Desde 6 Meses Ecologico Smileat Sin Gluten 230 G,Carnicería y Charcutería,Mercadona,Bebida láctea Omega 3 Puleva con leche desnatada,DIA,Puré de ternera con verduras 100% ecológico Smileat frasco 230 g
CAT-4291,Plato Postre De Vidrio Opal Luminarc 195 Cm   Blanco,Sin categoría,Mercadona,"Aceite de oliva 0,4º Hacendado",Carrefour,Plato Postre De Vidrio Opal Luminarc 195 Cm   Blanco
CAT-4573,Yogur Sabor Coco Fresa Frutos Del Bosque Y Macedonia Danone Pack De 8 Unidades De 120 G,Lácteos y Huevos,Mercadona,"Aceite de oliva 0,4º Hacendado",DIA,"Yogur sabor coco, fresa, frutos del bosque y macedonia Danone pack 8 x 120 g"
CAT-4451,Chupete Fusion Con Tetina Fisiologica De Silicona 4 18 Meses Suavinex 2 Ud,Sin categoría,Mercadona,Bebida láctea Omega 3 Puleva con leche desnatada,Carrefour,Chupete Fusion Con Tetina Fisiologica De Silicona  2 4 Meses Suavinex 2 Ud
CAT-7321,Gel Hidratante Fluido Spf 30 Bright Boost Neutrogena 50 Ml,Cuidado personal e Higiene,Mercadona,Gel corporal infantil Deliplus,Carrefour,Gel Hidratante Fluido Spf 30 Bright Boost Neutrogena 50 Ml
CAT-9345,Crema De Afeitar Piel Sensible Lea 100 G,Sin categoría,Mercadona,Mostaza de Dijon Hacendado,Carrefour,Crema De Afeitar Piel Sensible Lea 100 G
CAT-4265,Nectar De Melocoton Granini Botella 1 L,Bebidas,Mercadona,Mostaza de Dijon Hacendado,DIA,Bebida de zumo de melocotón Granini 1 L
CAT-4426,Petit Nestle Nesquik Sin Gluten Pack De 6 Unidades De 60 G,Desayuno y Snack,Mercadona,"Aceite de oliva 0,4º Hacendado",Carrefour,Petit Nestle Nesquik Sin Gluten Pack De 6 Unidades De 60 G
CAT-8393,Dermojabon Azufre Antiseborreico Grisi 100 G,Cuidado personal e Higiene,Mercadona,"Bebida láctea desnatada sabor fresa y plátano +Proteínas Hacendado 0% MG 0% azúcares añadidos 17,4 g proteínas",Carrefour,Dermojabon Azufre Antiseborreico Grisi 100 G
CAT-9300,Cepillo De Dientes Medio Limpieza Profunda Zigzag Colgate 2 Ud,Cuidado personal e Higiene,Mercadona,"Aceite de oliva 0,4º Hacendado",DIA,Cepillo de dientes medio limpieza profunda Colgate 1 unidad
CAT-4275,Cacerola De Acero Inoxidable Vulcano Con Tapa 24 Cm   Inox,Sin categoría,Mercadona,"Aceite de oliva 0,4º Hacendado",Carrefour,Cacerola De Acero Inoxidable Vulcano Con Tapa 24 Cm   Inox
CAT-4292,Plato Hondo De Vidrio Luminarc Trianon 225 Cm,Sin categoría,Mercadona,"Aceite de oliva 0,4º Hacendado",Carrefour,Plato Hondo De Vidrio Luminarc Trianon 225 Cm
CAT-4302,Tarrito De Verduras Con Ternera Y Arroz Desde 10 Meses Hero Baby Sin Gluten Pack De 2 Unidades De 235 G,Despensa,Mercadona,Bebida láctea Omega 3 Puleva con leche desnatada,Carrefour,Tarrito De Verduras Con Ternera Y Arroz Desde 10 Meses Hero Baby Sin Gluten Pack De 2 Unidades De 235 G
CAT-4303,Tarrito De Verduras Con Lentejas Y Jamon Desde 10 Meses Hero Baby Sin Gluten Pack De 2 Unidades De 235 G,Despensa,Mercadona,Bebida láctea Omega 3 Puleva con leche desnatada,Carrefour,Tarrito De Verduras Con Lentejas Y Jamon Desde 10 Meses Hero Baby Sin Gluten Pack De 2 Unidades De 235 G
CAT-4252,Bifidus Con Trozos De Fresa Danone Activia Pack De 4 Unidades De 120 G,Lácteos y Huevos,Mercadona,"Aceite de oliva 0,4º Hacendado",DIA,Bífidus cremoso con fresa Activia pack 4 x 115 g
CAT-4429,Sandwich De Nata Nestle 6 Ud,Platos preparados,Mercadona,Aceite de oliva virgen extra Hacendado Gran Selección,Carrefour,Sandwich De Nata Nestle 6 Ud
CAT-4335,Alubias Cocidas En Salsa De Tomate Heinz 415 G,Despensa,Mercadona,"Aceite de oliva 0,4º Hacendado",Carrefour,Alubias Cocidas En Salsa De Tomate Heinz 415 G
CAT-4357,Harina De Trigo Reposteria Gallo 1 Kg,Despensa,Mercadona,Vino tinto tempranillo Cepas Viejas Señorío de los Llanos DO Valdepeñas,DIA,Harina de trigo para repostería Gallo 1 Kg
CAT-8326,Set 4 Utensilios De Freidora De Aire Masterpro Foodies,Sin categoría,Mercadona,"Aceite de oliva 0,4º Hacendado",Carrefour,Set 4 Utensilios De Freidora De Aire Masterpro Foodies
CAT-4282,Champu Regenerador Y Antirrotura Al Cupuacu Klorane 400 Ml,Cuidado personal e Higiene,Mercadona,"Leche corporal nutritiva Nivea con ácido hialurónico, aceite de almendras y sérum de nutrición profunda",Carrefour,Champu Regenerador Y Antirrotura Al Cupuacu Klorane 400 Ml
CAT-4281,Champu Quinina Y Edelweiss Klorane 400 Ml,Cuidado personal e Higiene,Mercadona,Fruta + leche caribe Don Simón sin azúcares añadidos y zero materia grasa,Carrefour,Champu Quinina Y Edelweiss Klorane 400 Ml
CAT-4186,Papel De Aluminio Albal 30 Metros,Sin categoría,Mercadona,Aceite de oliva virgen extra Hacendado Gran Selección,Carrefour,Papel De Aluminio Albal 30 Metros
CAT-5508,Detergente Liquido Adios Al Separar Dixan 43 Lavados,Hogar,Mercadona,Tiras adhesivas protectoras de poliuretano Aqua Deliplus surtidas resistentes al agua,Carrefour,Detergente Liquido Adios Al Separar Dixan 43 Lavados
CAT-4629,Cabeza De Cerdo Iberica Con Pistachos Al Corte Frial 250 G Aprox,Desayuno y Snack,Mercadona,"Aceite de oliva 0,4º Hacendado",Carrefour,Cabeza De Cerdo Iberica Con Pistachos Al Corte Frial 250 G Aprox
CAT-5566,Kombucha De Frutos Rojos Ecologico Komvida Sin Gluten Botella 25 Cl,Sin categoría,Mercadona,"Aceite de oliva 0,4º Hacendado",Carrefour,Kombucha De Frutos Rojos Ecologico Komvida Sin Gluten Botella 25 Cl
CAT-9566,Almeja Japonica Fresca 500 G,Pescadería,Mercadona,"Bebida láctea desnatada sabor fresa y plátano +Proteínas Hacendado 0% MG 0% azúcares añadidos 17,4 g proteínas",Carrefour,Almeja Japonica Fresca 500 G
CAT-9586,Pienso De Pollo Para Perros Cachorro Mini Ultima 15 Kg,Carnicería y Charcutería,Mercadona,"Aceite de oliva 0,4º Hacendado",Carrefour,Pienso De Pollo Para Perros Cachorro Mini Ultima 15 Kg
CAT-9718,Comida Humeda De Pollo Y Buey Para Gato Adulto Purina One 4X85 G,Carnicería y Charcutería,Mercadona,"Aceite de oliva 0,4º Hacendado",Carrefour,Comida Humeda De Pollo Y Buey Para Gato Adulto Purina One 4X85 G
CAT-9767,Comida Humeda Finas Laminas En Salsa Duo Del Mar Para Gatos Purina Gourmet Perle 8X85 G,Despensa,Mercadona,Licor dulce Amaretto Del Patriarca,Carrefour,Comida Humeda Finas Laminas En Salsa Duo Del Mar Para Gatos Purina Gourmet Perle 8X85 G
CAT-9797,Multivitaminico Y Multimineral En Comprimidos Mujer Multicentrum Sin Gluten 90 Ud,Sin categoría,Mercadona,Clavo en grano Hacendado,Carrefour,Multivitaminico Y Multimineral En Comprimidos Mujer Multicentrum Sin Gluten 90 Ud
CAT-5288,Postre Lacteo Natural Desde 6 Meses Nestle Yogolino Sin Gluten Pack De 8 Unidades De 100 G,Lácteos y Huevos,Mercadona,"Aceite de oliva 0,4º Hacendado",Carrefour,Postre Lacteo Natural Desde 6 Meses Nestle Yogolino Sin Gluten Pack De 8 Unidades De 100 G
CAT-5550,Tarrito De Frutas Variadas Desde 4 Meses Hero Baby Sin Gluten Pack De 6 Unidades De 190 G,Bebes,Mercadona,"Aceite de oliva 0,4º Hacendado",Carrefour,Tarrito De Frutas Variadas Desde 4 Meses Hero Baby Sin Gluten Pack De 6 Unidades De 190 G
CAT-5072,Gel Control Imperfecciones Cerave 40 Ml,Sin categoría,Mercadona,Gel de baño granada y frutos silvestres Deliplus piel normal,Carrefour,Gel Control Imperfecciones Cerave 40 Ml
CAT-4607,Nuggets Chilli Cheese Pickers By Mccain 230 G,Congelados,Mercadona,"Bebida láctea desnatada sabor fresa y plátano +Proteínas Hacendado 0% MG 0% azúcares añadidos 17,4 g proteínas",Carrefour,Nuggets Chilli Cheese Pickers By Mccain 230 G
CAT-5316,Desodorante Roll On Extrem Frescor Byly 50 Ml,Cuidado personal e Higiene,Mercadona,Preservativos natural On,Carrefour,Desodorante Roll On Extrem Frescor Byly 50 Ml
CAT-5576,Whisky Loch Castle Escoces 1 L,Bebidas,Mercadona,Crema limpiadora Vitrocerámicas Vitroclen 5 en 1,Carrefour,Whisky Loch Castle Escoces 1 L
CAT-5570,Aperitivo De Maiz Y Chia Con Sal Marina Risi Mios Sin Gluten 150 G,Despensa,Mercadona,"Aceite de oliva 0,4º Hacendado",Carrefour,Aperitivo De Maiz Y Chia Con Sal Marina Risi Mios Sin Gluten 150 G
CAT-5047,Chapelas Zebra Dulcesol 3 Ud,Sin categoría,Mercadona,Bebida láctea Omega 3 Puleva con leche desnatada,DIA,Chapelas zebra Dulcesol bolsa 126 g
CAT-5568,Desodorante En Spray Active Control Sanex Men 200 Ml,Cuidado personal e Higiene,Mercadona,Clavo en grano Hacendado,Carrefour,Desodorante En Spray Active Control Sanex Men 200 Ml
CAT-5310,Yogur Infantil Petit Queso Fresco Y Frutas Variadas Desde 6 Meses Hero Baby Sin Gluten Pack De 2 Unidades De 80 G,Lácteos y Huevos,Mercadona,"Aceite de oliva 0,4º Hacendado",Carrefour,Yogur Infantil Petit Queso Fresco Y Frutas Variadas Desde 6 Meses Hero Baby Sin Gluten Pack De 2 Unidades De 80 G
CAT-5554,Tarrito De 3 Frutas Desde 4 Meses Hero Baby Sin Gluten 190 G,Bebes,Mercadona,"Aceite de oliva 0,4º Hacendado",Carrefour,Tarrito De 3 Frutas Desde 4 Meses Hero Baby Sin Gluten 190 G
CAT-4623,Pizza De Pollo Asado Con Salsa De Miel Y Mostaza Pizza  Salsa Campofrio 355 G,Despensa,Mercadona,Bebida láctea Omega 3 Puleva con leche desnatada,Carrefour,Pizza De Pollo Asado Con Salsa De Miel Y Mostaza Pizza  Salsa Campofrio 355 G
CAT-5579,Agua De Colonia Fragancia Original Nenuco Classic 650 Ml,Cuidado personal e Higiene,Mercadona,"Aceite de oliva 0,4º Hacendado",DIA,Agua de colonia fragancia original Nenuco botella 650 ml
CAT-4622,Molde De Silicona Redondo Para Airfryer 19X75 Cm Masterpro Foodies,Sin categoría,Mercadona,"Aceite de oliva 0,4º Hacendado",Carrefour,Molde De Silicona Redondo Para Airfryer 19X75 Cm Masterpro Foodies
CAT-5295,Centro De Jamon Dop Teruel De Nuestra Tierra Al Corte 150 G Aprox,Carnicería y Charcutería,Mercadona,"Aceite de oliva 0,4º Hacendado",Carrefour,Centro De Jamon Dop Teruel De Nuestra Tierra Al Corte 150 G Aprox
CAT-5536,Patatas Golden Long Mccain 1 Kg,Sin categoría,Mercadona,Patata,Carrefour,Patatas Golden Long Mccain 1 Kg
CAT-4637,Tinto De Verano Con Gaseosa La Casera Lata 33 Cl,Bebidas,Mercadona,"Aceite de oliva 0,4º Hacendado",DIA,Tinto de verano con gaseosa La Casera 1.5 L
CAT-4694,Comida Humeda De Pollo Para Perro Mini Ultima 150 G,Carnicería y Charcutería,Mercadona,"Aceite de oliva 0,4º Hacendado",Carrefour,Comida Humeda De Pollo Para Perro Mini Ultima 150 G
CAT-4624,Snack De Bacon Para Perros Brekkies Excel 300 G,Carnicería y Charcutería,Mercadona,"Aceite de oliva 0,4º Hacendado",Carrefour,Snack De Bacon Para Perros Brekkies Excel 300 G
CAT-4628,Molde Cuadrado De Silicona 22X22X7 Cm Masterpro Foodies,Sin categoría,Mercadona,"Aceite de oliva 0,4º Hacendado",Carrefour,Molde Cuadrado De Silicona 22X22X7 Cm Masterpro Foodies
CAT-4626,Molde De Silicona 207X207X7 Cm Masterpro Foodies,Sin categoría,Mercadona,"Aceite de oliva 0,4º Hacendado",Carrefour,Molde De Silicona 207X207X7 Cm Masterpro Foodies
CAT-5301,Cana De Pescar Para Gato Vitakraft Con Raton,Mascotas,Mercadona,Aceite de oliva 1º Hacendado,Carrefour,Cana De Pescar Para Gato Vitakraft Con Raton
CAT-5515,Pienso De Aves Y Verduras Para Perro Adulto Purina Friskies 15 Kg,Mascotas,Mercadona,"Aceite de oliva 0,4º Hacendado",DIA,Alimento para perros adultos con aves y verduras Friskies bolsa 3 Kg
CAT-4692,Pienso De Salmon Para Perro Adulto Mini Ultima 125 Kg,Pescadería,Mercadona,"Aceite de oliva 0,4º Hacendado",Carrefour,Pienso De Salmon Para Perro Adulto Mini Ultima 125 Kg
CAT-5308,Sucedaneo De Angulas 200 G,Sin categoría,Mercadona,Aceite de oliva virgen extra Hacendado Gran Selección,Carrefour,Sucedaneo De Angulas 200 G
CAT-4691,Comida Humeda De Buey Para Perro Mini Ultima 150 G,Mascotas,Mercadona,"Aceite de oliva 0,4º Hacendado",Carrefour,Comida Humeda De Buey Para Perro Mini Ultima 150 G
CAT-4616,Pienso Esterilizado Control Bolas De Pelo Sabor Pollo Para Gato Purina One 15 Kg,Carnicería y Charcutería,Mercadona,"Aceite de oliva 0,4º Hacendado",Carrefour,Pienso Esterilizado Control Bolas De Pelo Sabor Pollo Para Gato Purina One 15 Kg
CAT-5526,Panales Dodot Activity T6 14 Kg 44 Ud,Bebes,Mercadona,Pañal junior braguita noche infantil de 17-30 kg Deliplus,Carrefour,Panales Dodot Activity T6 14 Kg 44 Ud
CAT-5553,Tarrito De Frutas Variadas Desde 4 Meses Hero Solo Sin Gluten 190 G,Sin categoría,Mercadona,"Aceite de oliva 0,4º Hacendado",Carrefour,Tarrito De Frutas Variadas Desde 4 Meses Hero Solo Sin Gluten 190 G
CAT-4410,Gafa Presbicia Ojo Gato Circular 100 Colores Varios 1 Ud,Sin categoría,Mercadona,Vela de cumpleaños 1 Hacendado,Carrefour,Gafa Presbicia Ojo Gato Circular 150 Colores Varios 1 Ud
CAT-4408,Gafa Presbicia Ojo Gato Circular 150 Colores Varios 1 Ud,Sin categoría,Mercadona,Vela de cumpleaños 1 Hacendado,Carrefour,Gafa Presbicia Ojo Gato Circular 250 Colores Varios 1 Ud
CAT-4419,Gafa Presbicia Ojo Gato Circular 200 Colores Varios 1 Ud,Sin categoría,Mercadona,Vela de cumpleaños 1 Hacendado,Carrefour,Gafa Presbicia Ojo Gato Circular 100 Colores Varios 1 Ud
CAT-4420,Gafa Presbicia Ojo Gato Circular 250 Colores Varios 1 Ud,Sin categoría,Mercadona,Vela de cumpleaños 1 Hacendado,Carrefour,Gafa Presbicia Ojo Gato Circular 200 Colores Varios 1 Ud
CAT-4537,Pitahaya Roja A Granel 500 G Aprox,Sin categoría,Mercadona,"Bebida láctea desnatada sabor fresa y plátano +Proteínas Hacendado 0% MG 0% azúcares añadidos 17,4 g proteínas",Carrefour,Pitahaya Roja A Granel 500 G Aprox
CAT-4406,Gafa Presbicia Redonda Circular 250 Colores Varios 1 Ud,Sin categoría,Mercadona,Vela de cumpleaños 1 Hacendado,Carrefour,Gafa Presbicia Redonda Circular 200 Colores Varios 1 Ud
CAT-6001,Pan Proteico Mediano Ketterer 450 G,Panadería y Pastelería,Mercadona,Pan integral trigo 100%,Carrefour,Pan Proteico Mediano Ketterer 450 G
CAT-5993,Compresas Normal Sin Alas Liberty Evax 12 Ud,Cuidado personal e Higiene,Mercadona,Fruta + leche caribe Don Simón sin azúcares añadidos y zero materia grasa,Carrefour,Compresas Normal Sin Alas Liberty Evax 12 Ud
CAT-5984,Gel De Ducha Nutritivo Con Leche Y Miel Nb Palmolive 600 Ml,Cuidado personal e Higiene,Mercadona,"Aceite de oliva 0,4º Hacendado",DIA,Gel de ducha leche y miel Palmolive NB 600 ml
CAT-5977,Coca Cola Light Pack 24 Latas 33 Cl,Bebidas,Mercadona,"Golosinas Rega Pica Mix Hacendado sabor fresa, frambuesa, manzana y cola ácida",DIA,Coca-Cola light 2 L
CAT-6016,Chorizo De Leon Extra En Lonchas Palcarsa Sin Gluten Y Sin Lactosa 100 G,Carnicería y Charcutería,Mercadona,"Aceite de oliva 0,4º Hacendado",Carrefour,Chorizo De Leon Extra En Lonchas Palcarsa Sin Gluten Y Sin Lactosa 100 G
CAT-5998,Zumo Romantics Detox Ginger Botella 50 Cl,Bebidas,Mercadona,Crema facial fotocorrector unificador anti-manchas Deliplus FPS 50,Carrefour,Zumo Romantics Detox Ginger Botella 50 Cl
CAT-6029,Lubina 600 G Aprox,Pescadería,Mercadona,"Bebida láctea desnatada sabor fresa y plátano +Proteínas Hacendado 0% MG 0% azúcares añadidos 17,4 g proteínas",Carrefour,Lubina 600 G Aprox
CAT-5999,Cuajada Danone Sin Gluten Pack De 2 Unidades De 135 G,Lácteos y Huevos,Mercadona,"Aceite de oliva 0,4º Hacendado",Carrefour,Cuajada Danone Sin Gluten Pack De 2 Unidades De 135 G
CAT-5972,Vino Tinto Tempranillo Finca Resalso Do Ribera Del Duero 75 Cl,Bebidas,Mercadona,Licor dulce Amaretto Del Patriarca,Carrefour,Vino Tinto Tempranillo Finca Resalso Do Ribera Del Duero 75 Cl
CAT-5955,Aguardiente Antioqueno Sin Azucar 70 Cl,Bebidas,Mercadona,Fruta + leche caribe Don Simón sin azúcares añadidos y zero materia grasa,Carrefour,Aguardiente Antioqueno Sin Azucar 70 Cl
CAT-5831,Nectar De Melocoton Juver Brik 2 L,Bebidas,Mercadona,Aceite de oliva virgen extra Hacendado Gran Selección,DIA,Néctar de melocotón Juver 1 L
CAT-5834,Zumo De Arandano Ocean Spray Brik 75 Cl,Bebidas,Mercadona,Mostaza de Dijon Hacendado,Carrefour,Zumo De Arandano Ocean Spray Brik 75 Cl
CAT-5981,Tonica Schweppes Con Toque De Lima Premium Botella 20 Cl,Bebidas,Mercadona,"Aceite de oliva 0,4º Hacendado",Carrefour,Tonica Schweppes Con Toque De Lima Premium Botella 20 Cl
CAT-5952,Guacamole Ecologico En Tarrina 200 G,Platos preparados,Mercadona,Clavo en grano Hacendado,Carrefour,Guacamole Ecologico En Tarrina 200 G
CAT-5986,Gel De Ducha Flor De Cereza Nb Palmolive 600 Ml,Cuidado personal e Higiene,Mercadona,"Aceite de oliva 0,4º Hacendado",Carrefour,Gel De Ducha Flor De Cereza Nb Palmolive 600 Ml
CAT-5902,Colgador Wc Momentos De Relax Perfume Armonia Con Aceites Esenciales Bref 2 Ud,Cuidado personal e Higiene,Mercadona,Bebida láctea Omega 3 Puleva con leche desnatada,Carrefour,Colgador Wc Momentos De Relax Perfume Armonia Con Aceites Esenciales Bref 2 Ud
CAT-5990,Compresas Super Con Alas Liberty Evax 10 Ud,Cuidado personal e Higiene,Mercadona,"Leche corporal nutritiva Nivea con ácido hialurónico, aceite de almendras y sérum de nutrición profunda",Carrefour,Compresas Super Con Alas Liberty Evax 10 Ud
CAT-5823,Pienso De Buey Para Perro Maxi Purina Friskies Vitafit Active 15 Kg,Mascotas,Mercadona,"Aceite de oliva 0,4º Hacendado",Carrefour,Pienso De Buey Para Perro Maxi Purina Friskies Vitafit Active 15 Kg
CAT-5850,Pan De Queso Mordi  Godi Sin Gluten 253 G,Lácteos y Huevos,Mercadona,Fruta + leche caribe Don Simón sin azúcares añadidos y zero materia grasa,DIA,Pan de queso sin gluten Mordi & Godi 253 g
CAT-5825,Ambientador Electrico Atardecer En Menorca 3Volution Recambio Ambi Pur 1 Ud,Hogar,Mercadona,Clavo en grano Hacendado,Carrefour,Ambientador Electrico Atardecer En Menorca 3Volution Recambio Ambi Pur 1 Ud
CAT-2994,Granizado de limón sin azúcares añadidos,Congelados,Mercadona,Granizado de limón Hacendado sin azúcares añadidos,Carrefour,Kas De Limon Sin Azucares Anadidos Lata 33 Cl
CAT-6630,Prevencion Resaca Party Smart Himalaya 250 Mg,Sin categoría,Mercadona,"Bebida láctea desnatada sabor fresa y plátano +Proteínas Hacendado 0% MG 0% azúcares añadidos 17,4 g proteínas",Carrefour,Prevencion Resaca Party Smart Himalaya 250 Mg
CAT-7936,Empanado Vegetal De Jamon Y Queso Crispy Twist Garden Gourmet 180 G,Lácteos y Huevos,Mercadona,"Aceite de oliva 0,4º Hacendado",Carrefour,Empanado Vegetal De Jamon Y Queso Crispy Twist Garden Gourmet 180 G
CAT-6963,Bebida De Fruta De Naranja Capri Sun 20 Cl,Sin categoría,Mercadona,Aceite de oliva 1º Hacendado,Carrefour,Bebida De Fruta De Naranja Capri Sun 20 Cl
CAT-7772,Limpiador De Banos En Crema Con Aroma Floral Cif 650 Ml,Hogar,Mercadona,"Aceite de oliva 0,4º Hacendado",Carrefour,Limpiador De Banos En Crema Con Aroma Floral Cif 650 Ml
CAT-8095,Ambientador Automatico Flor De Cerezo Y Frambuesa Recambio Air Wick 1 Ud,Hogar,Mercadona,"Aceite de oliva 0,4º Hacendado",Carrefour,Ambientador Automatico Flor De Cerezo Y Frambuesa Recambio Air Wick 1 Ud
CAT-9858,Gel Wc Desinfectante Frescor Citrico Con Lejia Sanicentro 1 L,Hogar,Mercadona,Vela de cumpleaños 1 Hacendado,Carrefour,Gel Wc Desinfectante Frescor Citrico Con Lejia Sanicentro 1 L
CAT-9860,Comida Humeda Seleccion De Pescados Para Gato Adulto Gourmet Mon Petit 6X50 G,Mascotas,Mercadona,"Aceite de oliva 0,4º Hacendado",Carrefour,Comida Humeda Seleccion De Pescados Para Gato Adulto Gourmet Mon Petit 6X50 G
CAT-6087,Mascarilla Capilar Reparadora Para Cabello Seco Y Danado Ultra Repair Science Les Cosmetiques 300 Ml,Cuidado personal e Higiene,Mercadona,Bebida láctea Omega 3 Puleva con nueces y leche desnatada,Carrefour,Mascarilla Capilar Reparadora Para Cabello Seco Y Danado Ultra Repair Science Les Cosmetiques 300 Ml
CAT-6040,Desodorante Stick Original 0 Sales De Aluminio Tulipan Negro 100 Ml,Cuidado personal e Higiene,Mercadona,"Aceite de oliva 0,4º Hacendado",Carrefour,Desodorante Stick Original 0 Sales De Aluminio Tulipan Negro 100 Ml
CAT-5976,Dentifrico Con Fluor De Uso Diario Complete Proteccion Extra Fresh Parodontax Pack De 2 Unidades De 75 Ml,Cuidado personal e Higiene,Mercadona,Bebida láctea Omega 3 Puleva con leche desnatada,Carrefour,Dentifrico Con Fluor De Uso Diario Complete Proteccion Extra Fresh Parodontax Pack De 2 Unidades De 75 Ml
CAT-5950,Gel De Ducha Emoliente Sin Jabon Piel Atopica Mussvital Dermactive 750 Ml,Cuidado personal e Higiene,Mercadona,"Aceite de oliva 0,4º Hacendado",Carrefour,Gel De Ducha Emoliente Sin Jabon Piel Atopica Mussvital Dermactive 750 Ml
CAT-6027,Compresas Normal Con Alas Ultrafina Ausonia 38 Ud,Cuidado personal e Higiene,Mercadona,"Leche corporal nutritiva Nivea con ácido hialurónico, aceite de almendras y sérum de nutrición profunda",Carrefour,Compresas Normal Con Alas Ultrafina Ausonia 38 Ud
CAT-7127,Compresas Super Con Alas Cottonlike Evax 14 Ud,Cuidado personal e Higiene,Mercadona,"Leche corporal nutritiva Nivea con ácido hialurónico, aceite de almendras y sérum de nutrición profunda",Carrefour,Compresas Super Con Alas Cottonlike Evax 14 Ud
CAT-7128,Compresas Noche Con Alas Cottonlike Evax 11 Ud,Cuidado personal e Higiene,Mercadona,"Leche corporal nutritiva Nivea con ácido hialurónico, aceite de almendras y sérum de nutrición profunda",Carrefour,Compresas Noche Con Alas Cottonlike Evax 11 Ud
CAT-6004,Ambientador De Varillas Bebe Y Colonia Aura 30 Ml,Cuidado personal e Higiene,Mercadona,"Aceite de oliva 0,4º Hacendado",Carrefour,Ambientador De Varillas Bebe Y Colonia Aura 30 Ml
CAT-5946,Panuelos Collection Kleenex 15 Ud,Sin categoría,Mercadona,Perfilador de labios Long Lasting Deliplus 15 canela claro,Carrefour,Panuelos Collection Kleenex 15 Ud
CAT-5949,Crema Para Las Bolsas Y Ojeras Remescar 8 Ml,Sin categoría,Mercadona,Fruta + leche caribe Don Simón sin azúcares añadidos y zero materia grasa,Carrefour,Crema Para Las Bolsas Y Ojeras Remescar 8 Ml
CAT-6005,Ambientador De Varillas Dama De Noche Aura 30 Ml,Hogar,Mercadona,"Aceite de oliva 0,4º Hacendado",Carrefour,Ambientador De Varillas Dama De Noche Aura 30 Ml
CAT-5995,Gyoza Vegetable Fusion Itsu 270 G,Congelados,Mercadona,"Bebida láctea desnatada sabor fresa y plátano +Proteínas Hacendado 0% MG 0% azúcares añadidos 17,4 g proteínas",Carrefour,Gyoza Vegetable Fusion Itsu 270 G
CAT-5996,Gyoza Chicken Itsu 240 G,Congelados,Mercadona,"Bebida láctea desnatada sabor fresa y plátano +Proteínas Hacendado 0% MG 0% azúcares añadidos 17,4 g proteínas",Carrefour,Gyoza Chicken Itsu 240 G
CAT-5988,Hamburguesa De Pollo Congelada Simons Food 3X80G,Carnicería y Charcutería,Mercadona,"Aceite de oliva 0,4º Hacendado",Carrefour,Hamburguesa De Pollo Congelada Simons Food 3X80G
CAT-6011,Snacks Dental Para Perros Grandes Pedigree Daily Oral Care Dentastix Pack De 28 Unidades,Mascotas,Mercadona,"Aceite de oliva 0,4º Hacendado",Carrefour,Snacks Dental Para Perros Grandes Pedigree Daily Oral Care Dentastix Pack De 28 Unidades
CAT-6022,Set De 10 Vasos De Cerveza De Plastico Reutilizable 315 Cl Smart,Bebidas,Mercadona,"Aceite de oliva 0,4º Hacendado",Carrefour,Set De 10 Vasos De Cerveza De Plastico Reutilizable 315 Cl Smart
CAT-6018,Salchicha De Carnes Variadas Para Perro Canibaq 1 Kg,Carnicería y Charcutería,Mercadona,"Aceite de oliva 0,4º Hacendado",Carrefour,Salchicha De Carnes Variadas Para Perro Canibaq 1 Kg
CAT-6019,Salchicha De Higado Y Buey Para Perro Canibaq 1 Kg,Carnicería y Charcutería,Mercadona,"Aceite de oliva 0,4º Hacendado",Carrefour,Salchicha De Higado Y Buey Para Perro Canibaq 1 Kg
CAT-6024,Discos Wc Activos Aroma Lima Recambio Pato 2 Ud,Frutas y Verduras,Mercadona,Colgador WC Dália Bosque Verde,Carrefour,Discos Wc Activos Aroma Lima Recambio Pato 2 Ud
CAT-6076,Nuggets Rebozado Fino Recetas Crujientes La Cocinera 400 G,Congelados,Mercadona,Lomo asado La Carloteña lonchas,Carrefour,Nuggets Rebozado Fino Recetas Crujientes La Cocinera 400 G
CAT-6085,Leche Infantil De Continuacion Blemil Plus 2 Forte Lata 800 G,Bebes,Mercadona,"Aceite de oliva 0,4º Hacendado",Carrefour,Leche Infantil De Continuacion Blemil Plus 2 Forte Lata 800 G
CAT-6067,Polvos De Talco Suave Bebe Piel Sensible Natural Hipoalergenico Johnsons Baby 200 G,Bebes,Mercadona,"Aceite de oliva 0,4º Hacendado",Carrefour,Polvos De Talco Suave Bebe Piel Sensible Natural Hipoalergenico Johnsons Baby 200 G
CAT-6123,Pizza 26X38 Formaggi Italpizza 520 G,Congelados,Mercadona,"Bebida láctea desnatada sabor fresa y plátano +Proteínas Hacendado 0% MG 0% azúcares añadidos 17,4 g proteínas",Carrefour,Pizza 26X38 Formaggi Italpizza 520 G
CAT-6108,Mordedor Refrigerante 4M Etapa 2,Sin categoría,Mercadona,Maquinillas depilación desechables Deliplus Body 2 hojas,Carrefour,Mordedor Refrigerante 4M Etapa 2
CAT-9151,Macarrones Bolonesa Carrefour El Mercado 280 G,Bebidas,Mercadona,Polvos voluminizador para el cabello Volum Fix Deliplus mate fijación 4,Alcampo,CARRETILLA Macarrones a la Boloñesa 325 g.
CAT-4078,Desodorante En Spray Tacto Puro 24H Anti Manchas Blancas Nb Palmolive 200 Ml,Cuidado personal e Higiene,Mercadona,Clavo en grano Hacendado,Carrefour,Desodorante En Spray Tacto Puro 24H Anti Manchas Blancas Nb Palmolive 200 Ml
CAT-4085,Dentifrico De Uso Diario Con Fluor Eficacia Blanqueadora Anti Manchas Intensivo Denivit 50 Ml,Cuidado personal e Higiene,Mercadona,Bebida láctea Omega 3 Puleva con leche desnatada,Carrefour,Dentifrico De Uso Diario Con Fluor Eficacia Blanqueadora Anti Manchas Intensivo Denivit 50 Ml
CAT-4060,Grasa De Caballo Incolora Para El Calzado Bufalo 75 Ml,Sin categoría,Mercadona,"Aceite de oliva 0,4º Hacendado",Carrefour,Grasa De Caballo Incolora Para El Calzado Bufalo 75 Ml
CAT-4062,Gel Wc Limpieza Total Oceano Pato 750 Ml,Sin categoría,Mercadona,Gel de baño granada y frutos silvestres Deliplus piel normal,Carrefour,Gel Wc Limpieza Total Oceano Pato 750 Ml
CAT-4067,Gambon Argentino Pelado Mares Del Sur 250 G,Sin categoría,Mercadona,"Bebida láctea desnatada sabor fresa y plátano +Proteínas Hacendado 0% MG 0% azúcares añadidos 17,4 g proteínas",Carrefour,Gambon Argentino Pelado Mares Del Sur 250 G
CAT-4071,Sal Para Lavavajillas Finish 4 Kg,Hogar,Mercadona,Sal fina Hacendado,Carrefour,Sal Para Lavavajillas Finish 4 Kg
CAT-4072,Lejia Accion Total Conejo 2 L,Hogar,Mercadona,Maquinillas depilación desechables Deliplus Body 2 hojas,Carrefour,Lejia Accion Total Conejo 2 L
CAT-4073,Limpiahogar En Polvo Vim Clorex 750 G,Hogar,Mercadona,Clavo en grano Hacendado,Carrefour,Limpiahogar En Polvo Vim Clorex 750 G
CAT-4076,Limpiador En Crema Limon Cif 750 Ml,Hogar,Mercadona,Queso curado mezcla afrutado Hacendado cortado en cuñitas,Carrefour,Limpiador En Crema Limon Cif 750 Ml
CAT-4366,Pienso De Pollo Y Cereales Para Perros Adultos Brekkies Excel 15 Kg,Carnicería y Charcutería,Mercadona,"Aceite de oliva 0,4º Hacendado",Carrefour,Pienso De Pollo Y Cereales Para Perros Adultos Brekkies Excel 15 Kg
CAT-4407,Gafa Presbicia Cuadrada Circular 150 Colores Varios 1 Ud,Sin categoría,Mercadona,Vela de cumpleaños 1 Hacendado,Carrefour,Gafa Presbicia Cuadrada Circular 350 Colores Varios 1 Ud
CAT-8975,Mezcla De Frutos Rojos Congelados De Navarra 300 G,Congelados,Mercadona,"Aceite de oliva 0,4º Hacendado",Carrefour,Mezcla De Frutos Rojos Congelados De Navarra 300 G
CAT-4148,Desodorante En Crema Sensitive Byly 25 Ml,Cuidado personal e Higiene,Mercadona,Clavo en grano Hacendado,Carrefour,Desodorante En Crema Sensitive Byly 25 Ml
CAT-4154,Cordon Bleu Recetas Crujientes La Cocinera 376 G,Sin categoría,Mercadona,Lomo asado La Carloteña lonchas,Carrefour,Cordon Bleu Recetas Crujientes La Cocinera 376 G
CAT-4139,Queso Fundido En Porciones El Caserio Sin Gluten 250 G,Lácteos y Huevos,Mercadona,Clavo en grano Hacendado,Carrefour,Queso Fundido En Porciones El Caserio Sin Gluten 250 G
CAT-4152,Croquetas De Pollo Sabrosisimas La Cocinera 500 G,Congelados,Mercadona,"Aceite de oliva 0,4º Hacendado",Carrefour,Croquetas De Pollo Sabrosisimas La Cocinera 500 G
CAT-4153,Croquetas De Cocido Casero Y Jamon Serrano La Cocinera 500 G ,Congelados,Mercadona,"Aceite de oliva 0,4º Hacendado",Carrefour,Croquetas De Cocido Casero Y Jamon Serrano La Cocinera 500 G 
CAT-4158,Salami Alharce Campofrio Al Corte 250 G Aprox,Carnicería y Charcutería,Mercadona,"Bebida láctea desnatada sabor fresa y plátano +Proteínas Hacendado 0% MG 0% azúcares añadidos 17,4 g proteínas",Carrefour,Salami Alharce Campofrio Al Corte 250 G Aprox
CAT-4146,Lomos De Merluza Del Cabo Con Piel Ultracongelados Pescanova 400 G,Pescadería,Mercadona,"Aceite de oliva 0,4º Hacendado",Carrefour,Lomos De Merluza Del Cabo Con Piel Ultracongelados Pescanova 400 G
CAT-4150,Peskitos Pescanova 400 G,Pescadería,Mercadona,"Bebida láctea desnatada sabor fresa y plátano +Proteínas Hacendado 0% MG 0% azúcares añadidos 17,4 g proteínas",Carrefour,Peskitos Pescanova 400 G
CAT-4160,Chorizo Extra Curado Revilla Al Corte 250 G Aprox,Carnicería y Charcutería,Mercadona,"Bebida láctea desnatada sabor fresa y plátano +Proteínas Hacendado 0% MG 0% azúcares añadidos 17,4 g proteínas",Carrefour,Chorizo Extra Curado Revilla Al Corte 250 G Aprox
CAT-4305,Tarrito Guiso Verduras Con Merluza Y Pasta Desde 10 Meses Hero Solo Pack De 2 Unidades De 235 G,Despensa,Mercadona,Bebida láctea Omega 3 Puleva con leche desnatada,Carrefour,Tarrito Guiso Verduras Con Merluza Y Pasta Desde 10 Meses Hero Solo Pack De 2 Unidades De 235 G
CAT-4311,Pienso De Queso Para Gato Catisfaction 180 G,Lácteos y Huevos,Mercadona,Aceite de oliva 1º Hacendado,Carrefour,Pienso De Queso Para Gato Catisfaction 180 G
CAT-4309,Lavavajillas A Maquina Aroma Naranja Pastillas Todo En Uno Fairy 60 Ud,Hogar,Mercadona,Clavo en grano Hacendado,Carrefour,Lavavajillas A Maquina Aroma Naranja Pastillas Todo En Uno Fairy 60 Ud
CAT-4312,Pienso De Salmon Para Perro Med Max Ultima 3 Kg,Pescadería,Mercadona,"Aceite de oliva 0,4º Hacendado",Carrefour,Pienso De Salmon Para Perro Med Max Ultima 3 Kg
CAT-4310,Comida Humeda Recetas De La Huerta Para Perro Cesar 8X150 G,Mascotas,Mercadona,"Aceite de oliva 0,4º Hacendado",Carrefour,Comida Humeda Recetas De La Huerta Para Perro Cesar 8X150 G
CAT-4304,Tarrito De Manzana Fresa Y Arandanos Desde 4 Meses Ecologico Hero Solo Sin Gluten 120 G ,Frutas y Verduras,Mercadona,"Aceite de oliva 0,4º Hacendado",Carrefour,Tarrito De Manzana Fresa Y Arandanos Desde 4 Meses Ecologico Hero Solo Sin Gluten 120 G 
CAT-4540,Uva Rosada A Granel 500 G Aprox,Sin categoría,Mercadona,"Bebida láctea desnatada sabor fresa y plátano +Proteínas Hacendado 0% MG 0% azúcares añadidos 17,4 g proteínas",Carrefour,Uva Rosada A Granel 500 G Aprox
CAT-4547,Cava Bonaval Semiseco Do Cava 75 Cl,Bebidas,Mercadona,Vino tinto tempranillo reserva Pata Negra DO Valdepeñas,Carrefour,Cava Bonaval Semiseco Do Cava 75 Cl
CAT-9684,Comida Humeda En Salsa De Buey Y Pollo Para Gato Adulto Purina Gourmet Perle 4X85 G,Despensa,Mercadona,"Aceite de oliva 0,4º Hacendado",Alcampo,PURINA GOURMET Perle Comida para gatos adultos láminas de buey y pollo 4 uds. 85 g.
CAT-4327,Crema De Manos Concentrada Con Perfume Neutrogena 2 Unidades 50 Ml,Cuidado personal e Higiene,Mercadona,"Aceite de oliva 0,4º Hacendado",Carrefour,Crema De Manos Concentrada Con Perfume Neutrogena 2 Unidades 50 Ml
CAT-4192,Cava Blanco Bonaval Brut Do Cava 75 Cl,Bebidas,Mercadona,Vino tinto tempranillo Cepas Viejas Señorío de los Llanos DO Valdepeñas,Carrefour,Cava Blanco Bonaval Brut Do Cava 75 Cl
CAT-4271,Tarrito De Calabaza Y Calabacin Desde 4 Meses Ecologico Smileat Sin Gluten 230 G,Frutas y Verduras,Mercadona,"Aceite de oliva 0,4º Hacendado",Alcampo,SMILEAT Tarrito de calabaza y calabacín para bebés a partir de 6 meses 230 g.
CAT-4323,Bolsita De Mango Desde 6 Meses Ecologico Gerber Sin Gluten Y Sin Azucar Anadido 90 G,Despensa,Mercadona,"Aceite de oliva 0,4º Hacendado",Alcampo,"GERBER Bolsita de puré de mango ecológico, a partir de 6 meses GERBER Organic 90 g."
CAT-4324,Tarrito De Brocoli Y Guisantes Con Pavo Desde 6 Meses Ecologico Gerber Sin Gluten 190 G,Carnicería y Charcutería,Mercadona,Bebida láctea Omega 3 Puleva con leche desnatada,Carrefour,Tarrito De Brocoli Y Guisantes Con Pavo Desde 6 Meses Ecologico Gerber Sin Gluten 190 G
CAT-4314,Pienso De Salmon Para Perro Adulto Mediano Brekkies Delicious 725 Kg,Pescadería,Mercadona,"Aceite de oliva 0,4º Hacendado",Carrefour,Pienso De Salmon Para Perro Adulto Mediano Brekkies Delicious 725 Kg
CAT-4315,Pienso De Salmon Para Perro Mediano Adulto Brekkies Delicious 27 Kg,Pescadería,Mercadona,"Aceite de oliva 0,4º Hacendado",Carrefour,Pienso De Salmon Para Perro Mediano Adulto Brekkies Delicious 27 Kg
CAT-4333,Mejillones En Escabeche 1318 Isabel Sin Gluten Y Sin Lactosa 69 G,Sin categoría,Mercadona,Clavo en grano Hacendado,Carrefour,Mejillones En Escabeche 1318 Isabel Sin Gluten Y Sin Lactosa 69 G
CAT-4330,Limpiacristales Con Brillo Protector Luminia 750 Ml,Hogar,Mercadona,"Leche corporal nutritiva Nivea con ácido hialurónico, aceite de almendras y sérum de nutrición profunda",Carrefour,Limpiacristales Con Brillo Protector Luminia 750 Ml
CAT-4015,Coca Cola Sin Cafeina Lata 33 Cl,Bebidas,DIA,Coca-Cola sin cafeína 2 L,Carrefour,Coca Cola Sin Cafeina Lata 33 Cl
CAT-4131,Yogur Natural Azucarado Danone Sin Gluten Pack De 4 Unidades De 120 G,Despensa,Mercadona,"Aceite de oliva 0,4º Hacendado",DIA,Yogur natural azucarado Danone pack 4 x 120 g
CAT-4126,Queso Fundido En Porciones Light La Vaca Que Rie Sin Gluten 250 G,Lácteos y Huevos,Mercadona,Clavo en grano Hacendado,DIA,Queso en porciones light La Vaca que ríe 250 g
CAT-4360,Caballa 13 Kg Aprox,Sin categoría,Mercadona,Pañales bebé talla 1 de 2-5 kg Dodot,Carrefour,Caballa 13 Kg Aprox
CAT-4362,Sardinas 1 Kg Aprox,Sin categoría,Mercadona,Vela de cumpleaños 1 Hacendado,Carrefour,Sardinas 1 Kg Aprox
CAT-4354,Tarrito De Verduritas Con Merluza Desde 6 Meses Hero Solo Sin Gluten Pack De 6 Unidades De 235 G,Pescadería,Mercadona,Bebida láctea Omega 3 Puleva con leche desnatada,Carrefour,Tarrito De Verduritas Con Merluza Desde 6 Meses Hero Solo Sin Gluten Pack De 6 Unidades De 235 G
CAT-4368,Pienso De Buey Y Verduras Para Gato Adulto Brekkies Excel 15 Kg,Mascotas,Mercadona,"Aceite de oliva 0,4º Hacendado",Carrefour,Pienso De Buey Y Verduras Para Gato Adulto Brekkies Excel 15 Kg
CAT-4404,Gafa Presbicia Cuadrada Circular 200 Colores Varios 1 Ud,Sin categoría,Mercadona,Vela de cumpleaños 1 Hacendado,Carrefour,Gafa Presbicia Cuadrada Circular 200 Colores Varios 1 Ud
CAT-4405,Tomate Triturado Cidacos 400 G,Conservas y Enlatados,Mercadona,"Bebida láctea desnatada sabor fresa y plátano +Proteínas Hacendado 0% MG 0% azúcares añadidos 17,4 g proteínas",Carrefour,Tomate Triturado Cidacos 400 G
CAT-4461,Pienso De Pavo Fresco Verduras Y Frutas Para Perro Adulto Mini Ultima  11 Kg,Carnicería y Charcutería,Mercadona,"Aceite de oliva 0,4º Hacendado",Carrefour,Pienso De Pavo Fresco Verduras Y Frutas Para Perro Adulto Mini Ultima  11 Kg
CAT-4531,Tortillas De Trigo Para Fajitas Mexifoods 8 Ud,Panadería y Pastelería,Mercadona,"Aceite de oliva 0,4º Hacendado",DIA,Tortillas de trigo Old El Paso 244 g
CAT-7315,Snack Intense Nacho Takis 130 G,Sin categoría,Mercadona,"Bebida láctea desnatada sabor fresa y plátano +Proteínas Hacendado 0% MG 0% azúcares añadidos 17,4 g proteínas",DIA,Snack intense nacho Takis 80 g
CAT-9425,Discos De Lactancia Chicco 60 Ud,Sin categoría,Mercadona,Aceite de oliva virgen extra Hacendado Gran Selección,Carrefour,Discos De Lactancia Chicco 60 Ud
CAT-9407,Anilla De Pota Argentina Congelada 450 G,Pescadería,Mercadona,Mostaza de Dijon Hacendado,Carrefour,Anilla De Pota Argentina Congelada 450 G
CAT-4515,Gel De Ducha Dark Temptation Axe 400 Ml,Cuidado personal e Higiene,Mercadona,Mostaza de Dijon Hacendado,Carrefour,Gel De Ducha Dark Temptation Axe 400 Ml
CAT-4557,Compresas Super Plus Con Alas Cottonlike Evax 20 Ud,Cuidado personal e Higiene,Mercadona,"Leche corporal nutritiva Nivea con ácido hialurónico, aceite de almendras y sérum de nutrición profunda",Carrefour,Compresas Super Plus Con Alas Cottonlike Evax 20 Ud
CAT-4462,Comida Humeda De Salmon Y Trucha Para Gato Adulto Ultima 4X85 Gr,Pescadería,Mercadona,"Aceite de oliva 0,4º Hacendado",Carrefour,Comida Humeda De Salmon Y Trucha Para Gato Adulto Ultima 4X85 Gr
CAT-4463,Pienso De Buey Para Gatos Esterilizados Adultos Ultima 110 Kg,Mascotas,Mercadona,"Aceite de oliva 0,4º Hacendado",Carrefour,Pienso De Buey Para Gatos Esterilizados Adultos Ultima 110 Kg
CAT-4487,Mejillones En Salsa Vieira 1318 Isabel Sin Gluten Y Sin Lactosa 69 G,Despensa,Mercadona,Clavo en grano Hacendado,Carrefour,Mejillones En Salsa Vieira 1318 Isabel Sin Gluten Y Sin Lactosa 69 G
CAT-4498,Yogur Sabor Frutos Del Bosque Danone Sin Gluten Pack De 4 Unidades De 120 G,Lácteos y Huevos,Mercadona,"Aceite de oliva 0,4º Hacendado",Carrefour,Yogur Sabor Frutos Del Bosque Danone Sin Gluten Pack De 4 Unidades De 120 G
CAT-4500,Ambientador De Varillas Melon The Fruit Company 40 Ml,Hogar,Mercadona,"Aceite de oliva 0,4º Hacendado",Carrefour,Ambientador De Varillas Melon The Fruit Company 40 Ml
CAT-4471,Filetes De Centro De Lomo De Cerdo 540 G Aprox,Carnicería y Charcutería,Mercadona,"Aceite de oliva 0,4º Hacendado",Carrefour,Filetes De Centro De Lomo De Cerdo 540 G Aprox
CAT-4482,Gamba Blanca Cruda Extra 500 G Aprox,Pescadería,Mercadona,"Bebida láctea desnatada sabor fresa y plátano +Proteínas Hacendado 0% MG 0% azúcares añadidos 17,4 g proteínas",Carrefour,Gamba Blanca Cruda Extra 500 G Aprox
CAT-4486,Papel De Cocina Para Todo Colhogar 4 Rollos,Bazar y Varios,Mercadona,Aceite de oliva 1º Hacendado,Carrefour,Papel De Cocina Para Todo Colhogar 4 Rollos
CAT-4552,Ambientador Electrico Aroma A Limpio 3Volution Recambio Ambi Pur 1 Ud,Hogar,Mercadona,Vela de cumpleaños 1 Hacendado,Carrefour,Ambientador Electrico Aroma A Limpio 3Volution Recambio Ambi Pur 1 Ud
CAT-4512,Albondigas Originales Heura Sin Gluten 208 G,Carnicería y Charcutería,Mercadona,Fruta + leche caribe Don Simón sin azúcares añadidos y zero materia grasa,Carrefour,Albondigas Originales Heura Sin Gluten 208 G
CAT-4517,Pants Dodot Activity T6 14 19 Kg 35 Ud,Bebes,Mercadona,Pañal junior braguita noche infantil de 17-30 kg Deliplus,Carrefour,Pants Dodot Activity T6 14 19 Kg 35 Ud
CAT-4518,Pants Dodot Activity T4 9 15 Kg 43 Ud,Bebes,Mercadona,Perfilador de labios Long Lasting Deliplus 15 canela claro,Carrefour,Pants Dodot Activity T4 9 15 Kg 43 Ud
CAT-4554,Gomas De Borrar Milan 4 Uds,Sin categoría,Mercadona,Aceite de oliva virgen extra Hacendado Gran Selección,Carrefour,Gomas De Borrar Milan 4 Uds
CAT-4559,Vino Tinto Reserva Tempranillo Vina Mayor Vendimia Selecciona Do Ribera Del Duero 75 Cl,Bebidas,Mercadona,Licor dulce Amaretto Del Patriarca,Carrefour,Vino Tinto Reserva Tempranillo Vina Mayor Vendimia Selecciona Do Ribera Del Duero 75 Cl
CAT-9869,Snack Crema De Leche Para Gatos Pequenos Vitakraft 70 G,Mascotas,Mercadona,"Aceite de oliva 0,4º Hacendado",Carrefour,Snack Crema De Leche Para Gatos Pequenos Vitakraft 70 G
CAT-9907,Preparado Lacteo De Crecimiento 3 Desde 12 Meses Nutriben Crecimiento Pro  Sin Aceite De Palma Lata 800 G,Sin categoría,Mercadona,Bebida láctea Omega 3 Puleva con leche desnatada,Carrefour,Preparado Lacteo De Crecimiento 3 Desde 12 Meses Nutriben Crecimiento Pro  Sin Aceite De Palma Lata 800 G
CAT-4356,Alubia Cocida Categoria Extra Luengo 400 G,Despensa,Mercadona,"Bebida láctea desnatada sabor fresa y plátano +Proteínas Hacendado 0% MG 0% azúcares añadidos 17,4 g proteínas",DIA,Alubias de la bañeza cocidas Luengo 400 g
CAT-4493,Lombarda 1 Kg,Sin categoría,Mercadona,Vela de cumpleaños 1 Hacendado,DIA,Lombarda 2.5 Kg aprox.
CAT-4556,Galletas De Chocolate Rellenas De Crema Mini Oreo Pack De 4 Unidades De 40 G,Desayuno y Snack,Mercadona,"Aceite de oliva 0,4º Hacendado",DIA,Mini galletas rellenas de crema Oreo caja 160 g
CAT-4255,Crema Protectora De Panal Johnsons Baby 100 Ml,Bebes,Mercadona,"Aceite de oliva 0,4º Hacendado",DIA,Crema protectora de pañal Johnson's baby 100 ml
CAT-4705,Galletas De Cerales Artiach Dinosaurus 493 G,Desayuno y Snack,Mercadona,Aceite de oliva 1º Hacendado,DIA,Galletas de cereales con vitaminas Artiach Dinosaurus caja 411 g
CAT-4860,Barritas De Huevo Y Semilla Para Canarios 2 Unidades 54 G,Sin categoría,Mercadona,"Aceite de oliva 0,4º Hacendado",Carrefour,Barritas De Huevo Y Semilla Para Canarios 2 Unidades 54 G
CAT-4880,Patatas Al Horno Express Mccain 500 G,Sin categoría,Mercadona,Patata,Carrefour,Patatas Al Horno Express Mccain 500 G
CAT-4845,Bolsita De Yogur Platano Y Fresa Hero Solo Sin Gluten Y Sin Azucar Anadido Pack 4 Unidades De 100 G,Despensa,Mercadona,"Aceite de oliva 0,4º Hacendado",Carrefour,Bolsita De Yogur Platano Y Fresa Hero Solo Sin Gluten Y Sin Azucar Anadido Pack 4 Unidades De 100 G
CAT-4846,Bolsita De Platano Fresa Y Manzana Hero Solo Sin Gluten Y Sin Azucar Anadido Pack 4 Unidades 100 G,Despensa,Mercadona,"Aceite de oliva 0,4º Hacendado",Carrefour,Bolsita De Platano Fresa Y Manzana Hero Solo Sin Gluten Y Sin Azucar Anadido Pack 4 Unidades 100 G
CAT-4870,Croquetas De Boletus Con Champinones Recetas Artesanas La Cocinera 400 G,Congelados,Mercadona,Bebida láctea Omega 3 Puleva con leche desnatada,Carrefour,Croquetas De Boletus Con Champinones Recetas Artesanas La Cocinera 400 G
CAT-4105,Tomate Frito Orlando Sin Gluten Brik 350 G,Despensa,Mercadona,Fruta + leche caribe Don Simón sin azúcares añadidos y zero materia grasa,DIA,Tomate frito Orlando 350 g
CAT-4099,Manzanilla En Bolsitas Hornimans 25 Ud,Desayuno y Snack,Mercadona,Clavo en grano Hacendado,DIA,Manzanilla con anís Hornimans 25 unidades
CAT-4094,Galletas Campurrianas Cuetara 755 G,Desayuno y Snack,Mercadona,"Bebida láctea desnatada sabor fresa y plátano +Proteínas Hacendado 0% MG 0% azúcares añadidos 17,4 g proteínas",DIA,Galletas Cuétara Campurrianas caja 755 g
CAT-4113,Tarrito De Verduras Con Ternera Y Jamon Desde 6 Meses Hero Solo Sin Gluten 235 G,Carnicería y Charcutería,Mercadona,Bebida láctea Omega 3 Puleva con leche desnatada,DIA,Puré de menestra de verduras con jamón y ternera Hero frasco 235 g
CAT-4122,Pate A La Pimienta Casa Tarradellas Sin Gluten 125 G,Carnicería y Charcutería,Mercadona,Lomo asado La Carloteña lonchas,Carrefour,Pate A La Pimienta Casa Tarradellas Sin Gluten 125 G
CAT-4873,Pienso De Pollo Para Perros Senior Pequenos Ultima 15 Kg,Carnicería y Charcutería,Mercadona,"Aceite de oliva 0,4º Hacendado",Carrefour,Pienso De Pollo Para Perros Senior Pequenos Ultima 15 Kg
CAT-4919,Empanada Hojaldre De Atun El Mercado 600 G,Sin categoría,Mercadona,Aceite de oliva 1º Hacendado,Carrefour,Empanada Hojaldre De Atun El Mercado 600 G
CAT-4946,Pandebono Goya 300 G,Sin categoría,Mercadona,"Bebida láctea desnatada sabor fresa y plátano +Proteínas Hacendado 0% MG 0% azúcares añadidos 17,4 g proteínas",Carrefour,Pandebono Goya 300 G
CAT-4951,Filete 1 A De Cadera O Babilla De Anojo Circulo De Calidad 550 G Aprox,Sin categoría,Mercadona,"Aceite de oliva 0,4º Hacendado",Carrefour,Filete 1 A De Cadera O Babilla De Anojo Circulo De Calidad 550 G Aprox
CAT-4952,Filete 1 A De Tapa O Contra De Anojo Circulo De Calidad 550 G Aprox,Sin categoría,Mercadona,"Aceite de oliva 0,4º Hacendado",Carrefour,Filete 1 A De Tapa O Contra De Anojo Circulo De Calidad 550 G Aprox
CAT-4966,Piccolinis Salame Buitoni 270 G,Sin categoría,Mercadona,"Bebida láctea desnatada sabor fresa y plátano +Proteínas Hacendado 0% MG 0% azúcares añadidos 17,4 g proteínas",Carrefour,Piccolinis Salame Buitoni 270 G
CAT-4962,Crema De Queso Natural Arla 200 G,Lácteos y Huevos,Mercadona,Aceite de oliva virgen extra Hacendado Gran Selección,Carrefour,Crema De Queso Natural Arla 200 G
CAT-4948,Lavavajillas A Mano Ultra Original Fairy 1015 Ml,Hogar,Mercadona,Cacao en polvo a la taza Valor,Carrefour,Lavavajillas A Mano Ultra Original Fairy 1015 Ml
CAT-4957,Recambio Fregona De Tiras Algodon Vileda Universal,Hogar,Mercadona,"Aceite de oliva 0,4º Hacendado",Carrefour,Recambio Fregona De Tiras Algodon Vileda Universal
CAT-4953,Entrecot De Anojo Circulo De Calidad 500 G Aprox,Carnicería y Charcutería,Mercadona,"Aceite de oliva 0,4º Hacendado",Carrefour,Entrecot De Anojo Circulo De Calidad 500 G Aprox
CAT-4983,Lasana Bolonesa Maheso Sin Gluten 525 G,Sin categoría,Mercadona,Fruta + leche caribe Don Simón sin azúcares añadidos y zero materia grasa,Carrefour,Lasana Bolonesa Maheso Sin Gluten 525 G
CAT-4969,Crema De Fresa Con Tequila Regidor Botella 70 Cl,Bebidas,Mercadona,"Aceite de oliva 0,4º Hacendado",Carrefour,Crema De Fresa Con Tequila Regidor Botella 70 Cl
CAT-4970,Pechuga Rellena De Jamon Y Queso El Mercado Sin Gluten 450 G Aprox,Lácteos y Huevos,Mercadona,"Aceite de oliva 0,4º Hacendado",Carrefour,Pechuga Rellena De Jamon Y Queso El Mercado Sin Gluten 450 G Aprox
CAT-4967,Pizza De Bbq Pulled Pork Casa Di Mama Dr Oetker 405 G,Congelados,Mercadona,"Aceite de oliva 0,4º Hacendado",Carrefour,Pizza De Bbq Pulled Pork Casa Di Mama Dr Oetker 405 G
CAT-4976,Tarrito De Melocoton Y Platano Desde 4 Meses Hero Baby Sin Gluten 190 G,Bebes,Mercadona,"Aceite de oliva 0,4º Hacendado",Carrefour,Tarrito De Melocoton Y Platano Desde 4 Meses Hero Baby Sin Gluten 190 G
CAT-4979,Bano De Burbujas Para Ninos Johnsons Baby 750 Ml,Bebes,Mercadona,"Aceite de oliva 0,4º Hacendado",Carrefour,Bano De Burbujas Para Ninos Johnsons Baby 750 Ml
CAT-4980,Gel De Bano Dulces Suenos Johnsons Baby 750 Ml,Bebes,Mercadona,"Aceite de oliva 0,4º Hacendado",Carrefour,Gel De Bano Dulces Suenos Johnsons Baby 750 Ml
CAT-4195,Limpiador De Bano Don Limpio 15 L,Hogar,Mercadona,Aceite de oliva virgen extra Hacendado Gran Selección,DIA,"Limpiador baño Don Limpio 1,5 L"
CAT-5044,Colgador Wc Poder Activo Natura Bref 3 Ud,Sin categoría,Mercadona,Maquinilla depilación recargable Gillette Venus Comfortglide Breeze 3 hojas,Carrefour,Colgador Wc Poder Activo Natura Bref 3 Ud
CAT-5046,Chapelas Cacao Dulcesol 3 Ud,Desayuno y Snack,Mercadona,Bebida láctea Omega 3 Puleva con leche desnatada,DIA,Chapelas de cacao Dulcesol bolsa 126 g
CAT-5051,Salmon 3 Kg Aprox,Pescadería,Mercadona,Bebida láctea Omega 3 Puleva con leche desnatada,Carrefour,Salmon 3 Kg Aprox
CAT-5043,Pan De Leche Con Pepitas De Chocolate 280 G,Panadería y Pastelería,Mercadona,Aceite de oliva 1º Hacendado,Carrefour,Pan De Leche Con Pepitas De Chocolate 280 G
CAT-5060,La Autentica La Gula Del Norte Pack De 2 Unidades De 100 G,Sin categoría,Mercadona,"Aceite de oliva 0,4º Hacendado",Carrefour,La Autentica La Gula Del Norte Pack De 2 Unidades De 100 G
CAT-5064,Jarra De Vidrio Con Tapa Home Style 18L,Sin categoría,Mercadona,Mostaza de Dijon Hacendado,Carrefour,Jarra De Vidrio Con Tapa Home Style 18L
CAT-5069,Serum Retinol Anti Marcas Cerave 30 Ml,Sin categoría,Mercadona,Biberón 150 ml tetina silicona flujo lento Deliplus +0 meses,Carrefour,Serum Retinol Anti Marcas Cerave 30 Ml
CAT-5083,Bocadito De Pan De Hamburguesa 255 G,Carnicería y Charcutería,Mercadona,Reducción bálsamica de vinagre Pedro Ximénez Hacendado,Carrefour,Bocadito De Pan De Hamburguesa 255 G
CAT-5061,Agua De Mar En Spray Nariz Tapada Y Resfrio Marimer 100 Ml,Cuidado personal e Higiene,Mercadona,"Aceite de oliva 0,4º Hacendado",Carrefour,Agua De Mar En Spray Nariz Tapada Y Resfrio Marimer 100 Ml
CAT-5098,Vino Sweet Semi Dulce Blanco Alma De Valdeguerra 75 Cl,Bebidas,Mercadona,"Aceite de oliva 0,4º Hacendado",Carrefour,Vino Sweet Semi Dulce Blanco Alma De Valdeguerra 75 Cl
CAT-5093,Croquetas De Espinacas Recetas Artesanas La Cocinera 400 G,Congelados,Mercadona,"Aceite de oliva 0,4º Hacendado",Carrefour,Croquetas De Espinacas Recetas Artesanas La Cocinera 400 G
CAT-5108,Eneryeti Zyro Zafiro Bebida Energetica Sin Azucar Lata 50 Cl,Despensa,Mercadona,Spaghetti sin gluten Felicia,Carrefour,Eneryeti Zyro Zafiro Bebida Energetica Sin Azucar Lata 50 Cl
CAT-5109,Pechuga De Pavo En Lonchas Un Momento Y Listo Serrano Sin Gluten Sin Lactosa 200 G,Carnicería y Charcutería,Mercadona,"Aceite de oliva 0,4º Hacendado",Carrefour,Pechuga De Pavo En Lonchas Un Momento Y Listo Serrano Sin Gluten Sin Lactosa 200 G
CAT-5099,Preparado Vegetal Estilo Filete De Pescado Rebozado Heura 160 G,Pescadería,Mercadona,"Aceite de oliva 0,4º Hacendado",Carrefour,Preparado Vegetal Estilo Filete De Pescado Rebozado Heura 160 G
CAT-5160,Lavavajillas A Mano Concentrado Con Vinagre De Frambuesa Ecologico Frosch 750 Ml,Despensa,Mercadona,Bebida láctea Omega 3 Puleva con leche desnatada,Carrefour,Lavavajillas A Mano Concentrado Con Vinagre De Frambuesa Ecologico Frosch 750 Ml
CAT-5112,Preparado Para Tortilla De Patata Con Cebolla Caramelizada Verleal Sin Gluten 450 G,Despensa,Mercadona,Bebida láctea Omega 3 Puleva con leche desnatada,Carrefour,Preparado Para Tortilla De Patata Con Cebolla Caramelizada Verleal Sin Gluten 450 G
CAT-5123,Gel De Bano Y Champu Ricitos De Oro Manzanilla Grisi 500 Ml,Cuidado personal e Higiene,Mercadona,"Aceite de oliva 0,4º Hacendado",Carrefour,Gel De Bano Y Champu Ricitos De Oro Manzanilla Grisi 500 Ml
CAT-5130,Champu Violeta Matizador Para El Pelo Con Mechas Rubio Decolorado O Gris Color Vive Loreal Elvive 200 Ml,Cuidado personal e Higiene,Mercadona,Bebida láctea Omega 3 Puleva con leche desnatada,Carrefour,Champu Violeta Matizador Para El Pelo Con Mechas Rubio Decolorado O Gris Color Vive Loreal Elvive 200 Ml
CAT-5132,Mascarilla Capilar 3 En 1 Hair Food Aloe Vera Hidratante Para Cabello Normal Garnier Fructis 390 Ml,Cuidado personal e Higiene,Mercadona,Bebida láctea Omega 3 Puleva con leche desnatada,Carrefour,Mascarilla Capilar 3 En 1 Hair Food Aloe Vera Hidratante Para Cabello Normal Garnier Fructis 390 Ml
CAT-6933,Desodorante En Spray Dermo Extra Control Sanex 200 Ml,Cuidado personal e Higiene,Mercadona,Clavo en grano Hacendado,Carrefour,Desodorante En Spray Dermo Extra Control Sanex 200 Ml
CAT-4217,Pomada Protectora Mitosyl 65 G,Sin categoría,Mercadona,"Bebida láctea desnatada sabor fresa y plátano +Proteínas Hacendado 0% MG 0% azúcares añadidos 17,4 g proteínas",Carrefour,Pomada Protectora Mitosyl 65 G
CAT-4218,Suavizante Concentrado Recordar San 59 Lavados,Hogar,Mercadona,Cerveza especial San Miguel,Carrefour,Suavizante Concentrado Recordar San 59 Lavados
CAT-5052,Papel Higienico 3 Capas Seda Foxy 30 Rollos,Bazar y Varios,Mercadona,Polvo compacto perfeccionador efecto seda Deliplus 100 beige claro,Alcampo,FOXY Mega 3  Papel higiénico triple capa 4 rollos
CAT-5126,Vino Tinto Tinta De Toro Matsu El Picaro Do Toro 75 Cl,Bebidas,Mercadona,"Aceite de oliva 0,4º Hacendado",Carrefour,Vino Tinto Tinta De Toro Matsu El Picaro Do Toro 75 Cl
CAT-5116,Nestea Te Verde Con Mango Pina Bajo En Calorias Botella 15 L,Bebidas,Mercadona,Clavo en grano Hacendado,Carrefour,Nestea Te Verde Con Mango Pina Bajo En Calorias Botella 15 L
CAT-5124,Tarrito Con Cachitos De Arroz Con Salmon Y Guisantes Desde 10 Meses Ecologico Smileat Sin Gluten 230 G,Despensa,Mercadona,Bebida láctea Omega 3 Puleva con leche desnatada,Carrefour,Tarrito Con Cachitos De Arroz Con Salmon Y Guisantes Desde 10 Meses Ecologico Smileat Sin Gluten 230 G
CAT-5129,Set 7 Estropajos Jabonosos Desengrasantes De Acero Nanas,Hogar,Mercadona,"Aceite de oliva 0,4º Hacendado",Carrefour,Set 7 Estropajos Jabonosos Desengrasantes De Acero Nanas
CAT-5102,Nuggets De Merluza Congelado Pescanova Sin Gluten 360 G,Congelados,Mercadona,"Aceite de oliva 0,4º Hacendado",DIA,Nuggets de merluza Pescanova 360 g
CAT-5119,Lomos De Merluza A La Romana Pescanova 325 G,Pescadería,Mercadona,Aceite de oliva 1º Hacendado,Carrefour,Lomos De Merluza A La Romana Pescanova 325 G
CAT-5136,Salmon Ahumado Noruego Royal 90 G,Pescadería,Mercadona,"Bebida láctea desnatada sabor fresa y plátano +Proteínas Hacendado 0% MG 0% azúcares añadidos 17,4 g proteínas",Carrefour,Salmon Ahumado Noruego Royal 90 G
CAT-5142,Set De 51 Filtros De Agua Brita Maxtra Pro ,Sin categoría,Mercadona,Aceite de oliva 1º Hacendado,Carrefour,Set De 2 Filtros De Agua Brita Maxtra Pro 
CAT-5143,Filtro De Agua Brita Maxtra Pro All In 1,Sin categoría,Mercadona,Mostaza de Dijon Hacendado,Carrefour,Filtro De Agua Brita Maxtra Pro All In 1
CAT-5144,Set De 2 Filtros De Agua Brita Maxtra Pro ,Sin categoría,Mercadona,Aceite de oliva 1º Hacendado,Carrefour,Set De 51 Filtros De Agua Brita Maxtra Pro 
CAT-5141,Fuet Imperial Clasico El Pozo Sin Gluten 250 G,Carnicería y Charcutería,Mercadona,Fruta + leche caribe Don Simón sin azúcares añadidos y zero materia grasa,Carrefour,Fuet Imperial Clasico El Pozo Sin Gluten 250 G
CAT-6964,Bebida De Fruta Multivitaminico Capri Sun 20 Cl,Sin categoría,Mercadona,"Aceite de oliva 0,4º Hacendado",Carrefour,Bebida De Fruta Multivitaminico Capri Sun 20 Cl
CAT-6970,Nuggets De Pollo Recetas Crujientes La Cocinera Sin Gluten Y Sin Lactosa 455 G,Congelados,Mercadona,"Aceite de oliva 0,4º Hacendado",Carrefour,Nuggets De Pollo Recetas Crujientes La Cocinera Sin Gluten Y Sin Lactosa 455 G
CAT-4236,Bocados Originales Heura Sin Gluten 310 G,Sin categoría,Mercadona,Fruta + leche caribe Don Simón sin azúcares añadidos y zero materia grasa,Carrefour,Bocados Originales Heura Sin Gluten 310 G
CAT-5182,Acondicionador Anticaida Pilexil 200 Ml,Cuidado personal e Higiene,Mercadona,Polvo compacto perfeccionador efecto seda Deliplus 200 beige rosado,Carrefour,Acondicionador Anticaida Pilexil 200 Ml
CAT-5180,Compresas Super Con Alas Ultrafina Ausonia 30 Ud,Cuidado personal e Higiene,Mercadona,"Leche corporal nutritiva Nivea con ácido hialurónico, aceite de almendras y sérum de nutrición profunda",Carrefour,Compresas Super Con Alas Ultrafina Ausonia 30 Ud
CAT-4237,Nuggets Originales Heura 400 G,Congelados,Mercadona,"Bebida láctea desnatada sabor fresa y plátano +Proteínas Hacendado 0% MG 0% azúcares añadidos 17,4 g proteínas",Carrefour,Nuggets Originales Heura 400 G
CAT-4240,Bolsita De Platano Fresa Y Manzana Hero Solo Sin Gluten 100 G,Frutas y Verduras,Mercadona,"Aceite de oliva 0,4º Hacendado",Alcampo,"HERO Solo Bolsitas de fruta (plátano, fresa y manzana) a partir de 12 meses 4 x 100 g."
CAT-4263,Gaseosa La Casera 0 Calorias Y Azucares Botella 50 Cl,Bebidas,Mercadona,Lomo asado La Carloteña lonchas,Alcampo,LA CASERA Gaseosa botella 50 cl.
CAT-4262,Pasta Espaguetis N 5 Barilla 500 G,Despensa,Mercadona,Pasta tiburón Mac & Cheese Hacendado con salsa de queso,DIA,Espagueti N.º 5 Barilla 500 g
CAT-4269,Tarrito De Pollo Con Arroz Desde 6 Meses Ecologico Smileat Sin Gluten 230 G,Despensa,Mercadona,Bebida láctea Omega 3 Puleva con leche desnatada,Alcampo,"SMILEAT Tarrito de pollo con arroz y guisantes 100% ecológico, a partir de 6 meses 230 g."
CAT-4272,Tarrito De Pavo Con Verduras Desde 6 Meses Ecologico Smileat Sin Gluten 230 G,Carnicería y Charcutería,Mercadona,Bebida láctea Omega 3 Puleva con leche desnatada,Alcampo,"SMILEAT Tarrito de verduras ecológicas con quinoa, a partir de 6 meses 230 g."
CAT-5159,Carbon Vegetal Carcoa 3 Kg,Sin categoría,Mercadona,Bebida láctea Omega 3 Puleva con leche desnatada,Carrefour,Carbon Vegetal Carcoa 3 Kg
CAT-5149,Pizza Con Salami Pepperoni Italpizza 410 G,Bebidas,Mercadona,"Leche corporal nutritiva Nivea con ácido hialurónico, aceite de almendras y sérum de nutrición profunda",Carrefour,Pizza Con Salami Pepperoni Italpizza 410 G
CAT-5162,Surtido De Helados Macadamia Hagen Dazs Sin Gluten 4 Ud,Congelados,Mercadona,"Aceite de oliva 0,4º Hacendado",Carrefour,Surtido De Helados Macadamia Hagen Dazs Sin Gluten 4 Ud
CAT-5165,Helados Frigodedo Frigo 8 Ud,Congelados,Mercadona,Papilla 8 cereales con miel Nestlé +6 meses,Carrefour,Helados Frigodedo Frigo 8 Ud
CAT-5153,Brioche Trenzado 400 G,Panadería y Pastelería,Mercadona,"Bebida láctea desnatada sabor fresa y plátano +Proteínas Hacendado 0% MG 0% azúcares añadidos 17,4 g proteínas",Carrefour,Brioche Trenzado 400 G
CAT-5199,Pienso De Pollo Y Arroz Para Gatos Junior Purina One 450 G,Despensa,Mercadona,"Aceite de oliva 0,4º Hacendado",Carrefour,Pienso De Pollo Y Arroz Para Gatos Junior Purina One 450 G
CAT-5186,Limpiador De Suciedad Y Manchas De Humedad Cillit Bang 750 Ml,Hogar,Mercadona,"Aceite de oliva 0,4º Hacendado",Carrefour,Limpiador De Suciedad Y Manchas De Humedad Cillit Bang 750 Ml
CAT-5259,Mascarilla Capilar Liso  Brillo Para Cabello Liso Rebelde O Dificil De Alisar Garnier Fructis 300 Ml,Cuidado personal e Higiene,Mercadona,"Aceite de oliva 0,4º Hacendado",Carrefour,Mascarilla Capilar Liso  Brillo Para Cabello Liso Rebelde O Dificil De Alisar Garnier Fructis 300 Ml
CAT-4299,Cepillo De Dientes Medio Limpieza Completa Total Colgate 2 Ud,Cuidado personal e Higiene,Mercadona,"Aceite de oliva 0,4º Hacendado",Alcampo,COLGATE Limpieza completa 7 en 1 Cepillo de dientes medio para una limpieza completa 2 uds.
CAT-5211,Anchoas En Aceite De Oliva Consorcio 50 G,Despensa,Mercadona,Clavo en grano Hacendado,Carrefour,Anchoas En Aceite De Oliva Consorcio 50 G
CAT-5205,Pants Dodot Activity T7 17 Kg 29 Ud,Bebes,Mercadona,Pañal junior braguita noche infantil de 17-30 kg Deliplus,Carrefour,Pants Dodot Activity T5 12 17 Kg 38 Ud
CAT-5229,Set De 80 Filtros Para Cafetera De Papel Melitta 1X4   Blanco,Sin categoría,Mercadona,"Aceite de oliva 0,4º Hacendado",Carrefour,Set De 80 Filtros Para Cafetera De Papel Melitta 1X4   Blanco
CAT-5239,Tarta De Tiramisu Zero4 Sin Gluten 400 G,Sin categoría,Mercadona,Fruta + leche caribe Don Simón sin azúcares añadidos y zero materia grasa,Carrefour,Tarta De Tiramisu Zero4 Sin Gluten 400 G
CAT-5245,Palillo Rendondo 2 Puntas 130 Ud   Madera,Sin categoría,Mercadona,2 Baguettes para hornear,Carrefour,Palillo Rendondo 2 Puntas 130 Ud   Madera
CAT-5261,Tarta De Manzana Redonda 500 G,Sin categoría,Mercadona,Aceite de oliva virgen extra Hacendado Gran Selección,Carrefour,Tarta De Manzana Redonda 500 G
CAT-5263,Muesli Infantil Desde 12 Meses 7 Cereales Sin Azucar Anadido Ecologico Hipp Biologico Mi Primer Desayuno 200 G,Despensa,Mercadona,Fruta + leche caribe Don Simón sin azúcares añadidos y zero materia grasa,Carrefour,Muesli Infantil Desde 12 Meses 7 Cereales Sin Azucar Anadido Ecologico Hipp Biologico Mi Primer Desayuno 200 G
CAT-5242,Preparado De Pure De Verduras Peladas 900 G,Conservas y Enlatados,Mercadona,Aceite de oliva 1º Hacendado,Carrefour,Preparado De Pure De Verduras Peladas 900 G
CAT-5230,Galletas Mini Wafers Milka 110 G ,Desayuno y Snack,Mercadona,"Bebida láctea desnatada sabor fresa y plátano +Proteínas Hacendado 0% MG 0% azúcares añadidos 17,4 g proteínas",Carrefour,Galletas Mini Wafers Milka 110 G 
CAT-5234,Surtido De Helados Vanilla Collection Hagen Dazs 4 Ud,Congelados,Mercadona,"Aceite de oliva 0,4º Hacendado",Carrefour,Surtido De Helados Vanilla Collection Hagen Dazs 4 Ud
CAT-5265,Pienso De Buey Para Perros Adultos Medianos Y Grandes Brekkies Tenderissimo 25 Kg,Mascotas,Mercadona,"Aceite de oliva 0,4º Hacendado",Carrefour,Pienso De Buey Para Perros Adultos Medianos Y Grandes Brekkies Tenderissimo 25 Kg
CAT-5275,Salchichas Frankfurt Campofrio Sin Gluten Sin Lactosa Pack De 4 Unidades De 140 G,Carnicería y Charcutería,Mercadona,"Aceite de oliva 0,4º Hacendado",Carrefour,Salchichas Frankfurt Campofrio Sin Gluten Sin Lactosa Pack De 4 Unidades De 140 G
CAT-5269,Ajo Puerro Tierno Grande  Manojo De 150 G,Frutas y Verduras,Mercadona,Mostaza de Dijon Hacendado,Carrefour,Ajo Puerro Tierno Grande  Manojo De 150 G
CAT-5379,Cepillo De Dientes Medio Lacer 2 Ud,Cuidado personal e Higiene,Mercadona,Aceite de oliva virgen extra Hacendado Gran Selección,Carrefour,Cepillo De Dientes Medio Lacer 2 Ud
CAT-5459,Pienso Digestivo De Salmon Para Perros Mini Ultima 15 Kg,Pescadería,Mercadona,"Aceite de oliva 0,4º Hacendado",Carrefour,Pienso Digestivo De Salmon Para Perros Mini Ultima 15 Kg
CAT-5395,Desodorante Roll On Antitranspirante Invisible Dry Dove 50 Ml,Cuidado personal e Higiene,Mercadona,Preservativos natural On,Carrefour,Desodorante Roll On Antitranspirante Invisible Dry Dove 50 Ml
CAT-5396,Desodorante En Spray Invisible Dry Dove 200 Ml,Cuidado personal e Higiene,Mercadona,Clavo en grano Hacendado,Carrefour,Desodorante En Spray Invisible Dry Dove 200 Ml
CAT-5387,Dentifrico Proteccion Profesional Pro Expert Oral B Pack De 2 Unidades De 75 Ml,Cuidado personal e Higiene,Mercadona,"Aceite de oliva 0,4º Hacendado",Carrefour,Dentifrico Proteccion Profesional Pro Expert Oral B Pack De 2 Unidades De 75 Ml
CAT-5392,Dentifrico Sensibilidad Y Blanqueamiento Pro Expert Oral B 75 Ml,Cuidado personal e Higiene,Mercadona,"Leche corporal nutritiva Nivea con ácido hialurónico, aceite de almendras y sérum de nutrición profunda",Carrefour,Dentifrico Sensibilidad Y Blanqueamiento Pro Expert Oral B 75 Ml
CAT-5371,Licor De Manzana Loch Castle Sin Alcohol 70 Cl,Bebidas,Mercadona,"Aceite de oliva 0,4º Hacendado",Carrefour,Licor De Manzana Loch Castle Sin Alcohol 70 Cl
CAT-5380,Snack De Maiz Nestle Happy Puffs Sin Azucar Anadido 28 G,Despensa,Mercadona,"Aceite de oliva 0,4º Hacendado",Carrefour,Snack De Maiz Nestle Happy Puffs Sin Azucar Anadido 28 G
CAT-5373,Pechuga De Pollo Natural En Lonchas Elpozo 1954 Premium Gourmet Sin Gluten Y Sin Lactosa 120 G,Carnicería y Charcutería,Mercadona,"Aceite de oliva 0,4º Hacendado",Carrefour,Pechuga De Pollo Natural En Lonchas Elpozo 1954 Premium Gourmet Sin Gluten Y Sin Lactosa 120 G
CAT-5393,Vino Tinto Syrah Habla Del Silencio Vt Extremadura 75 Cl,Bebidas,Mercadona,Licor dulce Amaretto Del Patriarca,Carrefour,Vino Tinto Syrah Habla Del Silencio Vt Extremadura 75 Cl
CAT-7892,Crema De Queso Semicurado President 125 G,Lácteos y Huevos,Mercadona,Mostaza de Dijon Hacendado,Carrefour,Crema De Queso Semicurado President 125 G
CAT-5480,Menestra De La Huerta Findus 650 G,Congelados,Mercadona,Aceite de oliva virgen extra Hacendado Gran Selección,DIA,Menestra de la huerta Findus 650 g
CAT-5485,Pienso De Pavo Y Pollo Con Verduras Para Gato Esterilizado Purina Friskies 15 Kg,Carnicería y Charcutería,Mercadona,Bebida láctea Omega 3 Puleva con leche desnatada,Carrefour,Pienso De Pavo Y Pollo Con Verduras Para Gato Esterilizado Purina Friskies 15 Kg
CAT-4397,Papel De Horno Albal 8 Metros,Sin categoría,Mercadona,Aceite de oliva virgen extra Hacendado Gran Selección,Carrefour,Papel De Horno Albal 8 Metros
CAT-5486,Pienso De Pavo Y Verduras Para Gato Adulto Esterilizado Pavo Y Verduras Purina Friskies 3Kg,Carnicería y Charcutería,Mercadona,"Aceite de oliva 0,4º Hacendado",Carrefour,Pienso De Pavo Y Verduras Para Gato Adulto Esterilizado Pavo Y Verduras Purina Friskies 3Kg
CAT-5469,Muslitos De Mar Sabor Cangrejo Pescanova 250 G,Pescadería,Mercadona,"Aceite de oliva 0,4º Hacendado",Carrefour,Muslitos De Mar Sabor Cangrejo Pescanova 250 G
CAT-4516,Agua Con Gas Maison Perrier Sabor Lima 50 Cl,Bebidas,Mercadona,"Leche corporal nutritiva Nivea con ácido hialurónico, aceite de almendras y sérum de nutrición profunda",Alcampo,"MAISON PERRIER Forever lima, Agua con gas sabor lima 50 cl."
CAT-5426,Champu Fortificante Fuerza Y Brillo Para Cabello Normal Garnier Fructis 380 Ml,Cuidado personal e Higiene,Mercadona,Bebida láctea crecimiento y desarrollo Puleva Max,Carrefour,Champu Fortificante Fuerza Y Brillo Para Cabello Normal Garnier Fructis 380 Ml
CAT-5427,Champu Alisador Liso  Brillo Para Cabello Liso Rebelde O Dificil De Alisar Garnier Fructis 380 Ml,Cuidado personal e Higiene,Mercadona,"Aceite de oliva 0,4º Hacendado",Carrefour,Champu Alisador Liso  Brillo Para Cabello Liso Rebelde O Dificil De Alisar Garnier Fructis 380 Ml
CAT-5414,Friegasuelos Lavanda Ecologico Frosch 1 L,Sin categoría,Mercadona,Detergente ropa todo en 1 frescor floral Ariel Pods en cápsulas,Carrefour,Friegasuelos Lavanda Ecologico Frosch 1 L
CAT-5433,Champu Fortificante Pure Fresh Agua De Coco Para Raices Grasas Y Puntas Secas Garnier Fructis 360 Ml,Cuidado personal e Higiene,Mercadona,"Aceite de oliva 0,4º Hacendado",Carrefour,Champu Fortificante Pure Fresh Agua De Coco Para Raices Grasas Y Puntas Secas Garnier Fructis 360 Ml
CAT-5397,Desodorante En Spray Antitranspirante Invisible Dry Men Dove 150 Ml,Cuidado personal e Higiene,Mercadona,Clavo en grano Hacendado,Carrefour,Desodorante En Spray Antitranspirante Invisible Dry Men Dove 150 Ml
CAT-5398,Desodorante En Spray Invisible Dry Dove Pack De 2 Unidades De 200 Ml,Cuidado personal e Higiene,Mercadona,"Aceite de oliva 0,4º Hacendado",Carrefour,Desodorante En Spray Invisible Dry Dove Pack De 2 Unidades De 200 Ml
CAT-5439,Desodorante En Spray Aloe Vera Rexona Pack De 2 Unidades De 200 Ml,Cuidado personal e Higiene,Mercadona,"Aceite de oliva 0,4º Hacendado",Carrefour,Desodorante En Spray Aloe Vera Rexona Pack De 2 Unidades De 200 Ml
CAT-5449,Gel De Ducha Revitalizante Lima Y Menta Moussel 650 Ml,Cuidado personal e Higiene,Mercadona,"Aceite de oliva 0,4º Hacendado",Carrefour,Gel De Ducha Revitalizante Lima Y Menta Moussel 650 Ml
CAT-5425,Papilla Infantil Desde 6 Meses 8 Cereales Con Miel Nestle 950 G,Desayuno y Snack,Mercadona,"Leche corporal nutritiva Nivea con ácido hialurónico, aceite de almendras y sérum de nutrición profunda",Carrefour,Papilla Infantil Desde 6 Meses 8 Cereales Con Miel Nestle 950 G
CAT-5415,Lavavajillas Maquina Todo En 1 En Pastillas Ecologico Frosch 30 Ud,Hogar,Mercadona,Clavo en grano Hacendado,Carrefour,Lavavajillas Maquina Todo En 1 En Pastillas Ecologico Frosch 30 Ud
CAT-5451,Lasana De Carne Price 300 G,Sin categoría,Mercadona,Aceite de oliva virgen extra Hacendado Gran Selección,Carrefour,Lasana De Carne Price 300 G
CAT-5453,Perfumador Para Ropa Cielo De Primavera San 40 Lavados,Sin categoría,Mercadona,"Aceite de oliva 0,4º Hacendado",Carrefour,Perfumador Para Ropa Cielo De Primavera San 40 Lavados
CAT-5491,Compresas Para Incontinencia De Orina Extra Seguridad Maxi Discreet Ausonia 16 Ud,Cuidado personal e Higiene,Mercadona,"Aceite de oliva 0,4º Hacendado",Carrefour,Compresas Para Incontinencia De Orina Extra Seguridad Maxi Discreet Ausonia 16 Ud
CAT-5454,Perfumador Para Ropa Campo De Flores San 40 Lavados,Sin categoría,Mercadona,"Aceite de oliva 0,4º Hacendado",Carrefour,Perfumador Para Ropa Campo De Flores San 40 Lavados
CAT-5465,Snack Infantil Desde 10 Meses Guisantes Y Maiz Ecologico Hero Solo Sin Gluten 40 G,Sin categoría,Mercadona,Bebida láctea crecimiento y desarrollo Puleva Max,Carrefour,Snack Infantil Desde 10 Meses Guisantes Y Maiz Ecologico Hero Solo Sin Gluten 40 G
CAT-5464,Ginebra Puerto De Indias Sweet Melon 70 Cl,Bebidas,Mercadona,Aceite de oliva 1º Hacendado,Carrefour,Ginebra Puerto De Indias Sweet Melon 70 Cl
CAT-5436,Tarrito De Verduras Con Arroz Desde 6 Meses Ecologico Natube Sin Gluten 220 G,Despensa,Mercadona,Bebida láctea Omega 3 Puleva con leche desnatada,Carrefour,Tarrito De Verduras Con Arroz Desde 6 Meses Ecologico Natube Sin Gluten 220 G
CAT-5437,Tarrito De Verduras Con Quinoa Desde 6 Meses Ecologico Natube Sin Gluten 220 G,Despensa,Mercadona,Bebida láctea Omega 3 Puleva con leche desnatada,Carrefour,Tarrito De Verduras Con Quinoa Desde 6 Meses Ecologico Natube Sin Gluten 220 G
CAT-5455,Queso Fundido En Porciones 250 G,Lácteos y Huevos,Mercadona,Preparado en polvo instantáneo para crepes Hacendado,Carrefour,Queso Fundido En Porciones 250 G
CAT-5442,Pizza Margarita Pack De 3 Pizzas De 300 G,Congelados,Mercadona,Mostaza de Dijon Hacendado,Carrefour,Pizza Margarita Pack De 3 Pizzas De 300 G
CAT-5438,Salchichas Hot Dogs King Upp Elpozo 275 G,Carnicería y Charcutería,Mercadona,"Bebida láctea desnatada sabor fresa y plátano +Proteínas Hacendado 0% MG 0% azúcares añadidos 17,4 g proteínas",Carrefour,Salchichas Hot Dogs King Upp Elpozo 275 G
CAT-5434,Tarrito De Verduras Con Merluza Desde 6 Meses Ecologico Natube Sin Gluten 220 G,Pescadería,Mercadona,Bebida láctea Omega 3 Puleva con leche desnatada,Carrefour,Tarrito De Verduras Con Merluza Desde 6 Meses Ecologico Natube Sin Gluten 220 G
CAT-5441,Papel Higienico 5 Capas Cotton Foxy 4 Rollos,Bazar y Varios,Mercadona,Polvos voluminizador para el cabello Volum Fix Deliplus mate fijación 4,Carrefour,Papel Higienico 5 Capas Cotton Foxy 4 Rollos
CAT-5471,Vasos De Sidra De Plastico Reutilizables 55Cl  Nupik 10 Ud,Sin categoría,Mercadona,"Aceite de oliva 0,4º Hacendado",Carrefour,Vasos De Sidra De Plastico Reutilizables 55Cl  Nupik 10 Ud
CAT-8223,Limpidor En Crema Original Cif 650 Ml,Sin categoría,Mercadona,Clavo en grano Hacendado,Carrefour,Limpidor En Crema Original Cif 650 Ml
CAT-5431,Champu Fortificante Adios Danos Para Cabello Danado Garnier Fructis 360 Ml,Cuidado personal e Higiene,Mercadona,Sal gruesa para hornear Hacendado,DIA,Champú adiós daños repara y fortifica Fructis 300 ml
CAT-5483,Desodorante En Spray Para Hombre Invisible 48 H Black  White Nivea Men 200 Ml,Cuidado personal e Higiene,Mercadona,Clavo en grano Hacendado,Alcampo,NIVEA Men original black & white invisible Desodorante spray para hombre con fórmula de secado rápido 250 ml.
CAT-5582,Jabon Liquido Ultra Suave Con Aloe Vera Para Cuerpo Y Cabello Nenuco 1100 Ml,Cuidado personal e Higiene,Mercadona,Bebida láctea Omega 3 Puleva con leche desnatada,Alcampo,"NENUCO Jabón líquido para bebe, ultra suave y enriquecido con vitamina E y aloe vera NENUCO 1125 ml."
CAT-5386,Zumo De Naranja Don Simon Exprimido Con Pulpa Brik 1 L,Bebidas,Mercadona,"Aceite de oliva 0,4º Hacendado",DIA,Zumo de naranja con pulpa Don Simón 1 L
CAT-5587,Cerveza Mahou 5 Estrellas Radler Con Zumo Natural De Limon Lata 33 Cl,Bebidas,Mercadona,"Aceite de oliva 0,4º Hacendado",Carrefour,Cerveza Mahou 5 Estrellas Radler Con Zumo Natural De Limon Lata 33 Cl
CAT-5585,Sandwich De Soja Valsoia 8 Ud,Platos preparados,Mercadona,Aceite de oliva virgen extra Hacendado Gran Selección,Carrefour,Sandwich De Soja Valsoia 8 Ud
CAT-5595,Txistorra De Navarra De Nuestra Tierra 220 G,Sin categoría,Mercadona,Aceite de oliva 1º Hacendado,Carrefour,Txistorra De Navarra De Nuestra Tierra 220 G
CAT-5612,Complemento Nutricional Vainilla Nutrivigor Ensure Pack De 4 Unidades De 220 Ml,Sin categoría,Mercadona,"Aceite de oliva 0,4º Hacendado",Carrefour,Complemento Nutricional Vainilla Nutrivigor Ensure Pack De 4 Unidades De 220 Ml
CAT-5611,Complemento Nutricional Chocolate Nutrivigor Ensure Pack De 4 Unidades De 220 Ml,"Azúcar, caramelos y chocolate",Mercadona,"Aceite de oliva 0,4º Hacendado",Carrefour,Complemento Nutricional Chocolate Nutrivigor Ensure Pack De 4 Unidades De 220 Ml
CAT-5732,Desodorante En Spray Captain Old Spice 150 Ml,Cuidado personal e Higiene,Mercadona,Clavo en grano Hacendado,Carrefour,Desodorante En Spray Captain Old Spice 150 Ml
CAT-5728,Desodorante En Spray Black  White Invisible Original Nivea 250 Ml,Cuidado personal e Higiene,Mercadona,Clavo en grano Hacendado,Alcampo,NIVEA Original black & white invisible Desodorante en spray para mujer con fórmula secado rápido 250 ml.
CAT-5731,Desodorante En Stick Captain Old Spice 50 Ml,Cuidado personal e Higiene,Mercadona,Clavo en grano Hacendado,Carrefour,Desodorante En Stick Captain Old Spice 50 Ml
CAT-4536,Platano De Freir A Granel 1 Kg Aprox,Frutas y Verduras,Mercadona,Reducción bálsamica de vinagre Pedro Ximénez Hacendado,DIA,Plátano macho para freír granel 1 Kg aprox.
CAT-5636,Salsa Pesto Alla Genovese Barilla Tarro 190 G,Despensa,Mercadona,Salsa fresca Trufa Hacendado,DIA,Pesto genovese Barilla 190 g
CAT-5657,Lomo De Atun 400 G Aprox,Sin categoría,Mercadona,Aceite de oliva virgen extra Hacendado Gran Selección,DIA,Solomillo de atún bandeja 300 g aprox.
CAT-5657,Lomo De Atun 400 G Aprox,Sin categoría,DIA,Solomillo de atún bandeja 300 g aprox.,Carrefour,Lomo De Atun 400 G Aprox
CAT-5699,Pizza Rustica De Pepperoni Queso Y Mozzarella Dr Oetker 565 G,Bebidas,Mercadona,"Aceite de oliva 0,4º Hacendado",Alcampo,DR. OETKER Pizza rustica con doble de Pepperoni y queso Mozzarella y Cheddar Rústica 565 g.
CAT-5715,Pizza De Pollo Ristorante Dr Oetker 355 G,Congelados,Mercadona,Mostaza de Dijon Hacendado,Carrefour,Pizza De Pollo Ristorante Dr Oetker 355 G
CAT-5712,Pechuga De Pavo Natural Asada Al Corte Frial 150 G Aprox,Carnicería y Charcutería,Mercadona,"Aceite de oliva 0,4º Hacendado",Carrefour,Pechuga De Pavo Natural Asada Al Corte Frial 150 G Aprox
CAT-5725,Tinto De Verano Clasico Sin Alcohol Don Simon Botella 15 L,Sin categoría,Mercadona,"Aceite de oliva 0,4º Hacendado",Carrefour,Tinto De Verano Clasico Sin Alcohol Don Simon Botella 15 L
CAT-5738,Set 25 Vasos De Plastico 240Cc Nupik,Sin categoría,Mercadona,Reducción bálsamica de vinagre Pedro Ximénez Hacendado,Carrefour,Set 25 Vasos De Plastico 240Cc Nupik
CAT-5751,Ginger Beer Fever Tree Premium Botella 20 Cl,Sin categoría,Mercadona,Bebida láctea desnatada sabor stracciatella +Proteínas Hacendado 0% azúcares añadidos 20 g proteínas,Carrefour,Ginger Beer Fever Tree Premium Botella 20 Cl
CAT-5755,Burguer Cruchy El Mercado Sin Gluten 240 G,Sin categoría,Mercadona,Fruta + leche caribe Don Simón sin azúcares añadidos y zero materia grasa,Carrefour,Burguer Cruchy El Mercado Sin Gluten 240 G
CAT-5748,Agua Con Gas Sabor Naranja San Pellegrino Lata 33 Cl,Bebidas,Mercadona,Snack Balls sabor queso Hacendado,Alcampo,SANPELLEGRINO Agua con gas y zumo de naranja 330 ml.
CAT-5749,Tonica Fever Tree Mediterranean Botella 20 Cl ,Bebidas,Mercadona,Bebida láctea desnatada sabor stracciatella +Proteínas Hacendado 0% azúcares añadidos 20 g proteínas,Carrefour,Tonica Fever Tree Mediterranean Botella 20 Cl 
CAT-5750,Tonica Fever Tree Premium Indian Botella 20 Cl,Bebidas,Mercadona,Bebida láctea desnatada sabor stracciatella +Proteínas Hacendado 0% azúcares añadidos 20 g proteínas,Carrefour,Tonica Fever Tree Premium Indian Botella 20 Cl
CAT-5759,Flamenquin De Pollo Y Queso El Mercado Sin Gluten 300 G,Lácteos y Huevos,Mercadona,"Aceite de oliva 0,4º Hacendado",Carrefour,Flamenquin De Pollo Y Queso El Mercado Sin Gluten 300 G
CAT-5726,Postre Lacteo De Cacao Desde 8 Meses Nestle Yogolino Sin Gluten Pack De 4 Unidades De 100 G,Lácteos y Huevos,Mercadona,"Aceite de oliva 0,4º Hacendado",Carrefour,Postre Lacteo De Cacao Desde 8 Meses Nestle Yogolino Sin Gluten Pack De 4 Unidades De 100 G
CAT-5753,Berlina Bombon Donuts 6 Ud,Panadería y Pastelería,Mercadona,Pañales bebé talla 6 de 17-28 kg Deliplus,Carrefour,Berlina Bombon Donuts 6 Ud
CAT-5729,Kiwi Zespri 1 Kg Aprox,Frutas y Verduras,Mercadona,Pañales bebé talla 1 de 2-5 kg Dodot,DIA,Kiwi Zespri bandeja 500 g
CAT-5734,Zanahoria Circulo De Calidad 125 G,Frutas y Verduras,Mercadona,Aceite de oliva virgen extra Hacendado Gran Selección,Carrefour,Zanahoria Circulo De Calidad 125 G
CAT-5890,Dentifrico Carbon Max White Colgate 75 Cl,Cuidado personal e Higiene,Mercadona,Bebida láctea con cereales crecimiento y desarrollo Puleva Max,Carrefour,Dentifrico Carbon Max White Colgate 75 Cl
CAT-4605,Fanta De Limon Zero Botella 2 L,Bebidas,Mercadona,Aceite de oliva virgen extra Hacendado Gran Selección,DIA,Fanta de limón zero 2 L
CAT-4606,Mejillones De Chile En Escabeche Calvo Pack De 3 Latas De 40 G,Conservas y Enlatados,Mercadona,"Aceite de oliva 0,4º Hacendado",DIA,Mejillones en escabeche Calvo 3 x 40 g
CAT-5878,Crema De Queso Camembert President 125 G,Lácteos y Huevos,Mercadona,Mostaza de Dijon Hacendado,Carrefour,Crema De Queso Camembert President 125 G
CAT-5864,Barrita De Galleta Crujiente Cubierta De Chocolate Pack 5 Unidades De 415 G,Desayuno y Snack,Mercadona,"Aceite de oliva 0,4º Hacendado",Carrefour,Barrita De Galleta Crujiente Cubierta De Chocolate Pack 5 Unidades De 415 G
CAT-5861,Pizza De Salami Ristorante Dr Oetker Sin Gluten Y Sin Lactosa 315 G ,Congelados,Mercadona,"Aceite de oliva 0,4º Hacendado",Carrefour,Pizza De Salami Ristorante Dr Oetker Sin Gluten Y Sin Lactosa 315 G 
CAT-5876,Langostino Crudo Congelado Pescatrade 1 Kg,Pescadería,Mercadona,Detergente ropa todo en 1 frescor floral Ariel Pods en cápsulas,Carrefour,Langostino Crudo Congelado Pescatrade 1 Kg
CAT-5872,Papel De Cocina Mega3 Foxy 6 Rollos,Bazar y Varios,Mercadona,Aceite de oliva virgen extra Hacendado Gran Selección,Carrefour,Papel De Cocina Mega3 Foxy 6 Rollos
CAT-5892,Yogur Con Bolitas Cubiertas De Chocolate Mix In Nestle Kit Kat Pack De 2 Unidades De 115 G,Lácteos y Huevos,Mercadona,Bebida láctea Omega 3 Puleva con leche desnatada,Carrefour,Yogur Con Bolitas Cubiertas De Chocolate Mix In Nestle Kit Kat Pack De 2 Unidades De 115 G
CAT-5896,Tabletas Limpiadoras Protesis 3 En 1 Senti2 30 Ud,Hogar,Mercadona,Clavo en grano Hacendado,Carrefour,Tabletas Limpiadoras Protesis 3 En 1 Senti2 30 Ud
CAT-6049,Tomate Frito Solis Sin Gluten Pack 2 Tarros De 460 G,Despensa,Mercadona,"Aceite de oliva 0,4º Hacendado",Carrefour,Tomate Frito Solis Sin Gluten Pack 2 Tarros De 460 G
CAT-6258,Canelones De Atun La Cocinera 500 G,Sin categoría,Mercadona,Aceite de oliva virgen extra Hacendado Gran Selección,Carrefour,Canelones De Atun La Cocinera 500 G
CAT-6166,Desodorante En Spray Black Vanilla Axe 150 Ml,Cuidado personal e Higiene,Mercadona,Clavo en grano Hacendado,Carrefour,Desodorante En Spray Black Vanilla Axe 150 Ml
CAT-6148,Corvina Circulo De Calidad 2 Kg Aprox,Sin categoría,Mercadona,Vino tinto tempranillo Cepas Viejas Señorío de los Llanos DO Valdepeñas,Carrefour,Corvina Circulo De Calidad 2 Kg Aprox
CAT-6168,Bateria De Cocina Acero Inoxidable San Ignacio Lexia 9 Piezas,Sin categoría,Mercadona,"Aceite de oliva 0,4º Hacendado",Carrefour,Bateria De Cocina Acero Inoxidable San Ignacio Lexia 9 Piezas
CAT-6173,Papilla Infantil Desde 5 Meses 8 Cereales Y Frutas Blevit Sin Azucar Anadido 500 G,Despensa,Mercadona,Bebida láctea crecimiento y desarrollo Puleva Max,Carrefour,Papilla Infantil Desde 5 Meses 8 Cereales Y Frutas Blevit Sin Azucar Anadido 500 G
CAT-6174,Papilla Infantil Desde 5 Meses 8 Cereales Blevit Sin Azucar Anadido 500 G,Despensa,Mercadona,Spaghetti sin gluten Felicia,Carrefour,Papilla Infantil Desde 5 Meses 8 Cereales Blevit Sin Azucar Anadido 500 G
CAT-6161,Salsa Ligeresa Sin Lactosa Envase 580 Ml,Despensa,Mercadona,Fruta + leche caribe Don Simón sin azúcares añadidos y zero materia grasa,Carrefour,Salsa Ligeresa Sin Lactosa Envase 580 Ml
CAT-6151,Codillo De Jamon Curado Precortado Elpozo 850 G,Carnicería y Charcutería,Mercadona,"Aceite de oliva 0,4º Hacendado",Carrefour,Codillo De Jamon Curado Precortado Elpozo 850 G
CAT-6259,Peine Fussy 1 Ud,Sin categoría,Mercadona,Vela de cumpleaños 1 Hacendado,Carrefour,Peine Fussy 1 Ud
CAT-6256,Lasana De Espinacas Y Queso La Cocinera 500 G,Lácteos y Huevos,Mercadona,"Aceite de oliva 0,4º Hacendado",Carrefour,Lasana De Espinacas Y Queso La Cocinera 500 G
CAT-4697,Desodorante En Spray Invisible Rexona Men Pack De 2 Unidades De 200 Ml,Cuidado personal e Higiene,Mercadona,"Aceite de oliva 0,4º Hacendado",Alcampo,"REXONA Men invisible Desodorante spray para hombre, anti manchas 200 ml."
CAT-6180,Desodorante En Spray Choco Wild Amalfi Men 150 Ml,Cuidado personal e Higiene,Mercadona,Clavo en grano Hacendado,Carrefour,Desodorante En Spray Choco Wild Amalfi Men 150 Ml
CAT-6188,Kit Dental Viaje Pierrot Cepillo Dentifrico Y Hilo Dental 1 Ud,Cuidado personal e Higiene,Mercadona,Vela de cumpleaños 1 Hacendado,Carrefour,Kit Dental Viaje Pierrot Cepillo Dentifrico Y Hilo Dental 1 Ud
CAT-6192,Gel De Ducha Urea Piel Seca Cuidado Experto Sanex 600 Ml,Cuidado personal e Higiene,Mercadona,"Aceite de oliva 0,4º Hacendado",Carrefour,Gel De Ducha Urea Piel Seca Cuidado Experto Sanex 600 Ml
CAT-4681,Comida De Pollo Y Arroz Para Perros Junior Dream Essential 4 Kg,Despensa,Mercadona,"Aceite de oliva 0,4º Hacendado",Carrefour,Comida De Pollo Y Arroz Para Perros Junior Dream Essential 4 Kg
CAT-4726,Cerveza El Aguila Dorada Pack 6 Botellas 20 Cl,Bebidas,Mercadona,Polvos voluminizador para el cabello Volum Fix Deliplus mate fijación 4,DIA,Cerveza dorada El águila pack 6 x 20 cl
CAT-6175,Papilla Infantil Desde 5 Meses 8 Cereales Y Platano Blevit Sin Azucar Anadido 250 G,Despensa,Mercadona,Bebida láctea crecimiento y desarrollo Puleva Max,Carrefour,Papilla Infantil Desde 5 Meses 8 Cereales Y Platano Blevit Sin Azucar Anadido 250 G
CAT-6178,Papilla Infantil Belvit 8 Cereales Desde 5 Meses Sin Azucar Anadido 1000 G,Despensa,Mercadona,Spaghetti sin gluten Felicia,Carrefour,Papilla Infantil Belvit 8 Cereales Desde 5 Meses Sin Azucar Anadido 1000 G
CAT-6177,Papilla Infantil Blevit 8 Cereales Con Miel Desde 5 Meses 1000 G,Desayuno y Snack,Mercadona,"Leche corporal nutritiva Nivea con ácido hialurónico, aceite de almendras y sérum de nutrición profunda",Carrefour,Papilla Infantil Blevit 8 Cereales Con Miel Desde 5 Meses 1000 G
CAT-6186,Gel Blanqueante Blanco Nuclear 500 Ml,Sin categoría,Mercadona,Gel de baño granada y frutos silvestres Deliplus piel normal,Carrefour,Gel Blanqueante Blanco Nuclear 500 Ml
CAT-6205,Emulsion Dermo Reductora Y Reafirmante Vientre Plano Elifexir 200 Ml,Sin categoría,Mercadona,"Leche corporal nutritiva Nivea con ácido hialurónico, aceite de almendras y sérum de nutrición profunda",Carrefour,Emulsion Dermo Reductora Y Reafirmante Vientre Plano Elifexir 200 Ml
CAT-6206,Emulsion Dermo Tensora Y Reductora Minucell Elifexir 200 Ml,Sin categoría,Mercadona,"Leche corporal nutritiva Nivea con ácido hialurónico, aceite de almendras y sérum de nutrición profunda",Carrefour,Emulsion Dermo Tensora Y Reductora Minucell Elifexir 200 Ml
CAT-6211,Pastillas De Encendido De Lana De Lena Carcoa 32 Uds,Sin categoría,Mercadona,"Aceite de oliva 0,4º Hacendado",Carrefour,Pastillas De Encendido De Lana De Lena Carcoa 32 Uds
CAT-6215,Crema Con Avena Prebiotica Vagisil 30 G,Sin categoría,Mercadona,Bebida láctea con cereales crecimiento y desarrollo Puleva Max,Carrefour,Crema Con Avena Prebiotica Vagisil 30 G
CAT-6197,Caja De 6 Botellas De Vino Tinto Crianza Otonal Do Ca Rioja 75 Cl,Bebidas,Mercadona,"Aceite de oliva 0,4º Hacendado",Carrefour,Caja De 6 Botellas De Vino Tinto Crianza Otonal Do Ca Rioja 75 Cl
CAT-6212,Vino Tinto Con Crianza Tempranillo Pradorey Do Ribera Del Duero 75 Cl,Bebidas,Mercadona,Licor dulce Amaretto Del Patriarca,Carrefour,Vino Tinto Con Crianza Tempranillo Pradorey Do Ribera Del Duero 75 Cl
CAT-6179,Papilla Infantil Desde 5 Meses 8 Cereales Blevit Optimum Sin Azucar Anadido 250 G,Despensa,Mercadona,Spaghetti sin gluten Felicia,Carrefour,Papilla Infantil Desde 5 Meses 8 Cereales Blevit Optimum Sin Azucar Anadido 250 G
CAT-6189,Bolsita De Platano Y Manzana Desde 4 Meses Nestle Sin Gluten Y Sin Azucar Anadido Pack De 4 Unidades De 90 G,Despensa,Mercadona,"Aceite de oliva 0,4º Hacendado",Carrefour,Bolsita De Platano Y Manzana Desde 4 Meses Nestle Sin Gluten Y Sin Azucar Anadido Pack De 4 Unidades De 90 G
CAT-6190,Bolsita De 4 Frutas Desde 4 Meses Nestle Sin Gluten Y Sin Azucar Anadido Pack De 4 Unidades De 90 G,Despensa,Mercadona,"Aceite de oliva 0,4º Hacendado",Carrefour,Bolsita De 4 Frutas Desde 4 Meses Nestle Sin Gluten Y Sin Azucar Anadido Pack De 4 Unidades De 90 G
CAT-6217,Apositos Ampollas Medianas Compeed 10 Ud,Cuidado personal e Higiene,Mercadona,Postre lácteo con fresa +Proteínas Hacendado 0% MG 10 g proteínas,Carrefour,Apositos Ampollas Medianas Compeed 10 Ud
CAT-6223,Arroz Con Pollo Tikka Masala Findus 400 G,Despensa,Mercadona,Bebida láctea con cereales crecimiento y desarrollo Puleva Max,Carrefour,Arroz Con Pollo Tikka Masala Findus 400 G
CAT-5475,Comida Humeda En Salsa Seleccion Clasicos Para Gato Adulto Whiskas 4X85 G,Bebidas,Mercadona,Clavo en grano Hacendado,DIA,Alimento para gatos selección carnes en salsa Whiskas bolsa 4 x 85 g
CAT-6468,Enjuague Bucal Anti Bacteriano Sabor Menta Encias Control Parogencyl Pack De 2 Unidades De 500 Ml,Cuidado personal e Higiene,Mercadona,"Aceite de oliva 0,4º Hacendado",Carrefour,Enjuague Bucal Anti Bacteriano Sabor Menta Encias Control Parogencyl Pack De 2 Unidades De 500 Ml
CAT-6476,Pechuga De Pavo En Lonchas Noel Delizias Sin Gluten Y Sin Lactosa 110 G,Carnicería y Charcutería,Mercadona,"Aceite de oliva 0,4º Hacendado",Carrefour,Pechuga De Pavo En Lonchas Noel Delizias Sin Gluten Y Sin Lactosa 110 G
CAT-6775,Gel De Ducha Activit Protector Bioma Para Piel Normal Sensible Lactovit 750 Ml,Cuidado personal e Higiene,Mercadona,"Aceite de oliva 0,4º Hacendado",Carrefour,Gel De Ducha Activit Protector Bioma Para Piel Normal Sensible Lactovit 750 Ml
CAT-6776,Gel De Ducha Reparador Lactourea Para Piel Muy Seca Lactovit 750 Ml,Cuidado personal e Higiene,Mercadona,"Aceite de oliva 0,4º Hacendado",Carrefour,Gel De Ducha Reparador Lactourea Para Piel Muy Seca Lactovit 750 Ml
CAT-5007,Galletas Rellenas De Crema De Chocolate Mini Principe Pack De 4 Unidades De 40 G,Desayuno y Snack,Mercadona,"Aceite de oliva 0,4º Hacendado",DIA,Galleta rellena de crema de chocolate Principe paquete 300 g
CAT-6674,Limpia Crista Con Mango Aluminio Elephant,Sin categoría,Mercadona,Bebida láctea con cereales crecimiento y desarrollo Puleva Max,Carrefour,Limpia Crista Con Mango Aluminio Elephant
CAT-6663,Cerveza Mahou Clasica Pack De 12 Latas De 33 Cl,Bebidas,Mercadona,"Aceite de oliva 0,4º Hacendado",Carrefour,Cerveza Mahou Clasica Pack De 12 Latas De 33 Cl
CAT-6668,Pienso De Salmon Y Arroz Para Gato Adulto Ultima 15 Kg,Despensa,Mercadona,"Aceite de oliva 0,4º Hacendado",Carrefour,Pienso De Salmon Y Arroz Para Gato Adulto Ultima 15 Kg
CAT-6680,Vermut Zarro Reserva Especial Sin Gluten 1 L,Bebidas,Mercadona,Fruta + leche caribe Don Simón sin azúcares añadidos y zero materia grasa,Carrefour,Vermut Zarro Reserva Especial Sin Gluten 1 L
CAT-6691,Queso Fresco Desnatado Burgo De Arias Sin Gluten Pack De 3 Unidades De 72 G,Lácteos y Huevos,Mercadona,Bebida láctea Omega 3 Puleva con leche desnatada,Carrefour,Queso Fresco Desnatado Burgo De Arias Sin Gluten Pack De 3 Unidades De 72 G
CAT-6758,Snacks De Pollo Y Pato Para Gatos Catisfactions 60 G,Carnicería y Charcutería,Mercadona,"Aceite de oliva 0,4º Hacendado",Carrefour,Snacks De Pollo Y Pato Para Gatos Catisfactions 60 G
CAT-6782,Kombucha De Mango Ecologico Komvida Sin Gluten Botella 25 Cl,Sin categoría,Mercadona,"Aceite de oliva 0,4º Hacendado",Carrefour,Kombucha De Mango Ecologico Komvida Sin Gluten Botella 25 Cl
CAT-6769,Cerveza Tostada Saer Brau 00 Sin Alcohol Lata 33 Cl,Bebidas,Mercadona,Spaghetti sin gluten Felicia,Carrefour,Cerveza Tostada Saer Brau 00 Sin Alcohol Lata 33 Cl
CAT-6773,Cerveza Mahou Clasica Pack De 12 Botellas De 25 Cl,Bebidas,Mercadona,"Aceite de oliva 0,4º Hacendado",Carrefour,Cerveza Mahou Clasica Pack De 12 Botellas De 25 Cl
CAT-6778,Ambientador De Varillas Infusion Naranja Canela Ambar Botanic 75 Ml,Desayuno y Snack,Mercadona,"Aceite de oliva 0,4º Hacendado",Carrefour,Ambientador De Varillas Infusion Naranja Canela Ambar Botanic 75 Ml
CAT-6766,Pollo Relleno Al Corte La Carlotena 150 G Aprox,Carnicería y Charcutería,Mercadona,Lomo asado La Carloteña lonchas,Carrefour,Pollo Relleno Al Corte La Carlotena 150 G Aprox
CAT-6727,Crema De Queso Light Philadelphia 350 G,Lácteos y Huevos,Mercadona,Mostaza de Dijon Hacendado,Carrefour,Crema De Queso Light Philadelphia 350 G
CAT-6950,Preparado Vegano Tipo Hamburguesa A Base De Proteina De Soja Garden Gourmet 226 G,Carnicería y Charcutería,Mercadona,"Aceite de oliva 0,4º Hacendado",Carrefour,Preparado Vegano Tipo Hamburguesa A Base De Proteina De Soja Garden Gourmet 226 G
CAT-6956,Bolsita De Platano Pera Y Naranja Ecologica Hero Solo Sin Gluten Pack 4 Unidades De 100 G,Frutas y Verduras,Mercadona,"Aceite de oliva 0,4º Hacendado",Carrefour,Bolsita De Platano Pera Y Naranja Ecologica Hero Solo Sin Gluten Pack 4 Unidades De 100 G
CAT-6957,Bolsita De Manzana Fresa Platano Y Arandanos Ecologica Hero Solo Sin Gluten Pack De 4 Unidades De 100 G,Frutas y Verduras,Mercadona,"Aceite de oliva 0,4º Hacendado",Carrefour,Bolsita De Manzana Fresa Platano Y Arandanos Ecologica Hero Solo Sin Gluten Pack De 4 Unidades De 100 G
CAT-6955,Aperitivo De Maiz Sabor Barbacoa Gublins Grefusa Sin Gluten 135 G,Desayuno y Snack,Mercadona,"Aceite de oliva 0,4º Hacendado",Carrefour,Aperitivo De Maiz Sabor Barbacoa Gublins Grefusa Sin Gluten 135 G
CAT-5305,Agua De Colonia Gotas Frescas Instituto Espanol 750 Ml,Cuidado personal e Higiene,Mercadona,"Aceite de oliva 0,4º Hacendado",DIA,Agua de colonia gotas frescas Instituto Español 750 ml
CAT-6952,Aceitunas Verdes Rellenas De Anchoa La Espanola Sin Gluten 150 G,Conservas y Enlatados,Mercadona,"Aceite de oliva 0,4º Hacendado",DIA,Aceitunas rellenas de anchoa suaves La española 130 g
CAT-6968,Bolsita De Fruta Y Galleta Nestle Party Fruits Sin Azucar Anadido 110 G,Despensa,Mercadona,"Aceite de oliva 0,4º Hacendado",Carrefour,Bolsita De Fruta Y Galleta Nestle Party Fruits Sin Azucar Anadido 110 G
CAT-6969,Postre Lacteo Mango Desde 6 Meses Nestle Yogolino Sin Gluten Y Sin Azucar Anadido Pack De 4 Unidades De 100 G,Despensa,Mercadona,"Aceite de oliva 0,4º Hacendado",Carrefour,Postre Lacteo Mango Desde 6 Meses Nestle Yogolino Sin Gluten Y Sin Azucar Anadido Pack De 4 Unidades De 100 G
CAT-6965,Aceitunas Verdes Rellenas De Anchoa Serpis Sin Gluten Y Sin Lactosa 150 G,Conservas y Enlatados,Mercadona,"Aceite de oliva 0,4º Hacendado",Carrefour,Aceitunas Verdes Rellenas De Anchoa Serpis Sin Gluten Y Sin Lactosa 150 G
CAT-6976,Juguete De Algodon Para Moder Para Perros Talla S Kimbo,Mascotas,Mercadona,"Aceite de oliva 0,4º Hacendado",Carrefour,Juguete De Algodon Para Moder Para Perros Talla S Kimbo
CAT-7202,Dentifrico Anticaries Y Frescor A Menta Triple Action Colgate Pack De 2 Unidades De 75 Ml,Cuidado personal e Higiene,Mercadona,"Aceite de oliva 0,4º Hacendado",Carrefour,Dentifrico Anticaries Y Frescor A Menta Triple Action Colgate Pack De 2 Unidades De 75 Ml
CAT-7203,Dentifrico Con Extractos De Plantas Herbal Colgate Pack De 2 Unidades De 75 Ml,Cuidado personal e Higiene,Mercadona,Bebida láctea Omega 3 Puleva con leche desnatada,Carrefour,Dentifrico Con Extractos De Plantas Herbal Colgate Pack De 2 Unidades De 75 Ml
CAT-5496,Pienso Digestivo De Salmon Para Perro Medium Maxi Adulto Ultima 7 Kg,Pescadería,Mercadona,"Aceite de oliva 0,4º Hacendado",Carrefour,Pienso Digestivo De Salmon Para Perro Medium Maxi Adulto Ultima 7 Kg
CAT-5497,Pienso De Salmon Para Perro Medium Ultima 3 Kg,Pescadería,Mercadona,"Aceite de oliva 0,4º Hacendado",Carrefour,Pienso De Salmon Para Perro Medium Ultima 3 Kg
CAT-5521,Croquetas De Jamon Iberico La Cocinera 340 G,Congelados,Mercadona,Aceite de oliva 1º Hacendado,DIA,Croquetas artesanas de jamón ibérico La cocinera 400 g
CAT-5514,Pienso De Buey Cereales Y Verduras Para Perro Adulto  Purina Friskies 15 Kg,Mascotas,Mercadona,"Aceite de oliva 0,4º Hacendado",Carrefour,Pienso De Buey Cereales Y Verduras Para Perro Adulto  Purina Friskies 15 Kg
CAT-5527,Papel De Cocina Mega3 Foxy 2 Rollos,Bazar y Varios,Mercadona,Aceite de oliva virgen extra Hacendado Gran Selección,DIA,Papel de cocina Foxy 2 unidades
CAT-7079,Zumo De Arandano Ocean Spray Light Brik 1 L,Bebidas,Mercadona,Aceite de oliva 1º Hacendado,Carrefour,Zumo De Arandano Ocean Spray Light Brik 1 L
CAT-7055,Yogur Griego Stracciatella Danone Oikos Pack De 4 Unidades De 110 G,Lácteos y Huevos,Mercadona,"Aceite de oliva 0,4º Hacendado",DIA,Yogur griego stracciatella Oikos pack 4 x 110 g
CAT-7125,Manzana Pink Lady Bandeja De 6 Piezas,Sin categoría,Mercadona,Vino tinto tempranillo Cepas Viejas Señorío de los Llanos DO Valdepeñas,Carrefour,Manzana Pink Lady Bandeja De 6 Piezas
CAT-7244,Champu 72H De Hidratacion Hidra Hialuronico Elvive Loreal Paris 690 Ml,Cuidado personal e Higiene,Mercadona,"Aceite de oliva 0,4º Hacendado",Carrefour,Champu 72H De Hidratacion Hidra Hialuronico Elvive Loreal Paris 690 Ml
CAT-5580,Agua De Colonia Fragancia Original Con Menos Alcohol Nenuco 1100 Ml,Cuidado personal e Higiene,Mercadona,"Aceite de oliva 0,4º Hacendado",Alcampo,NENUCO Agua de colonia refrescante con fragancia original 1.1 l.
CAT-5560,Postre Lacteo Fresa Y Platano Desde 6 Meses Nestle Yogolino Sin Gluten Y Sin Azucar Anadido Pack De 4 Unidades De 100 G,Despensa,Mercadona,"Aceite de oliva 0,4º Hacendado",Alcampo,"YOGOLINO Postre lácteo de fresa y plátano, adaptado para bebés a paritr de 6 meses YOGOLINO de Nestlé 4 x 100 g."
CAT-5555,Galletas Mini Con Pepitas De Chocolate Chips Ahoy Pack De 4 Unidades De 40 G,Desayuno y Snack,Mercadona,Bebida láctea Omega 3 Puleva con leche desnatada,DIA,Mini galletas con pepitas de chocolate Chips Ahoy caja 160 g
CAT-7178,Salchichas De Queso Oscar Mayers Jumbo Sin Gluten 350 G,Lácteos y Huevos,Mercadona,"Aceite de oliva 0,4º Hacendado",Carrefour,Salchichas De Queso Oscar Mayers Jumbo Sin Gluten 350 G
CAT-7170,Preparado De Carne Burger Meat Vacuno Y Cerdo El Mercado 500 G,Carnicería y Charcutería,Mercadona,"Aceite de oliva 0,4º Hacendado",Alcampo,ROLER Selección Bandeja de preparado de carne picada (burger meat) mixta (vacuno-cerdo) 400 g.
CAT-7223,Multivitaminico Y Multiminerales Hombre En Capsulas Onevit Sin Gluten Y Sin Lactosa 45 Ud,Sin categoría,Mercadona,Bebida láctea Omega 3 Puleva con nueces y leche desnatada,Carrefour,Multivitaminico Y Multiminerales Hombre En Capsulas Onevit Sin Gluten Y Sin Lactosa 45 Ud
CAT-7224,Multivitaminico Y Multiminerales Mujer En Capsulas Onevit Sin Gluten Y Sin Lactosa 45 Ud,Sin categoría,Mercadona,Bebida láctea Omega 3 Puleva con nueces y leche desnatada,Carrefour,Multivitaminico Y Multiminerales Mujer En Capsulas Onevit Sin Gluten Y Sin Lactosa 45 Ud
CAT-7225,Multivitaminico Y Multimineral En Comprimidos Mujer 50 Multicentrum Sin Gluten 90 Ud,Sin categoría,Mercadona,Clavo en grano Hacendado,Carrefour,Multivitaminico Y Multimineral En Comprimidos Mujer 50 Multicentrum Sin Gluten 90 Ud
CAT-7230,Ron Carum 70 Cl,Bebidas,Mercadona,Ron caribeño sabor coco Malibu,Carrefour,Ron Carum 70 Cl
CAT-7231,Ron Carum Anejo 70 Cl,Bebidas,Mercadona,Ron blanco superior La Recompensa,Carrefour,Ron Carum Anejo 70 Cl
CAT-7235,Pienso De Buey Y Arroz Para Perro Adulto Mini Purina One Piel Y Pelaje 15 Kg,Despensa,Mercadona,"Aceite de oliva 0,4º Hacendado",Carrefour,Pienso De Buey Y Arroz Para Perro Adulto Mini Purina One Piel Y Pelaje 15 Kg
CAT-7238,Pan Superburguer Brioche 330 G,Panadería y Pastelería,Mercadona,"Bebida láctea desnatada sabor fresa y plátano +Proteínas Hacendado 0% MG 0% azúcares añadidos 17,4 g proteínas",Carrefour,Pan Superburguer Brioche 330 G
CAT-7281,Gambon 1020 Piezas 1 Kg Aprox,Sin categoría,Mercadona,Crema limpiadora Vitrocerámicas Vitroclen 5 en 1,Carrefour,Gambon 1020 Piezas 1 Kg Aprox
CAT-7248,Zumo De Fresa Sunny Delight Botella 125 L ,Bebidas,Mercadona,Aceite de oliva 1º Hacendado,Carrefour,Zumo De Fresa Sunny Delight Botella 125 L 
CAT-7256,Detergente En Capsulas Original Ariel 70 Ud,Hogar,Mercadona,Clavo en grano Hacendado,Carrefour,Detergente En Capsulas Original Ariel 70 Ud
CAT-7257,Bollos Con Pasas Sultanas Haywood  Padget 500 G,Panadería y Pastelería,Mercadona,"Leche corporal nutritiva Nivea con ácido hialurónico, aceite de almendras y sérum de nutrición profunda",Carrefour,Bollos Con Pasas Sultanas Haywood  Padget 500 G
CAT-7317,Bizcocho Recubierto De Frambuesa Y Chocolate Pims Fontaneda 150 G,Panadería y Pastelería,Mercadona,"Aceite de oliva 0,4º Hacendado",Carrefour,Bizcocho Recubierto De Frambuesa Y Chocolate Pims Fontaneda 150 G
CAT-7285,Panuelos Hipoalergenicos Foxy 10 Ud,Sin categoría,Mercadona,Postre lácteo con fresa +Proteínas Hacendado 0% MG 10 g proteínas,Carrefour,Panuelos Hipoalergenicos Foxy 10 Ud
CAT-7340,Tarta Cheesecake Cookies San Martin 350 G,Desayuno y Snack,Mercadona,"Bebida láctea desnatada sabor fresa y plátano +Proteínas Hacendado 0% MG 0% azúcares añadidos 17,4 g proteínas",Carrefour,Tarta Cheesecake Cookies San Martin 350 G
CAT-7520,Tarrito De Verduras Con Pescadilla A La Crema Desde 6 Meses Hero Solo Sin Gluten Pack De 2 Unidades De 190 G,Sin categoría,Mercadona,Bebida láctea Omega 3 Puleva con leche desnatada,Carrefour,Tarrito De Verduras Con Pescadilla A La Crema Desde 6 Meses Hero Solo Sin Gluten Pack De 2 Unidades De 190 G
CAT-7521,Tarrito De Guisantes Tiernos Con Jamon Desde 6 Meses Hero Baby Buenas Noches Sin Gluten Pack De 2 Unidades De 190 G,Carnicería y Charcutería,Mercadona,Bebida láctea Omega 3 Puleva con leche desnatada,Carrefour,Tarrito De Guisantes Tiernos Con Jamon Desde 6 Meses Hero Baby Buenas Noches Sin Gluten Pack De 2 Unidades De 190 G
CAT-7398,Panales Dodot T3 7 11 Kg 112 Ud,Bebes,Mercadona,Coloración permanente 7 1/2.1 rubio medio ceniza Colorcor,Carrefour,Panales Dodot T3 7 11 Kg 112 Ud
CAT-7556,Mochila Nenuco Pingino Jabon De Ducha 200 Ml Agua De Colonia 200 Ml Y Champu 200 Ml,Cuidado personal e Higiene,Mercadona,"Aceite de oliva 0,4º Hacendado",Carrefour,Mochila Nenuco Pingino Jabon De Ducha 200 Ml Agua De Colonia 200 Ml Y Champu 200 Ml
CAT-5829,Vermut Zarro Rojo De Grifo 3 L,Bebidas,Mercadona,Bebida láctea Omega 3 Puleva con leche desnatada,DIA,Vermouth rojo Zarro 1 L
CAT-6754,Comida Humeda Seleccion Pescados En Salsa Para Gatos Sheba Selezione Pack De 4 Unidades De 85 G,Despensa,Mercadona,"Aceite de oliva 0,4º Hacendado",Carrefour,Comida Humeda Seleccion Pescados En Salsa Para Gatos Sheba Selezione Pack De 4 Unidades De 85 G
CAT-6753,Langostinos Blancos Crudos Congelados Gambafresh 750 G,Pescadería,Mercadona,"Bebida láctea desnatada sabor fresa y plátano +Proteínas Hacendado 0% MG 0% azúcares añadidos 17,4 g proteínas",Carrefour,Langostinos Blancos Crudos Congelados Gambafresh 750 G
CAT-7412,Caramelos Extra Fuerte Sin Azucar Halls 4 Paquetes De 32 G,Despensa,Mercadona,"Aceite de oliva 0,4º Hacendado",DIA,Caramelos sabor menta extra fuerte Halls bolsa 2 x 32 g
CAT-7523,Vermut Martini Rojo 15 L,Bebidas,Mercadona,Perfilador de labios Long Lasting Deliplus 15 canela claro,Carrefour,Vermut Martini Rojo 15 L
CAT-7536,Vino Tinto Crianza Tempranillo Enrique I Do Ribera Del Duero 75 Cl,Bebidas,Mercadona,Licor dulce Amaretto Del Patriarca,Carrefour,Vino Tinto Crianza Tempranillo Enrique I Do Ribera Del Duero 75 Cl
CAT-7527,Fuze Tea Limon Sin Azucar Pack 2 Botellas 15 L,Despensa,Mercadona,Fruta + leche caribe Don Simón sin azúcares añadidos y zero materia grasa,Carrefour,Fuze Tea Limon Sin Azucar Pack 2 Botellas 15 L
CAT-7528,Collar Repelente De Parasitos Para Gato Y Cachorro Dixie,Mascotas,Mercadona,"Aceite de oliva 0,4º Hacendado",Carrefour,Collar Repelente De Parasitos Para Gato Y Cachorro Dixie
CAT-7558,Aperitivos De Maiz Surtidos Con Sabor Queso Mix Ups 125 G,Lácteos y Huevos,Mercadona,"Aceite de oliva 0,4º Hacendado",Carrefour,Aperitivos De Maiz Surtidos Con Sabor Queso Mix Ups 125 G
CAT-7544,Bacon Sabor Ahumado En Lonchas Oscar Mayer Sin Gluten Y Sin Lactosa 100 G,Carnicería y Charcutería,Mercadona,Clavo en grano Hacendado,Carrefour,Bacon Sabor Ahumado En Lonchas Oscar Mayer Sin Gluten Y Sin Lactosa 100 G
CAT-7657,Bolsita De Yogur Y Avena Desde 12 Meses Ecologico Smileat 100 G,Lácteos y Huevos,Mercadona,"Aceite de oliva 0,4º Hacendado",Carrefour,Bolsita De Yogur Y Avena Desde 12 Meses Ecologico Smileat 100 G
CAT-7659,Serum Anticaida Growth Booster Elvive Loreal Paris 102 Ml,Cuidado personal e Higiene,Mercadona,Pintalabios Mate Deliplus 102 caramelo,Carrefour,Serum Anticaida Growth Booster Elvive Loreal Paris 102 Ml
CAT-7693,Ampollas Anticaida Pilexil 15 Ud,Cuidado personal e Higiene,Mercadona,Perfilador de labios Long Lasting Deliplus 15 canela claro,Carrefour,Ampollas Anticaida Pilexil 15 Ud
CAT-7678,Colutorio De Uso Diario Sin Alcohol Previene Caries Dental Lacer 500 Ml,Cuidado personal e Higiene,Mercadona,"Aceite de oliva 0,4º Hacendado",Carrefour,Colutorio De Uso Diario Sin Alcohol Previene Caries Dental Lacer 500 Ml
CAT-7679,Dentifrico Proteccion Bucodental Integral De Dientes Y Encias Triple Accion Lacer Oros 125 Ml,Cuidado personal e Higiene,Mercadona,"Aceite de oliva 0,4º Hacendado",Carrefour,Dentifrico Proteccion Bucodental Integral De Dientes Y Encias Triple Accion Lacer Oros 125 Ml
CAT-7680,Colutorio Proteccion Bucodental Integral De Dientes Y Encias Triple Accion Lacer Oros 500 Ml,Cuidado personal e Higiene,Mercadona,"Aceite de oliva 0,4º Hacendado",Carrefour,Colutorio Proteccion Bucodental Integral De Dientes Y Encias Triple Accion Lacer Oros 500 Ml
CAT-7681,Dentifrico Antiplaca Y Anticaries De Uso Diario Con Fluor Lacer 75 Ml,Cuidado personal e Higiene,Mercadona,"Aceite de oliva 0,4º Hacendado",Carrefour,Dentifrico Antiplaca Y Anticaries De Uso Diario Con Fluor Lacer 75 Ml
CAT-7683,Cepillo De Dientes Junior Lacer 1 Ud,Cuidado personal e Higiene,Mercadona,Reducción bálsamica de vinagre Pedro Ximénez Hacendado,Carrefour,Cepillo De Dientes Junior Lacer 1 Ud
CAT-7684,Cepillo De Dientes Suave Lacer 1 Ud Dentifrico 5 Ml,Cuidado personal e Higiene,Mercadona,"Aceite de oliva 0,4º Hacendado",Carrefour,Cepillo De Dientes Suave Lacer 1 Ud Dentifrico 5 Ml
CAT-7686,Cepillo De Dientes Medio Lacer 1 Ud Dentifrico 5 Ml,Cuidado personal e Higiene,Mercadona,"Aceite de oliva 0,4º Hacendado",Carrefour,Cepillo De Dientes Medio Lacer 1 Ud Dentifrico 5 Ml
CAT-7687,Cepillo De Dientes Fuerte Lacer 1 Ud,Cuidado personal e Higiene,Mercadona,Reducción bálsamica de vinagre Pedro Ximénez Hacendado,Carrefour,Cepillo De Dientes Fuerte Lacer 1 Ud
CAT-7691,Dentifrico De Uso Diario Que Previene El Sangrado Gingival Causado Por Encias Delicadas Y Gingivitis Gingilacer 75 Ml,Cuidado personal e Higiene,Mercadona,"Aceite de oliva 0,4º Hacendado",Carrefour,Dentifrico De Uso Diario Que Previene El Sangrado Gingival Causado Por Encias Delicadas Y Gingivitis Gingilacer 75 Ml
CAT-7692,Colutorio De Uso Diario Que Previene El Sangrado Gingival Causado Por Encias Delicadas Y Gingivitis Gingilacer 500 Ml,Cuidado personal e Higiene,Mercadona,"Aceite de oliva 0,4º Hacendado",Carrefour,Colutorio De Uso Diario Que Previene El Sangrado Gingival Causado Por Encias Delicadas Y Gingivitis Gingilacer 500 Ml
CAT-7714,Oleogel De Ducha Ph5 Para Piel Sensible Y Seca Eucerin 1000 Ml,Cuidado personal e Higiene,Mercadona,"Aceite de oliva 0,4º Hacendado",Carrefour,Oleogel De Ducha Ph5 Para Piel Sensible Y Seca Eucerin 1000 Ml
CAT-7726,Detergente En Polvo Escamas De Jabon Natural Lagarto 400 G,Cuidado personal e Higiene,Mercadona,"Aceite de oliva 0,4º Hacendado",Carrefour,Detergente En Polvo Escamas De Jabon Natural Lagarto 400 G
CAT-7676,Gel Bioadhesivo Tratamiento Gingivitis Clorhexidina Lacer 50 Ml,Sin categoría,Mercadona,Gel corporal infantil Deliplus,Carrefour,Gel Bioadhesivo Tratamiento Gingivitis Clorhexidina Lacer 50 Ml
CAT-7695,Tequeno De Queso Goya 420 G,Lácteos y Huevos,Mercadona,Aceite de oliva virgen extra Hacendado Gran Selección,Carrefour,Tequeno De Queso Goya 420 G
CAT-7696,Aperitivo De Maiz Sabor Queso Gustosines Cheetos 75 G,Lácteos y Huevos,Mercadona,"Aceite de oliva 0,4º Hacendado",Carrefour,Aperitivo De Maiz Sabor Queso Gustosines Cheetos 75 G
CAT-7713,Gel De Bano Ph5 Para Piel Sensible Eucerin 1000 Ml,Sin categoría,Mercadona,"Aceite de oliva 0,4º Hacendado",Carrefour,Gel De Bano Ph5 Para Piel Sensible Eucerin 1000 Ml
CAT-7733,Gel Derma Lactacyd 1 L,Sin categoría,Mercadona,Pañales bebé talla 1 de 2-5 kg Dodot,Carrefour,Gel Derma Lactacyd 1 L
CAT-7736,Ensaladilla Rusa El Mercado 800 G,Sin categoría,Mercadona,Polvos voluminizador para el cabello Volum Fix Deliplus mate fijación 4,Carrefour,Ensaladilla Rusa El Mercado 800 G
CAT-7707,Pizza Snacks Jamon Y Queso Fripozo 250 G,Lácteos y Huevos,Mercadona,Fruta + leche caribe Don Simón sin azúcares añadidos y zero materia grasa,Carrefour,Pizza Snacks Jamon Y Queso Fripozo 250 G
CAT-7712,Pizza Snacks 5 Quesos Fripozo 250 G,Lácteos y Huevos,Mercadona,"Bebida láctea desnatada sabor fresa y plátano +Proteínas Hacendado 0% MG 0% azúcares añadidos 17,4 g proteínas",Carrefour,Pizza Snacks 5 Quesos Fripozo 250 G
CAT-7742,Centros De Salmon Con Piel Pescanova 250 G,Pescadería,Mercadona,Aceite de oliva 1º Hacendado,Carrefour,Centros De Salmon Con Piel Pescanova 250 G
CAT-7718,Pastillas De Regaliz Juanola Sin Gluten Sin Lactosa 27 G,"Azúcar, caramelos y chocolate",Mercadona,"Aceite de oliva 0,4º Hacendado",Carrefour,Pastillas De Regaliz Juanola Sin Gluten Sin Lactosa 27 G
CAT-7778,Sandwich De Vainilla Y Galleta Al Cacao Oreo 4 Ud,Desayuno y Snack,Mercadona,"Aceite de oliva 0,4º Hacendado",Carrefour,Sandwich De Vainilla Y Galleta Al Cacao Oreo 4 Ud
CAT-7955,Pechuga Estilo Kentucky Maheso Sin Gluten 225 G,Carnicería y Charcutería,Mercadona,Fruta + leche caribe Don Simón sin azúcares añadidos y zero materia grasa,Carrefour,Pechuga Estilo Kentucky Maheso Sin Gluten 225 G
CAT-7954,Tiras De Calabacin Rebozas Y Prefritas Maheso 300 G,Frutas y Verduras,Mercadona,"Aceite de oliva 0,4º Hacendado",Carrefour,Tiras De Calabacin Rebozas Y Prefritas Maheso 300 G
CAT-8125,Tinto De Verano Ladron De Verano Con Limon Con Un Toque Extra De Sabores Citricos Sin Alcohol Lata 33 Cl,Bebidas,Mercadona,Bebida láctea Omega 3 Puleva con leche desnatada,Carrefour,Tinto De Verano Ladron De Verano Con Limon Con Un Toque Extra De Sabores Citricos Sin Alcohol Lata 33 Cl
CAT-8123,Pasta De Letras Bolonesa Ecologico Abc Hipp 250 G,Despensa,Mercadona,"Aceite de oliva 0,4º Hacendado",Carrefour,Pasta De Letras Bolonesa Ecologico Abc Hipp 250 G
CAT-8307,Comida Humeda Buey Y Atun Para Gato Adulto Esterilizado Ultima Cat Wet  Delicious 4X85 G,Mascotas,Mercadona,Bebida láctea Omega 3 Puleva con nueces y leche desnatada,Carrefour,Comida Humeda Buey Y Atun Para Gato Adulto Esterilizado Ultima Cat Wet  Delicious 4X85 G
CAT-8308,Comida Humeda Seleccion De Pescados Para Gatos Esterilizados Adultos Ultima Fit  Delicious 4X85 G,Mascotas,Mercadona,"Aceite de oliva 0,4º Hacendado",Carrefour,Comida Humeda Seleccion De Pescados Para Gatos Esterilizados Adultos Ultima Fit  Delicious 4X85 G
CAT-8488,Champu Y Acondicionador Anticaspa 2En1 Classic Hs 300 Ml,Cuidado personal e Higiene,Mercadona,"Leche corporal nutritiva Nivea con ácido hialurónico, aceite de almendras y sérum de nutrición profunda",Carrefour,Champu Y Acondicionador Anticaspa 2En1 Classic Hs 300 Ml
CAT-8672,Xuxo Bombon Relleno Sabor Crema Don Bimbo 3 Ud,"Azúcar, caramelos y chocolate",Mercadona,Fruta + leche caribe Don Simón sin azúcares añadidos y zero materia grasa,Carrefour,Xuxo Bombon Relleno Sabor Crema Don Bimbo 3 Ud
CAT-8673,Esparadrapo Sensitive 5 M X 25 Cm Salvelox 1 Ud,Cuidado personal e Higiene,Mercadona,Vela de cumpleaños 1 Hacendado,Carrefour,Esparadrapo Sensitive 5 M X 25 Cm Salvelox 1 Ud
CAT-8674,Apositos Impermeables Aquablock Salvelox 12 Ud,Cuidado personal e Higiene,Mercadona,12 Mini saladas surtidas,Carrefour,Apositos Impermeables Aquablock Salvelox 12 Ud
CAT-8843,Pizza De Pollo Y Verduras Forno Di Pietra Buitoni 350 G,Congelados,Mercadona,"Aceite de oliva 0,4º Hacendado",Carrefour,Pizza De Pollo Y Verduras Forno Di Pietra Buitoni 350 G
CAT-9027,Pila 2 Ud  Slimp Lr20 Nn,Bazar y Varios,Mercadona,Maquinillas depilación desechables Deliplus Body 2 hojas,Carrefour,Pila 2 Ud  Slimp Lr20 Nn
CAT-9192,Bebida De Avena Sin Azucar Alpro Sin Lactosa Brik 1 L,Despensa,Mercadona,"Aceite de oliva 0,4º Hacendado",Carrefour,Bebida De Avena Sin Azucar Alpro Sin Lactosa Brik 1 L
CAT-9191,Bebida De Soja Ligera Alpro Sin Gluten Y Sin Lactosa Brik 1 L,Lácteos y Huevos,Mercadona,"Aceite de oliva 0,4º Hacendado",Carrefour,Bebida De Soja Ligera Alpro Sin Gluten Y Sin Lactosa Brik 1 L
CAT-9193,Bebida De Almendras Alpro Sin Gluten Y Sin Lactosa Brik 1 L,Lácteos y Huevos,Mercadona,"Aceite de oliva 0,4º Hacendado",Carrefour,Bebida De Almendras Alpro Sin Gluten Y Sin Lactosa Brik 1 L
CAT-9400,Crema Balsamo Para Proteger La Zona Del Panal 1 2 3 Mustela 150 Ml,Bebes,Mercadona,Licor dulce Amaretto Del Patriarca,Carrefour,Crema Balsamo Para Proteger La Zona Del Panal 1 2 3 Mustela 150 Ml
CAT-9320,Detergente Liquido Original Ariel 60 Lavados,Hogar,Mercadona,Salsa Original Ligeresa,DIA,Detergente líquido Ariel 35 lavados
CAT-9360,Bolsas Multiusos Con Cierre Cremallera Zipper 1L Albal 12 Ud,Sin categoría,Mercadona,"Leche corporal nutritiva Nivea con ácido hialurónico, aceite de almendras y sérum de nutrición profunda",Carrefour,Bolsas Multiusos Con Cierre Cremallera Zipper 1L Albal 12 Ud
CAT-9362,Trina De Naranja Sin Gas Zero Botella 15 L,Sin categoría,Mercadona,Aceite de oliva 1º Hacendado,Carrefour,Trina De Naranja Sin Gas Zero Botella 15 L
CAT-9348,Colutorio Blanqueadora Vitis 500 Ml,Cuidado personal e Higiene,Mercadona,Biberón 150 ml tetina silicona flujo lento Deliplus +0 meses,Carrefour,Colutorio Blanqueadora Vitis 500 Ml
CAT-9430,Dentifrico Plus Fluor Desensin Pack De 2 Unidades De 125 G,Cuidado personal e Higiene,Mercadona,"Aceite de oliva 0,4º Hacendado",Carrefour,Dentifrico Plus Fluor Desensin Pack De 2 Unidades De 125 G
CAT-6034,Pipas Tijuana Grefusa 175 G,Desayuno y Snack,Mercadona,"Bebida láctea desnatada sabor fresa y plátano +Proteínas Hacendado 0% MG 0% azúcares añadidos 17,4 g proteínas",DIA,Pipas tijuana Grefusa 165 g
CAT-9384,Tinto De Verano Con Limon Sin Alcohol La Casera Botella 15 L,Bebidas,Mercadona,"Aceite de oliva 0,4º Hacendado",Carrefour,Tinto De Verano Con Limon Sin Alcohol La Casera Botella 15 L
CAT-9382,Bolsita De 4 Frutas Desde 4 Meses Nestle Sin Gluten Y Sin Azucar Anadido 90 G,Despensa,Mercadona,"Aceite de oliva 0,4º Hacendado",Carrefour,Bolsita De 4 Frutas Desde 4 Meses Nestle Sin Gluten Y Sin Azucar Anadido 90 G
CAT-9392,Bolitas De Maiz Sabor Queso Match Ball Risi Sin Gluten 105 G,Lácteos y Huevos,Mercadona,"Aceite de oliva 0,4º Hacendado",Carrefour,Bolitas De Maiz Sabor Queso Match Ball Risi Sin Gluten 105 G
CAT-9378,Postre Lacteo Con Galleta Maria Nestle La Lechera Pack De 2 Unidades De 125 G,Lácteos y Huevos,Mercadona,Bebida láctea Omega 3 Puleva con leche desnatada,Carrefour,Postre Lacteo Con Galleta Maria Nestle La Lechera Pack De 2 Unidades De 125 G
CAT-9379,Cafe Latte Cappuccino Nescafe Sin Gluten 205 Ml,Desayuno y Snack,Mercadona,Fruta + leche caribe Don Simón sin azúcares añadidos y zero materia grasa,Carrefour,Cafe Latte Cappuccino Nescafe Sin Gluten 205 Ml
CAT-9391,Lavavajillas A Mano Profesional Fairy 5 L,Hogar,Mercadona,Cerdo a tacos,Carrefour,Lavavajillas A Mano Profesional Fairy 5 L
CAT-9386,Limpiahogar Multisuperficies Con Oxigeno Activo Chubb 1 L,Hogar,Mercadona,Vela de cumpleaños 1 Hacendado,Carrefour,Limpiahogar Multisuperficies Con Oxigeno Activo Chubb 1 L
CAT-9387,8 Bayetas Multiusos De Microfibra  Rozenbal    Colores Surtidos,Hogar,Mercadona,"Aceite de oliva 0,4º Hacendado",Carrefour,8 Bayetas Multiusos De Microfibra  Rozenbal    Colores Surtidos
CAT-9354,Comida Humeda De Conejo Para Gato Adulto Purina Gourmet Gold 85 G,Mascotas,Mercadona,"Aceite de oliva 0,4º Hacendado",Carrefour,Comida Humeda De Conejo Para Gato Adulto Purina Gourmet Gold 85 G
CAT-9375,Puerro Manojo De 750 G Aprox,Frutas y Verduras,Mercadona,Aceite de oliva virgen extra Hacendado Gran Selección,Carrefour,Puerro Manojo De 750 G Aprox
CAT-9367,Crema De Pies Absorcion Inmediata Para Pieles Secas Neutrogena 100 Ml,Cuidado personal e Higiene,Mercadona,"Aceite de oliva 0,4º Hacendado",Carrefour,Crema De Pies Absorcion Inmediata Para Pieles Secas Neutrogena 100 Ml
CAT-9380,Ciruela Roja A Granel 1 Kg Aprox,Frutas y Verduras,Mercadona,Crema limpiadora Vitrocerámicas Vitroclen 5 en 1,Carrefour,Ciruela Roja A Granel 1 Kg Aprox
CAT-9404,La Gula Del Norte Congelado Pack De 2 Unidades De 200 G,Sin categoría,Mercadona,"Aceite de oliva 0,4º Hacendado",Carrefour,La Gula Del Norte Congelado Pack De 2 Unidades De 200 G
CAT-9410,Solucion Unica Multiplus Bausch  Lomb Pack De 2 Unidades De 500 Ml  Solucion 60 Ml,Sin categoría,Mercadona,"Aceite de oliva 0,4º Hacendado",Carrefour,Solucion Unica Multiplus Bausch  Lomb Pack De 2 Unidades De 500 Ml  Solucion 60 Ml
CAT-9412,Protector De Cama 80 X 180 Cms Sabanindas 20 Ud,Sin categoría,Mercadona,"Aceite de oliva 0,4º Hacendado",Carrefour,Protector De Cama 80 X 180 Cms Sabanindas 20 Ud
CAT-9422,Detergente En Polvo A Mano Wipp Express 500 G,Hogar,Mercadona,Clavo en grano Hacendado,Carrefour,Detergente En Polvo A Mano Wipp Express 500 G
CAT-9420,Limpiahogar Multisuperficies Con Bioalcohol Tenn 13 L,Hogar,Mercadona,"Leche corporal nutritiva Nivea con ácido hialurónico, aceite de almendras y sérum de nutrición profunda",Carrefour,Limpiahogar Multisuperficies Con Bioalcohol Tenn 13 L
CAT-9396,Croquetas De Pollo 10 Ud,Congelados,Mercadona,Aceite de oliva virgen extra Hacendado Gran Selección,Carrefour,Croquetas De Pollo 10 Ud
CAT-9322,Comida Humeda De Atun Salmon Y Trucha Para Gato Adulto Purina Gourmet Mon Petit 6X50 G,Pescadería,Mercadona,"Aceite de oliva 0,4º Hacendado",Alcampo,"PURINA Gorumet mon petit intense Comida para gatos adultos de atún, salmón y trucha 6 x 50 g."
CAT-9381,Bolsita De Platano Y Manzana Desde 4 Meses Nestle Sin Gluten Y Sin Azucar Anadido 90 G,Despensa,Mercadona,"Aceite de oliva 0,4º Hacendado",Alcampo,NESTLÉ Bolsita de fruta (plátano y manzana) a partir de 4 meses 90 g.
CAT-9355,Cafe Latte De Vainilla Kaiku Sin Gluten 230 Ml,Desayuno y Snack,Mercadona,"Aceite de oliva 0,4º Hacendado",DIA,Café latte vainilla Kaiku 230 ml
CAT-9359,Galletas Mini Campurrianas Cuetara 260 G ,Desayuno y Snack,Mercadona,"Bebida láctea desnatada sabor fresa y plátano +Proteínas Hacendado 0% MG 0% azúcares añadidos 17,4 g proteínas",DIA,Galletas con chocolate Cuétara Campurrianas caja 417 g
CAT-9435,Centro De Paleta De Cebo Iberica 50 Raza Iberica Al Corte Circulo De Calidad 170 G Aprox,Sin categoría,Mercadona,"Aceite de oliva 0,4º Hacendado",Carrefour,Centro De Paleta De Cebo Iberica 50 Raza Iberica Al Corte Circulo De Calidad 170 G Aprox
CAT-9475,Velon Liturgico Roura 15X59 Cm,Sin categoría,Mercadona,Molde de papel Bosque Verde para freidora de aire 20 cm,Carrefour,Velon Liturgico Roura 15X59 Cm
CAT-9479,Toallitas Para La Higiene En Caso De Hemorroides Hemofarm 60 Ud,Sin categoría,Mercadona,"Aceite de oliva 0,4º Hacendado",Alcampo,HEMOFARM PLUS Toallitas para la higiene anal en caso de hemorroides HEMOFARM PLUS 60 uds.
CAT-9476,Zumo De Fruta Y Leche Don Simon Caribe Zero Pack De 6 Briks De 20 Cl,Bebidas,Mercadona,"Aceite de oliva 0,4º Hacendado",Carrefour,Zumo De Fruta Y Leche Don Simon Caribe Zero Pack De 6 Briks De 20 Cl
CAT-9461,Natillas Sustitutivas Sabor Vainilla En Sobres Bimanan Beslim 6 Ud,Lácteos y Huevos,Mercadona,Clavo en grano Hacendado,Carrefour,Natillas Sustitutivas Sabor Vainilla En Sobres Bimanan Beslim 6 Ud
CAT-9464,Limpiador Vitroceramica E Induccion En Crema Vitroclen 450 Ml,Hogar,Mercadona,Clavo en grano Hacendado,Carrefour,Limpiador Vitroceramica E Induccion En Crema Vitroclen 450 Ml
CAT-9450,Brocheta De Pollo Marinado 4 Ud,Carnicería y Charcutería,Mercadona,Aceite de oliva virgen extra Hacendado Gran Selección,Carrefour,Brocheta De Pollo Marinado 4 Ud
CAT-9448,Leche Infantil De Crecimiento Desde 12 Meses Nestle Nidina 3 Lata 800 G,Bebes,Mercadona,"Aceite de oliva 0,4º Hacendado",DIA,Leche infantil en polvo crecimiento +12 meses Nidina 800 g
CAT-9459,Barritas Sabor Chocolate Crujiente Bimanan Bekomplett Sin Gluten Pack De 8 Unidades De 35 G,"Azúcar, caramelos y chocolate",Mercadona,"Aceite de oliva 0,4º Hacendado",Carrefour,Barritas Sabor Chocolate Crujiente Bimanan Bekomplett Sin Gluten Pack De 8 Unidades De 35 G
CAT-9478,Cepillo Interdental Fino Angular Lacer 6 Ud,Cuidado personal e Higiene,Mercadona,Maquinilla de afeitar recargable Deliplus Precision System 6 hojas,Carrefour,Cepillo Interdental Fino Angular Lacer 6 Ud
CAT-9486,Canelones De Carne El Mercado 350 G,Sin categoría,Mercadona,Aceite de oliva virgen extra Hacendado Gran Selección,Carrefour,Canelones De Carne El Mercado 350 G
CAT-9508,Bolsas De Basura Resistente Y Antigoteo 100 Reciclado Handy Bag 20L 15 Uds,Hogar,Mercadona,"Aceite de oliva 0,4º Hacendado",Carrefour,Bolsas De Basura Resistente Y Antigoteo 100 Reciclado Handy Bag 20L 15 Uds
CAT-9485,Pomada Hipoalergenica Para Proteger La Zona Del Panal Bephantol 100 G,Bebes,Mercadona,Licor dulce Amaretto Del Patriarca,Carrefour,Pomada Hipoalergenica Para Proteger La Zona Del Panal Bephantol 100 G
CAT-9493,Pants Dodot T5 12 17 Kg 58 Ud,Bebes,Mercadona,Natillas sabor vainilla +Proteínas Hacendado 12 g proteínas,Carrefour,Pants Dodot T7 17 Kg 44 Ud
CAT-9494,Pants Dodot T4 9 15 Kg 62 Ud,Bebes,Mercadona,Perfilador de labios Long Lasting Deliplus 15 canela claro,Carrefour,Pants Dodot T4 9 15 Kg 62 Ud
CAT-9463,Cepillo Dental Sensitive Phb 1 Ud,Cuidado personal e Higiene,Mercadona,Detergente ropa todo en 1 frescor floral Ariel Pods en cápsulas,Carrefour,Cepillo Dental Sensitive Phb 1 Ud
CAT-9480,Colutorio Encias Vitis 1000 Ml,Cuidado personal e Higiene,Mercadona,Biberón 150 ml tetina silicona flujo lento Deliplus +0 meses,Carrefour,Colutorio Encias Vitis 1000 Ml
CAT-9484,Cepillo Dental Cabezal Pequeno Medio Vitis 1 Ud,Cuidado personal e Higiene,Mercadona,Vela de cumpleaños 1 Hacendado,Carrefour,Cepillo Dental Cabezal Pequeno Medio Vitis 1 Ud
CAT-9417,Limpiador Desinfectante Suelos Y Superficies Sanytol 12 L,Hogar,Mercadona,"Leche corporal nutritiva Nivea con ácido hialurónico, aceite de almendras y sérum de nutrición profunda",DIA,"Desinfectante para suelo y superficies Sanytol 1,2 L"
CAT-9523,La Gula Del Norte 2X210 G,Sin categoría,Mercadona,"Bebida láctea desnatada sabor fresa y plátano +Proteínas Hacendado 0% MG 0% azúcares añadidos 17,4 g proteínas",Carrefour,La Gula Del Norte 2X210 G
CAT-9547,Bizcochitos Tosta Rica 125 G,Sin categoría,Mercadona,"Bebida láctea desnatada sabor fresa y plátano +Proteínas Hacendado 0% MG 0% azúcares añadidos 17,4 g proteínas",Carrefour,Bizcochitos Tosta Rica 125 G
CAT-9551,Ropa Interior Absorbente Nina Noche Drynites 3 4 Anos 12 21 Kg 16 Ud,Sin categoría,Mercadona,Bebida láctea desnatada omega 3 Hacendado,Carrefour,Ropa Interior Absorbente Nina Noche Drynites 3 4 Anos 12 21 Kg 16 Ud
CAT-9552,Ropa Interior Absorbente Nino Noche Drynites 3 4 Anos 12 21 Kg 16 Ud,Sin categoría,Mercadona,Bebida láctea desnatada omega 3 Hacendado,Carrefour,Ropa Interior Absorbente Nino Noche Drynites 3 4 Anos 12 21 Kg 16 Ud
CAT-6075,Sandwich Cookie Maxibon Nestle 4 Ud,Desayuno y Snack,Mercadona,Polvos voluminizador para el cabello Volum Fix Deliplus mate fijación 4,DIA,Maxibon cookies Nestlé 4 x 90 g
CAT-6086,Banador Panal Desechable Huggies Little Swimmers T3 4 7 Kg 15 Kg 20 Ud,Bebes,Mercadona,Pañales bebé talla 1 de 2-5 kg Dodot,Carrefour,Banador Panal Desechable Huggies Little Swimmers T3 4 7 Kg 15 Kg 20 Ud
CAT-9568,Toallitas Humedas Con Locion Hidratante Adulto Salustar 60 Ud,Sin categoría,Mercadona,"Leche corporal nutritiva Nivea con ácido hialurónico, aceite de almendras y sérum de nutrición profunda",Carrefour,Toallitas Humedas Con Locion Hidratante Adulto Salustar 60 Ud
CAT-9570,Panecillo Rossette Shr Sin Gluten 350 G,Sin categoría,Mercadona,Fruta + leche caribe Don Simón sin azúcares añadidos y zero materia grasa,Carrefour,Panecillo Rossette Shr Sin Gluten 350 G
CAT-9557,Snacks De Queso Para Gatos Catisfactions 60 G,Lácteos y Huevos,Mercadona,"Aceite de oliva 0,4º Hacendado",Carrefour,Snacks De Queso Para Gatos Catisfactions 60 G
CAT-9563,Suavizante Concentrado Melocoton Y Citricos Flor Twist 78 Lavados,Hogar,Mercadona,"Leche corporal nutritiva Nivea con ácido hialurónico, aceite de almendras y sérum de nutrición profunda",Carrefour,Suavizante Concentrado Melocoton Y Citricos Flor Twist 78 Lavados
CAT-9553,Hamburguesa De Vacuno Anojo Circulo De Calidad 4X90 G,Carnicería y Charcutería,Mercadona,"Aceite de oliva 0,4º Hacendado",Carrefour,Hamburguesa De Vacuno Anojo Circulo De Calidad 4X90 G
CAT-9564,Filete De Vacuno 1 Kg Aprox,Carnicería y Charcutería,Mercadona,Aceite de oliva virgen extra Hacendado Gran Selección,Carrefour,Filete De Vacuno 1 Kg Aprox
CAT-9562,Pan Tostado Schr Sin Gluten Y Sin Lactosa 260 G,Panadería y Pastelería,Mercadona,Fruta + leche caribe Don Simón sin azúcares añadidos y zero materia grasa,Carrefour,Pan Tostado Schr Sin Gluten Y Sin Lactosa 260 G
CAT-9540,Leche Infantil De Crecimiento Desde 1 Ano Nestle Nativa 3 Lata 800 G,Bebes,Mercadona,"Aceite de oliva 0,4º Hacendado",Carrefour,Leche Infantil De Crecimiento Desde 1 Ano Nestle Nativa 3 Lata 800 G
CAT-9571,Fingers De Pollo Schr Sin Gluten Y Sin Lactosa 375 G,Congelados,Mercadona,"Aceite de oliva 0,4º Hacendado",Carrefour,Fingers De Pollo Schr Sin Gluten Y Sin Lactosa 375 G
CAT-9573,Concentrado Calmante Xeracalm Ad Avene 50 Ml,Cuidado personal e Higiene,Mercadona,Crema facial fotocorrector unificador anti-manchas Deliplus FPS 50,Carrefour,Concentrado Calmante Xeracalm Ad Avene 50 Ml
CAT-9576,Complemento Alimenticio Para El Cabello Y Las Unas En Capsulas Pilexil Capsulas 150 Ud,Cuidado personal e Higiene,Mercadona,Bebida láctea Omega 3 Puleva con nueces y leche desnatada,Carrefour,Complemento Alimenticio Para El Cabello Y Las Unas En Capsulas Pilexil Capsulas 150 Ud
CAT-9483,Cepillo Dental Cabezal Pequeno Suave Vitis 1 Ud,Cuidado personal e Higiene,Mercadona,Vela de cumpleaños 1 Hacendado,Carrefour,Cepillo Dental Cabezal Pequeno Suave Vitis 1 Ud
CAT-9469,Cepillo De Dientes Medio Extra Clean Colgate 2 Ud,Cuidado personal e Higiene,Mercadona,"Aceite de oliva 0,4º Hacendado",DIA,Cepillo de dientes Colgate Extra Clean 4 unidades
CAT-9575,Cepillo De Dientes Infantil De 2 A 6 Anos Lacer 1 Ud,Cuidado personal e Higiene,Mercadona,"Aceite de oliva 0,4º Hacendado",Carrefour,Cepillo De Dientes Infantil De 2 A 6 Anos Lacer 1 Ud
CAT-9816,Crumpets Warburtons 320 G,Sin categoría,Mercadona,"Bebida láctea desnatada sabor fresa y plátano +Proteínas Hacendado 0% MG 0% azúcares añadidos 17,4 g proteínas",Carrefour,Crumpets Warburtons 320 G
CAT-8253,Gel De Ducha Hidratante Protector Cuidado Experto Sanex 600 Ml,Cuidado personal e Higiene,Mercadona,"Aceite de oliva 0,4º Hacendado",DIA,Gel de ducha hidratante cuidado experto Sanex 600 ml
CAT-9111,Penso Esterilizado De Pollo Para Gato Adulto Ultima Cat 800 G,Carnicería y Charcutería,Mercadona,"Aceite de oliva 0,4º Hacendado",DIA,Alimento para gatos esterilizados con pollo Ultima bolsa 1.5 Kg
CAT-4227,Preparado De Soja Y Coco Alpro Sin Gluten Y Sin Lactosa 400 G,Sin categoría,Mercadona,"Aceite de oliva 0,4º Hacendado",Carrefour,Preparado De Soja Y Coco Alpro Sin Gluten Y Sin Lactosa 400 G
CAT-4297,Moldes Magdalena N 8 Ph Pack De 50 Uds,Panadería y Pastelería,Mercadona,Vino tinto tempranillo Cepas Viejas Señorío de los Llanos DO Valdepeñas,Carrefour,Moldes Magdalena N 8 Ph Pack De 50 Uds
CAT-4298,Bandeja Carton Con Blonda Papel Ph Blister 4 Y 4 Unidades 25X34 Y 31X38 Cm,Bazar y Varios,Mercadona,Bebida láctea Omega 3 Puleva con leche desnatada,Carrefour,Bandeja Carton Con Blonda Papel Ph Blister 4 Y 4 Unidades 25X34 Y 31X38 Cm
CAT-4445,Patatas Kid Smile Mccain 650 G,Sin categoría,Mercadona,Patata,Carrefour,Patatas Kid Smile Mccain 650 G
CAT-4450,Batido De Cacao Cacaolat Sin Gluten Botella 1 L,Lácteos y Huevos,Mercadona,"Aceite de oliva 0,4º Hacendado",Carrefour,Batido De Cacao Cacaolat Sin Gluten Botella 1 L
CAT-4673,Discos Wc Activos Aroma Lavanda Recambio Pato 2 Ud,Sin categoría,Mercadona,Colgador WC Dália Bosque Verde,Carrefour,Discos Wc Activos Aroma Lavanda Recambio Pato 2 Ud
CAT-4674,Tarrito De Verduras Con Pollo Desde 6 Meses Ecologico Natube Sin Gluten 220 G,Carnicería y Charcutería,Mercadona,Bebida láctea Omega 3 Puleva con leche desnatada,Carrefour,Tarrito De Verduras Con Pollo Desde 6 Meses Ecologico Natube Sin Gluten 220 G
CAT-4680,Comida De Pollo Y Cereales Para Perros Adultos Dream Essential 4 Kg,Carnicería y Charcutería,Mercadona,"Aceite de oliva 0,4º Hacendado",Carrefour,Comida De Pollo Y Cereales Para Perros Adultos Dream Essential 4 Kg
CAT-4672,Estropajo Inox  Spontex 3 Ud   Amarillo,Hogar,Mercadona,Maquinilla depilación recargable Gillette Venus Comfortglide Breeze 3 hojas,DIA,Estropajo acero inoxidable Spontex 3 unidades
CAT-6056,Tira De Costilla De Cerdo Carrefour El Mercado 700 G Aprox,Carnicería y Charcutería,Mercadona,"Aceite de oliva 0,4º Hacendado",Alcampo,Tira de costilla entera de cerdo
CAT-6263,Pan De Molde Sin Corteza Natural 100 Bimbo Sin Lactosa 450 G,Desayuno y Snack,Mercadona,"Aceite de oliva 0,4º Hacendado",Carrefour,Pan De Molde Sin Corteza Natural 100 Bimbo Sin Lactosa 450 G
CAT-6581,Pan De Molde Sin Azucar Anadido Bimbo 430 G,Despensa,Mercadona,Aceite de oliva 1º Hacendado,Carrefour,Pan De Molde Sin Azucar Anadido Bimbo 430 G
CAT-7262,Cafe Latte De Caramelo Starbucks 220 Ml,Desayuno y Snack,Mercadona,Mostaza de Dijon Hacendado,DIA,Café caramel macchiato Starbucks 220 ml
CAT-7728,Kefir De Fresa Y Frambuesa Activia Danone 380 G,Lácteos y Huevos,Mercadona,"Aceite de oliva 0,4º Hacendado",Carrefour,Kefir De Fresa Y Frambuesa Activia Danone 380 G
CAT-8186,Pizza De Jamon Y Queso Con Salsa Mozzarella Pizza  Salsa Campofrio 360 G,Despensa,Mercadona,Bebida láctea Omega 3 Puleva con leche desnatada,Carrefour,Pizza De Jamon Y Queso Con Salsa Mozzarella Pizza  Salsa Campofrio 360 G
CAT-8576,Aperitivo De Maiz Sabor Barbacoa Bits Doritos 80 G,Desayuno y Snack,Mercadona,"Aceite de oliva 0,4º Hacendado",Carrefour,Aperitivo De Maiz Sabor Barbacoa Bits Doritos 80 G
CAT-8635,Nectar De Naranja Carrefour Sin Azucar Anadido 1 L,Bebidas,Mercadona,"Aceite de oliva 0,4º Hacendado",Alcampo,JUVER Disfruta Néctar sin azúcar añadido de naranja 2 l.
CAT-8971,Galletas Con Pepitas De Chocolate Desde 12 Meses Pequegalletas Nestle 150 G,Desayuno y Snack,Mercadona,Bebida láctea Omega 3 Puleva con leche desnatada,Carrefour,Galletas Con Pepitas De Chocolate Desde 12 Meses Pequegalletas Nestle 150 G
CAT-8963,Lavavajillas A Mano Ultra Original Fairy 1450 Ml,Hogar,Mercadona,Cacao en polvo a la taza Valor,Carrefour,Lavavajillas A Mano Ultra Original Fairy 1450 Ml
CAT-8964,Lavavajillas A Mano Ultra Original Fairy 654 Ml,Hogar,Mercadona,Cacao en polvo a la taza Valor,Carrefour,Lavavajillas A Mano Ultra Original Fairy 654 Ml
CAT-8957,Bacon Ahumado Natural En Lonchas Oscar Mayer Sin Gluten 150 G,Carnicería y Charcutería,Mercadona,Clavo en grano Hacendado,Carrefour,Bacon Ahumado Natural En Lonchas Oscar Mayer Sin Gluten 150 G
CAT-8960,Jamon Cocido Bajo En Grasa Reducido En Sal En Lonchas Campofrio   Cuida T Sin Gluten Sin Lactosa 65 G,Carnicería y Charcutería,Mercadona,Clavo en grano Hacendado,Carrefour,Jamon Cocido Bajo En Grasa Reducido En Sal En Lonchas Campofrio   Cuida T Sin Gluten Sin Lactosa 65 G
CAT-8961,Jamon Curado En Lonchas Navidul Sin Gluten Y Sin Lactosa 45 G,Carnicería y Charcutería,Mercadona,Clavo en grano Hacendado,Carrefour,Jamon Curado En Lonchas Navidul Sin Gluten Y Sin Lactosa 45 G
CAT-8965,Mini Fuet Snackin Campofrio Sin Gluten 50 G,Carnicería y Charcutería,Mercadona,Fruta + leche caribe Don Simón sin azúcares añadidos y zero materia grasa,Carrefour,Mini Fuet Snackin Campofrio Sin Gluten 50 G
CAT-8966,Mini Chorizo En Piezas Snackin Campofrio Sin Gluten 50 G,Carnicería y Charcutería,Mercadona,Clavo en grano Hacendado,Carrefour,Mini Chorizo En Piezas Snackin Campofrio Sin Gluten 50 G
CAT-8974,Fresas Congelados De Navarra 300 G,Congelados,Mercadona,Aceite de oliva virgen extra Hacendado Gran Selección,Carrefour,Fresas Congelados De Navarra 300 G
CAT-8994,Piadina Quattro Formaggi Ristorante Piadina Droetker 280 G,Sin categoría,Mercadona,"Bebida láctea desnatada sabor fresa y plátano +Proteínas Hacendado 0% MG 0% azúcares añadidos 17,4 g proteínas",Carrefour,Piadina Quattro Formaggi Ristorante Piadina Droetker 280 G
CAT-8984,Pizza Cinco Quesos La Grandiosa Buitoni 400 G,Lácteos y Huevos,Mercadona,Cacao en polvo a la taza Valor,Carrefour,Pizza Cinco Quesos La Grandiosa Buitoni 400 G
CAT-8985,Pizza Jamon Y Queso La Grandiosa Buitoni 430 G,Lácteos y Huevos,Mercadona,Fruta + leche caribe Don Simón sin azúcares añadidos y zero materia grasa,Carrefour,Pizza Jamon Y Queso La Grandiosa Buitoni 430 G
CAT-8982,Detergente En Capsulas Poderoso Ariel 29 Lavados,Hogar,Mercadona,Clavo en grano Hacendado,Carrefour,Detergente En Capsulas Poderoso Ariel 29 Lavados
CAT-8980,Cocido De Pollo Para Perros Cocosi 400 G,Carnicería y Charcutería,Mercadona,Mostaza de Dijon Hacendado,Carrefour,Cocido De Pollo Para Perros Cocosi 400 G
CAT-8979,Ragu De Ternera Para Perros Cocosi 400 G,Carnicería y Charcutería,Mercadona,Mostaza de Dijon Hacendado,Carrefour,Ragu De Ternera Para Perros Cocosi 400 G
CAT-8978,Marmitako De Salmon Para Perros Cocosi 400 G,Pescadería,Mercadona,Aceite de oliva 1º Hacendado,Carrefour,Marmitako De Salmon Para Perros Cocosi 400 G
CAT-8981,Guiso De Pescado Para Perros Cocosi 400 G,Mascotas,Mercadona,Mostaza de Dijon Hacendado,Carrefour,Guiso De Pescado Para Perros Cocosi 400 G
CAT-8977,Arandanos Congelados De Navarra 300 G,Frutas y Verduras,Mercadona,Vino tinto tempranillo Cepas Viejas Señorío de los Llanos DO Valdepeñas,Carrefour,Arandanos Congelados De Navarra 300 G
CAT-3781,Magdalenas con azúcar,Panadería y Pastelería,Mercadona,Magdalenas con azúcar,Carrefour,Magdalena Con Azucar 450 G
CAT-8976,Mango Troceado Congelado De Navarra 300 G,Congelados,Mercadona,Mostaza de Dijon Hacendado,Carrefour,Mango Troceado Congelado De Navarra 300 G
CAT-6552,Lechuga Batavia Verde 1 Ud,Frutas y Verduras,Mercadona,Recambio ambientador eléctrico Matcha Bosque Verde,AhorraMas,Lechuga batavia 250gr
CAT-5062,Tomate Frito Orlando Sin Gluten Pack De 3 Unidades De 350 G,Despensa,Mercadona,"Aceite de oliva 0,4º Hacendado",Carrefour,Tomate Frito Orlando Sin Gluten Pack De 3 Unidades De 350 G
CAT-7459,Barritas De Chocolate Con Leche Crema De Cacahuete Caramelo Y Cacahuetes Snickers 5 Ud,Desayuno y Snack,Mercadona,Bebida láctea Omega 3 Puleva con leche desnatada,DIA,Barritas de chocolate con caramelo y cacahuetes Snickers bolsa 150 g
CAT-8286,Nachos Al Toque De Sal Dippas Doritos 150 G,Desayuno y Snack,Mercadona,Aceite de oliva 1º Hacendado,Carrefour,Nachos Al Toque De Sal Dippas Doritos 150 G
CAT-9377,Postre Lacteo Al Chocolate Delicias De Trufa Nestle La Lechera Pack De 2 Unidades De 125 G,Lácteos y Huevos,Mercadona,"Aceite de oliva 0,4º Hacendado",Carrefour,Postre Lacteo Al Chocolate Delicias De Trufa Nestle La Lechera Pack De 2 Unidades De 125 G
CAT-4102,Pandilla Sabor Queso Cheetos Sin Gluten 75 G,Lácteos y Huevos,Mercadona,Fruta + leche caribe Don Simón sin azúcares añadidos y zero materia grasa,Carrefour,Pandilla Sabor Queso Cheetos Sin Gluten 75 G
CAT-4205,Ensalada Pasta Y Atun 325 G,Despensa,Mercadona,Bebida láctea Omega 3 Puleva con nueces y leche desnatada,Carrefour,Ensalada Pasta Y Atun 325 G
CAT-0641,Agua de coco 100%,Bebidas,Mercadona,"Aceite de oliva 0,4º Hacendado",DIA,Agua de coco Amazonia 1 L
CAT-7336,Yogur Griego Sabor Caramelo Danone Pack De 4 Unidades De 110 G,Lácteos y Huevos,Mercadona,"Aceite de oliva 0,4º Hacendado",Carrefour,Yogur Griego Sabor Caramelo Danone Pack De 4 Unidades De 110 G
CAT-4261,Phoskitos Original 4 Ud,Sin categoría,Mercadona,Polvos voluminizador para el cabello Volum Fix Deliplus mate fijación 4,Carrefour,Phoskitos Original 4 Ud
CAT-4251,Pan Maxi Burger Bimbo 300 G,Panadería y Pastelería,Mercadona,"Bebida láctea desnatada sabor fresa y plátano +Proteínas Hacendado 0% MG 0% azúcares añadidos 17,4 g proteínas",Carrefour,Pan Maxi Burger Bimbo 300 G
CAT-4521,Gel De Ducha Hidratante Avena Instituto Espanol 1250 Ml,Cuidado personal e Higiene,Mercadona,"Aceite de oliva 0,4º Hacendado",DIA,Gel de ducha avena Instituto Español 1.25 L
CAT-4959,Aceite De Oliva Intenso 1 Carrefour 1 L,Despensa,Mercadona,Mostaza de Dijon Hacendado,DIA,Aceite de oliva intenso Carbonell 1 L
CAT-5841,Manzana Granny Circulo De Calidad 1 Kg Aprox,Sin categoría,Mercadona,Aceite de oliva 1º Hacendado,Carrefour,Manzana Granny Circulo De Calidad 1 Kg Aprox
CAT-5914,Ginebra Larios 12 Premium 70 Cl,Bebidas,Mercadona,Natillas sabor vainilla +Proteínas Hacendado 12 g proteínas,Carrefour,Ginebra Larios 12 Premium 70 Cl
CAT-5935,Comida Humeda De Atun Y Gambas En Gelatina Para Gatos Purina Gourmet Natures Creations 70 G,Pescadería,Mercadona,"Aceite de oliva 0,4º Hacendado",Carrefour,Comida Humeda De Atun Y Gambas En Gelatina Para Gatos Purina Gourmet Natures Creations 70 G
CAT-5989,Galletas Rellenas De Arroz Inflado Y Chips De Chocolate Choco Flakes Cuetara 100 G,Despensa,Mercadona,"Aceite de oliva 0,4º Hacendado",DIA,Galletas rellenas de arroz inflado chocolateado Cuétara Flakes caja 520 g
CAT-8425,Palomitas Risi Sin Gluten 90 G,Desayuno y Snack,Mercadona,Fruta + leche caribe Don Simón sin azúcares añadidos y zero materia grasa,Carrefour,Palomitas Risi Sin Gluten 90 G
CAT-8591,Pina Troceada El Mercado 330 G,Sin categoría,Mercadona,Polvos voluminizador para el cabello Volum Fix Deliplus mate fijación 4,Carrefour,Pina Troceada El Mercado 330 G
CAT-9222,Lomo De Sajonia De Cerdo Fileteado Elpozo 350 G ,Carnicería y Charcutería,Mercadona,"Aceite de oliva 0,4º Hacendado",Carrefour,Lomo De Sajonia De Cerdo Fileteado Elpozo 350 G 
CAT-9965,Tomate Triturado Frasco De Nuestra Tierra 660 G,Conservas y Enlatados,Mercadona,"Aceite de oliva 0,4º Hacendado",Carrefour,Tomate Triturado Frasco De Nuestra Tierra 660 G
