id_catalogo,nombre_cat,categoria,n_supers,tiene_mercadona,tiene_dia,tiene_alcampo,tiene_carrefour,tiene_ahorramas
CAT-9020,Pilas Alcalinas Carrefour Itech Aaalr03 Paquete 32,Bazar y Varios,0,False,False,False,False,False
CAT-9053,Mini Sticks De Chorizo Carrefour Sensation Sin Gluten 50 G,Carnicería y Charcutería,0,False,False,False,False,False
CAT-9054,Mini Fuet Carrefour El Mercado Sin Gluten 50 G,Carnicería y Charcutería,0,False,False,False,False,False
CAT-9055,Fuet Espetec Carrefour Classic Sin Gluten Pack De 2 Unidades De 170 G,Carnicería y Charcutería,0,False,False,False,False,False
CAT-9069,Mousse De Pato Carrefour Sin Gluten 90 G,Lácteos y Huevos,0,False,False,False,False,False
CAT-9074,Mortadela Carrefour El Mercado Sin Gluten Pieza De 800 G,Carnicería y Charcutería,0,False,False,False,False,False
CAT-9075,Fiambre De Cerdo Cocido En Lonchas Sandwich Carrefour El Mercado Sin Gluten 450 G,Carnicería y Charcutería,0,False,False,False,False,False
CAT-9076,Bacon En Lonchas Carrefour El Mercado Sin Gluten 200 G,Carnicería y Charcutería,0,False,False,False,False,False
CAT-9094,Tarrito De Guiso De Garbanzo Con Pollo Y Ternera Desde 6 Meses Nutriben Potitos 235 G,Despensa,0,False,False,False,False,False
CAT-9196,Zumo De Clementinas Carrefour Extra Exprimido Brik 1 L,Bebidas,0,False,False,False,False,False
CAT-9238,Arroz Tres Delicias Carrefour El Mercado 350 G,Despensa,0,False,False,False,False,False
CAT-9268,Discos Desmaquillantes Con Aloe Vera Carrefour 70 Ud,Cuidado personal e Higiene,0,False,False,False,False,False
CAT-9502,Zumo De Naranja Recien Exprimido Con Pulpa Carrefour Seleccion Botella 1 L,Bebidas,0,False,False,False,False,False
CAT-9516,Refresco De Manzana Carrefour Classic Botella 15 L,Bebidas,0,False,False,False,False,False
CAT-9613,Toallitas Para Bebe Sin Perfume Ecologicas Carrefour Bio 64 Ud,Cuidado personal e Higiene,0,False,False,False,False,False
CAT-9622,Zumo De Fruta Y Leche Carrefour Tropical Sin Lactosa Pack De 6 Briks De 20 Cl,Bebidas,0,False,False,False,False,False
CAT-9644,Pizza De Peperoni Ahumado Carrefour 320 G,Bebidas,0,False,False,False,False,False
CAT-9651,Ambientador De Varillas Colonia Carrefour 45 Ml,Cuidado personal e Higiene,0,False,False,False,False,False
CAT-9682,Salteado De Quinoa Y Lentejas Con Verduras Y Pollo Ultracongelado Extra Carrefour 450 G,Despensa,0,False,False,False,False,False
CAT-9693,Discos Desmaquillantes Doble Cara Carrefour 110 Ud,Cuidado personal e Higiene,0,False,False,False,False,False
CAT-9749,Espumadera Nylon Carrefour Home ,Sin categoría,0,False,False,False,False,False
CAT-9735,Nectar De Mango Y Naranja Carrefour Classic Brik 1 L,Bebidas,0,False,False,False,False,False
CAT-9736,Nectar De Naranja Carrefour Brik 1 L,Bebidas,0,False,False,False,False,False
CAT-9737,Nectar De Pina Carrefour Classic Brik 1 L,Bebidas,0,False,False,False,False,False
CAT-9738,Nectar Tropical Carrefour Classic Brik 1 L,Bebidas,0,False,False,False,False,False
CAT-9739,Nectar De Melocoton Y Uva Carrefour Classic Brik 1 L,Bebidas,0,False,False,False,False,False
CAT-9744,Nectar De Manzana Carrefour Classic Brik 1 L,Bebidas,0,False,False,False,False,False
CAT-9753,Zumo Multifrutas Carrefour Classic Pack De 6 Briks De 20 Cl,Bebidas,0,False,False,False,False,False
CAT-9852,Zumo De Fruta Y Leche Carrefour Tropical Pack De 6 Briks De 20 Cl,Bebidas,0,False,False,False,False,False
CAT-9872,Refresco Sabor Naranja Carrefour Classic Lata 33 Cl,Bebidas,0,False,False,False,False,False
CAT-9903,Zumo De Manzana Y Frutos Del Bosque Carrefour Botella 1 L,Bebidas,0,False,False,False,False,False
CAT-9934,Snacks De Buey Para Perros Carrefour 100 Unidades,Mascotas,0,False,False,False,False,False
CAT-9953,Refresco Carrefour Classic Sabor Fresa Botella 15 L,Bebidas,0,False,False,False,False,False
CAT-9957,Zumo De Naranja Carrefour Extra Exprimido Sin Pulpa Brik 1 L,Bebidas,0,False,False,False,False,False
CAT-9975,2 Guantes Flocados De Latex Carrefour  P   Rosa,Hogar,0,False,False,False,False,False
CAT-9976,2 Guantes Flocados De Latex Carrefour  M   Rosa,Hogar,0,False,False,False,False,False
CAT-9980,2 Guantes Reforzados De Latex Carrefour  M   Bicolor,Hogar,0,False,False,False,False,False
CAT-9984,10 Guantes Desechables De Latex Carrefour  P   Blanco,Hogar,0,False,False,False,False,False
CAT-9985,10 Guantes Desechables De Latex Carrefour  M   Blanco,Hogar,0,False,False,False,False,False
CAT-9986,10 Guantes Desechables De Latex Carrefour  G   Blanco,Hogar,0,False,False,False,False,False
CAT-9987,30 Guantes Desechables De Nitrilo Carrefour  Pm   Azul,Hogar,0,False,False,False,False,False
CAT-9988,30 Guantes Desechables De Nitrilo Carrefour  Mg   Azul,Hogar,0,False,False,False,False,False
CAT-9989,100 Guantes Desechables De Latex Carrefour  Pm   Blanco,Hogar,0,False,False,False,False,False
CAT-9990,100 Guantes Desechables De Latex Carrefour  Mg   Blanco,Hogar,0,False,False,False,False,False
CAT-4390,Refresco Sabor Naranja Zero Carrefour Classic Lata 33 Cl,Bebidas,0,False,False,False,False,False
CAT-4503,Jamon Cocido Extra Braseado En Finas Lonchas Carrefour El Mercado Sin Gluten 200 G,Carnicería y Charcutería,0,False,False,False,False,False
CAT-4504,Jamon Cocido Extra En Lonchas Carrefour El Mercado 250 G,Carnicería y Charcutería,0,False,False,False,False,False
CAT-4505,Jamon Cocido Extra En Finas Lonchas Carrefour El Mercado Sin Gluten 225 G,Carnicería y Charcutería,0,False,False,False,False,False
CAT-4506,Pechuga De Pavo Cocido Extra En Lonchas Carrefour El Mercado 200 G,Carnicería y Charcutería,0,False,False,False,False,False
CAT-4507,Pechuga De Pavo En Finas Lonchas Carrefour El Mercado Sin Gluten 2X200 G,Carnicería y Charcutería,0,False,False,False,False,False
CAT-4840,Arroz Categoria Primera Carrefour 1 Kg ,Despensa,0,False,False,False,False,False
CAT-4852,Comida Humeda Bocaditos De Carne Y Pescado En Salsa Para Gatos Vitalive Carrefour 12 Sobres De 100 G,Despensa,0,False,False,False,False,False
CAT-4961,Garbanzo Pedrosillano Classic Carrefour 400 G,Despensa,0,False,False,False,False,False
CAT-5175,Helado De Chocolate Con Pepitas Chocolate Belga Sensation Carrefour Sin Gluten 500 Ml,Congelados,0,False,False,False,False,False
CAT-4244,Fregona Trenzada Microfibra Carrefour ,Hogar,0,False,False,False,False,False
CAT-5807,Fregona Hilo Microfibra Carrefour   Bicolor,Hogar,0,False,False,False,False,False
CAT-6048,Maiz Dulce Classic Carrefour Sin Sal Y Azucar Anadido Pack De 3 Latas De 140 G,Despensa,0,False,False,False,False,False
CAT-6207,Helado Proteina Platano Con Brownie Carrefour Sensation Sin Azucar Anadido 300 G,Despensa,0,False,False,False,False,False
CAT-6209,Helado Proteina Con Cacahuete Carrefour Sensation Sin Gluten Y Sin Azucar Anadido 300 G,Despensa,0,False,False,False,False,False
CAT-6220,Esponja Exfoliante  Carrefour 1 Ud,Cuidado personal e Higiene,0,False,False,False,False,False
CAT-6692,Ambientador Electrico Lavanda Essential Recambio Carrefour 1 Ud,Hogar,0,False,False,False,False,False
CAT-6729,Bayeta Microfibra Spontex Economic Mapa ,Hogar,0,False,False,False,False,False
CAT-6988,Bolsas De Basura Pino Plastico Reciclado Carrefour Essential 30 L 20 Ud,Hogar,0,False,False,False,False,False
CAT-7249,Sacacorchos Acero Inoxidable Carrefour Home ,Sin categoría,0,False,False,False,False,False
CAT-7252,Estropajo Fibra Y Espuma Spontex Zero 21,Hogar,0,False,False,False,False,False
CAT-7545,Tinta De Sepia Carrefour Classic Sin Gluten Pack De 4 Unidades De 4 G,Pescadería,0,False,False,False,False,False
CAT-7600,Boqueron En Vinagre Con Ajo Y Perejil Carrefour El Mercado 265 G,Bebidas,0,False,False,False,False,False
CAT-9460,Cebolla Cubos Carrefour 400 G,Frutas y Verduras,0,False,False,False,False,False
CAT-9542,Escoba Multiuso Carrefour   Gris,Hogar,0,False,False,False,False,False
CAT-9554,Tarta Helada Al Whisky Carrefour Classic 535 G,Bebidas,0,False,False,False,False,False
CAT-9577,Limpiamuebles Antiestatico Carrefour Expert 300 Ml,Sin categoría,0,False,False,False,False,False
CAT-9977,2 Guantes Flocados De Latex Carrefour  G   Rosa,Hogar,0,False,False,False,False,False
CAT-4228,Zumo Multifrutas Carrefour Exprimido Brik 1 L,Bebidas,0,False,False,False,False,False
CAT-9854,Zumo De Frutas Y Leche Carrefour Sabor Mediterraneo Pack De 6 Briks De 20 Cl,Bebidas,0,False,False,False,False,False
CAT-4782,Gel De Afeitar Frescor Piel Normal Men Carrefour 200 Ml,Cuidado personal e Higiene,0,False,False,False,False,False
CAT-4827,Arroz Blanco Cocido Classic Carrefour Sin Gluten Pack De 2 Unidades De 250 G,Despensa,0,False,False,False,False,False
CAT-4828,Arroz Redondo Integral Para Microondas Classic Carrefour Sin Gluten Pack De 2 Unidades De 125 G,Despensa,0,False,False,False,False,False
CAT-4829,Arroz Basmati Para Microondas Classic Carrefour Sin Gluten Pack De 2 Unidades De 125 G,Despensa,0,False,False,False,False,False
CAT-4805,Comida Humeda De Salmon Y Pollo En Salsa Para Gato Adulto Purina Gourmet Gold 85 G,Despensa,0,False,False,False,False,False
CAT-4996,Estofado De Vacuno Carrefour El Mercado 500 G Aprox,Carnicería y Charcutería,0,False,False,False,False,False
CAT-4997,Churrasco De Vacuno Carrefour El Mercado 500 G Aprox,Carnicería y Charcutería,0,False,False,False,False,False
CAT-4998,Entrecot De Vacuno Carrefour El Mercado 500 G Aprox,Carnicería y Charcutería,0,False,False,False,False,False
CAT-5000,Picana De Vacuno Carrefour El Mercado 500 G Aprox,Carnicería y Charcutería,0,False,False,False,False,False
CAT-5287,Yogur De Proteinas Liquido Desnatado Sabor Tropical Carrefour Sensation Sin Gluten Y Sin Azucar Anadido 400 G,Despensa,0,False,False,False,False,False
CAT-5327,Agua Mineral Carrefour Kids Tapon Deportivo 33 Cl,Bebidas,0,False,False,False,False,False
CAT-5358,Nuez Cascara Carrefour Granel 500 G Aprox,Desayuno y Snack,0,False,False,False,False,False
CAT-5359,Chuleta De Pavo Marinada Carrefour El Mercado 500 G Aprox,Carnicería y Charcutería,0,False,False,False,False,False
CAT-5363,Patatas Fritas Clasicas Carrefour Classic 25 Kg,Desayuno y Snack,0,False,False,False,False,False
CAT-5633,Zumo De Pina Y Mango Carrefour Seleccion Exprimido Botella 75 Cl,Bebidas,0,False,False,False,False,False
CAT-5762,Comida Humeda De Pollo Para Gatos Simpl 400 G,Carnicería y Charcutería,0,False,False,False,False,False
CAT-5800,Fregona Superabsorbente Spulance Carrefour Home ,Hogar,0,False,False,False,False,False
CAT-4526,Panales Ultra Dry Carrefour Baby T4 7 18 Kg 92 Ud,Bebes,0,False,False,False,False,False
CAT-6230,Cafe Capsulas Intenso Carrefour Extra Compatible Con Dolce Gusto 16 Unidades De 7 G,Desayuno y Snack,0,False,False,False,False,False
CAT-5608,Bitter Carrefour Sensation Pack 6 Botellas 20 Cl,Bebidas,0,False,False,False,False,False
CAT-6326,Agua Mineral Carrefour Tapon Deportivo 75 Cl,Bebidas,0,False,False,False,False,False
CAT-6347,Set 2 Estropajos Fibra Verde Con Celulosa Multiusos Carrefour,Hogar,0,False,False,False,False,False
CAT-6417,Crema Liquida Autobrillante Marron Carrefour 50 Ml,Bebidas,0,False,False,False,False,False
CAT-6485,Suavizante Concentrado Vainilla Y Orquidea Essential Carrefour 80 Lavados,Hogar,0,False,False,False,False,False
CAT-6486,Suavizante Concentrado Lavanda Essential Carrefour 80 Lavados,Hogar,0,False,False,False,False,False
CAT-6496,Yogur Sabor  Limon Carrefour Classic Pack De 4 Unidades De 125 G,Lácteos y Huevos,0,False,False,False,False,False
CAT-6602,Flan De Clara De Huevo Proteina Plus Carrefour Sin Gluten Pack De 2 Unidades De 160 G,Lácteos y Huevos,0,False,False,False,False,False
CAT-6720,Crema Corporal Hidratante 10 Urea Carrefour 400 Ml,Cuidado personal e Higiene,0,False,False,False,False,False
CAT-6744,Puntilla De Calamar Carrefour 400 G,Pescadería,0,False,False,False,False,False
CAT-6787,Zumo De Naranja Sin Pulpa Ecologico Carrefour Bio 75 Cl,Bebidas,0,False,False,False,False,False
CAT-6876,Bebida Refrescante Aromatizada Con Agua Mineral Y Zumo De Frutas Del Bosque Carrefour Sensation Sin Azucares Anadidos 15 L,Bebidas,0,False,False,False,False,False
CAT-6850,Tarrito De Arroz Con Pollo Y Verduritas Desde 6 Meses Ecologico My Carrefour Baby Bio Sin Gluten Pack De 2 Unidades De 200 G,Despensa,0,False,False,False,False,False
CAT-6855,Tarrito De Espagueti Bolonesa Desde 8 Meses Ecologico My Carrefour Baby Bio 200 G,Despensa,0,False,False,False,False,False
CAT-6878,Bebida Refrescante Aromatizada Con Agua Mineral Y Zumo De Limon Carrefour Sensation Sin Azucares Anadidos 15 L,Bebidas,0,False,False,False,False,False
CAT-6880,Bebida Refrescante Aromatizada Con Agua Mineral Y Zumo De Manzana Carrefour Sensation Sin Azucares Anadidos 15 L,Bebidas,0,False,False,False,False,False
CAT-6881,Agua Mineral Carrefour 1 L,Bebidas,0,False,False,False,False,False
CAT-6901,Zumo De Naranja Con Pulpa Ecologico Carrefour Bio Brik 1 L,Bebidas,0,False,False,False,False,False
CAT-6091,Arcos Dentales Limpieza Interdental Soft Carrefour 60 Ud,Cuidado personal e Higiene,0,False,False,False,False,False
CAT-6924,Gaseosa Carrefour Calssic Cero Azucares Botella 50 Cl,Bebidas,0,False,False,False,False,False
CAT-6995,Bastoncillos De Maquillaje Carrefour 100 Ud,Cuidado personal e Higiene,0,False,False,False,False,False
CAT-7046,Bolsita De Manzana Pina Platano Y Bebida De Coco Ecologica My Carrefour Baby Bio Sin Azucar Anadido 100 G,Despensa,0,False,False,False,False,False
CAT-7047,Bolsita De Bebida De Avena Fresa Manzana Platano Y Zanahoria Morada Ecologica My Carrefour Baby Bio Sin Azucar Anadido 100 G,Despensa,0,False,False,False,False,False
CAT-7420,Vino Tinto Joven Tempranillo Carrefour Vendimia Seleccionada Vt Extremadura 1 L,Bebidas,0,False,False,False,False,False
CAT-7442,Comida Humeda Bocaditos En Salsa De Salmon Para Gato Junior Expert Carrefour Pack De 4 Sobres De 85 G,Despensa,0,False,False,False,False,False
CAT-7443,Comida Humeda Bocaditos En Salsa Chef Para Gatos Suprem Carrefour 12 Sobres De 85 G,Despensa,0,False,False,False,False,False
CAT-7576,Gambas Peladas Carrefour Extra 360 G,Pescadería,0,False,False,False,False,False
CAT-7609,Detergente Liquido Black Expert Carrefour 44 Lavados ,Hogar,0,False,False,False,False,False
CAT-7610,Detergente Liquido Delicado Expert Carrefour 44 Lavados,Hogar,0,False,False,False,False,False
CAT-7611,Detergente Liquido Delicado Marsella Expert Carrefour 44 Lavados,Hogar,0,False,False,False,False,False
CAT-7612,Suavizante Concentrado Floral Ecologico Ecoplanet Carrefour 40 Lavados  ,Hogar,0,False,False,False,False,False
CAT-7800,Estropajo Poder Verde Fibra Spontex Xxl,Hogar,0,False,False,False,False,False
CAT-7833,Helado Sabor A Fresa Chocolate Y Vainilla Carrefour Extra Sin Gluten 500 G,Congelados,0,False,False,False,False,False
CAT-7902,Protegeslip Multiforma Frescor Perfume Sintetico Carrefour 30 Ud,Cuidado personal e Higiene,0,False,False,False,False,False
CAT-7981,Pechuga De Pollo Carrefour El Mercado 500 G Aprox,Carnicería y Charcutería,0,False,False,False,False,False
CAT-7988,Pechuga De Pollo En Filetes Carrefour El Mercado 1 Kg Aprox,Carnicería y Charcutería,0,False,False,False,False,False
CAT-7989,Traseros De Pollo Carrefour El Mercado 12 Kg Aprox,Carnicería y Charcutería,0,False,False,False,False,False
CAT-8069,Detergente Liquido Colonia Fresca Carrefour Essential 44 Lavados,Cuidado personal e Higiene,0,False,False,False,False,False
CAT-8130,Crema Corporal Con Aceite De Oliva Soft Carrefour 250 Ml,Cuidado personal e Higiene,0,False,False,False,False,False
CAT-8134,Cazo Induccion Aluminio Carrefour Home 16 Cm,Sin categoría,0,False,False,False,False,False
CAT-8174,Agua Mineral Carrefour 8 L,Bebidas,0,False,False,False,False,False
CAT-8187,Discos Desmaquillantes Suaves Avalados Ecologicos Soft Bio Carrefour 50 Ud,Cuidado personal e Higiene,0,False,False,False,False,False
CAT-8214,Bebida Lactea Omega 3 Carrefour Extra Brik 1 L,Cuidado personal e Higiene,0,False,False,False,False,False
CAT-8284,Comida Humeda Filetes Carne En Salsa Para Perro Mini Carrefour Companino 4X100 G,Despensa,0,False,False,False,False,False
CAT-8287,Ambientador Spray Colonia Essential Carrefour 300 Ml,Cuidado personal e Higiene,0,False,False,False,False,False
CAT-8440,,Sin categoría,0,False,False,False,False,False
CAT-8507,Ambientador Automatico Colonia Recambio Essential Carrefour 1 Ud,Cuidado personal e Higiene,0,False,False,False,False,False
CAT-8512,Ambientador Automatico Ropa Limpia Aparato Y Recambio Essential Carrefour 1 Ud,Hogar,0,False,False,False,False,False
CAT-8599,Ambientador Perlas Perlas Perfumadas Ropa Limpia Essential Carrefour 1 Ud,Hogar,0,False,False,False,False,False
CAT-5606,Tonica Carrefour Botella 15 L,Bebidas,0,False,False,False,False,False
CAT-8776,Hummus De Garbanzos Clasico Carrefour Extra Sin Gluten 240 G,Despensa,0,False,False,False,False,False
CAT-8798,Queso Brie 60 Mg Carrefour 200 G,Lácteos y Huevos,0,False,False,False,False,False
CAT-8904,Queso Havarti En Lonchas Carrefour Extra 200 G,Lácteos y Huevos,0,False,False,False,False,False
CAT-8823,Magnesio Con Vitaminas B2 Y B6 Sabor Naranja Limon Pronutri  80 Ud,Cuidado personal e Higiene,0,False,False,False,False,False
CAT-8848,Ambientador De Mecha Colonia Essential Carrefour 375 Ml,Cuidado personal e Higiene,0,False,False,False,False,False
CAT-8867,Croquetas De Espinacas Carrefour Extra 350 G,Congelados,0,False,False,False,False,False
CAT-8875,Croquetas De Jamon Iberico Carrefour Extra 350 G,Congelados,0,False,False,False,False,False
CAT-8876,Croquetas De Pollo Carrefour Extra 500 G,Congelados,0,False,False,False,False,False
CAT-8878,Nuggets De Pollo Carrefour Classic 500 G,Congelados,0,False,False,False,False,False
CAT-8905,Queso Havarti Light En Lonchas Carrefour 200 G,Lácteos y Huevos,0,False,False,False,False,False
CAT-8950,Papel Aluminio Carrefour 50 Metros,Hogar,0,False,False,False,False,False
CAT-8989,Crema Hidratante Corporal Con Argan Soft Carrefour 250 Ml,Cuidado personal e Higiene,0,False,False,False,False,False
CAT-4604,Desmaquillantes Waterproof Soft Carrefour 150 Ml,Cuidado personal e Higiene,0,False,False,False,False,False
CAT-4712,Preparado Para Sopa De Marisco Y Pescado Carrefour 400 G,Despensa,0,False,False,False,False,False
CAT-4307,Zumo De Melocoton Y Uva Ecologico Carrefour Bio Exprimido Pack De 3 Briks De 20 Cl,Bebidas,0,False,False,False,False,False
CAT-4424,Zumo De Melocoton Y Uva Ecologico Carrefour Bio Brik 1 L,Bebidas,0,False,False,False,False,False
CAT-4999,Entrana De Vacuno Carrefour El Mercado 600 G Aprox,Carnicería y Charcutería,0,False,False,False,False,False
CAT-5289,Yogur Liquido Desnatado Sabor Fresa Proteina Plus Carrefour Sensation Sin Gluten Y Sin Azucar Anadido 400 G,Despensa,0,False,False,False,False,False
CAT-5605,Gaseosa Carrefour Classic Cero Azucares Botella 15 L,Bebidas,0,False,False,False,False,False
CAT-5607,Tonica Carrefour Sensation Pack De 6 Botellas De 20 Cl,Bebidas,0,False,False,False,False,False
CAT-5733,Discos Desmaquillantes Maxi Duo Carrefour 80 Ud,Cuidado personal e Higiene,0,False,False,False,False,False
CAT-6129,Bolsas De Basura Especial Cubo Separacion Carrefour Essential 20L 20 Ud,Hogar,0,False,False,False,False,False
CAT-6210,Bloque De Helado De Chocolate Nata Y Vainilla Carrefour Classic Sin Azucar Anadido 475 G,Despensa,0,False,False,False,False,False
CAT-6245,Galletas Rellenas De Crema Trio Carrefour Classic 2358 G,Desayuno y Snack,0,False,False,False,False,False
CAT-6313,Bizcocho Rondo Marmolado Carrefour El Mercado 700 G,Bebidas,0,False,False,False,False,False
CAT-6847,Tarrito Multifrutas Desde 6 Meses Ecologica My Carrefour Baby Bio Sin Gluten Y Sin Azucar Anadido Pack De 2 Unidades De 200 G,Despensa,0,False,False,False,False,False
CAT-6899,Zumo De Naranja Carrefour Ecologico Exprimido Sin Pulpa Brik 1 L,Bebidas,0,False,False,False,False,False
CAT-6120,Bolsa De Basura Plastico Reciclado Especial Jardin Carrefour Essential 100L 10 Ud,Hogar,0,False,False,False,False,False
CAT-6638,Descalcificador Pequeno Electrodomestico Carrefour 500 Ml,Sin categoría,0,False,False,False,False,False
CAT-6693,Ambientador Electrico Manzana Canela Essential Recambio Carrefour 1 Ud,Hogar,0,False,False,False,False,False
CAT-7801,Estropajo De Fibra Con Esponja Spontex Universal No Raya 2 Ud,Hogar,0,False,False,False,False,False
CAT-7987,Pechuga De Pollo Carrefour El Mercado 12 Kg Aprox,Carnicería y Charcutería,0,False,False,False,False,False
CAT-6877,Bebida Refrescante Aromatizada Con Agua Mineral Y Zumo De Naranja Carrefour Sensation Sin Azucares Anadidos 15 L,Bebidas,0,False,False,False,False,False
CAT-6130,Bolsas De Basura Ultra Resistente Carrefour Expert 100L 10 Ud,Hogar,0,False,False,False,False,False
CAT-6131,Bolsa De Basura Comunidad Simpl 100L 10 Ud,Hogar,0,False,False,False,False,False
CAT-6132,Bolsas De Basura Ultra Resistente Carrefour Expert 50L 15 Ud,Hogar,0,False,False,False,False,False
CAT-6133,Bolsas De Basura Ultra Resistente Carrefour Expert 30L 20 Ud,Hogar,0,False,False,False,False,False
CAT-7711,Bifidus Desnatado Con Frutas Del Bosque Carrefour Sin Gluten Y Sin Azucar Anadido Pack De 4 Unidades De 125 G,Despensa,0,False,False,False,False,False
CAT-8196,Enjuague Bucal Protection Carrefour Soft 500 Ml,Cuidado personal e Higiene,0,False,False,False,False,False
CAT-7980,Filetes De Pechuga De Pollo Carrefour El Mercado 600 G Aprox,Carnicería y Charcutería,0,False,False,False,False,False
CAT-8909,Pate De Higado De Cerdo Classic Carrefour Pack De 4 Unidades De 78 G,Carnicería y Charcutería,0,False,False,False,False,False
CAT-9022,Pilas Alcalina Carrefour Itech Aalr06 Paquete 32,Bazar y Varios,0,False,False,False,False,False
CAT-9195,Zumo Multifrutas Exprimido Carrefour Extra Brik De 1 L,Bebidas,0,False,False,False,False,False
CAT-5769,Discos Desmaquillantes Suaves Ecologicos Soft Bio Carrefour 70 Ud,Cuidado personal e Higiene,0,False,False,False,False,False
CAT-8951,Papel Aluminio Reforzado Carrefour 20 Metros,Hogar,0,False,False,False,False,False
CAT-4162,Vino Tinto Carrefour Classic Pack 3 Brik 187 Cl,Bebidas,0,False,False,False,False,False
CAT-4525,Panales Softprotect Carrefour Baby T2 3 6 Kg 60 Ud,Bebes,0,False,False,False,False,False
CAT-4370,Refresco Sabor Lima  Limon Zero Carrefour Classic Lata 33 Cl,Bebidas,0,False,False,False,False,False
CAT-4436,Zumo De Manzana Ecologico Carrefour Bio Brik 1 L,Bebidas,0,False,False,False,False,False
CAT-4527,Panales Softprotect Carrefour Baby T1 2 5 Kg 26 Ud,Bebes,0,False,False,False,False,False
CAT-4530,Bloc Liquido Wc Floral Antical Carrefour Expert 3 Ud,Hogar,0,False,False,False,False,False
CAT-9653,Carrefour Sensation Isofresh Bebida Isotonica Yellow Botella 50 Cl,Bebidas,0,False,False,False,False,False
CAT-9734,Nectar De Maracuya Carrefour Classic Brik 1 L,Bebidas,0,False,False,False,False,False
CAT-5529,Toallitas Para Bebe Fresh My Carrefour Babypack De 3 Paquetes De 80 Ud,Bebes,0,False,False,False,False,False
CAT-5817,Discos Desmaquillantes Maxi Duo Carrefour 80 Ud,Cuidado personal e Higiene,0,False,False,False,False,False
CAT-5832,Bayeta Rollo 200X36 Cm Carrefour Home   Amarilla,Hogar,0,False,False,False,False,False
CAT-5969,Zumo De Uva Roja Granada Y Grosella Carrefour Seleccion Exprimido Botella75 Cl,Bebidas,0,False,False,False,False,False
CAT-8262,Arena Aglomerante Carbon Activo Carrefour 5L,Mascotas,0,False,False,False,False,False
CAT-9853,Zumo De Fruta Y Leche Carrefour Mediterraneo Pack De 3 Briks De 33 Cl,Bebidas,0,False,False,False,False,False
CAT-6447,Coca Cola Pack De 2 Botellas De 2 L,Bebidas,1,False,False,False,True,False
CAT-4018,Nestea Te Verde Limon Sin Azucar Bajo En Calorias Lata 33 Cl,Bebidas,1,False,False,False,True,False
CAT-7484,Vermut Forteni Rojo 1 L,Bebidas,1,False,False,False,True,False
CAT-9035,Schweppes Naranja Botella 15 L,Bebidas,1,False,False,False,True,False
CAT-8787,Fanta Strawberrykiwi Lata 33 Cl,Bebidas,1,False,False,False,True,False
CAT-5548,Cerveza San Miguel Magna Golden Lager Lata 33 Cl,Bebidas,1,False,False,False,True,False
CAT-9592,Agua Micelar Clasica Para Pieles Normales Todo En Uno Garnier Skin Active 100 Ml,Cuidado personal e Higiene,1,False,False,False,True,False
CAT-6283,Maquinilla Desechable Para Hombre Smooth Blue3 Gillette  8 Ud,Cuidado personal e Higiene,1,False,False,False,True,False
CAT-9013,Leche Entera Fresca Carrefour Botella 1 L,Lácteos y Huevos,1,True,False,False,False,False
CAT-9014,Leche Desnatada Fresca Carrefour Botella 1 L,Lácteos y Huevos,1,True,False,False,False,False
CAT-9019,Pilas Alcalinas Carrefour Itech Dlr20 Paquete 2,Bazar y Varios,1,True,False,False,False,False
CAT-9048,Lentejas Cocidas Categoria Extra Classic Carrefour Sin Sal Anadida 400 G,Conservas y Enlatados,1,True,False,False,False,False
CAT-9049,Garbanzos Cocidos Sin Sal Anadida Categoria Extra Classic Carrefour 400 G,Conservas y Enlatados,1,True,False,False,False,False
CAT-9052,Chorizo Iberico Extra En Lonchas Carrefour Sin Gluten 80 G,Carnicería y Charcutería,1,True,False,False,False,False
CAT-9050,Longaniza De Payes En Lonchas Carrefour Sin Gluten 100 G,Carnicería y Charcutería,1,True,False,False,False,False
CAT-9023,Pilas Alcalinas Carrefour Itech 9V I44 6Lr61 Paquete 2,Bazar y Varios,1,True,False,False,False,False
CAT-9024,Pilas Alcalinas Carrefour Itech  Aa Lr06 Paquete 4,Bazar y Varios,1,True,False,False,False,False
CAT-9029,Pilas De Boton Carrefour Cr2032 Paquete 4,Bazar y Varios,1,True,False,False,False,False
CAT-9102,Bacalao Desmigado Salado Carrefour El Mercado 250 G,Pescadería,1,True,False,False,False,False
CAT-9097,Gallo Limpio Congelado Extra Carrefour 600 G,Congelados,1,True,False,False,False,False
CAT-9104,Bifidus Natural Carrefour Classic Pack De 4 Unidades De 125 G,Sin categoría,1,True,False,False,False,False
CAT-9105,Salmon Ahumado Ecologico Carrefour Bio 85 G,Pescadería,1,True,False,False,False,False
CAT-9142,Cola Carrefour Classic Zero Botella 2 L,Sin categoría,1,True,False,False,False,False
CAT-9143,Cola Carrefour Classic Zero Lata 33 Cl,Sin categoría,1,True,False,False,False,False
CAT-9144,Cola Carrefour Classic Botella 2 L,Sin categoría,1,True,False,False,False,False
CAT-9146,Cola Classic Carrefour Zero Sin Cafeina Botella 2 L,Sin categoría,1,True,False,False,False,False
CAT-9170,Judias Verdes Finas Cortadas Classic Carrefour 360 G,Sin categoría,1,True,False,False,False,False
CAT-9152,Espaguetis Carbonara Carrefour El Mercado 280 G,Despensa,1,True,False,False,False,False
CAT-9164,Arroz Basmati Sensation Carrefour 1 Kg,Despensa,1,True,False,False,False,False
CAT-9158,Queso Mascarpone Classic Carrefour 250 G,Lácteos y Huevos,1,True,False,False,False,False
CAT-9178,Aperitivo De Maiz Sabor Queso Y Bacon Konos Carrefour 100 G,Lácteos y Huevos,1,True,False,False,False,False
CAT-9155,Kefir De Cabra Ecologico Carrefour Bio 420 G,Lácteos y Huevos,1,True,False,False,False,False
CAT-9182,Suavizante Concentrado Hipoalergenico Essential Carrefour 60 Lavados,Hogar,1,True,False,False,False,False
CAT-9177,Helado De Chocolate Con Virutas Carrefour Extra Sin Gluten 470 G,Congelados,1,True,False,False,False,False
CAT-6953,Zumo De Naranja Recien Exprimido Carrefour 250 Ml,Bebidas,1,False,True,False,False,False
CAT-9181,Mini Sandwich Sabor Vainilla Sensation Carrefour 6 Ud,Platos preparados,1,True,False,False,False,False
CAT-9185,Tomate Cherry Sabores Carrefour 500 Gr,Sin categoría,1,True,False,False,False,False
CAT-9208,Yogur Natural Carrefour Classic Pack De 4 Unidades De 125 G,Lácteos y Huevos,1,True,False,False,False,False
CAT-7910,Perfume Para La Ropa En Perlas Concentrado Fresh Unstoppables Lenor 270 G,Cuidado personal e Higiene,1,False,False,False,True,False
CAT-7163,Sustrato Universal Compo Sana Confort 25L,Sin categoría,1,False,False,False,True,False
CAT-7583,Detergente En Capsulas Poder Quitamanchas Platinum Ariel 44 Lavados,Hogar,1,False,False,False,True,False
CAT-7826,Quitamanchas Gold Oxi Action Vanish 960 G,Hogar,1,False,False,False,True,False
CAT-0526,Jamón serrano cortado a máquina,Carnicería y Charcutería,1,True,False,False,False,False
CAT-4668,Helado De Dulce De Leche Hagen Dazs Sin Gluten 460 Ml,Congelados,1,False,False,False,True,False
CAT-3722,Anguila troceada,Pescadería,1,True,False,False,False,False
CAT-3696,Filete de salmón,Pescadería,1,True,False,False,False,False
CAT-9077,Fiambre De York Sandwich En Lonchas Carrefour El Mercado Sin Gluten 300 G,Carnicería y Charcutería,1,False,False,True,False,False
CAT-8665,Alcachofa Cortada Carrefour Classic 400 G,Frutas y Verduras,1,True,False,False,False,False
CAT-9187,Tarrina De Capuccino Extra Carrefour Sin Gluten 602 G,Sin categoría,1,True,False,False,False,False
CAT-9188,Tomate En Cubos Carrefour Classic 500 G,Sin categoría,1,True,False,False,False,False
CAT-9224,Hermetico Rectangular Alto De Plastico 19L Carrefour Klipfresh,Sin categoría,1,True,False,False,False,False
CAT-9225,Hermetico Rectangular De Plastico 680 Ml Carrefour Klipfresh,Sin categoría,1,True,False,False,False,False
CAT-9218,Yogur Liquido De Frutas Del Bosque Carrefour Classic Sin Gluten 15 L,Lácteos y Huevos,1,True,False,False,False,False
CAT-9190,Cortezas De Cerdo Fritas Classic Carrefour Sin Gluten 75 G,Desayuno y Snack,1,True,False,False,False,False
CAT-9214,Langostino Extra Grande Cocido 2432 Carrefour 800 G,Pescadería,1,True,False,False,False,False
CAT-9226,Hermetico Rectangular Bajo De Plastico 1L Carrefour Klipfresh,Frutas y Verduras,1,True,False,False,False,False
CAT-9205,Papel Higienico 3 Capas Ultra Confort Carrefour 12 Rollos ,Bazar y Varios,1,True,False,False,False,False
CAT-9212,Papel Higienico Acolchado Scottex 9 Rollos,Bazar y Varios,1,True,False,False,False,False
CAT-9267,Panuelo Mini Confort Carrefour Soft Paquete 15 Ud,Sin categoría,1,True,False,False,False,False
CAT-9236,Ambientador De Varillas Frutos Rojos Recambio Carrefour 250 Ml,Hogar,1,True,False,False,False,False
CAT-9246,Cigala Cruda Congelada Carrefour Extra 800 G,Pescadería,1,True,False,False,False,False
CAT-9242,Toallitas Bebe Fresh Aloe Vera Carrefour Baby 6X80 Uds,Bebes,1,True,False,False,False,False
CAT-9241,Papel Higienico Humedo Kids Scottex 74 Ud,Bazar y Varios,1,True,False,False,False,False
CAT-9281,Nectar De Pomelo Carrefour Classic Brik 1 L,Bebidas,1,True,False,False,False,False
CAT-9307,Refresco Carrefour Classic Limon 2 L,Bebidas,1,True,False,False,False,False
CAT-9291,Chocolate Negro Con Flor De Sal Selection Carrefour 100 G,Despensa,1,True,False,False,False,False
CAT-9302,Barra De Pan Gourmet Hecho Aqui Carrefour 250 G,Panadería y Pastelería,1,True,False,False,False,False
CAT-9310,Rucula Carrefour El Mercado El Mercado 50 G,Frutas y Verduras,1,True,False,False,False,False
CAT-9288,Papel Higienico Acolchado Carrefour 24 Rollos,Bazar y Varios,1,True,False,False,False,False
CAT-9314,Guisantes Muy Finos Classic Carrefour 250 G,Sin categoría,1,True,False,False,False,False
CAT-9312,Refresco Naranja Zero Carrefour Classic Botella 2 L,Bebidas,1,True,False,False,False,False
CAT-9324,Pincho Moruno De Pollo Marinado Adobado Carrefour 310 G,Carnicería y Charcutería,1,True,False,False,False,False
CAT-8530,Desodorante Body Spray Marine Proteccion 48H Perfume Fresco Carrefour Men 150 Ml,Cuidado personal e Higiene,1,True,False,False,False,False
CAT-0529,Huevos de gallinas camperas,Lácteos y Huevos,1,True,False,False,False,False
CAT-8942,Helado Biscoff Lotus 295 G,Congelados,1,False,False,False,True,False
CAT-0456,Cabello de Ángel Hida,Conservas y Enlatados,1,True,False,False,False,False
CAT-0703,Kéfir natural sabor suave,Lácteos y Huevos,1,True,False,False,False,False
CAT-7156,Locion Protector Solar Viaje Spf50 Science Les Cosmetiques 100 Ml,Cuidado personal e Higiene,1,False,False,False,True,False
CAT-3674,Preparado en polvo gelatina fresa,Despensa,1,True,False,False,False,False
CAT-9730,Tarrito De Guisito De Alubias Desde 6 Meses Ecologico Smileat Sin Gluten 230 G,Despensa,1,False,False,False,True,False
CAT-6997,Tarrito De Arroz Con Pavo Y Verduritas Desde 10 Meses Ecologico Cachitos Smileat Sin Gluten 230 G,Despensa,1,False,False,False,True,False
CAT-8456,Bosita De Pera Ciruela Zanahoria Y Remolacha Desde 8 Meses Danone Bledina Sin Gluten Y Sin Azucar Anadido 100 G,Despensa,1,False,False,False,True,False
CAT-8449,Tarrito De Verduras Y Pollo Desde 8 Meses Danone Bledina Sin Gluten Sin Lactosa Y Sin Azucar Anadido 200 G,Despensa,1,False,False,False,True,False
CAT-9328,Leche Protectora Solar Ninos Pieles Sensibles Atopicas Spf50 Ecran Denenes 270 Ml,Cuidado personal e Higiene,1,False,False,False,True,False
CAT-4588,Tarrito De Zanahoria Y Tomate Con Pavo Desde 6 Meses Ecologico Gerber Sin Gluten 190 G ,Carnicería y Charcutería,1,False,False,False,True,False
CAT-8452,Leche Infantil De Continuacion Desde 6 Meses Danone Bledina 2 Sin Azucar Anadido Lata 800 G,Despensa,1,False,False,False,True,False
CAT-8568,Pienso De Pollo Sin Cereales Con Frutas Y Verduras Para Perro Adulto Miguau 15 Kg,Carnicería y Charcutería,1,False,False,False,True,False
CAT-6604,Comida Humeda Mousse Surtido Para Gato Adulto Purina Gourmet Gold 12X85 G,Lácteos y Huevos,1,False,False,False,True,False
CAT-9139,Gelatina Seleccion De Carnes Para Gatos Felix Fantastic Purina 12X85 G,Bebidas,1,False,False,False,True,False
CAT-8930,Tortillas De Trigo Y Maiz Carrefour Sensation Sin Aceite De Palma 10 Ud,Panadería y Pastelería,1,True,False,False,False,False
CAT-9442,Papel Higienico Acolchado Scottex 32 Rollos,Bazar y Varios,1,True,False,False,False,False
CAT-9521,Palo De Acero Carrefour 22X22X130 Cm,Sin categoría,1,True,False,False,False,False
CAT-9511,Queso Fondue Carrefour Original 400 G,Lácteos y Huevos,1,True,False,False,False,False
CAT-9509,Pistachos Tostados Y Salados Classic Carrefour 400 G,Desayuno y Snack,1,True,False,False,False,False
CAT-9503,Limpiador Multisuperficies Oxigeno Activo Carrefour Expert 1 L,Hogar,1,True,False,False,False,False
CAT-9519,Langostino Salvaje Cocido 2432 Carrefour Extra 800 G,Pescadería,1,True,False,False,False,False
CAT-9500,Papel Higienico 3 Capas Ultra Confort Carrefour 32 Rollos,Bazar y Varios,1,True,False,False,False,False
CAT-9528,Protegeslip Normal Ecologico Pure Soft Carrefour 24 Ud,Sin categoría,1,True,False,False,False,False
CAT-9588,Bolsas Multiusos Cierre Cremallera Carrefour Expert 25 Ud,Sin categoría,1,True,False,False,False,False
CAT-9589,Bolsas Microperforadas Cierre Doble Zip Grandes Carrefour Expert 20 Ud,Sin categoría,1,True,False,False,False,False
CAT-9611,Ravioli De Ricotta Y Espinacas Al Huevo Carrefour 250 G,Sin categoría,1,True,False,False,False,False
CAT-9583,Lavavajillas A Mano Pieles Sensibles Aloe Vera Y Jojoba Carrefour Essential 750 Ml,Hogar,1,True,False,False,False,False
CAT-9601,Papel De Cocina Doble Capa Simpl Choice 4 Ud,Bazar y Varios,1,True,False,False,False,False
CAT-9612,Ravioli De Carne Con Verduras Carrefour Extra 250 G,Sin categoría,1,True,False,False,False,False
CAT-9641,Tagliatelle Al Huevo Carrefour Extra 250 G,Sin categoría,1,True,False,False,False,False
CAT-9654,Carrefour Energy Bebida Energetica Sabor Tropical Lata 50 Cl,Sin categoría,1,True,False,False,False,False
CAT-9635,Sardinillas En Aceite De Girasol Classic Carrefour Pack De 2 Unidades De 65 G,Despensa,1,True,False,False,False,False
CAT-9645,Pizza De Mozzarella Carrefour 340 G,Lácteos y Huevos,1,True,False,False,False,False
CAT-9650,Ambientador De Varillas Absorbeolores Bano Carrefour 45 Ml,Hogar,1,True,False,False,False,False
CAT-9652,Ambientador De Varillas Flor De Jazmin Carrefour 45 Ml,Hogar,1,True,False,False,False,False
CAT-9640,Pizza Hawai Carrefour 350 G,Congelados,1,True,False,False,False,False
CAT-9643,Pizza Vegetal Carrefour 350 G,Congelados,1,True,False,False,False,False
CAT-9646,Pizza De Bacon Carrefour 315 G,Congelados,1,True,False,False,False,False
CAT-9619,Pan De Leche Carrefour Classic 350 G,Panadería y Pastelería,1,True,False,False,False,False
CAT-9616,Servilletas De Papel 2 Capas 33X32 Cm Carrefour Home 100 Unid,Bazar y Varios,1,True,False,False,False,False
CAT-9636,Papel De Cocina Resistente Maxi Roll Carrefour Essential 1 Rollo,Bazar y Varios,1,True,False,False,False,False
CAT-9662,Laca Fijacion Fuerte De Larga Duracion Soft Carrefour 300 Ml,Sin categoría,1,True,False,False,False,False
CAT-9681,Perejil Hoja Carrefour Classic 10 G,Sin categoría,1,True,False,False,False,False
CAT-9659,Caldo Para Paella Classic Carrefour Sin Gluten 1 L,Despensa,1,True,False,False,False,False
CAT-9679,Galletas Con Leche Para Perro Carrefour Companino 350 G,Desayuno y Snack,1,True,False,False,False,False
CAT-8531,Desodorante En Spray Energy Perfume Amaderado Men Carrefour 150 Ml,Cuidado personal e Higiene,1,True,False,False,False,False
CAT-9529,Compresas Ultra Finas Super Con Alas Ecologicas Pure Soft Carrefour 10 Ud,Cuidado personal e Higiene,1,True,False,False,False,False
CAT-9784,Galletas Para Perros Carrefour 15 Kg,Desayuno y Snack,1,True,False,False,False,False
CAT-8023,Pienso Esterilizado De Pollo Para Perro Mini Adulto Ultima 135 Kg,Carnicería y Charcutería,1,False,False,False,True,False
CAT-8093,Pienso De Buey Con Arroz Microbioma Intestinal Equilibrado Para Perro Adulto Purina One Mediummaxi 7 Kg,Despensa,1,False,False,False,True,False
CAT-8572,Pienso De Pollo Sin Cereales Con Frutas Y Verduras Para Perro Senior Miguau 3 Kg,Carnicería y Charcutería,1,False,False,False,True,False
CAT-8811,Vitamina C Pronutri Sin Gluten 30 Ud,Cuidado personal e Higiene,1,False,False,False,True,False
CAT-6403,Leche Infantil Para Lactantes Desde El Primer Dia En Polvo Almiron Advance 1 Sin Aceite De Palma 1200 G,Bebidas,1,False,False,False,True,False
CAT-8182,Crema Hidratante Rostro Cerave 52 Ml,Cuidado personal e Higiene,1,False,False,False,True,False
CAT-9140,Comida Humeda En Gelatina Festin De Sabores Para Gato Purina Felix Duo 12X85 G,Mascotas,1,False,False,False,True,False
CAT-9694,Bebida De Naranja Y Mango Carrefour Classic Sin Azucar Anadido Brik 1 L,Despensa,1,True,False,False,False,False
CAT-9705,Caja De Panuelos Deco Carrefour 60 Ud,Sin categoría,1,True,False,False,False,False
CAT-9713,Kale Carrefour El Mercado 200 G,Sin categoría,1,True,False,False,False,False
CAT-9696,Bebida De Melocoton Carrefour Classic Sin Azucar Pack De 6 Briks De 20 Cl,Despensa,1,True,False,False,False,False
CAT-9698,Bebida De Fruta Pina Carrefour Classic Sin Azucar Anadido Brik 1 L,Despensa,1,True,False,False,False,False
CAT-9699,Bebida De Maracuya Manzana Y Mango Carrefour Classic Sin Azucar Anadido Brik 1 L,Despensa,1,True,False,False,False,False
CAT-9700,Bebida De Fruta Guayaba Carrefour Classic Sin Azucar Anadido Brik 1 L,Despensa,1,True,False,False,False,False
CAT-9732,Huevos M L Ecologicos Carrefour Bio 6 Ud,Lácteos y Huevos,1,True,False,False,False,False
CAT-9727,Cafe Latte Macchiatto Light Carrefour Sensation Sin Gluten 250 Ml,Desayuno y Snack,1,True,False,False,False,False
CAT-9728,Cafe Latte Espresso Carrefour Sensation Sin Gluten 250 Ml,Desayuno y Snack,1,True,False,False,False,False
CAT-9729,Cafe Latte Macchiatto Carrefour Sensation Sin Gluten 250 Ml,Desayuno y Snack,1,True,False,False,False,False
CAT-9702,Pipas De Calabaza Crudas Y Peladas Carrefour Sin Sal Anadida 150 G,Desayuno y Snack,1,True,False,False,False,False
CAT-9717,Comida Humeda De Pollo Y Atun Para Gato Purina One Sensitive 4X85 G,Carnicería y Charcutería,1,True,False,False,False,False
CAT-9724,Snack De Pollo Y Higado Para Gato Sticks Carrefour 6 Unidades De 5 G,Carnicería y Charcutería,1,True,False,False,False,False
CAT-9714,Napolitana Bombon Carrefour 4 Ud,Panadería y Pastelería,1,True,False,False,False,False
CAT-9711,Pan Batard Carrefour 1 Ud,Panadería y Pastelería,1,True,False,False,False,False
CAT-9733,Papel Higienico Original Scottex 48 Rollos,Bazar y Varios,1,True,False,False,False,False
CAT-9758,Quitaesmalte Con Glicerina Express Soft Carrefour 200 Ml,Sin categoría,1,True,False,False,False,False
CAT-9771,Nata Montada Azucarada Ligera Carrefour Spray 250 G,Despensa,1,True,False,False,False,False
CAT-9750,Queso Gouda Loncheado Carrefour 150 G,Lácteos y Huevos,1,True,False,False,False,False
CAT-9752,Libritos De Lomo Con Jamon Cocido Y Queso Edam 230 G,Lácteos y Huevos,1,True,False,False,False,False
CAT-9763,Canas Rellenas De Crema Al Cacao Carrefour Classic 380 G,Desayuno y Snack,1,True,False,False,False,False
CAT-9776,3 Estropajos Salvaunas Universale Spontex    Verde,Hogar,1,True,False,False,False,False
CAT-9741,Oreja De Cerdo Carrefour El Mercado 200 G Aprox,Carnicería y Charcutería,1,True,False,False,False,False
CAT-9766,Snack Dental Para Perro Carrefour Companino 180 G,Mascotas,1,True,False,False,False,False
CAT-9762,Mini Redondos De Chocolate Carrefour 155 G,"Azúcar, caramelos y chocolate",1,True,False,False,False,False
CAT-9772,Mini Barrita De Chocolate Con Corazon De Leche Carrefour Classic 200 G,"Azúcar, caramelos y chocolate",1,True,False,False,False,False
CAT-9743,Papel De Cocina Compacto Ecologico Carrefour Eco Planet 2 Rollos,Bazar y Varios,1,True,False,False,False,False
CAT-9804,Tarta Helada Laminada De Nata Carrefour 525 G,Sin categoría,1,True,False,False,False,False
CAT-9783,Picos Integrales Con Aceite De Oliva Y Ajonjoli Carrefour El Mercado 240 G,Despensa,1,True,False,False,False,False
CAT-9801,Tomate Triturado Classic Carrefour 780 G,Conservas y Enlatados,1,True,False,False,False,False
CAT-9792,Pollo Certificado Limpio Carrefour 2 Kg,Carnicería y Charcutería,1,True,False,False,False,False
CAT-9782,Reganas De Pan Carrefour El Mercado 500 G,Panadería y Pastelería,1,True,False,False,False,False
CAT-9813,Papel Higienico Ecologico Carrefour Eco Planet 4 Rollos,Bazar y Varios,1,True,False,False,False,False
CAT-9794,Anillas A La Romana Carrefour Extra 500 G,Pescadería,1,True,False,False,False,False
CAT-9839,Helado De Vainilla Y Macadamia Con Salsa De Caramelo Carrefour Sensation 900 Ml,Despensa,1,True,False,False,False,False
CAT-9834,Esparrago Blanco Carrefour 205 G,Conservas y Enlatados,1,True,False,False,False,False
CAT-9824,Pan De Molde Integral 800 G,Panadería y Pastelería,1,True,False,False,False,False
CAT-4483,Patata Ecologica Carrefour Bio 2 Kg,Sin categoría,1,True,False,False,False,False
CAT-4931,Monster Energy Bebida Energetica Taurinaginseng Lata 500 Ml,Bebidas,1,False,False,False,True,False
CAT-5938,Sprite De Lima Limon Sin Azucar Botella 2 L,Bebidas,1,False,False,False,True,False
CAT-5933,Toallitas Higienicas Para Adultos Absodys Soft Carrefour 64 Ud,Sin categoría,1,True,False,False,False,False
CAT-8911,Colesterol Pronutri Sin Gluten 30 Ud,Bebidas,1,False,False,False,True,False
CAT-6057,Agua Micelar Desmaquillante Rostro Y Ojos Sensibles Avne 400 Ml,Cuidado personal e Higiene,1,False,False,False,True,False
CAT-7159,Carbonato De Magnesio En Polvo Ana Maria Lajusticia Sin Gluten Y Sin Lactosa 130 G,Cuidado personal e Higiene,1,False,False,False,True,False
CAT-6558,Colageno Sabor Vainilla Epaplus Sin Gluten Y Sin Lactosa 328 G,Cuidado personal e Higiene,1,False,False,False,True,False
CAT-4635,Aquilea Vigor 60 Ud,Cuidado personal e Higiene,1,False,False,False,True,False
CAT-9270,Contorno De Ojos Rellenador De Arrugas Hyaluron Filler Eucerin 1 Ud,Cuidado personal e Higiene,1,False,False,False,True,False
CAT-8676,Vitamina C Triple Accion Defensas Naranja En Comprimidos Leotron Sin Gluten Sin Lactosa 36 Ud,Cuidado personal e Higiene,1,False,False,False,True,False
CAT-8686,Crema Facial Para Piel Seca Rellenador De Arrugas Hyaluron Filler Para El Dia Con Fp15 Eucerin 50 Ml,Cuidado personal e Higiene,1,False,False,False,True,False
CAT-4986,Crema De Noche Hyaluron Activ B3 Avne 40 Ml,Cuidado personal e Higiene,1,False,False,False,True,False
CAT-4231,Crema Nutritiva Revitalizante Avene 50 Ml,Cuidado personal e Higiene,1,False,False,False,True,False
CAT-8062,Desmaquillante Suavidad Ojos Avene 125 Ml,Cuidado personal e Higiene,1,False,False,False,True,False
CAT-7489,Agua Micelar Triple Accion Hydro Boost Neutrogena Pack De 2 Unidades De 400 Ml,Cuidado personal e Higiene,1,False,False,False,True,False
CAT-6559,Colageno Sabor Limon Epaplus Sin Gluten Y Sin Lactosa 331 G,Cuidado personal e Higiene,1,False,False,False,True,False
CAT-9518,Vitalizador De La Piel Doble Efecto Flash Germinal 5 Ud,Cuidado personal e Higiene,1,False,False,False,True,False
CAT-9605,Omega 3 En Capsulas Blandas Phytofarma 270 Ud,Cuidado personal e Higiene,1,False,False,False,True,False
CAT-6352,Omega 3 En Capsulas Blandas Sanon 100 Ud,Cuidado personal e Higiene,1,False,False,False,True,False
CAT-8132, Ashwagandha Sanon 90 Ud,Cuidado personal e Higiene,1,False,False,False,True,False
CAT-9606,Colageno Hidrolizado En Comprimidos Sanon Sin Gluten 180 Ud,Cuidado personal e Higiene,1,False,False,False,True,False
CAT-8121,Detergente Liquido Optima Clean Expert Carrefour 44 Lavados,Hogar,1,True,False,False,False,False
CAT-5711,Zumo De Pina 100 Premium Granini Botella 1 L,Bebidas,1,False,False,False,True,False
CAT-9091,Queso De Mezcla Semicurado Ya Cortado Carrefour Classic Cuna De 250 G,Lácteos y Huevos,1,True,False,False,False,False
CAT-8941,Helado Bombon Biscoff Lotus 3 Ud,Congelados,1,False,False,False,True,False
CAT-9280,Napolitana De Mantequilla Y Chocolate Carrefour 6 Ud,Lácteos y Huevos,1,True,False,False,False,False
CAT-8927,Helado Mini Bombon Exotic  Berries Solero Solero Frigo Sin Gluten 6 Ud,Congelados,1,False,False,False,True,False
CAT-9313,Refresco Sabor Naranja Carrefour Classic Botella 2 L,Bebidas,1,True,False,False,False,False
CAT-9649,Ambientador De Varillas Frutos Rojos Essential Carrefour 45 Ml,Hogar,1,True,False,False,False,False
CAT-7241,Zumo Florida Sunny Delight 125 L,Bebidas,1,False,False,False,True,False
CAT-9845,Repelente De Insectos Spray Carrefour 125 Ml,Sin categoría,1,True,False,False,False,False
CAT-1000,Lentejas a la jardinera,Platos preparados,1,True,False,False,False,False
CAT-9849,Zumo De Frutas Y Leche Carrefour Sabor Tropical Brik 1 L,Bebidas,1,True,False,False,False,False
CAT-9850,Zumo De Frutas Y Leche Carrefour Sabor Mediterraneo Brik 1 L,Bebidas,1,True,False,False,False,False
CAT-9851,Zumo De Frutas Y Leche Carrefour Sabor Tropical Pack De 3 Briks De 33 Cl,Bebidas,1,True,False,False,False,False
CAT-9871,Lcasei Liquido Sabor Fresa Carrefour Classic Pack De 6 Unidades De 100 G,Sin categoría,1,True,False,False,False,False
CAT-9900,Zumo De Naranja Carrefour Botella 1 L,Bebidas,1,True,False,False,False,False
CAT-9902,Zumo De Naranja Y Mango Carrefour Botella 1 L,Bebidas,1,True,False,False,False,False
CAT-9894,Noodles Sabor Pollo Carrefour 85 G,Despensa,1,True,False,False,False,False
CAT-9888,Lcasei Liquido Sabor Fresa Platano Y Pina Coco Carrefour Classic Pack De 12 Unidades De 100 G,Frutas y Verduras,1,True,False,False,False,False
CAT-9886,Aperitivo De Maiz Zapitos Carrefour Kids Sin Gluten 80 G,Desayuno y Snack,1,True,False,False,False,False
CAT-9920,Patatas En Dados Carrefour 450 G,Sin categoría,1,True,False,False,False,False
CAT-9946,Palmera Supremas Carrefour 4 Ud,Sin categoría,1,True,False,False,False,False
CAT-9918,Salsa De Tomate De La Abuela Carrefour Tarro 300 G,Despensa,1,True,False,False,False,False
CAT-9916,Gazpacho Carrefour Sin Gluten 1 L,Conservas y Enlatados,1,True,False,False,False,False
CAT-9915,Queso De Untar Clasico Carrefour Classic 300 G,Lácteos y Huevos,1,True,False,False,False,False
CAT-9925,Filete De Merluza Del Cabo Carrefour 600 G,Pescadería,1,True,False,False,False,False
CAT-9929,Snack Hueso De Masticar Para Perro Mini Vitalive Chew Bones Carrefour Companino 4 Ud,Mascotas,1,True,False,False,False,False
CAT-9931,Hueso De Masticar Para Perro Carrefour 20 Cm,Mascotas,1,True,False,False,False,False
CAT-9932,Snacks Huesos Anudados De Piel De Buey Para Perro Carrefour Pack De 4 Unidades,Mascotas,1,True,False,False,False,False
CAT-9933,Snack Hueso Anudado De Buey Para Perro Carrefour 20 Cm,Mascotas,1,True,False,False,False,False
CAT-9926,Papel De Cocina Megarollo Scottex 3 Rollos,Bazar y Varios,1,True,False,False,False,False
CAT-9973,Guante Satinado De Latex Carrefour  M 2 Ud   Amarillo,Sin categoría,1,True,False,False,False,False
CAT-9978,Guante Reforzado De Latex Carrefour  P 2 Ud   Bicolor,Sin categoría,1,True,False,False,False,False
CAT-9981,Guante Reforzado De Latex Carrefour G 2 Ud   Bicolor,Sin categoría,1,True,False,False,False,False
CAT-9982,2 Guantes Especial Lejia De Nitrilo Carrefour  P   Verde,Hogar,1,True,False,False,False,False
CAT-9983,2 Guantes Especial Lejia De Nitrilo Carrefour  M   Verde,Hogar,1,True,False,False,False,False
CAT-9961,Ambientador Para Coche Oceano Carrefour 1 Ud,Hogar,1,True,False,False,False,False
CAT-9950,Pack Mopa Y 10 Gamuzas Atrapapolvo Desechables Carrefour,Hogar,1,True,False,False,False,False
CAT-9972,2 Guantes Satinados De Latex Carrefour  P   Amarillo,Hogar,1,True,False,False,False,False
CAT-9974,2 Guantes Satinados De Latex Carrefour  G   Amarillo,Hogar,1,True,False,False,False,False
CAT-9955,Mini Berlinas Bombon Carrefour 5 Ud,"Azúcar, caramelos y chocolate",1,True,False,False,False,False
CAT-9991,100 Guantes Desechables De Nitrilo Carrefour  Mg   Azul,Hogar,1,True,False,False,False,False
CAT-9911,Gel Fijador Extrafuerte Carrefour 250 Ml,Cuidado personal e Higiene,1,True,False,False,False,False
CAT-1031,Bebida energética Energy Ultra zero Monster,Bebidas,1,True,False,False,False,False
CAT-5191,Coca Cola Zero Azucar Pack 4 Botellas 50 Cl,Bebidas,1,False,False,False,True,False
CAT-4940,Vino Tinto Reserva Cune Doca Rioja 75 Cl,Bebidas,1,False,False,False,True,False
CAT-9321,Comida Humeda De Buey Ternera Y Cordero Para Gato Purina Gourmet Mon Petit 6X50 G,Carnicería y Charcutería,1,False,False,False,True,False
CAT-6422,Red Bull Bebida Energetica Sin Azucar Pack 4 Latas 25 Cl,Bebidas,1,False,False,False,True,False
CAT-7818,Vino Tinto Roble Tempranillo Vina Mayor Do Ribera Del Duero 75 Cl,Bebidas,1,False,False,False,True,False
CAT-7040,Conos Con Helado De Vainilla Extrme Nestle 6 Ud,Congelados,1,False,False,False,True,False
CAT-1266,Queso semicurado mezcla cortado en cuñitas,Lácteos y Huevos,1,True,False,False,False,False
CAT-3162,"Helado 3 sabores chocolate, vainilla y fresa",Congelados,1,True,False,False,False,False
CAT-3545,Cebollas dulces,Frutas y Verduras,1,True,False,False,False,False
CAT-2500,Jamón cocido extra finas lonchas,Carnicería y Charcutería,1,True,False,False,False,False
CAT-3562,Mantequilla sin lactosa,Lácteos y Huevos,1,True,False,False,False,False
CAT-4971,Complemento Alimenticio En Capsulas Dememory Studio 60 Ud,Cuidado personal e Higiene,1,False,False,False,True,False
CAT-9449,Peptidos De Colageno Vital Proteins 567 G,Cuidado personal e Higiene,1,False,False,False,True,False
CAT-6353,Cartilago De Tiburon Sanon 100 Ud,Cuidado personal e Higiene,1,False,False,False,True,False
CAT-7586,Crema Facial Elasticity Eucerin 50 Ml,Cuidado personal e Higiene,1,False,False,False,True,False
CAT-4811,Vitamina C Zinc Sabor Naranja Aquilea 14 Ud,Cuidado personal e Higiene,1,False,False,False,True,False
CAT-6443,Aceite De Almendras Con Aloe Vera Phytofarma 250 Ml,Cuidado personal e Higiene,1,False,False,False,True,False
CAT-4741,Crema De Noche Antiedad Elasticity  Filler Eucerin 50 Ml,Cuidado personal e Higiene,1,False,False,False,True,False
CAT-4630,Dermocapillaire Champu Urea Eucerin 250 Ml,Cuidado personal e Higiene,1,False,False,False,True,False
CAT-8687,Crema Facial Rellenador De Arrugas Hyaluron Filler Para La Noche Eucerin 50 Ml,Cuidado personal e Higiene,1,False,False,False,True,False
CAT-8498,Aceite Para La Celulitis De Abedul Weleda 100 Ml,Cuidado personal e Higiene,1,False,False,False,True,False
CAT-9859,Crema De Manos Elasticidad Intensa Spf20 Neutrogena 75 Ml,Cuidado personal e Higiene,1,False,False,False,True,False
CAT-9574,Balsamo Calmante Tolerance Control Avne 40 Ml,Cuidado personal e Higiene,1,False,False,False,True,False
CAT-7331,Crema Facial De Noche Intensiva Reestructurante Eau Thermale Avne 40 Ml,Cuidado personal e Higiene,1,False,False,False,True,False
CAT-9572,Balsamo Relipidizante Xeracalm Ad Avne 400 Ml,Cuidado personal e Higiene,1,False,False,False,True,False
CAT-3801,Horchata fresca,Lácteos y Huevos,1,True,False,False,False,False
CAT-9018,Pilas Alcalinas Carrefour Itech  Aaalr03 Paquete 4,Bazar y Varios,1,True,False,False,False,False
CAT-9116,Antihumedad Recambio Expert Carrefour 1 Ud,Hogar,1,True,False,False,False,False
CAT-9189,Bote Cuadrado De Plastico Carrefour Home  07L 3 Ud   Bicolor,Sin categoría,1,True,False,False,False,False
CAT-9202,Langostinos Extra Grandes Crudos Carrefour 800 G,Pescadería,1,True,False,False,False,False
CAT-9615,Servilletas De Papel 3 Capas 33X33 Cm Carrefour Home 50 Unid,Bazar y Varios,1,True,False,False,False,False
CAT-5484,Preparado Lacteo Omega 3 Puleva Sin Gluten Brik 1 L,Cuidado personal e Higiene,1,False,False,False,True,False
CAT-9085,Jamon Curado En Lonchas 1954 Elpozo Sin Gluten Y Sin Lactosa 225 G,Carnicería y Charcutería,1,False,False,False,True,False
CAT-9062,Jamon Curado En Lonchas Elpozo 1954  Sin Gluten Y Sin Lactosa 80 G,Carnicería y Charcutería,1,False,False,False,True,False
CAT-9061,Pechuga De Pavo En Lonchas El Pozo Sin Gluten 225 G,Carnicería y Charcutería,1,False,False,False,True,False
CAT-9080,Chorizo Nobleza En Lonchas Elpozo Sin Gluten 65 G,Carnicería y Charcutería,1,False,False,False,True,False
CAT-9058,Fiambre De Magro De Cerdo En Lonchas Elpozo Sin Gluten 250 G,Carnicería y Charcutería,1,False,False,False,True,False
CAT-9073,Fuet Casero El Pozo Sin Gluten Pack De 2 Unidades De 150 G,Carnicería y Charcutería,1,False,False,False,True,False
CAT-9059,Mortadela De Pavo En Lonchas Elpozo Sin Gluten 250 G,Carnicería y Charcutería,1,False,False,False,True,False
CAT-9086,Pechuga De Pavo Sin Grasa En Pieza Bienstar Elpozo Sin Gluten Y Sin Lactosa 340 G,Carnicería y Charcutería,1,False,False,False,True,False
CAT-9081,Fiambre De Magro De Cerdo Para Sandwich En Lonchas Elpozo Sin Gluten 300 G,Carnicería y Charcutería,1,False,False,False,True,False
CAT-9092,Bacon Cocido Ahumado En Lonchas El Pozo Sin Gluten Y Sin Lactosa 110 G,Carnicería y Charcutería,1,False,False,False,True,False
CAT-9057,Fuet Original En Pieza Navidul Sin Gluten 170 G,Carnicería y Charcutería,1,False,False,False,True,False
CAT-9090,Pechuga De Pavo En Pieza Bienstar Elpozo Sin Gluten Y Sin Lactosa 340 G,Carnicería y Charcutería,1,False,False,False,True,False
CAT-9088,Mortadela Siciliana En Lonchas El Pozo Sin Gluten 225 G,Carnicería y Charcutería,1,False,False,False,True,False
CAT-9044,Red Bull Spring Edition Bebida Energetica Sabor Cereza Sin Azucar Lata 25 Cl,Bebidas,1,False,False,False,True,False
CAT-9036,Schweppes De Naranja Lata 33 Cl,Bebidas,1,False,False,False,True,False
CAT-9100,Snack De Maiz Desde 9 Meses Con Aceite De Oliva Virgen Extra Ecologico Bluey Puffs Hero Solo Sin Gluten 38 G,Despensa,1,False,False,False,True,False
CAT-9135,Comida Humeda En Gelatina Festin Del Mar Para Gato Purina Felix Fantastic 4X85 G,Bebidas,1,False,False,False,True,False
CAT-9136,Comida Humeda En Gelatina Festin Del Mar Para Gato Purina Felix Fantastic 12X85 G,Bebidas,1,False,False,False,True,False
CAT-9131,Comida Humeda En Gelatina Festin De Sabores Para Gato Purina Felix Sensations 12X85 G,Mascotas,1,False,False,False,True,False
CAT-9132,Comida Humeda En Gelatina Festin Del Mar Para Gato Purina Felix Sensations 12X85 G,Mascotas,1,False,False,False,True,False
CAT-9137,Comida Humeda En Gelatina Seleccion De Verduras Para Gato Purina Felix Fantastic 4X85 G,Bebidas,1,False,False,False,True,False
CAT-9007,Complemento Alimenticio Desde 12 Meses Sabor Vainilla Pediasure 850Gr,Cuidado personal e Higiene,1,False,False,False,True,False
CAT-9016,Limpiador Anti Rugosidades Cerave 236 Ml,Hogar,1,False,False,False,True,False
CAT-1004,Agua mineral pequeña Cortes,Bebidas,1,True,False,False,False,False
CAT-1322,Picada de ajo y perejil,Frutas y Verduras,1,True,False,False,False,False
CAT-1788,Queso semicurado de oveja,Lácteos y Huevos,1,True,False,False,False,False
CAT-4927,Regaliz De Goma Sabor Fresa Rellenos Con Zumo De Fruta Fini 125 G,Bebidas,1,False,False,False,True,False
CAT-5820,Leche Desnatada Enriquecida En Proteinas Calcio Y Vitaminas K D Y B12 Puleva Sin Lactosa 1 L,Cuidado personal e Higiene,1,False,False,False,True,False
CAT-9060,Jamon Cocido Extra En Lonchas Elpozo Sin Gluten Y Sin Lactosa 225 G,Carnicería y Charcutería,1,False,False,False,True,False
CAT-9232,Helado De Cola Push Up Classic Carrefour Sin Gluten 6 Ud,Congelados,1,True,False,False,False,False
CAT-9584,Limpiador De Hornos Con Sosa Caustica Carrefour Expert 500 Ml,Hogar,1,True,False,False,False,False
CAT-9082,Bacon Cocido Ahumado En Lonchas King Upp Elpozo Sin Gluten Y Sin Lactosa 150 G,Carnicería y Charcutería,1,False,False,False,True,False
CAT-5773,Preparado Con Aceite De Coco Y Vitamina B12 En Lonchas Violife Sin Gluten Y Sin Lactosa 200 G,Cuidado personal e Higiene,1,False,False,False,True,False
CAT-7992,Schweppes Limon Zero Botella 15 L,Bebidas,1,False,False,False,True,False
CAT-9209,Red Bull Bebida Energetica Pack 8 Latas 25 Cl,Bebidas,1,False,False,False,True,False
CAT-9204,Vino Tinto Crianza Vina Cumbrero Doca Rioja 75 Cl,Bebidas,1,False,False,False,True,False
CAT-9168,Espuma De Afeitar Refrescante Con Eucalipto Para Piel Sensible Series Gillette 200 Ml,Cuidado personal e Higiene,1,False,False,False,True,False
CAT-9169,Gel De Afeitado Con Aceite De Almendras Para Piel Sensible  X5 Accion Fusion Gillette 200 Ml,Cuidado personal e Higiene,1,False,False,False,True,False
CAT-9153,Mascarilla Facial Con Vitamina C Y Acido Hialuronico Hidratante  Iluminadora Skin Active Garnier 1 Ud,Cuidado personal e Higiene,1,False,False,False,True,False
CAT-9171,Balsamo Labial Hidratante Carmex 1 Ud,Cuidado personal e Higiene,1,False,False,False,True,False
CAT-1013,Verdura para paella ultracongelada,Congelados,1,True,False,False,False,False
CAT-9676,Caldo De Pollo Classic Carrefour Sin Gluten Pack 4 Briks De 1 L,Despensa,1,True,False,False,False,False
CAT-9243,Crema Hidratante Nivea 400 Ml,Cuidado personal e Higiene,1,False,False,False,True,False
CAT-9595,Abrillantador Duo Power Experts Somat 500 Ml,Hogar,1,False,False,False,True,False
CAT-9186,Tapas Para Empanada Dona Petrona 410 G,Bebidas,1,False,False,False,True,False
CAT-9527,Leche Infantil De Continuacion Desde 6 Meses En Polvo Almiron Profutura 2 Duobiotik Sin Aceite De Palma Lata 800 G,Bebidas,1,False,False,False,True,False
CAT-9526,Preparado Lacteo Infantil De Crecimiento Desde 12 Meses En Polvo Almiron Profutura 3 Duobiotik Sin Aceite De Palma Lata 800 G,Bebidas,1,False,False,False,True,False
CAT-9609,Crema De Manos Urea Repair Plus Eucerin Pack De 2 Unidades De 75 Ml,Cuidado personal e Higiene,1,False,False,False,True,False
CAT-9273,Balsamo Labial Hidratante Carmex 1 Ud,Cuidado personal e Higiene,1,False,False,False,True,False
CAT-9603,Melatonina Phytofarma Sin Gluten 225 Ud,Cuidado personal e Higiene,1,False,False,False,True,False
CAT-9604,Spirulina  Vitamina B12 En Comprimidos Phytofarma 300 Ud,Cuidado personal e Higiene,1,False,False,False,True,False
CAT-8257,Jarabe Tos Family Aquilea Sin Gluten Y Sin Lactosa 150 Ml,Cuidado personal e Higiene,1,False,False,False,True,False
CAT-2073,Panecillo de queso 18%,Panadería y Pastelería,1,True,False,False,False,False
CAT-9790,Tonica Nordic Mist Zero Azucar Lata 25 Cl,Bebidas,1,False,False,False,True,False
CAT-9709,Agua Mineral Con Gas Vichy Catalan Natural Sabor Limon 50 Cl,Bebidas,1,False,False,False,True,False
CAT-6619,Kas Naranja Botella 2 L,Bebidas,1,False,False,False,True,False
CAT-6442,7Up Zero De Lima Limon Sin Azucar Pack 2 Botellas 2 L,Bebidas,1,False,False,False,True,False
CAT-5930,Nectar De Pina Don Simon Disfruta Sin Azucar Anadido Botella 15 L,Bebidas,1,False,False,False,True,False
CAT-9812,Coca Cola Sabor Vanilla Lata 33 Cl,Bebidas,1,False,False,False,True,False
CAT-4185,Vino Dulce Criaderas Y Soleras Palomino Canasta Do Jerez 75 Cl,Bebidas,1,False,False,False,True,False
CAT-5968,Whisky Dewars White Label Escoces 1 L,Bebidas,1,False,False,False,True,False
CAT-9754,Estuche De 2 Botellas De Vino Tinto Crianza 75 Cl  1 Botella Tinto Crianza Marques De Caceres Do Ca Rioja 375 Cl,Bebidas,1,False,False,False,True,False
CAT-4023,Concentrado De Granadina Rives 1 L,Bebidas,1,False,False,False,True,False
CAT-8296,Recambios Fusion5 Proglide Gillette 4 Ud ,Cuidado personal e Higiene,1,False,False,False,True,False
CAT-8786, Crema De Manos Hidratante Oliva Nivea 75 Ml,Cuidado personal e Higiene,1,False,False,False,True,False
CAT-8628,Tampones Superplus Compak Tampax 26 Ud,Cuidado personal e Higiene,1,False,False,False,True,False
CAT-9832,Crema Nivea Men 150 Ml,Cuidado personal e Higiene,1,False,False,False,True,False
CAT-9841,Suavizante Concentrado Flor Nenuco 78 Lavados,Cuidado personal e Higiene,1,False,False,False,True,False
CAT-9761,Panuelos Con Crema Hidratante 4 Capas Cream Foxy 10 Ud,Cuidado personal e Higiene,1,False,False,False,True,False
CAT-9731,Galleta De Espelta Y Fruta Ecologica Smileat Sin Azucar Anadido 220 G,Despensa,1,False,False,False,True,False
CAT-9723,Detergente Para Biberones Nuk 500 Ml ,Bebidas,1,False,False,False,True,False
CAT-7458,Recambios Mach3 Gillette 4 Ud,Cuidado personal e Higiene,1,False,False,False,True,False
CAT-7974,Perfume Para La Ropa En Perlas Concentrado Frescor De Abril  Lenor 195 G,Cuidado personal e Higiene,1,False,False,False,True,False
CAT-7468,Bolsa Basura Perfumada Autocierre De Plastico Reciclado 30L 15 Ud Alfapac   Lila,Hogar,1,False,False,False,True,False
CAT-8602,Suavizante Concentrado Maldivas Relajantes Aromaterapia Vernel 75 Lavados,Hogar,1,False,False,False,True,False
CAT-8600,Suavizante Concentrado Delicado Vernel 75 Lavados,Hogar,1,False,False,False,True,False
CAT-8034,Bolsas De Basura Jardin 100 Reciclado 100L 8 Ud Handy Bag,Hogar,1,False,False,False,True,False
CAT-9844,Lejia Con Detergente Limon Especial Cocinas Carrefour 2 L,Hogar,1,True,False,False,False,False
CAT-7582,Detergente En Capsulas Frescor Alpino Ariel 38 Lavados,Hogar,1,False,False,False,True,False
CAT-7069,Bolsita De Pera Y Frambuesa Desde 4 Meses Ecologico Hero Solo Sin Gluten Y Sin Azucar Anadido 100 G,Despensa,1,False,False,False,True,False
CAT-5564,Spray Protector Solar Kids Spf50 Science Les Cosmetiques 250 Ml,Cuidado personal e Higiene,1,False,False,False,True,False
CAT-4823,Tarrito De Espaguetis Con Carne Y Verduras Desde 10 Meses Hero Baby Pack De 2 Unidades De 235 G,Despensa,1,False,False,False,True,False
CAT-8453,Bosita De Fresa Y Platano Desde 6 Meses Danone Bledina Sin Gluten Y Sin Azucar Anadido 100 G,Despensa,1,False,False,False,True,False
CAT-6238,Tarrito De Frutas Variadas Y Galleta Desde 6 Meses Hero Baby Merienda Sin Aceite De Palma Pack De 6 Unidades De 190 G,Desayuno y Snack,1,False,False,False,True,False
CAT-8450,Tarrito De Crema De Verduras Y Pollo Desde 6 Meses Danone Bledina Sin Gluten Y Sin Azucar Anadido 200 G,Despensa,1,False,False,False,True,False
CAT-1009,Pañales bebé talla 4 de 9-14 kg Dodot,Bebes,1,True,False,False,False,False
CAT-1008,Jamón cocido jugoso lonchas,Carnicería y Charcutería,1,True,False,False,False,False
CAT-5967,Hot Dog Classic Carrefour 330 G,Sin categoría,1,True,False,False,False,False
CAT-9951,Agua Mineral Con Gas Vichy Catalan Natural 12 L,Bebidas,1,False,False,False,True,False
CAT-9958,Agua Mineral Evian Tapon Deportivo 75 Cl,Bebidas,1,False,False,False,True,False
CAT-9904,Vino Tinto Vina Lobon Botella 75 Cl,Bebidas,1,False,False,False,True,False
CAT-9979,Vino Tinto Reserva Laturce  Doca Rioja 75 Cl,Bebidas,1,False,False,False,True,False
CAT-8459,Mini Crackers 10 Meses Ecologico Bledina Sin Azucares Anadidos 30 G,Despensa,1,False,False,False,True,False
CAT-5286,Tarrito De Verduras Con Alubias Y Ternera Desde 6 Meses Ecologico Hero Solo Sin Gluten 190 G,Despensa,1,False,False,False,True,False
CAT-8847,Pants Ultra Comfort Huggies T6 1525 Kg 108 Ud,Sin categoría,1,False,False,False,True,False
CAT-9134,Gelatina Seleccion De Pescado Para Gatos Felix Original Purina 4X85 G,Mascotas,1,False,False,False,True,False
CAT-9126,Comida Humeda En Gelatina Selecciones Favoritas Para Gato Junior Purina Felix Fantastic 4X85 G,Bebidas,1,False,False,False,True,False
CAT-4994,Pienso De Pollo Para Perros Adultos Medianos Y Grandes Ultima 3 Kg,Carnicería y Charcutería,1,False,False,False,True,False
CAT-8020,Pienso Esterilizado Bolas De Pelo Con Pavo Para Gato Adulto Ultima Cat 25 Kg,Carnicería y Charcutería,1,False,False,False,True,False
CAT-9211,Collar Insectifugo Para Perro Marron Dixie,Bebidas,1,False,False,False,True,False
CAT-8344,Pienso Bolas De Pelo De Pavo Para Gato Ultima 15 Kg,Carnicería y Charcutería,1,False,False,False,True,False
CAT-8098,Pienso De Salmon Y Arroz Digestion Delicada Microbioma Intestinal Equilibrado Para Perro Purina One Mediummaxi 25 Kg,Despensa,1,False,False,False,True,False
CAT-9876,Crema De Manos Y Unas Neutrogena 75 Ml,Cuidado personal e Higiene,1,False,False,False,True,False
CAT-4737,Menu Provita Agapornis 750 Gr Vitakraft,Mascotas,1,False,False,False,True,False
CAT-8089,Perfume Para Perro De Manzana Kimbo Tokio 80 Ml,Cuidado personal e Higiene,1,False,False,False,True,False
CAT-0622,Pasta tiburón,Despensa,1,True,False,False,False,False
CAT-0704,Gotas de chocolate negro para fundir,"Azúcar, caramelos y chocolate",1,True,False,False,False,False
CAT-0913,Sosa cáustica,Hogar,1,True,False,False,False,False
CAT-1346,Abrillantador lavavajillas líquido,Hogar,1,True,False,False,False,False
CAT-1192,Postre de soja sabor chocolate,Lácteos y Huevos,1,True,False,False,False,False
CAT-1789,Helado de limón,Congelados,1,True,False,False,False,False
CAT-9971,Leche Corporal Hidratante Con Extracto De Avena Carrefour 400 Ml,Sin categoría,1,True,False,False,False,False
CAT-6906,Leche Infantil Para Lactantes Desde El Primer Dia En Polvo Almiron Advance 1 Sin Aceite De Palma Lata 800 G,Bebidas,1,False,False,False,True,False
CAT-6916,Leche Infantil Para Lactantes En Polvo Almiron Digest 1 Lata 800 G,Bebidas,1,False,False,False,True,False
CAT-6917,Leche Infantil De Continuacion Desde 6 Meses En Polvo Almiron Digest Lata 800 G,Bebidas,1,False,False,False,True,False
CAT-4387,Melatonina Forte Zzzquil Natura Sin Gluten Y Sin Lactosa 30 Ud,Cuidado personal e Higiene,1,False,False,False,True,False
CAT-8820,Spirulina Y Vitamina B12 Sistema Inmunitario Pronutri 60 Ud,Cuidado personal e Higiene,1,False,False,False,True,False
CAT-9517,Melatonina Sanon Sin Gluten 60 Ud,Cuidado personal e Higiene,1,False,False,False,True,False
CAT-5912,Liquido Lentillas Ecologico True Bausch  Lomb 300 Ml,Sin categoría,1,False,False,False,True,False
CAT-6508,Gel Limpiador Facial Vitamina C Babaria 200 Ml,Cuidado personal e Higiene,1,False,False,False,True,False
CAT-5523,Biberon De Vidrio Tetina De Silicona 0M Natural Response Philips Avent 120 Ml,Bebidas,1,False,False,False,True,False
CAT-9607,Crema De Manos Ph5 Eucerin Pack De 2 Unidades De 75 Ml,Cuidado personal e Higiene,1,False,False,False,True,False
CAT-6062,Queso Feta Carrefour Extra 200 G,Lácteos y Huevos,1,True,False,False,False,False
CAT-2894,Galletitas saladas,Desayuno y Snack,1,True,False,False,False,False
CAT-2966,Queso fresco servilleta tradicional de vaca,Lácteos y Huevos,1,True,False,False,False,False
CAT-3251,Desodorante roll-on Dry impact Nivea Men antitranspirante,Cuidado personal e Higiene,1,True,False,False,False,False
CAT-3551,Limpiador Antical,Hogar,1,True,False,False,False,False
CAT-3334,Crema de manos reparadora,Cuidado personal e Higiene,1,True,False,False,False,False
CAT-9882,Mini Redondos De Chocolate Carrefour 160 G,"Azúcar, caramelos y chocolate",1,True,False,False,False,False
CAT-9927,Snack Huesos De Pollo Para Perro Carrefour 6 Unidades 80 G,Carnicería y Charcutería,1,True,False,False,False,False
CAT-9963,Ambientador Para Coche Olor Frutos Rojos Carrefour 1 Ud,Hogar,1,True,False,False,False,False
CAT-3069,Empanadillas de atún ultracongeladas,Congelados,1,True,False,False,False,False
CAT-0006,Aceite de oliva 1º,Despensa,1,True,False,False,False,False
CAT-0124,Mortadela de pavo finas lonchas,Carnicería y Charcutería,1,True,False,False,False,False
CAT-0528,Cepillo de uñas,Cuidado personal e Higiene,1,True,False,False,False,False
CAT-0817,Verduras asadas,Conservas y Enlatados,1,True,False,False,False,False
CAT-0917,Pan de molde blanco natural rústico,Panadería y Pastelería,1,True,False,False,False,False
CAT-1021,Bebida Florida Sunny Delight,Bebidas,1,True,False,False,False,False
CAT-1773,Helado de fresa,Congelados,1,True,False,False,False,False
CAT-1852,Filetes de merluza del Cabo sin piel ultracongelados,Congelados,1,True,False,False,False,False
CAT-2570,Pan de molde cereales sin gluten,Panadería y Pastelería,1,True,False,False,False,False
CAT-4866,Mayonesa Ybarra Sin Gluten Y Sin Lactosa Envase 400 Ml,Despensa,1,False,False,False,True,False
CAT-5001,Filete 1 A Vacuno El Mercado 500 G Aprox,Carnicería y Charcutería,1,False,False,False,True,False
CAT-4713,Ginebra Nordes Premium 70 Cl,Bebidas,1,False,False,False,True,False
CAT-4945,Licor De Hierbas Geistluchs 70 Cl,Bebidas,1,False,False,False,True,False
CAT-4654,Maquinillas Desechables Para Mujer Dragonfruit Venus 3 Gillette 3 Ud,Cuidado personal e Higiene,1,False,False,False,True,False
CAT-4752,Crema Corporal Hidratante Urea Instituto Espanol 950 Ml,Cuidado personal e Higiene,1,False,False,False,True,False
CAT-4710,Recambios Gillettelabs 4 Ud,Cuidado personal e Higiene,1,False,False,False,True,False
CAT-4647,Crema De Manos Protectora Forte Para Piel Extra Seca Eudermin 75 Ml,Cuidado personal e Higiene,1,False,False,False,True,False
CAT-4699,Tarrito De Potaje De Alubias Y Verduras Desde 8 Meses Hero Baby Sin Gluten Pack De 2 Unidades De 190 G,Despensa,1,False,False,False,True,False
CAT-4810,Comida Humeda Surtido Delicias En Salsa Para Gato Adulto Purina Gourmet Perle 8X85 G,Despensa,1,False,False,False,True,False
CAT-4803,Pienso De Buey Y Arroz Para Perro Adulto Mini Purina One 800 G,Despensa,1,False,False,False,True,False
CAT-4809,Aceite De Argan Ecologico Arganour 50 Ml,Cuidado personal e Higiene,1,False,False,False,True,False
CAT-4792,Crema De Manos Atopi Control Para Piel Seca Pack 2 Unidades De 75 Ml,Cuidado personal e Higiene,1,False,False,False,True,False
CAT-4740,Crema De Dia Antiedad Elasticity  Filler Eucerin 50 Ml,Cuidado personal e Higiene,1,False,False,False,True,False
CAT-4762,Champu Fortaleza Anticaida Cleare Institute 400 Ml,Cuidado personal e Higiene,1,False,False,False,True,False
CAT-7702,Multivitaminas Vitalidad  Ginseng Vallesol 24 Ud,Cuidado personal e Higiene,1,False,False,False,True,False
CAT-4754,Melatonina Con Triptofano Sueno Retard Epaplus Sin Gluten Y Sin Lactosa 60 Ud,Cuidado personal e Higiene,1,False,False,False,True,False
CAT-4745,Aceite Para El Cuidado De La Piel Bio Oil 200 Ml,Cuidado personal e Higiene,1,False,False,False,True,False
CAT-5693,Red Bull The Sumer Edition Bebida Energetica Sabor Baya De Junio Lata 25 Cl,Bebidas,1,False,False,False,True,False
CAT-5645,Nectar De Naranja Exprimidas Juver Disfruta La Fruta Sin Azucar Anadido Brik 2 L,Bebidas,1,False,False,False,True,False
CAT-5717,Gin Tonic Beefeater Lata 25 Cl,Bebidas,1,False,False,False,True,False
CAT-5789,Crema Hidratante Nivea 75 Ml,Cuidado personal e Higiene,1,False,False,False,True,False
CAT-6350,Suavizante Concentrado Caricias Pieles Sensibles Mimosin 56 Lavados,Hogar,1,False,False,False,True,False
CAT-5281,Tarrito Verduras Con Lentejas Y Pollo Desde 6 Meses Ecologico Hero Solo Sin Gluten 190 G,Despensa,1,False,False,False,True,False
CAT-5362,Comida Humeda De Mousse Buey Para Gato Adulto Purina Gourmet Gold 85 G,Lácteos y Huevos,1,False,False,False,True,False
CAT-4995,Pienso De Pollo Para Perro Mediano Grande Adulto Ultima 75 Kg,Carnicería y Charcutería,1,False,False,False,True,False
CAT-5667,Omega 369 En Capsulas Blandas Phytofarma 360 Ud,Cuidado personal e Higiene,1,False,False,False,True,False
CAT-5344,Crema Contorno De Ojos Antiedad Retinol Boost Neutrogena 15 Ml,Cuidado personal e Higiene,1,False,False,False,True,False
CAT-6491,Zumo De Mandarina  Simon Life Botella 15 L,Bebidas,1,False,False,False,True,False
CAT-6411,Pepsi Botella 50 Cl,Bebidas,1,False,False,False,True,False
CAT-6401,Vodka Absolut Sprite Lata 25 Cl,Bebidas,1,False,False,False,True,False
CAT-6497,Monster Energy Juiced Bebida Energetica Bad Apple Lata 500 Ml,Bebidas,1,False,False,False,True,False
CAT-6440,Kas De Limon Pack De 2 Botellas De 2 L,Bebidas,1,False,False,False,True,False
CAT-6561,Agua De Aloe Vera Goya Sin Azucar Botella 50 Cl,Bebidas,1,False,False,False,True,False
CAT-6551,Lavavajillas A Mano Con Aloe Vera Y Vitamina E Mistol 950 Ml,Cuidado personal e Higiene,1,False,False,False,True,False
CAT-6402,Leche Infantil Para Lactantes En Polvo Almiron Advance Lata 400 G,Bebidas,1,False,False,False,True,False
CAT-6368,Crema Corporal Para Piel Delicada Con Camomila Baby Sebamed 750 Ml,Cuidado personal e Higiene,1,False,False,False,True,False
CAT-6790,Cerveza Saer Brau Pils Lata 33 Cl,Bebidas,1,False,False,False,True,False
CAT-6949,Zumo Tropical Don Simon Pack De 6 Briks De 20 Cl,Bebidas,1,False,False,False,True,False
CAT-6935,Agua Mineral Con Gas Solan De Cabras 75 Cl,Bebidas,1,False,False,False,True,False
CAT-6617,Kas De Naranja Pack 2 Botellas 2 L,Bebidas,1,False,False,False,True,False
CAT-6616,Tonica Schweppes Pink Zero Botella 1 L,Bebidas,1,False,False,False,True,False
CAT-6589,Coca Cola Light Pack De 4 Botellas De 2 L,Bebidas,1,False,False,False,True,False
CAT-6618,Kas Naranja Pack De 9 Latas De 33 Cl,Bebidas,1,False,False,False,True,False
CAT-6994,Set 2 Estropajos Fibra Con Esponja Antibacterias Vileda Ultra Fresh,Hogar,1,False,False,False,True,False
CAT-6784,Suavizante Concentrado Jazmin Fresco Y Lavanda Silvestre Botanical Origin 50 Lavados,Bebidas,1,False,False,False,True,False
CAT-7036,Conos Con Helado De Tres Chocolates Extreme Nestle 6 Ud,Congelados,1,False,False,False,True,False
CAT-7035,Bombon Helado De Coco Con Mango De La India Nuii Sin Gluten 3 Ud,Congelados,1,False,False,False,True,False
CAT-7482,Schweppes Citrus Zero De Mandarina Lima Naranja Y Pomelo Lata 33 Cl,Bebidas,1,False,False,False,True,False
CAT-7485,Vermut Forteni Blanco 1 L,Bebidas,1,False,False,False,True,False
CAT-7332,Coca Cola Zero Azucar Pack 4 Botellas 125 L,Bebidas,1,False,False,False,True,False
CAT-7311,Anis Dulce Altorreal 1 L,Bebidas,1,False,False,False,True,False
CAT-7364,Maquinillas Desechables Sensor3 Comfort Gillette 3 Ud,Cuidado personal e Higiene,1,False,False,False,True,False
CAT-7264,Estropajo Vileda No Raya 21 ,Hogar,1,False,False,False,True,False
CAT-7467,Bolsas De Basura Autocierre 80 Reciclado 10L 15 Ud Alfapac   Blanco ,Hogar,1,False,False,False,True,False
CAT-7466,Bolsas De Basura Autocierre 80 Reciclado 50L 10 Ud Alfapac   Blanco,Hogar,1,False,False,False,True,False
CAT-7039,Conos Con Helado De Vainilla Sin Azucar Anadido Mini Nestle 8 Ud,Despensa,1,False,False,False,True,False
CAT-7155,Protector Solar Facial Spf50 Science Les Cosmetiques 50 Ml,Cuidado personal e Higiene,1,False,False,False,True,False
CAT-6907,Leche Infantil De Continuacion Desde 6 Meses En Polvo Almiron Advance 2 Sin Aceite De Palma Lata 800 G,Bebidas,1,False,False,False,True,False
CAT-6918,Leche De Formula Anti Regurgitacion A Partir Del Primer Dia En Polvo Almiron Advance Ar 1 Lata 800 G,Bebidas,1,False,False,False,True,False
CAT-6946,Balsamo Labial Para Labios Secos Y Agrietados Aquaphor Eucerin 9 G,Cuidado personal e Higiene,1,False,False,False,True,False
CAT-6895,Triptofano Con Melatonina Magnesio Y Vitamina B6 Ana Maria Lajusticia Sin Gluten Y Sin Lactosa 60 Ud,Cuidado personal e Higiene,1,False,False,False,True,False
CAT-7639,Platano De Canarias Igp Carrefour Bio 800G Aprox,Frutas y Verduras,1,True,False,False,False,False
CAT-7581,Detergente En Capsulas Original Ariel 44 Ud,Hogar,1,False,False,False,True,False
CAT-7579,Detergente En Capsulas Toque De Lenor Frescor Sensaciones Platinum Ariel 60 Lavados,Hogar,1,False,False,False,True,False
CAT-7631,Citrato De Magnesio Solgar Sin Gluten Sin Lactosa 60 Ud,Cuidado personal e Higiene,1,False,False,False,True,False
CAT-7603,Balsamo Labial Hidratante Carmex 75 G,Cuidado personal e Higiene,1,False,False,False,True,False
CAT-7329,Tonico Capilar Hierbas Ronquina Kesmar 1 L,Bebidas,1,False,False,False,True,False
CAT-7757,Dentifrico Tratamiento Periodontal Perio Aid 100 Ml,Cuidado personal e Higiene,1,False,False,False,True,False
CAT-7781,Ginseng Complemento Alimenticio Jalea Real  Vitaminas Revital 20 Ampollas,Cuidado personal e Higiene,1,False,False,False,True,False
CAT-7322,Crema De Noche Bright Boost Neutrogena 50 Ml,Cuidado personal e Higiene,1,False,False,False,True,False
CAT-7327,Serum Iluminador Bright Boost Neutrogena 30 Ml,Cuidado personal e Higiene,1,False,False,False,True,False
CAT-0509,Patatas prefritas Waffle con piel ultracongeladas,Congelados,1,True,False,False,False,False
CAT-0514,Dentífrico Total Expert con paraprobiótico,Cuidado personal e Higiene,1,True,False,False,False,False
CAT-0476,Maquillaje serum camomila 200 beige claro,Cuidado personal e Higiene,1,True,False,False,False,False
CAT-0515,Lote hombre Como Tú Rebel,Cuidado personal e Higiene,1,True,False,False,False,False
CAT-0518,"Comida gato adulto esterilizado light Supreme con pollo fresco, frutas y verduras",Mascotas,1,True,False,False,False,False
CAT-0520,Salsa Mexicana,Despensa,1,True,False,False,False,False
CAT-0522,Conos sabor bacón y queso,Desayuno y Snack,1,True,False,False,False,False
CAT-0524,Cereales avena Crunchy,Desayuno y Snack,1,True,False,False,False,False
CAT-0530,Bebida de almendras con calcio,Lácteos y Huevos,1,True,False,False,False,False
CAT-7923,Perfume Para La Ropa En Perlas Concentrado Lenor Unstoppables Lenor 195 G,Cuidado personal e Higiene,1,False,False,False,True,False
CAT-7938,Perfume Para La Ropa En Perlas Concentrado Frescor Violeta Unstoppables Lenor 195 G,Cuidado personal e Higiene,1,False,False,False,True,False
CAT-7965,Fregona Tubular Microfibra Rozenbal   Azul,Hogar,1,False,False,False,True,False
CAT-7814,Helado De Caramelo Salado Recubierto De Chocolate Con Leche Magnum 3 Ud,Congelados,1,False,False,False,True,False
CAT-0532,Bolsa isotérmica,Hogar,1,True,False,False,False,False
CAT-8931,Wraps Tortillas De Trigo Carrefour Sensation Sin Aceite De Palma 6 Ud,Platos preparados,1,True,False,False,False,False
CAT-0534,Mousse con lenguado y salmón gato adulto Delikuit,Mascotas,1,True,False,False,False,False
CAT-0536,Hogaza de centeno 50%,Panadería y Pastelería,1,True,False,False,False,False
CAT-0540,Bolsas reutilizables,Hogar,1,True,False,False,False,False
CAT-0478,Maquillaje serum camomila 300 beige oscuro,Cuidado personal e Higiene,1,True,False,False,False,False
CAT-0480,Bizcocho,Panadería y Pastelería,1,True,False,False,False,False
CAT-7909,Perfume Para La Ropa En Perlas Concentrado Lenor Unstoppables 495 G,Cuidado personal e Higiene,1,False,False,False,True,False
CAT-7973,Perfume Para La Ropa En Perlas Concentrado Frescor Algodon Lenor 195 G,Cuidado personal e Higiene,1,False,False,False,True,False
CAT-7925,Perfume Para La Ropa En Perlas Concentrado Rubi Y Jazmin Lenor 195 G,Cuidado personal e Higiene,1,False,False,False,True,False
CAT-9999,Batido De Cacao Carrefour Sin Gluten Botella 1 L,Lácteos y Huevos,1,True,False,False,False,False
CAT-7813,Helado Crema Nata Con Salsa De Mango Ben  Jerrys 391 G ,Despensa,1,False,False,False,True,False
CAT-7815,Conos Con Helado De Fresa Cornetto 4 Ud,Congelados,1,False,False,False,True,False
CAT-7816,Helado Caramel Y Nuts Bar Magnum 4 Uds,Congelados,1,False,False,False,True,False
CAT-9997,Papel Higienico 2 Capas Carrefour Confort 12 Rollos,Bazar y Varios,1,True,False,False,False,False
CAT-9998,Papel Higienico 2 Capas Confort Carrefour Essential 32 Rollos,Bazar y Varios,1,True,False,False,False,False
CAT-0543,Salsa Gajo Rústica,Despensa,1,True,False,False,False,False
CAT-0455,Lomo de cebo ibérico 50% raza ibérica cortado a máquina,Carnicería y Charcutería,1,True,False,False,False,False
CAT-0457,Tónico facial vitaminas y minerales Facial Clean hidratante y regenerador,Cuidado personal e Higiene,1,True,False,False,False,False
CAT-0459,Mini eau de parfum mujer Flor de Mayo Diamond,Cuidado personal e Higiene,1,True,False,False,False,False
CAT-0461,Detergente ropa colada mixta Micolor en gel,Hogar,1,True,False,False,False,False
CAT-0463,Maquillaje fluido Long Lasting mate 100 porcelana,Cuidado personal e Higiene,1,True,False,False,False,False
CAT-0506,Queso raclette ahumada de vaca Richesmonts,Lácteos y Huevos,1,True,False,False,False,False
CAT-0469,Piparra,Despensa,1,True,False,False,False,False
CAT-0471,Cerveza Clásica Steinburg,Bebidas,1,True,False,False,False,False
CAT-0484,Salsa de Soja sin gluten,Despensa,1,True,False,False,False,False
CAT-0486,Ginebra strawberry Gin Glivery,Bebidas,1,True,False,False,False,False
CAT-0488,Whisky escocés James Webb,Bebidas,1,True,False,False,False,False
CAT-0490,Barritas de cereales muesli con chocolate,Desayuno y Snack,1,True,False,False,False,False
CAT-0496,Maquillaje Mate Stick multiusos 210 caramelo,Cuidado personal e Higiene,1,True,False,False,False,False
CAT-0499,Burgers vegetales con calabaza,Platos preparados,1,True,False,False,False,False
CAT-0701,Postre lácteo sin lactosa natural 0% MG 0% azúcares añadidos,Lácteos y Huevos,1,True,False,False,False,False
CAT-1001,Toallitas bebé frescas & perfumadas,Bebes,1,True,False,False,False,False
CAT-1011,Salchichas cocidas de pollo y pavo sabor ahumado,Carnicería y Charcutería,1,True,False,False,False,False
CAT-1012,Aguacate en dados congelado,Congelados,1,True,False,False,False,False
CAT-1014,Elaborado de merluza y langostino,Pescadería,1,True,False,False,False,False
CAT-1017,Pañales bebé talla 5 de 11-16 kg Dodot,Bebes,1,True,False,False,False,False
CAT-8008,Monster Energy Rehab Bebida Energetica Teapeach Lata 500 Ml,Bebidas,1,False,False,False,True,False
CAT-8060,3 Estropajos Con Esponja Classic Scotch Brite   Verde,Hogar,1,False,False,False,True,False
CAT-7832,Croquetas De Pollo Campero La Cocina De Senen Sin Gluten 240 G,Congelados,1,False,False,False,True,False
CAT-8030,Pienso Esterilizado De Pollo Para Gato Adulto Ultima Cat 25 Kg,Carnicería y Charcutería,1,False,False,False,True,False
CAT-8025,Pienso De Pollo Para Perro Mini Senior Ultima Dog 25 Kg,Carnicería y Charcutería,1,False,False,False,True,False
CAT-8094,Pienso De Pollo Con Arroz Microbioma Intestinal Equilibrado Para Perro Adulto Purina One Mediummaxi 25 Kg,Despensa,1,False,False,False,True,False
CAT-8028,Pienso Bolas De Pelo Con Pavo Para Gato Adulto Ultima Cat 25 Kg,Carnicería y Charcutería,1,False,False,False,True,False
CAT-8088,Perfume Para Perro De Fresa Kimbo Paris 80 Ml,Cuidado personal e Higiene,1,False,False,False,True,False
CAT-8090,Perfume Para Perro De Melon Kimbo Melon 80 Ml,Cuidado personal e Higiene,1,False,False,False,True,False
CAT-8092,Pienso De Pollo Con Arroz Energia Microbioma Intestinal Equilibrado Para Perro Purina One Mediummaxi Active 7 Kg,Despensa,1,False,False,False,True,False
CAT-8072,Melatonina En Gominolas Zzzquil Natura Vicks Sin Gluten Sin Lactosa 60 Ud,Cuidado personal e Higiene,1,False,False,False,True,False
CAT-8176,Crema Hidratante Corporal Cerave 340 G,Cuidado personal e Higiene,1,False,False,False,True,False
CAT-8178,Crema Reparadora Contorno De Ojos Cerave 14 Ml,Cuidado personal e Higiene,1,False,False,False,True,False
CAT-8180,Crema De Manos Reparadora Cerave 50 Ml,Cuidado personal e Higiene,1,False,False,False,True,False
CAT-8105,Colageno Marino Con Magnesio Sabor Limon  Ana Maria Lajusticia  Sin Gluten Y Sin Lactosa 180 Ud,Cuidado personal e Higiene,1,False,False,False,True,False
CAT-7888,Crema Corporal Atopi Control Eucerin 400 Ml,Cuidado personal e Higiene,1,False,False,False,True,False
CAT-0462,Guantes de látex talla pequeña-mediana,Hogar,1,True,False,False,False,False
CAT-1638,Masa pizza fresca familiar,Congelados,1,True,False,False,False,False
CAT-3074,Rabas empanadas ultracongeladas,Congelados,1,True,False,False,False,False
CAT-3916,6 Mini empanadillas de pisto,Panadería y Pastelería,1,True,False,False,False,False
CAT-8448,Vino Dulce Criaderas Y Soleras Cortijo Ceret Cream Do Jerez Xeres Sherry 75 Cl,Bebidas,1,False,False,False,True,False
CAT-8451,Vino Oloroso Criaderas Y Soleras Cortijo De Ceret Do Jerez Xeres Sherry 75 Cl,Bebidas,1,False,False,False,True,False
CAT-8419,Lenteja Pardina Categoria Extra Classic Carrefour 1 Kg,Despensa,1,True,False,False,False,False
CAT-8295,Helado De Fresa Y Mango Con Base De Arroz Y Coco Sin Azucares Mini Tarrinas Valsoia 4 Uds,Despensa,1,False,False,False,True,False
CAT-8454,Snack Infantil Flores De Lenteja Y Maiz Desde 10 Meses Ecologico Danone Bledina Sin Gluten 20 G,Despensa,1,False,False,False,True,False
CAT-8447,Tarrito De Verduras Y Ternera Desde 6 Meses Danone Bledina Sin Gluten Sin Lactosa Y Sin Azucar Anadido 200 G,Despensa,1,False,False,False,True,False
CAT-8455,Bosita De Manzana Y Platano Desde 6 Meses Danone Bledina Sin Gluten Y Sin Azucar Anadido 100 G,Despensa,1,False,False,False,True,False
CAT-8500,Crema Facial De Calendula Weleda 50 Ml,Cuidado personal e Higiene,1,False,False,False,True,False
CAT-8571,Pienso De Pollo Sin Cereales Con Frutas Y Verduras Para Perro Senior Miguau 15 Kg,Carnicería y Charcutería,1,False,False,False,True,False
CAT-8316,Pienso De Pollo Para Perro Medianogrande Dream Excellence 3 Kg,Carnicería y Charcutería,1,False,False,False,True,False
CAT-8499,Crema De Panal Calendula Ecologica Weleda Baby 75 Ml,Cuidado personal e Higiene,1,False,False,False,True,False
CAT-8323,Vitaminas Vitalidad Con Jalea Real Y Coenzima Q10 En Comprimidos Leotron Sin Gluten Sin Lactosa 30 Ud,Cuidado personal e Higiene,1,False,False,False,True,False
CAT-8442,Biberon Con Tetina De Silicona Fisiologica Sx Pro Flujo Denso 6 Meses Suavinex 360 Ml,Bebidas,1,False,False,False,True,False
CAT-8525,Crema De Manos Y Unas No Grasa Neutrogena Pack 2 Unidades De 75 Ml,Cuidado personal e Higiene,1,False,False,False,True,False
CAT-8330,Colonia Para Bebe Sin Alcohol Perfuma Y Refresca Mustela 200 Ml,Cuidado personal e Higiene,1,False,False,False,True,False
CAT-1812,Gambón grande congelado,Congelados,1,True,False,False,False,False
CAT-2224,Cinta dental con cera y sabor menta,Cuidado personal e Higiene,1,True,False,False,False,False
CAT-2081,Mascarilla Plex Repair cabello muy dañado,Cuidado personal e Higiene,1,True,False,False,False,False
CAT-2321,Enjuague bucal Sensitive & Encías zero alcohol,Cuidado personal e Higiene,1,True,False,False,False,False
CAT-2467,Crema facial gel revitalizante & iluminador Anti Ox con FPS 50 y Vitamina C,Cuidado personal e Higiene,1,True,False,False,False,False
CAT-3813,Borrador mágico,Hogar,1,True,False,False,False,False
CAT-8913,Fiambre De Pechuga De Pavo Braseada En Lonchas Campofrio Sin Gluten Y Sin Lactosa 70 G,Carnicería y Charcutería,1,False,False,False,True,False
CAT-8799,Queso Brie Punta President 200 G,Lácteos y Huevos,1,False,False,False,True,False
CAT-8906,Pechuga De Pollo Cocida En Lonchas Finissimas De Campofrio Sin Gluten Y Sin Lactosa 165 G,Carnicería y Charcutería,1,False,False,False,True,False
CAT-8788,Coca Cola Zero Azucar Pack 2 Botellas 2 L,Bebidas,1,False,False,False,True,False
CAT-8657,Dilyte Bebida Isotonica Hidrante Con Electrolitos Sabor Manzana Botella 65 Cl,Bebidas,1,False,False,False,True,False
CAT-8601,Suavizante Concentrado Dielo Azul Vernel 75 Lavados,Hogar,1,False,False,False,True,False
CAT-8603,Suavizante Lirio Irresistible Aromaterapia Vernel 75 Lavados,Hogar,1,False,False,False,True,False
CAT-8910,Gyozas De Carne Vici 400 G,Congelados,1,False,False,False,True,False
CAT-8940,Helado Sandwich De Nata Classic Maxibon 3 Ud,Congelados,1,False,False,False,True,False
CAT-8908,Gyozas De Verduras Vici 400 G,Congelados,1,False,False,False,True,False
CAT-8929,Helado Bombon Exotic Solero Frigo 3 Ud,Congelados,1,False,False,False,True,False
CAT-8932,Helado Fruit Explosion Pirulo Sin Gluten 6 Ud,Congelados,1,False,False,False,True,False
CAT-8944,Helado Fun Box Pirulo 6 Ud,Congelados,1,False,False,False,True,False
CAT-8625,Aceite De Almendras Dulces Con Rosa Mosqueta Phytofarma 250 Ml,Cuidado personal e Higiene,1,False,False,False,True,False
CAT-8751,Crema De Manos Concentrada 50 Ml  Labial Spf 20 1 Ud Formula Noruega Neutrogena ,Cuidado personal e Higiene,1,False,False,False,True,False
CAT-8689,Champu Matizador Violeta Cleare Institute 400 Ml,Cuidado personal e Higiene,1,False,False,False,True,False
CAT-2756,Compresa con alas noche,Cuidado personal e Higiene,1,True,False,False,False,False
CAT-1707,Preparado de carne picada vacuno,Carnicería y Charcutería,1,True,False,False,False,False
CAT-1568,Calamar troceado limpio congelado,Congelados,1,True,False,False,False,False
CAT-1682,Bálsamo facial corporal infantil pieles atópicas,Bebes,1,True,False,False,False,False
CAT-1871,Queso lonchas emmental de vaca,Lácteos y Huevos,1,True,False,False,False,False
CAT-1965,Pizza pepperoni,Congelados,1,True,False,False,False,False
CAT-1972,Salmorejo fresco,Conservas y Enlatados,1,True,False,False,False,False
CAT-2019,Pimientos del piquillo rellenos de bacalao ultracongelados,Congelados,1,True,False,False,False,False
CAT-2261,"Crema de manos, cara y cuerpo Nivea Soft hidratante intensiva",Cuidado personal e Higiene,1,True,False,False,False,False
CAT-2454,Croissant relleno de crema al cacao,Panadería y Pastelería,1,True,False,False,False,False
CAT-2472,Pan de molde 100% integral familiar,Panadería y Pastelería,1,True,False,False,False,False
CAT-2498,Pistacho tostado con sal,Desayuno y Snack,1,True,False,False,False,False
CAT-2534,Lomo embuchado lonchas,Carnicería y Charcutería,1,True,False,False,False,False
CAT-2648,Compresa sin alas super,Cuidado personal e Higiene,1,True,False,False,False,False
CAT-2651,Arena para gato de perlas sílice Single,Mascotas,1,True,False,False,False,False
CAT-3031,Trozo de vacuno para cocido,Carnicería y Charcutería,1,True,False,False,False,False
CAT-2984,Champú infantil,Bebes,1,True,False,False,False,False
CAT-3503,Limpiador de Tuberías,Hogar,1,True,False,False,False,False
CAT-5664,Crema Corporal Hidratante Reparadora Urea Instituto Espanol 150 Ml,Cuidado personal e Higiene,1,False,False,False,True,False
CAT-3728,Masa fresca empanada,Despensa,1,True,False,False,False,False
CAT-3906,Pizza 4 quesos familiar,Congelados,1,True,False,False,False,False
CAT-4813,Pienso De Buey Y Pescado Para Perro Adulto Purina Friskies Vitafit Omega 3 Kg,Cuidado personal e Higiene,1,False,False,False,True,False
CAT-8810,Magnesio  Vitamina B6 Pronutri Sin Gluten 90 Ud,Cuidado personal e Higiene,1,False,False,False,True,False
CAT-8824,Colageno Con Magnesio Pronutri Sin Gluten 180 Ud,Cuidado personal e Higiene,1,False,False,False,True,False
CAT-8807,Probiotico Pronutri Sin Gluten Y Sin Lactosa 15 Ud,Cuidado personal e Higiene,1,False,False,False,True,False
CAT-8819,Colageno Con Acido Hialuronico Pronutri Sin Gluten 30 Ud,Cuidado personal e Higiene,1,False,False,False,True,False
CAT-5518,Biberon Anticolico Tetina De Silicona Flujo 3  1M Natural Response Philips Avent 260 Ml,Bebidas,1,False,False,False,True,False
CAT-4564,Contorno De Ojos Tratamiento Anti Edad Xhekpon 15 Ml,Cuidado personal e Higiene,1,False,False,False,True,False
CAT-8818,Melatonina Pronutri Sin Gluten 30 Ud,Cuidado personal e Higiene,1,False,False,False,True,False
CAT-3330,Detergente ropa de Color líquido,Hogar,1,True,False,False,False,False
CAT-6802,Agua Mineral Natural Font Vella Con Zumo De Limon 115 L,Bebidas,1,False,False,False,True,False
CAT-6615,Tonica Schweppes Wild Berry Lata 25 Cl,Bebidas,1,False,False,False,True,False
CAT-6882,Coca Cola Pack 6 Botellas 2 L,Bebidas,1,False,False,False,True,False
CAT-6135,Aquarius Bebida Isotonica Sabor Limon Pack De 9 Latas De 33 Cl,Bebidas,1,False,False,False,True,False
CAT-5349,Tarrito De Verduritas Con Delicias De Pavo Desde 6 Meses Hero Solo Sin Gluten 235 G,Carnicería y Charcutería,1,False,False,False,True,False
CAT-6905,Preparado Lacteo Infantil De Crecimiento Desde 12 Meses En Polvo Almiron Advance 3 Sin Aceite De Palma Lata 800 G,Bebidas,1,False,False,False,True,False
CAT-5911,Crema Facial Antimanchas Eucerin 50 Ml,Cuidado personal e Higiene,1,False,False,False,True,False
CAT-5951,Complemento Alimenticio Piernas Ligeras Aquilea 60 Comprimidos,Cuidado personal e Higiene,1,False,False,False,True,False
CAT-3398,Cepillo para lavar con asa,Hogar,1,True,False,False,False,False
CAT-0551,Mortadela de pavo con aceitunas finas lonchas,Carnicería y Charcutería,1,True,False,False,False,False
CAT-0707,Tampones regular Tampax Pearl con aplicador,Cuidado personal e Higiene,1,True,False,False,False,False
CAT-0708,Tampones super Tampax Pearl con aplicador,Cuidado personal e Higiene,1,True,False,False,False,False
CAT-0573,Chopped cocido en lata finas lonchas,Carnicería y Charcutería,1,True,False,False,False,False
CAT-0587,Bizcocho de manzana,Panadería y Pastelería,1,True,False,False,False,False
CAT-0802,Desodorante invisible Black & White Nivea,Cuidado personal e Higiene,1,True,False,False,False,False
CAT-0768,Lavavajillas Poder 3 en 1 Fairy líquido,Hogar,1,True,False,False,False,False
CAT-2724,Té verde,Desayuno y Snack,1,True,False,False,False,False
CAT-7901,Palomitas Saladas Para Microondas Carrefour Pack De 3 Unidades De 100 G,Desayuno y Snack,1,True,False,False,False,False
CAT-9087,Sobrasada Elpozo Sin Lguten Y Sin Lactosa 250 G,Carnicería y Charcutería,1,False,False,False,True,False
CAT-9071,Pechuga De Pollo En Lonchas Elpozo Sin Gluten 225 G,Carnicería y Charcutería,1,False,False,False,True,False
CAT-8014,Nestea Te Verde Limon Bajo En Calorias Botella 50 Cl,Bebidas,1,False,False,False,True,False
CAT-8297,Recambios Maquinilla Fusion5 Gillette 8 Ud,Cuidado personal e Higiene,1,False,False,False,True,False
CAT-7580,Detergente Liquido Original Ariel 44 Lavados ,Hogar,1,False,False,False,True,False
CAT-7924,Perfume Para La Ropa En Perlas Concentrado Frescor Alpino Unstoppables Lenor 195 G,Cuidado personal e Higiene,1,False,False,False,True,False
CAT-8224,Limpiador En Crema Multiusos Limon Cif 650 Ml,Hogar,1,False,False,False,True,False
CAT-8829,Perfume Para La Ropa En Perlas Concentrado Frescor De Abril Lenor 735 G,Cuidado personal e Higiene,1,False,False,False,True,False
CAT-6751,Pizza Con Queso Y Tomate Buitoni Sin Gluten Y Sin Lactosa 360 G,Lácteos y Huevos,1,False,False,False,True,False
CAT-7812,Helado De Cookies Dougt Benjerrys 10 Uds,Desayuno y Snack,1,False,False,False,True,False
CAT-8272,Comida Humeda Arroz Y Zanahora Para Perro Adulto Canibaq 1 Kg,Despensa,1,False,False,False,True,False
CAT-7585,Contorno De Ojos Elasticity Eucerin 15 Ml,Cuidado personal e Higiene,1,False,False,False,True,False
CAT-7739,Magnesio Sabor Limon Sin Azucar Aquilea Sin Gluten Y Sin Lactosa 14 Ud,Cuidado personal e Higiene,1,False,False,False,True,False
CAT-7648,Crema Facial Mustela Hydra Bebe 40 Ml,Cuidado personal e Higiene,1,False,False,False,True,False
CAT-0774,Barquillos rellenos sabor nata,Desayuno y Snack,1,True,False,False,False,False
CAT-0746,Bebida isotónica naranja Aquarius,Bebidas,1,True,False,False,False,False
CAT-0849,Toallitas infantiles cara y manos,Bebes,1,True,False,False,False,False
CAT-0887,Gyozas de pollo y verduras congeladas,Congelados,1,True,False,False,False,False
CAT-0890,Enjuague bucal dientes y encías Listerine menta,Cuidado personal e Higiene,1,True,False,False,False,False
CAT-1343,Helado sándwich de nata,Congelados,1,True,False,False,False,False
CAT-1133,Cebolla frita crujiente,Despensa,1,True,False,False,False,False
CAT-1403,Gel de higiene íntima,Cuidado personal e Higiene,1,True,False,False,False,False
CAT-1411,Helado de leche merengada,Congelados,1,True,False,False,False,False
CAT-1434,Canelones de carne y boletus,Platos preparados,1,True,False,False,False,False
CAT-1512,Nachos tex-mex sabor queso,Desayuno y Snack,1,True,False,False,False,False
CAT-1400,Galletas Digestive,Desayuno y Snack,1,True,False,False,False,False
CAT-1730,Jabón de manos avena líquido,Cuidado personal e Higiene,1,True,False,False,False,False
CAT-2581,Cepillos interdentales Micro,Cuidado personal e Higiene,1,True,False,False,False,False
CAT-8762,Yogur Sabor Limon Galleta Fresa Y Macedonia Danone Sin Gluten Pack De 8 Unidades De 120 G,Lácteos y Huevos,1,False,False,False,True,False
CAT-4132,Yogur Sabor Platano Danone Sin Gluten Pack De 4 Unidades De 120 G,Lácteos y Huevos,1,False,False,False,True,False
CAT-9079,Salchichon Extra Nobleza El Pozo Sin Gluten 70 G,Carnicería y Charcutería,1,False,False,False,True,False
CAT-9063,Jamon Cocido Extra En Lonchas Elpozo 1954 Sin Gluten Y Sin Lactosa 120 G,Carnicería y Charcutería,1,False,False,False,True,False
CAT-4012,Gaseosa La Casera Cero Azucares Y Calorias Botella 15 L,Bebidas,1,False,False,False,True,False
CAT-9710,Cider Ladron De Manzanas Sabor Frutos Rojos Botella 25 Cl,Bebidas,1,False,False,False,True,False
CAT-4016,Sprite De Lima Limon Sin Azucar Lata 33 Cl,Bebidas,1,False,False,False,True,False
CAT-4013,Gaseosa La Casera Cero Azucares Y Calorias Lata 33 Cl,Bebidas,1,False,False,False,True,False
CAT-5247,Agua Mineral Natural Nestle Aquarel Tapon Deportivo 75 Cl,Bebidas,1,False,False,False,True,False
CAT-4041,Vino Rosado Joven Penascal 75 Cl,Bebidas,1,False,False,False,True,False
CAT-9626,Zumo De Manzana Ecologico Huerta Del Sol Botella 1 L,Bebidas,1,False,False,False,True,False
CAT-9167,Gel De Afeitado Hidratante Con Manteca De Cacao Series Gillette 200 Ml,Cuidado personal e Higiene,1,False,False,False,True,False
CAT-8580,Mascarilla Facial Real Hyaluron Hydra Some By Mi 20 G,Cuidado personal e Higiene,1,False,False,False,True,False
CAT-9759,Panuelos Family Kleenex Caja 128 Ud,Sin categoría,1,False,False,False,True,False
CAT-8458,Tarrito De Tomate Arroz Y Pescado Blanco Desde 8 Meses Danone Bledina Sin Gluten Y Sin Azucar Anadido 200 G,Despensa,1,False,False,False,True,False
CAT-8813,Lentejas Cocidas Categoria Extra Carrefour 400 G,Conservas y Enlatados,1,True,False,False,False,False
CAT-9133,Comida Humeda En Gelatina Selecciones Favoritas Para Gatos Purina Felix Fantastic 12X85 G,Bebidas,1,False,False,False,True,False
CAT-8797,Vitamina C  Zinc Sabor Naranja Sanon 20 Ud,Cuidado personal e Higiene,1,False,False,False,True,False
CAT-9610,Complemento Alimenticio Detox Y Quemagrasas Aquilea 10 Ud,Cuidado personal e Higiene,1,False,False,False,True,False
CAT-8497,Crema Reparadora Intensiva Skin Food Original Weleda 75 Ml,Cuidado personal e Higiene,1,False,False,False,True,False
CAT-6533,Aceite Para El Cuidado De La Piel Bio Oil 60 Ml,Cuidado personal e Higiene,1,False,False,False,True,False
CAT-1594,Spaghetti integral,Despensa,1,True,False,False,False,False
CAT-0527,Gazpacho tradicional,Conservas y Enlatados,1,True,False,False,False,False
CAT-1041,Salami extra lonchas,Carnicería y Charcutería,1,True,False,False,False,False
CAT-2149,Papilla verduritas con delicias de pavo Hero Solo natur +6 meses,Bebes,1,True,False,False,False,False
CAT-1220,Mascarilla cabello chocolate Color Mask,Cuidado personal e Higiene,1,True,False,False,False,False
CAT-1357,Toallitas Limpiagafas monodosis,Hogar,1,True,False,False,False,False
CAT-1127,Vino tinto tempranillo El Mandamás The Guv'Nor,Bebidas,1,True,False,False,False,False
CAT-0533,Prebase de maquillaje matificante Primer,Cuidado personal e Higiene,1,True,False,False,False,False
CAT-0535,"Comida gato júnior con pollo, frutas y verduras",Mascotas,1,True,False,False,False,False
CAT-0537,Hogaza de centeno 50% rebanado,Panadería y Pastelería,1,True,False,False,False,False
CAT-0468,Salsa de Soja,Despensa,1,True,False,False,False,False
CAT-1648,Gel facial sebo-regulador Matifica,Cuidado personal e Higiene,1,True,False,False,False,False
CAT-0512,Maquinilla depilación recargable Gillette Venus Comfortglide Breeze 3 hojas,Cuidado personal e Higiene,1,True,False,False,False,False
CAT-0516,Lote hombre 9.60 Acción,Cuidado personal e Higiene,1,True,False,False,False,False
CAT-0521,Salsa Ranch,Despensa,1,True,False,False,False,False
CAT-0474,Porras congeladas,Congelados,1,True,False,False,False,False
CAT-0477,Maquillaje serum camomila 210 beige medio,Cuidado personal e Higiene,1,True,False,False,False,False
CAT-0479,Maquillaje fluido Hydra 100 vainilla claro,Cuidado personal e Higiene,1,True,False,False,False,False
CAT-0481,Hojaldre relleno de crema de cacao,Panadería y Pastelería,1,True,False,False,False,False
CAT-0493,Barritas de galleta rellenas de arándanos,Desayuno y Snack,1,True,False,False,False,False
CAT-1135,Almendra natural,Desayuno y Snack,1,True,False,False,False,False
CAT-0495,Maquillaje Mate Stick multiusos 100 beige claro,Cuidado personal e Higiene,1,True,False,False,False,False
CAT-0500,Dátiles desecados sin hueso,Desayuno y Snack,1,True,False,False,False,False
CAT-1107,Vino tinto crianza Fidencio DO La Mancha,Bebidas,1,True,False,False,False,False
CAT-0986,Langostino crudo ultracongelado,Congelados,1,True,False,False,False,False
CAT-0987,Huevas de sepia congeladas,Congelados,1,True,False,False,False,False
CAT-1233,Tocino de cerdo,Carnicería y Charcutería,1,True,False,False,False,False
CAT-1238,Bálsamo after shave Sensitive con aloe vera y 0% alcohol,Cuidado personal e Higiene,1,True,False,False,False,False
CAT-1245,Pan redondo sin gluten,Panadería y Pastelería,1,True,False,False,False,False
CAT-1249,Café molido natural Climent,Desayuno y Snack,1,True,False,False,False,False
CAT-1253,Ron blanco superior La Recompensa,Bebidas,1,True,False,False,False,False
CAT-1259,Paño seca vajillas,Hogar,1,True,False,False,False,False
CAT-1030,Bebida energética Zero,Bebidas,1,True,False,False,False,False
CAT-1093,Tomates cherry en rama Dulcita,Frutas y Verduras,1,True,False,False,False,False
CAT-1327,Almendra tostada 0% sal añadida con piel,Desayuno y Snack,1,True,False,False,False,False
CAT-1331,Patas de pollo,Carnicería y Charcutería,1,True,False,False,False,False
CAT-1344,Helado bombón almendrado,Congelados,1,True,False,False,False,False
CAT-1354,Helado mini sándwich nata,Congelados,1,True,False,False,False,False
CAT-1141,Almendra molida,Bazar y Varios,1,True,False,False,False,False
CAT-1147,Costilla de cerdo churrasco,Carnicería y Charcutería,1,True,False,False,False,False
CAT-1154,Eau de parfum hombre My Soul Enchanted,Cuidado personal e Higiene,1,True,False,False,False,False
CAT-1168,Gel de baño exfoliante Té Chai piel normal,Cuidado personal e Higiene,1,True,False,False,False,False
CAT-1175,Desodorante aloe antitranspirante,Cuidado personal e Higiene,1,True,False,False,False,False
CAT-1412,Helado turrón,Congelados,1,True,False,False,False,False
CAT-1420,Galletas Digestive avena,Desayuno y Snack,1,True,False,False,False,False
CAT-1441,Crema de manos flor de Japón Hidrata & Perfuma,Cuidado personal e Higiene,1,True,False,False,False,False
CAT-1292,Yogur sabor macedonia,Lácteos y Huevos,1,True,False,False,False,False
CAT-1511,Nachos,Desayuno y Snack,1,True,False,False,False,False
CAT-1524,Mantel de papel color aleatorio,Hogar,1,True,False,False,False,False
CAT-1373,Copos avena tostada con semillas y frutos secos,Desayuno y Snack,1,True,False,False,False,False
CAT-1721,Malta Maltín Polar,Bebidas,1,True,False,False,False,False
CAT-1727,Helado cucurucho choco nata,Congelados,1,True,False,False,False,False
CAT-1587,Albóndigas de bacalao Camós congeladas,Congelados,1,True,False,False,False,False
CAT-1661,Nuez troceada pelada,Desayuno y Snack,1,True,False,False,False,False
CAT-1759,Refresco té sabor limón zero,Bebidas,1,True,False,False,False,False
CAT-1769,Helado de horchata,Congelados,1,True,False,False,False,False
CAT-1822,Cocktail tostado 0% sal añadida,Desayuno y Snack,1,True,False,False,False,False
CAT-1846,Trozos en salsa para perros adultos Quartett con pollo y verduras,Mascotas,1,True,False,False,False,False
CAT-1860,Protector solar infantil pediátrico Sun Med FPS 50+,Cuidado personal e Higiene,1,True,False,False,False,False
CAT-1866,Edulcorante sacarina en sobres,Despensa,1,True,False,False,False,False
CAT-1895,Bebida de avena con chocolate sin azúcares añadidos,Lácteos y Huevos,1,True,False,False,False,False
CAT-2119,Golosinas tubos sabor fresa y nata,"Azúcar, caramelos y chocolate",1,True,False,False,False,False
CAT-4221,Arroz Categoria Extra La Fallera 1 Kg,Despensa,1,False,False,False,True,False
CAT-4666,Helado De Cheesecake Con Fresas Hagen Dazs 460 Ml,Congelados,1,False,False,False,True,False
CAT-0159,Bebida energética Mango Loco Monster,Bebidas,1,True,False,False,False,False
CAT-0164,Chocolate negro fundir,"Azúcar, caramelos y chocolate",1,True,False,False,False,False
CAT-0178,Ajo y Perejil,Despensa,1,True,False,False,False,False
CAT-0183,Queso lonchas sin lactosa de vaca,Lácteos y Huevos,1,True,False,False,False,False
CAT-0215,Desodorante Dark Temptation Axe Essentiel,Cuidado personal e Higiene,1,True,False,False,False,False
CAT-0289,Detergente ropa Pieles Sensibles líquido,Hogar,1,True,False,False,False,False
CAT-0306,Limpia lavadoras líquido,Hogar,1,True,False,False,False,False
CAT-4349,Cerveza Free Damm Lager 00 Sin Alcohol Sin Gluten Lata 33 Cl,Bebidas,1,False,False,False,True,False
CAT-4188,Cerveza Franziskaner Weissbier Botella 50 Cl,Bebidas,1,False,False,False,True,False
CAT-4193,Cerveza Grimbergen Doble Ambree Botella 33 Cl,Bebidas,1,False,False,False,True,False
CAT-0371,Refresco té sabor limón Fuze Tea,Bebidas,1,True,False,False,False,False
CAT-4181,Vino Blanco Verdejo Ecologico Marques De Riscal Do Rueda 75 Cl,Bebidas,1,False,False,False,True,False
CAT-4058,Crema Irlandesa Baileys 70 Cl,Bebidas,1,False,False,False,True,False
CAT-4196,Vino Fino Crianza Bajo Velo Flor Pedro Ximenez La Sultana Domontilla Moriles 75 Cl,Bebidas,1,False,False,False,True,False
CAT-4344,La Casera Sabor Cola Lata 33 Cl,Bebidas,1,False,False,False,True,False
CAT-4238,Vino Blanco Airen Vina Lobon Do Mancha 75 Cl,Bebidas,1,False,False,False,True,False
CAT-4047,Vino Fino Palomino Fino Tio Pepe Do Jerez Xeres Sherry 75 Cl,Bebidas,1,False,False,False,True,False
CAT-4019,Bitter Kas Sin Alcohol Pack De 6 Botellas De 20 Cl,Bebidas,1,False,False,False,True,False
CAT-4215,Plato Llano De Vidrio Opal Simpl 25 Cm,Sin categoría,1,True,False,False,False,False
CAT-3038,Chorizo asturiano,Carnicería y Charcutería,1,True,False,False,False,False
CAT-4121,Aceite Corporal Natural Tratamiento De Estrias Cicatrices Y Manchas Bio Oil 60 Ml,Cuidado personal e Higiene,1,False,False,False,True,False
CAT-0375,Galletas Relieve,Desayuno y Snack,1,True,False,False,False,False
CAT-0458,Esponja de baño vegetal 100% fibras naturales,Cuidado personal e Higiene,1,True,False,False,False,False
CAT-1706,Bastoncillos algodón para bebés,Bebes,1,True,False,False,False,False
CAT-0392,Galletas tostadas,Desayuno y Snack,1,True,False,False,False,False
CAT-0635,Bolitas de pollo congeladas,Carnicería y Charcutería,1,True,False,False,False,False
CAT-0421,Bolsas congelación grandes reutilizables,Hogar,1,True,False,False,False,False
CAT-0690,Bebida láctea desnatada sabor stracciatella +Proteínas 0% azúcares añadidos 20 g proteínas,Lácteos y Huevos,1,True,False,False,False,False
CAT-1113,Solución única para lentes de contacto blandas con ácido hialurónico,Cuidado personal e Higiene,1,True,False,False,False,False
CAT-0979,Lomos de salmón sin piel congelado,Congelados,1,True,False,False,False,False
CAT-1225,Tiras adhesivas protectoras de espuma acolchado protección extra,Cuidado personal e Higiene,1,True,False,False,False,False
CAT-1262,Recipiente hermético de plástico rectangular,Hogar,1,True,False,False,False,False
CAT-1022,Pañales bebé talla 5 de 13-18 kg,Bebes,1,True,False,False,False,False
CAT-1024,Tónica,Bebidas,1,True,False,False,False,False
CAT-1038,Bebida energética Energy Drink,Bebidas,1,True,False,False,False,False
CAT-1070,Harina de trigo,Despensa,1,True,False,False,False,False
CAT-1318,Queso feta mezcla en dados,Lácteos y Huevos,1,True,False,False,False,False
CAT-1413,Desodorante invisible black + white Rexona antimanchas,Cuidado personal e Higiene,1,True,False,False,False,False
CAT-4340,Coca Cola Pack 12 Latas 33 Cl,Bebidas,1,False,False,False,True,False
CAT-4300,Bitter Kas Zero Lata 33 Cl,Bebidas,1,False,False,False,True,False
CAT-1275,Queso emmental de vaca,Lácteos y Huevos,1,True,False,False,False,False
CAT-1501,Compresa sin alas normal Classic,Cuidado personal e Higiene,1,True,False,False,False,False
CAT-4378,Vino Tinto Reserva Gran Vendema Doca Rioja 75 Cl,Bebidas,1,False,False,False,True,False
CAT-4398,Cerveza Budejovicky Botella 33 Cl,Bebidas,1,False,False,False,True,False
CAT-4399,Cerveza Tostada Azul Chimay Belga Trapense Botella 33 Cl,Bebidas,1,False,False,False,True,False
CAT-4434,Balsamo Labial Cherry Shine Liposan 48 G,Cuidado personal e Higiene,1,False,False,False,True,False
CAT-4247,After Sun Reparadora Ecran  400 Ml,Cuidado personal e Higiene,1,False,False,False,True,False
CAT-9329,Spray Bruma Protectora Para Pieles Sensibles Y Atopicas Spf50 Ecran Denenes 250 Ml,Cuidado personal e Higiene,1,False,False,False,True,False
CAT-8360,Gel Dermatologico Ph 55 Con Colageno Y Lipo Proteinas Inibsa Pack De 2 Unidades De 1 L,Cuidado personal e Higiene,1,False,False,False,True,False
CAT-4254,Champu Complemento Anticaida Anaphase Ducray 200 Ml,Cuidado personal e Higiene,1,False,False,False,True,False
CAT-3923,Palmeritas,Panadería y Pastelería,1,True,False,False,False,False
CAT-0836,Galletas Biscuit con relleno de crema de chocolate,Desayuno y Snack,1,True,False,False,False,False
CAT-0961,Tortitas de arroz con chocolate blanco sabor yogur,Desayuno y Snack,1,True,False,False,False,False
CAT-0962,Tortitas de arroz,Desayuno y Snack,1,True,False,False,False,False
CAT-0963,Tortitas de maíz campestre,Desayuno y Snack,1,True,False,False,False,False
CAT-0964,Medallones de merluza del Cabo ultracongelados,Congelados,1,True,False,False,False,False
CAT-0965,Pizza masa fina Barbacoa ultracongelada,Congelados,1,True,False,False,False,False
CAT-1421,Helado chocolate y cookies,Congelados,1,True,False,False,False,False
CAT-1390,Limpiador Muebles jabonoso para Madera,Hogar,1,True,False,False,False,False
CAT-1394,Limpiahogar desinfectante,Hogar,1,True,False,False,False,False
CAT-1396,Limpiador Placas de Inducción líquido,Hogar,1,True,False,False,False,False
CAT-1495,Jamón cocido extrafino lonchas,Carnicería y Charcutería,1,True,False,False,False,False
CAT-1723,Pasta fresca ravioli rellena de ricotta y espinacas,Despensa,1,True,False,False,False,False
CAT-5313,Agua Mineral Natural Cabreiroa Tapon Deportivo 50 Cl,Bebidas,1,False,False,False,True,False
CAT-4596,Mascarilla Facial De Tela Hydra Bomb Hidratante Revitalizante Con Acido Hialuronico Y Granada Antioxidante Skinactive Mask Tissu Garnier 1 Ud,Cuidado personal e Higiene,1,False,False,False,True,False
CAT-1563,Queso tierno mezcla cortado en cuñitas,Lácteos y Huevos,1,True,False,False,False,False
CAT-4665,Helado De Caramelo Salado Hagen Dazs Sin Gluten 400 G,Congelados,1,False,False,False,True,False
CAT-4667,Helado De Mango Y Frambuesa Hagen Dazs Sin Gluten 460 Ml,Congelados,1,False,False,False,True,False
CAT-5563,Locion Protector Solar Kids Spf50 Science Les Cosmetiques 100 Ml,Cuidado personal e Higiene,1,False,False,False,True,False
CAT-4548,Tiritas Universal Hansaplast 40 Ud,Cuidado personal e Higiene,1,False,False,False,True,False
CAT-5517,Biberon Anticolico Tetina De Silicona Flujo 4  3M Natural Response Philips Avent 330 Ml,Bebidas,1,False,False,False,True,False
CAT-5519,Biberon Anticolico Tetina De Silicona Flujo 2  0M Natural Response Philips Avent 125 Ml,Bebidas,1,False,False,False,True,False
CAT-1567,Queso gorgonzola de vaca,Lácteos y Huevos,1,True,False,False,False,False
CAT-9803,Complemento Alimenticio Sabor Chocolate Ensure Nutrivigor 850 G,Cuidado personal e Higiene,1,False,False,False,True,False
CAT-1744,Helado cucurucho vainilla caramelo con nueces pecán,Congelados,1,True,False,False,False,False
CAT-1642,Pasta fresca tagliatelle al huevo,Despensa,1,True,False,False,False,False
CAT-1810,Helado tarta de queso con fresas,Congelados,1,True,False,False,False,False
CAT-1825,Film transparente con sierra deslizante,Hogar,1,True,False,False,False,False
CAT-3829,Limpiamáquinas lavavajillas líquido,Hogar,1,True,False,False,False,False
CAT-3244,Crema corporal anticelulítico reafirmante,Cuidado personal e Higiene,1,True,False,False,False,False
CAT-1582,Mozzarella fresca de vaca en perlas,Lácteos y Huevos,1,True,False,False,False,False
CAT-1592,Macarrón rayado integral,Despensa,1,True,False,False,False,False
CAT-1779,Helado de chocolate,Congelados,1,True,False,False,False,False
CAT-1783,11 Panecillos,Panadería y Pastelería,1,True,False,False,False,False
CAT-1861,Bayeta polvo microfibra,Hogar,1,True,False,False,False,False
CAT-1862,Arroz de verduras,Platos preparados,1,True,False,False,False,False
CAT-2112,Repollo liso partido,Frutas y Verduras,1,True,False,False,False,False
CAT-2114,Flan de huevo sin azúcares añadidos,Lácteos y Huevos,1,True,False,False,False,False
CAT-3461,Pan de molde con 35% avena 0% azúcares añadidos con harina 100% integral,Panadería y Pastelería,1,True,False,False,False,False
CAT-2127,Spray bucal refrescante,Cuidado personal e Higiene,1,True,False,False,False,False
CAT-1962,Masa fresca hojaldre,Despensa,1,True,False,False,False,False
CAT-5961,Coca Cola Zero Azucar Pack 6 Botellas 2 L,Bebidas,1,False,False,False,True,False
CAT-5965,7Up Zero De Lima Limon Sin Azucar Pack 9 Latas 33 Cl,Bebidas,1,False,False,False,True,False
CAT-2325,Ambientador coche Frutos Silvestres,Hogar,1,True,False,False,False,False
CAT-2203,Fregona Microfibra Absorbente,Hogar,1,True,False,False,False,False
CAT-5818,Complemento Alimenticio En Capsulas Energisil Vigor Plus 30 Ud,Cuidado personal e Higiene,1,False,False,False,True,False
CAT-5826,Complemento Alimenticio En Capsulas De Memory Study 30 Ud,Cuidado personal e Higiene,1,False,False,False,True,False
CAT-2759,Compresa sin alas de incontinencia Normal,Cuidado personal e Higiene,1,True,False,False,False,False
CAT-2436,Picatostes fritos con ajo,Desayuno y Snack,1,True,False,False,False,False
CAT-3130,Queso lonchas cremoso light de vaca,Lácteos y Huevos,1,True,False,False,False,False
CAT-2509,Natillas de vainilla Danet,Lácteos y Huevos,1,True,False,False,False,False
CAT-3508,Arroz con leche,Lácteos y Huevos,1,True,False,False,False,False
CAT-3397,Bolsas de basura cubo alto 30L cubo mediano,Hogar,1,True,False,False,False,False
CAT-2582,Gamba cocida,Pescadería,1,True,False,False,False,False
CAT-3377,Limpia Tapicerías y Alfombras con espuma activa,Hogar,1,True,False,False,False,False
CAT-2669,Protegeslip maxi Cotton,Cuidado personal e Higiene,1,True,False,False,False,False
CAT-2028,Barritas de chocolate con leche rellenas de leche,"Azúcar, caramelos y chocolate",1,True,False,False,False,False
CAT-2955,Bayeta cristales y espejos microfibra,Hogar,1,True,False,False,False,False
CAT-3050,Solomillo de cerdo marinado congelado,Carnicería y Charcutería,1,True,False,False,False,False
CAT-2084,Loción infantil elimina liendres y piojos,Cuidado personal e Higiene,1,True,False,False,False,False
CAT-2095,Pizza Formaggi 4 quesos,Congelados,1,True,False,False,False,False
CAT-2303,Yogur líquido natural con azúcar de caña,Lácteos y Huevos,1,True,False,False,False,False
CAT-2330,Toallitas desmaquillantes Micelar & Oil para todo tipo de pieles,Cuidado personal e Higiene,1,True,False,False,False,False
CAT-2346,Boquerones en vinagre en aceite de girasol,Pescadería,1,True,False,False,False,False
CAT-2284,Alcohol 96º antiséptico,Cuidado personal e Higiene,1,True,False,False,False,False
CAT-2465,Loción corporal reafirmante Q10 Nivea y vitamina C,Cuidado personal e Higiene,1,True,False,False,False,False
CAT-2761,Compresa sin alas normal,Cuidado personal e Higiene,1,True,False,False,False,False
CAT-2766,Tampones super plus 100% algodón,Cuidado personal e Higiene,1,True,False,False,False,False
CAT-2675,Leche para lactantes en polvo 1 Nidina Nestlé,Bebes,1,True,False,False,False,False
CAT-2679,Cereales copos de trigo Chocodays con chocolate,Desayuno y Snack,1,True,False,False,False,False
CAT-2932,Mousse de pato,Carnicería y Charcutería,1,True,False,False,False,False
CAT-3132,Queso lonchas gouda de vaca,Lácteos y Huevos,1,True,False,False,False,False
CAT-3081,Absorbeolores en gel para frigorífico,Hogar,1,True,False,False,False,False
CAT-3084,Galletas Digestive manzana & avena,Desayuno y Snack,1,True,False,False,False,False
CAT-3321,Gel fijador cabello control total Giorgi fijación 5,Cuidado personal e Higiene,1,True,False,False,False,False
CAT-3355,Crema depilatoria mujer para el cuerpo piel sensible,Cuidado personal e Higiene,1,True,False,False,False,False
CAT-3367,Ambientador varitas Fruta Tropical,Hogar,1,True,False,False,False,False
CAT-3606,Mantel de papel blanco,Hogar,1,True,False,False,False,False
CAT-3464,Preservativos natural Durex,Cuidado personal e Higiene,1,True,False,False,False,False
CAT-3589,Limpiahogar Aloe Vera concentrado,Hogar,1,True,False,False,False,False
CAT-3834,Cuchillos de plástico reutilizables,Hogar,1,True,False,False,False,False
CAT-9539,Agua Mineral Ursu 9 15 L,Bebidas,1,False,False,False,True,False
CAT-6039,Desechable Sensitive Blue3 Gillette 4 Ud,Cuidado personal e Higiene,1,False,False,False,True,False
CAT-5958,Comida Humeda En Gelatina Seleccion De Sabores Para Gatos Adultos Purina Felix Fantastic 44X85 G,Bebidas,1,False,False,False,True,False
CAT-4331,Suplemento Articular Para Perro Senior Yumove 80 Ud,Cuidado personal e Higiene,1,False,False,False,True,False
CAT-5978,Melatonina Noche Flash Forte Pharma Sin Gluten Y Sin Lactosa 30 Ud,Cuidado personal e Higiene,1,False,False,False,True,False
CAT-6021,Magnesio  Potasio Sabor Naranja Sin Azucar Aquilea 14 Ud,Cuidado personal e Higiene,1,False,False,False,True,False
CAT-2961,Crema de avellanas y cacao,"Azúcar, caramelos y chocolate",1,True,False,False,False,False
CAT-2775,Protector cama tamaño 60 x 90 cm,Cuidado personal e Higiene,1,True,False,False,False,False
CAT-3879,Snack gato barritas de pollo e hígado,Mascotas,1,True,False,False,False,False
CAT-3960,Natillas de chocolate con leche,Lácteos y Huevos,1,True,False,False,False,False
CAT-3989,Bebida Kéfir natural 0% MG,Lácteos y Huevos,1,True,False,False,False,False
CAT-2869,Galletas con chocolate blanco,Desayuno y Snack,1,True,False,False,False,False
CAT-2881,Pechuga de pollo 92% lonchas,Carnicería y Charcutería,1,True,False,False,False,False
CAT-2888,Mortadela lonchas,Carnicería y Charcutería,1,True,False,False,False,False
CAT-6104,Tarrito De Pera Y Manzana Desde 4 Meses Ecologico Hero Solo Sin Gluten Pack De 6 Unidades De 120 G,Sin categoría,1,True,False,False,False,False
CAT-2981,Insecticida cucarachas y hormigas,Hogar,1,True,False,False,False,False
CAT-3063,Pizza atún ultracongelada,Congelados,1,True,False,False,False,False
CAT-3067,Filetes de merluza al huevo ultracongelados,Congelados,1,True,False,False,False,False
CAT-3085,Galletas avena,Desayuno y Snack,1,True,False,False,False,False
CAT-3183,Guisantes extra,Conservas y Enlatados,1,True,False,False,False,False
CAT-3402,Protegeslip normal Dry,Cuidado personal e Higiene,1,True,False,False,False,False
CAT-3404,Protegeslip normal Cotton,Cuidado personal e Higiene,1,True,False,False,False,False
CAT-3507,Natillas sabor vainilla,Lácteos y Huevos,1,True,False,False,False,False
CAT-3518,Jengibre,Frutas y Verduras,1,True,False,False,False,False
CAT-3526,Yogur sabores,Lácteos y Huevos,1,True,False,False,False,False
CAT-3540,Ensalada de la casa,Frutas y Verduras,1,True,False,False,False,False
CAT-3568,Perfumador ropa intensificador de fragancia,Hogar,1,True,False,False,False,False
CAT-3364,Desodorante dermo extra control Sanex antitranspirante,Cuidado personal e Higiene,1,True,False,False,False,False
CAT-3445,Comida perro adulto original,Mascotas,1,True,False,False,False,False
CAT-2215,Coloración permanente 0% amoníaco 5 castaño claro Colorcor,Cuidado personal e Higiene,1,True,False,False,False,False
CAT-3231,Champú anticaspa Menthol Ultrex todo tipo de cabello,Cuidado personal e Higiene,1,True,False,False,False,False
CAT-3463,Preservativos sensitivo suave Durex,Cuidado personal e Higiene,1,True,False,False,False,False
CAT-3492,Mousse de chocolate,Lácteos y Huevos,1,True,False,False,False,False
CAT-3500,Ensalada queso de cabra,Frutas y Verduras,1,True,False,False,False,False
CAT-3821,Lejía Multiusos,Hogar,1,True,False,False,False,False
CAT-6999,Hamburguesa De Pavo Carrefour 320 G,Carnicería y Charcutería,1,True,False,False,False,False
CAT-2005,Helado mini sándwich vainilla y cookie,Congelados,1,True,False,False,False,False
CAT-2713,Pimiento verde,Frutas y Verduras,1,True,False,False,False,False
CAT-2599,Salpicón de marisco,Pescadería,1,True,False,False,False,False
CAT-2772,Filetes pechuga de pollo,Carnicería y Charcutería,1,True,False,False,False,False
CAT-2793,Contramuslos de pollo sin piel,Carnicería y Charcutería,1,True,False,False,False,False
CAT-3068,Varitas de merluza empanadas ultracongeladas,Congelados,1,True,False,False,False,False
CAT-3513,Patatas especial para freir,Frutas y Verduras,1,True,False,False,False,False
CAT-4028,Cerveza Heineken Pack 6 Botellas 25 Cl,Bebidas,1,False,False,False,True,False
CAT-4045,Vermut Martini Rojo 1 L,Bebidas,1,False,False,False,True,False
CAT-4027,Cerveza Cruzcampo Pilsen Pack 24 Botellas 25 Cl,Bebidas,1,False,False,False,True,False
CAT-4034,Vino Tinto Crianza Cune Doca Rioja 75 Cl,Bebidas,1,False,False,False,True,False
CAT-4024,Agua Minareal Font Del Regs 8 L,Bebidas,1,False,False,False,True,False
CAT-4046,Vermut Martini Blanco 1 L,Bebidas,1,False,False,False,True,False
CAT-1183,Gel para depilar con cuchilla piel sensible,Cuidado personal e Higiene,1,True,False,False,False,False
CAT-1521,Chuletas aguja de cerdo,Carnicería y Charcutería,1,True,False,False,False,False
CAT-4040,Vino Blanco Ecologico Vina Sol Do Cataluna 75 Cl,Bebidas,1,False,False,False,True,False
CAT-4039,Vino Tinto Joven Sangre De Toro Do Cataluna 75 Cl,Bebidas,1,False,False,False,True,False
CAT-4051,Whiskey Jack Daniels 70 Cl,Bebidas,1,False,False,False,True,False
CAT-4043,Cava Freixenet Semiseco Do Cava 75 Cl,Bebidas,1,False,False,False,True,False
CAT-4069,Zumo De Naranja 100 Premium Granini Botella 1 L,Bebidas,1,False,False,False,True,False
CAT-4055,Ron Bacardi Carta Blanca 1 L,Bebidas,1,False,False,False,True,False
CAT-4032,Vino Frizzante Blanco Joven Capel 75 Cl,Bebidas,1,False,False,False,True,False
CAT-4044,Cava Freixenet Semiseco Pack De 3 Botellas De 20 Cl,Bebidas,1,False,False,False,True,False
CAT-4036,Vino Rosado Joven Tempranillo Marques De Caceres Doca Rioja 75 Cl,Bebidas,1,False,False,False,True,False
CAT-4033,Vino Frizzante Rosado Joven Capel 75 Cl,Bebidas,1,False,False,False,True,False
CAT-4059,Brandy Torres 10 Reserva Imperial Botella 70 Cl,Bebidas,1,False,False,False,True,False
CAT-4056,Licor 43 70 Cl,Bebidas,1,False,False,False,True,False
CAT-4082,Balsamo Labial Original Liposan 48 G,Cuidado personal e Higiene,1,False,False,False,True,False
CAT-4084,Crema Corporal Nutritivo Nivea 400 Ml,Cuidado personal e Higiene,1,False,False,False,True,False
CAT-4079,Desechable Blue Ii Fija Gillette 10 Ud,Cuidado personal e Higiene,1,False,False,False,True,False
CAT-4083,Quitaesmalte Hidratante Cutex 200 Ml,Sin categoría,1,True,False,False,False,False
CAT-4140,Tarrito De Zanahorias Con Arroz En Caldito De Pollo Desde 6 Meses Hero Solo Sin Gluten 235 G,Despensa,1,False,False,False,True,False
CAT-4077,Crema Hidratante Rica Hydrance Avne 40 Ml,Cuidado personal e Higiene,1,False,False,False,True,False
CAT-4130,Yogur Natural Danone Sin Gluten Pack De 4 Unidades De 120 G,Lácteos y Huevos,1,False,False,False,True,False
CAT-4145,Salchichas Cocidas Estilo Viena Wieners Con Queso Oscar Mayer Sin Gluten 200 G,Lácteos y Huevos,1,False,False,False,True,False
CAT-4169,Contactceys Ceys 30Ml,Sin categoría,1,False,False,False,True,False
CAT-4157,Crpes Empanados Rellenos De Bechamel Con Jamon Y Queso La Cocinera 300 G,Lácteos y Huevos,1,False,False,False,True,False
CAT-1700,Bebida Kéfir de fresa y plátano,Lácteos y Huevos,1,True,False,False,False,False
CAT-1747,Lenteja pardina,Despensa,1,True,False,False,False,False
CAT-1762,Tiras de pechuga pollo al horno,Carnicería y Charcutería,1,True,False,False,False,False
CAT-6927,Snack Dental Para Perro Mediano Grande Carrefour 28 Unidades 720 G,Mascotas,1,True,False,False,False,False
CAT-7044,Bolsita De Manzana Zanahoria Y Mango Ecologica My Carrefour Baby Bio 100 G,Frutas y Verduras,1,True,False,False,False,False
CAT-4159,Conos Con Helado De Tres Chocolates Carrefour 6 Ud,Congelados,1,True,False,False,False,False
CAT-4306,Zumo De Uva Roja Ecologico Carrefour Bio Brik 1 L,Bebidas,1,True,False,False,False,False
CAT-4553,Leche Desnatada Ecologica Carrefour Bio Brik 1 L,Lácteos y Huevos,1,True,False,False,False,False
CAT-4322,Coca Cola Pack 24 Latas 33 Cl,Bebidas,1,False,False,False,True,False
CAT-4346,Coca Cola Pack 4 Botellas 2 L,Bebidas,1,False,False,False,True,False
CAT-4321,Gaseosa La Casera Cero Azucares Pack 4 Botellas 15 L,Bebidas,1,False,False,False,True,False
CAT-4345,Licor Jgermeister 70 Cl,Bebidas,1,False,False,False,True,False
CAT-4328,Balsamo Facial Reconstituyente Con Acido Hialuronico Hidratante Para Piel Seca Hydro Boost Neutrogena 50 Ml,Cuidado personal e Higiene,1,False,False,False,True,False
CAT-4135,Flan De Huevo Al Bano Maria Dhul Sin Gluten Pack De 4 Unidades De 110 G,Lácteos y Huevos,1,False,False,False,True,False
CAT-4050,Whisky Dewars White Label Escoces 70 Cl,Bebidas,1,False,False,False,True,False
CAT-4341,Vino Blanco Joven Palomino Fina Castillo De San Diego Vt Cadiz 75 Cl,Bebidas,1,False,False,False,True,False
CAT-4326,Bolsita De Pera Manzana Y Platano Desde 4 Meses Ecologico Gerber Sin Gluten Y Sin Azucar Anadido Pack 4 Unidades 90 G,Despensa,1,True,False,False,False,False
CAT-4329,Leche Entera Carrefour Sin Lactosa Brik 1 L,Lácteos y Huevos,1,True,False,False,False,False
CAT-8405,Snack De Patata Ligera Carrefour 150 G,Sin categoría,1,True,False,False,False,False
CAT-4369,Cerveza El Alcazar Botella 33 Cl,Bebidas,1,False,False,False,True,False
CAT-4358,Vino Blanco Albarino Martin Codax Do Rias Baixas 75 Cl,Bebidas,1,False,False,False,True,False
CAT-4456,Vino Tinto Joven Mencia Rectoral De Amandi Vendimia Seleccionada Do Ribeira Sacra 75 Cl,Bebidas,1,False,False,False,True,False
CAT-4457,Kombucha Pina Colada Ecologico Komvida 25 Cl,Sin categoría,1,False,False,False,True,False
CAT-4363,Complemento Colageno Natural Complex En Polvo Colnatur 330 G,Cuidado personal e Higiene,1,False,False,False,True,False
CAT-4364,Colageno Soluble Colnatur Sport Neutro 330 G,Cuidado personal e Higiene,1,False,False,False,True,False
CAT-4049,Whisky Johnnie Walker 70 Cl,Bebidas,1,False,False,False,True,False
CAT-3040,Filetes pechuga de pavo,Carnicería y Charcutería,1,True,False,False,False,False
CAT-4353,Patatas Fritas Corte Fino Especial Horno Carrefour Classic 600 G,Desayuno y Snack,1,True,False,False,False,False
CAT-4359,Dorada De Racion Carrefour 600 G Aprox,Pescadería,1,True,False,False,False,False
CAT-4373,Pan Bocata Sin Aditivos Carrefour 4 Ud,Panadería y Pastelería,1,True,False,False,False,False
CAT-4455,Tabletas Limpiadoras Para Protesis Dentales Antibacteriana Frescor Menta Soft Carrefour 36 Ud,Hogar,1,True,False,False,False,False
CAT-9401,Mango Congelado Carrefour Classic 450 G,Congelados,1,True,False,False,False,False
CAT-9457,Cebolla Dulce Pelada Carrefour 500 G,Frutas y Verduras,1,True,False,False,False,False
CAT-4479,Zumo De Manzana Guayaba Y Lima Innocent Botella 33 Cl,Bebidas,1,False,False,False,True,False
CAT-4478,Rabas Enharinadas Pescanova 480 G,Despensa,1,False,False,False,True,False
CAT-4520,Agua Micelar Cleanance Avene 400 Ml,Cuidado personal e Higiene,1,False,False,False,True,False
CAT-4492,Naranja Ecologica Carrefour Bio 1 Kg,Sin categoría,1,True,False,False,False,False
CAT-4466,Surtido De Picos Y Reganas Con Aceite De Oliva Virgen Extra Classic Carrefour 450 G,Despensa,1,True,False,False,False,False
CAT-4467,Reganas Con Sesamo Y Aceite De Oliva Virgen Extra Classic Carrefour 250 G,Despensa,1,True,False,False,False,False
CAT-4472,Filete De Jamon De Cerdo Carrefour 600 G Aprox,Carnicería y Charcutería,1,True,False,False,False,False
CAT-4499,Pechuga De Pavo En Lonchas Carrefour El Mercado Sin Gluten 2X200 G,Carnicería y Charcutería,1,True,False,False,False,False
CAT-4474,Agua Fuerte Salfumant Carrefour 1 L,Hogar,1,True,False,False,False,False
CAT-4524,Limpiador De Vitroceramica E Induccion En Crema Carrefour 500 Ml,Hogar,1,True,False,False,False,False
CAT-4509,Pechuga De Pavo Cocida En Finas Lonchas Carrefour El Mercado Sin Gluten 225 G,Carnicería y Charcutería,1,True,False,False,False,False
CAT-4510,Pechuga De Pavo En Finas Lonchas Carrefour El Mercado Sin Gluten 200 G,Carnicería y Charcutería,1,True,False,False,False,False
CAT-4522,Panales Ultra Dry Carrefour Baby T3 4 9 Kg 104 Ud,Bebes,1,True,False,False,False,False
CAT-4523,Panales Ultra Dry Carrefour Baby T512 20 Kg 84 Ud,Bebes,1,True,False,False,False,False
CAT-9861,Lomo De Bacalao Procedente De Pesca Sostenible Congelado Carrefour 300 G,Pescadería,1,True,False,False,False,False
CAT-0970,Magdalenas sin gluten,Panadería y Pastelería,1,True,False,False,False,False
CAT-4660,Trucha Ahumada Arco Iris En Lonchas Carrefour 100 G,Pescadería,1,True,False,False,False,False
CAT-4850,Compresas Adulto Absodys Carrefour 28 Ud,Cuidado personal e Higiene,1,True,False,False,False,False
CAT-4851,Compresas Maxi Noche Absodys Carrefour 12 Ud,Cuidado personal e Higiene,1,True,False,False,False,False
CAT-4883,Colutorio Diario Complete Protection Parodontax 500 Ml,Cuidado personal e Higiene,1,False,False,False,True,False
CAT-4884,Melatonina En Gominolas Sabor Platano Y Mango Zzzquil Natura Vicks Sin Gluten Sin Lactosa 60 Ud,Cuidado personal e Higiene,1,False,False,False,True,False
CAT-4848,Crema Hidratante Para Pieles Sensibles Con Picor Talquistina 400 Ml,Cuidado personal e Higiene,1,False,False,False,True,False
CAT-1068,Refresco de limón fresh gas,Bebidas,1,True,False,False,False,False
CAT-4849,Gelatina De Sabores Carrefour Sin Gluten Pack De 6 Unidades De 100 G,Sin categoría,1,True,False,False,False,False
CAT-4862,Gel Wc Spa Carrefour Expert 1 L,Sin categoría,1,True,False,False,False,False
CAT-4868,Aperitivo De Patata Sabor Ketchup Fantasmas Sensation Carrefour 100 G,Bebidas,1,True,False,False,False,False
CAT-4844,Picos De Pan Con Aceite De Oliva Classic Carrefour Sin Gluten Y Sin Lactosa 100 G,Despensa,1,True,False,False,False,False
CAT-4869,Muesli Crujiente Carrefour Sensation Sin Azucar Anadido 500 G,Despensa,1,True,False,False,False,False
CAT-4856,Mini Pizzas 3 Quesos Carrefour 270 G,Lácteos y Huevos,1,True,False,False,False,False
CAT-4874,Queso Fundido En Lonchas Light Carrefour 300 G,Lácteos y Huevos,1,True,False,False,False,False
CAT-4875,Queso Fundido En Lonchas Burguer Carrefour 300 G,Lácteos y Huevos,1,True,False,False,False,False
CAT-4878,Nachos Sabor Tex Mex Y Queso Sensation Carrefour 150 G,Lácteos y Huevos,1,True,False,False,False,False
CAT-4877,Nachos Sabor Original Sensation Carrefour Sin Gluten 150 G,Desayuno y Snack,1,True,False,False,False,False
CAT-4854,Mini Pizzas Bolonesa Carrefour 270 G,Congelados,1,True,False,False,False,False
CAT-4881,Pimientos Del Piquillo Relleno De Bacalao Congelados Carrefour 400 G,Pescadería,1,True,False,False,False,False
CAT-4872,Cebolla Ecologica Carrefour Bio 1 Kg,Frutas y Verduras,1,True,False,False,False,False
CAT-4865,Protector Absorbente My Carrefour Baby 10 Ud,Bebes,1,True,False,False,False,False
CAT-4885,Escoba De Goma Carrefour,Hogar,1,True,False,False,False,False
CAT-4958,Compresas Para Incontinencia De Orina Maxi Absodys Carrefour 16 Ud,Cuidado personal e Higiene,1,True,False,False,False,False
CAT-0904,Vino blanco verdejo Condado de Teón DO Rueda,Bebidas,1,True,False,False,False,False
CAT-4984,Crema De Dia Hyaluron Activ B3 Avne 50 Ml,Cuidado personal e Higiene,1,False,False,False,True,False
CAT-4985,Contorno De Ojos Hyaluron Activ B3 Eau Thermale Avne 15 Ml,Cuidado personal e Higiene,1,False,False,False,True,False
CAT-4949,Bolsita De Manzana Platano Arandanos Y Avena Desde 6 Meses Ecologico My Carrefour Baby Bio Sin Gluten Y Sin Azucar Anadido Pack De 4 Unidades De 100 G,Despensa,1,True,False,False,False,False
CAT-4963,Suavizante Concentrado Premium Gold Essential Carrefour 48 Lavados,Hogar,1,True,False,False,False,False
CAT-4955,Carne De Vieira Con Coral Congelada Carrefour El Mercado 250 G,Congelados,1,True,False,False,False,False
CAT-4956,Carne De Volandeira Ultracongelada Carrefour El Mercado 250 G,Congelados,1,True,False,False,False,False
CAT-4974,Aperitivo De Maiz Sabor Queso Chitos Sensation Carrefour 115 G,Lácteos y Huevos,1,True,False,False,False,False
CAT-4975,Patatas Fritas Sabor Campesina Classic Carrefour 150 G,Desayuno y Snack,1,True,False,False,False,False
CAT-4968,Ambientador Para Tejidos Frescor Ropa Limpia Essential Carrefour 500 Ml,Hogar,1,True,False,False,False,False
CAT-4942,Jabon En Crema Hidratante Soft Carrefour Pack De 4 Unidades De 100 G,Cuidado personal e Higiene,1,True,False,False,False,False
CAT-4161,Nestea Te Verde Con Maracuya Bajo En Calorias Botella 15 L,Bebidas,1,False,False,False,True,False
CAT-5087,Smoothie Super Energia De Fresa Cereza Manzana Guarana  Semillas De Lino Y Vitaminas Innocent Botella 30 Cl,Cuidado personal e Higiene,1,False,False,False,True,False
CAT-5058,Aquarius Bebida Isotonica Sabor Limon Pack 4 Botellas 15 L,Bebidas,1,False,False,False,True,False
CAT-5059,Aquarius Bebida Isotonica Sabor Naranja Pack 4 Botellas 15 L,Bebidas,1,False,False,False,True,False
CAT-5054,Crema Facial De Dia Rose Fps30 Eucerin 50 Ml,Cuidado personal e Higiene,1,False,False,False,True,False
CAT-5049,Gnocchi De Patata Carrefour Extra 500 G,Sin categoría,1,True,False,False,False,False
CAT-5055,Conos Con Helado De Nata Con Crocanti De Avellanas Carrefour 6 Ud,Congelados,1,True,False,False,False,False
CAT-5053,Panceta De Cerdo En Filetes Carrefour El Mercado 1 Kg Aprox,Carnicería y Charcutería,1,True,False,False,False,False
CAT-5042,Pan De Leche 280 G,Panadería y Pastelería,1,True,False,False,False,False
CAT-5075,Tiras Universales Carrefour Soft 40 Ud,Sin categoría,1,True,False,False,False,False
CAT-5077,Tiras Pieles Sensibles Soft Carrefour 30 Ud,Sin categoría,1,True,False,False,False,False
CAT-5079,Tiras Transparentes Soft Carrefour 30 Ud,Sin categoría,1,True,False,False,False,False
CAT-5080,Tiras Infantiles Resistentes Al Agua Carrefour Soft 20 Ud,Sin categoría,1,True,False,False,False,False
CAT-5082,Mini Medias Noches Carrefour 255 G,Sin categoría,1,True,False,False,False,False
CAT-5065,Galletas De Mantequilla Con Tabletas De Chocolate Carrefour Classic 150 G,Lácteos y Huevos,1,True,False,False,False,False
CAT-5066,Lejia Perfumada Con Detergente Frescor Marino Carrefour 5 L,Hogar,1,True,False,False,False,False
CAT-5068,Limpiador Desengrasante Vitroceramica Y Induccion Carrefour 500 Ml,Hogar,1,True,False,False,False,False
CAT-5057,Panales Ultra Dry My Carrefour Baby T6 16 Kg 120 Ud,Bebes,1,True,False,False,False,False
CAT-5076,Apositos Resistentes Carrefour Soft 10 Ud,Cuidado personal e Higiene,1,True,False,False,False,False
CAT-5086,Arreglo De Puchero Completo Carrefour El Mercado 900 G Aprox,Frutas y Verduras,1,True,False,False,False,False
CAT-5101,Gel De Ducha 2 En 1 Soft Carrefour 500 Ml,Cuidado personal e Higiene,1,True,False,False,False,False
CAT-5138,Compresas Super Sin Alas Maxi Soft Carrefour 16 Ud,Cuidado personal e Higiene,1,True,False,False,False,False
CAT-5094,Boquerones 1 Kg Aprox,Bebidas,1,False,False,False,True,False
CAT-5090,Boquerones En Vinagre Alinados De Nuestra Tierra 100 G,Bebidas,1,False,False,False,True,False
CAT-5088,Lavavajillas A Mano Power Clean Carrefour Expert 500 Ml,Hogar,1,True,False,False,False,False
CAT-5096,Lavavajillas A Mano Power Clean Carrefour Expert 1 L,Hogar,1,True,False,False,False,False
CAT-5184,Pizza Bolonesa Carrefour 375 G,Congelados,1,True,False,False,False,False
CAT-5107,Set 4 Estropajos De Fibra Con Esponja Spontex Universale Antibacterias,Hogar,1,True,False,False,False,False
CAT-5106,Filete De Cabeza De Lomo De Cerdo Carrefour 500 G Aprox,Carnicería y Charcutería,1,True,False,False,False,False
CAT-5113,Granizado De Limon Carrefour Sensation Sin Gluten Pack De 6 Unidades De 200 Ml,Sin categoría,1,True,False,False,False,False
CAT-5114,Granizado De Limon Sin Azucar Carrefour Sensation Sin Gluten Pack De 6 Unidades De 200 Ml,Despensa,1,True,False,False,False,False
CAT-5115,Granizado De Horchata Natural Carrefour Sensation Sin Gluten Pack De 6 Unidades De 200 Ml,Lácteos y Huevos,1,True,False,False,False,False
CAT-0943,Espuma cabello Rizos Descarados Giorgi fijación 4,Cuidado personal e Higiene,1,True,False,False,False,False
CAT-4214,Protegeslip  Tanga Negro Soft Carrefour 28 Ud,Sin categoría,1,True,False,False,False,False
CAT-4216,Plato Hondo De Vidrio Opal Simpl 20 Cm,Sin categoría,1,True,False,False,False,False
CAT-4219,Leche Fermentada Natural Carrefour No Lactosa Sin Lactosa Pack De 4 Unidades De 125 G,Sin categoría,1,True,False,False,False,False
CAT-5125,Napolitanas Con Chocolate Carrefour Classic 6 Ud,Panadería y Pastelería,1,True,False,False,False,False
CAT-5120,Gotas Para Los Ojos Irritados Con Calendula Y Hamamelis Carrefour Soft 10 Ml,Cuidado personal e Higiene,1,True,False,False,False,False
CAT-5121,Gotas Para Los Ojos Secos Carrefour Soft 10 Ml,Cuidado personal e Higiene,1,True,False,False,False,False
CAT-5139,Clorhexidina 2 Carrefour Soft 50 Ml,Sin categoría,1,True,False,False,False,False
CAT-5147,Canelones De Atun Carrefour Extra 500 G,Sin categoría,1,True,False,False,False,False
CAT-5146,Mini Bombon Helado De Coco Con Trocitos De Almendras Sensation Carrefour 4 Ud,Congelados,1,True,False,False,False,False
CAT-5137,Gelatina Seleccion De Pescados Para Gatos Adulto Vitalive Carrefour 4 Sobres De 100 G,Mascotas,1,True,False,False,False,False
CAT-7023,Mini Cuerno Carrefour 6 Ud,Sin categoría,1,True,False,False,False,False
CAT-4239,Vino Rosado Tempranillo Vina Lobon Do Mancha 75 Cl,Bebidas,1,False,False,False,True,False
CAT-5172,Helado De Fresa Frigo Pie Heartbrand Sin Gluten 6 Ud,Congelados,1,False,False,False,True,False
CAT-5179,Bombon Helado Choco Clack Nestle Helados Sin Gluten 4 Ud,Congelados,1,False,False,False,True,False
CAT-5178,Helado Colajet Nestle Sin Gluten 4 Ud,Congelados,1,False,False,False,True,False
CAT-5169,Sandwich Filipinos Cornetto 4 Ud,Congelados,1,False,False,False,True,False
CAT-5223,Pechuga De Pavo En Lonchas Elpozo Las  Finas Sin Gluten 115 G,Carnicería y Charcutería,1,False,False,False,True,False
CAT-1585,San Jacobos empanados de york y queso ultracongelados,Congelados,1,True,False,False,False,False
CAT-4242,Caldo De Pollo Reducido En Sal Classic Carrefour Sin Gluten 1 L,Despensa,1,True,False,False,False,False
CAT-4241,Yogur Cremoso Con Frutas Del Bosque Carrefour Sensation Sin Gluten 500 G,Lácteos y Huevos,1,True,False,False,False,False
CAT-4950,Hamburguesas De Vacuno Ecologica Carrefour Bio 2X120 G,Carnicería y Charcutería,1,True,False,False,False,False
CAT-5148,Lasana De Atun Carrefour Extra 500 G,Sin categoría,1,True,False,False,False,False
CAT-5155,Limonada Carrefour Botella 1 L,Sin categoría,1,True,False,False,False,False
CAT-5152,Detergente Liquido Bebe Sensitive 0 Carrefour Essential 65 Lavados,Hogar,1,True,False,False,False,False
CAT-5197,Lomo Curado En Lonchas Extrafinas Carrefour El Mercado Sin Gluten 100 G,Sin categoría,1,True,False,False,False,False
CAT-5188,Queso Feta Ecologico Carrefour Bio 180 G,Lácteos y Huevos,1,True,False,False,False,False
CAT-5185,Quitamanchas Ropa Blanca En Gel Oxy Power Carrefour 2 L,Hogar,1,True,False,False,False,False
CAT-5193,Pechuga De Pavo En Lonchas Extrafinas Carrefour El Mercado Sin Gluten 100 G,Carnicería y Charcutería,1,True,False,False,False,False
CAT-5194,Jamon Cocido Extra En Lonchas Extrafinas Carrefour El Mercado Sin Gluten 100 G,Carnicería y Charcutería,1,True,False,False,False,False
CAT-5196,Pechuga De Pollo En Lonchas Extrafinas Carrefour El Mercado Sin Gluten 100 G,Carnicería y Charcutería,1,True,False,False,False,False
CAT-5192,Puerro Ecologico Carrefour Bio 750 G,Frutas y Verduras,1,True,False,False,False,False
CAT-5225,Dentifrico Para Ninos De 3 6 Anos Sabor Chicle Carrefour 50 Ml,Cuidado personal e Higiene,1,True,False,False,False,False
CAT-5224,Bacon Cocido Sabor Ahumado En Tiras Elpozo King Upp Sin Gluten Y Sin Lactosa Pack De 2 Unidades De 50 G,Carnicería y Charcutería,1,False,False,False,True,False
CAT-5264,Serum Facial Invisible Super Uv Spf50 Delial 30 Ml,Cuidado personal e Higiene,1,False,False,False,True,False
CAT-5216,Cacahuetes Fritos Con Miel Carrefour 125 G,Desayuno y Snack,1,True,False,False,False,False
CAT-5210,Papel Higienico 2 Capas Simpl Choice 12 Rollos,Bazar y Varios,1,True,False,False,False,False
CAT-5248,Plato De Postre En Gres 19 Cm Carrefour Home Mood   Crema,Sin categoría,1,True,False,False,False,False
CAT-5250,Plato Hondo De Gres 20 Cm Carrefour Home Mood   Crema,Sin categoría,1,True,False,False,False,False
CAT-5251,Plato Llano De Gres 27 Cm Carrefour Home Mood   Crema,Sin categoría,1,True,False,False,False,False
CAT-5252,Bol De Gres 15 Cm Carrefour Home Mood   Crema,Sin categoría,1,True,False,False,False,False
CAT-5253,Ensaladera De Gres 24 Cm Carrefour Home Mood   Crema,Sin categoría,1,True,False,False,False,False
CAT-5262,Set 2 Almohadillas Cocina Esponja Forrada Superficie Delicada Carrefour,Sin categoría,1,True,False,False,False,False
CAT-5244,Kombucha Te Verde Ecologico Carrefour Bio Botella 250 Ml,Desayuno y Snack,1,True,False,False,False,False
CAT-5274,Mini Bombon Helado De Frutas Exoticas Y Frutos Rojos Con Vainilla Carrefour 8 Ud,Congelados,1,True,False,False,False,False
CAT-5268,Palmera De Chocolate Carrefour 4 Ud,Panadería y Pastelería,1,True,False,False,False,False
CAT-8621,Desodorante Roll On Eficacia 24H Con Aloe Vera Ecologico  Soft Bio Carrefour 50 Ml,Cuidado personal e Higiene,1,True,False,False,False,False
CAT-5466,Maquinilla Fusion5 Gillette  Recambio 1 Ud,Cuidado personal e Higiene,1,False,False,False,True,False
CAT-5385,Bombon Helado Con Chocolate Blanco Y Galleta Collection Magnum 3 Ud,Desayuno y Snack,1,False,False,False,True,False
CAT-0769,Máscara de pestañas Maxi Volume efecto volumen intenso negro,Cuidado personal e Higiene,1,True,False,False,False,False
CAT-0786,Bocaditos en gelatina gato júnior Delikuit con pollo y pavo,Mascotas,1,True,False,False,False,False
CAT-0788,Barra pan integral de espelta 100%,Panadería y Pastelería,1,True,False,False,False,False
CAT-0789,Panecillo de trigo integral 30%,Panadería y Pastelería,1,True,False,False,False,False
CAT-0790,Bebida láctea desnatada natural L-casei 0% MG 0% azúcares añadidos,Lácteos y Huevos,1,True,False,False,False,False
CAT-0791,Tartaletas con relleno de fresa,Desayuno y Snack,1,True,False,False,False,False
CAT-5377,Limpiador En Crema Aroma Limon Carrefour Expert 750 Ml,Hogar,1,True,False,False,False,False
CAT-5492,Patatas Fritas Para Horno Ecologicas Carrefour Bio 600 G,Desayuno y Snack,1,True,False,False,False,False
CAT-5494,Arandanos Carrefour Classic 650 G,Frutas y Verduras,1,True,False,False,False,False
CAT-5403,Pants Agatha Ruiz De La Prada Talla 6  16 Kg 36 Ud Exclusivo Carrefour,Sin categoría,1,True,False,False,False,False
CAT-9283,Complemento Alimenticio Con Jalea Real Vitaminas Y Hierro En Ampollas Revital Vitaminado Forte 1500 20 Ud,Cuidado personal e Higiene,1,False,False,False,True,False
CAT-5482,Sueno Forte Aquilea 30 Ud,Cuidado personal e Higiene,1,False,False,False,True,False
CAT-4394,Cerveza Stella Artois Botella 33 Cl,Bebidas,1,False,False,False,True,False
CAT-5408,Queso Rallado Emmental Carrefour Sin Lactosa 150 G,Lácteos y Huevos,1,True,False,False,False,False
CAT-5411,Cocktail De Frutos Secos Tostados Fuerza Original Carrefour Sin Sal Anadida 175 G,Desayuno y Snack,1,True,False,False,False,False
CAT-5422,Lomo Embuchado Salamanca Carrefour Taco De 400 G Aprox,Carnicería y Charcutería,1,True,False,False,False,False
CAT-5401,Panales Agatha Ruiz De La Prada Ultra Dry Talla 5 12 20 Kg 84 Ud Exclusivo Carrefour,Bebes,1,True,False,False,False,False
CAT-5402,Panales Agatha Ruiz De La Prada Ultra Dry Talla 6 16 Kg 70 Ud Exclusivo Carrefour,Bebes,1,True,False,False,False,False
CAT-5404,Panales Agatha Ruiz De La Prada Ultra Dry Talla 4 8 16 Kg 92 Ud Exclusivo Carrefour,Bebes,1,True,False,False,False,False
CAT-5481,Powerade Ice Storm Bebida Isotonica Zero Azucar Botella 50 Cl,Bebidas,1,False,False,False,True,False
CAT-5489,Dentifrico Sensation Blanqueador Colgate 75 Ml,Cuidado personal e Higiene,1,False,False,False,True,False
CAT-4395,Maquinillas Desechable Para Hombre Blue Ii Gillette 15 Ud,Cuidado personal e Higiene,1,False,False,False,True,False
CAT-5417,Crema Corporal Hidratante Rosa Mosqueta Instituto Espanol 950 Ml,Cuidado personal e Higiene,1,False,False,False,True,False
CAT-5447,Lenteja Categoria Extra Carrefour 1 Kg,Despensa,1,True,False,False,False,False
CAT-5448,Moussaka Berenjena Pollo Y Cerdo Sensation Carrefour 500 G,Carnicería y Charcutería,1,True,False,False,False,False
CAT-5479,Comida Humeda De Carnes Para Gato Adulto Whiskas 12X85 G,Bebidas,1,False,False,False,True,False
CAT-5450,Pulpo Congelado Carrefour El Mercado 15 Kg Aprox,Pescadería,1,True,False,False,False,False
CAT-5493,Salsa Bolonesa Carrefour Sin Gluten Tarro 300 G,Despensa,1,True,False,False,False,False
CAT-5468,Queso Parmigiano Reggiano Dop Extra Carrefour 150 G,Lácteos y Huevos,1,True,False,False,False,False
CAT-5588,Pasta Fideo Cabellin Carrefour Classic 1 Kg,Cuidado personal e Higiene,1,True,False,False,False,False
CAT-5619,Pasta Fideo Entrefino Carrefour Classic 500 G,Cuidado personal e Higiene,1,True,False,False,False,False
CAT-0475,Maquillaje fluido Long Lasting mate 110 beige claro,Cuidado personal e Higiene,1,True,False,False,False,False
CAT-5625,Plantilla Desodorantes Carrefour Expert 1 Par,Cuidado personal e Higiene,1,True,False,False,False,False
CAT-5610,Crema De Noche Hidratante Hydro Boost Neutrogena 50 Ml,Cuidado personal e Higiene,1,False,False,False,True,False
CAT-5589,Pasta Macarrones Carrefour Classic 1 Kg,Bebidas,1,True,False,False,False,False
CAT-5590,Pasta Espaguetis Carrefour Classic 1 Kg,Despensa,1,True,False,False,False,False
CAT-5601,Plantilla Confort Kids Carrefour Expert 1 Par,Sin categoría,1,True,False,False,False,False
CAT-5603,Mosto Carrefour Blanco Botella 1 L ,Sin categoría,1,True,False,False,False,False
CAT-5616,Cake Marble Carrefour El Mercado 550 G,Sin categoría,1,True,False,False,False,False
CAT-5617,Cake Natur Carrefour El Mercado 550 G,Sin categoría,1,True,False,False,False,False
CAT-5622,Talonera Piel Natural Carrefour 1 Par,Sin categoría,1,True,False,False,False,False
CAT-5623,Plantillas Deportivas Carrefour Expert 1 Par,Sin categoría,1,True,False,False,False,False
CAT-5626,Cake Chip Carrefour El Mercado 550 G,Sin categoría,1,True,False,False,False,False
CAT-5615,Pasta Macarron Carrefour Classic 500 G,Bebidas,1,True,False,False,False,False
CAT-5602,Pasta Espirales Vegetales Carrefour Classic 500 G,Despensa,1,True,False,False,False,False
CAT-5614,Pasta Espaguetis Carrefour Classic 500 G,Despensa,1,True,False,False,False,False
CAT-5620,Pasta Espirales Carrefour Classic 500 G,Despensa,1,True,False,False,False,False
CAT-5600,Galletas Horneadas Carrefour Original 500 G,Desayuno y Snack,1,True,False,False,False,False
CAT-5598,Lejia Uso Domestico Carrefour 5 L,Hogar,1,True,False,False,False,False
CAT-5596,Centro Jamon Serrano Reserva Carrefour Al Corte 150 G Aprox,Carnicería y Charcutería,1,True,False,False,False,False
CAT-5628,Pan Burger Con Semillas De Sesamo Classic Carrefour 4 Ud,Panadería y Pastelería,1,True,False,False,False,False
CAT-5631,Pipeta Contra Insectos Para Gatos Carrefour 3X06 Ml,Mascotas,1,True,False,False,False,False
CAT-5757,Finger De Pollo Empanado El Mercado Sin Gluten 300 G Aprox,Carnicería y Charcutería,1,False,False,False,True,False
CAT-5736,Accion Inmediata Germinal 5 Ud  Acido Hialuronico Germinal 5 Ud,Cuidado personal e Higiene,1,False,False,False,True,False
CAT-5341,Limpiamuebles Con Cera Natural Carrefour Expert 300 Ml,Sin categoría,1,True,False,False,False,False
CAT-5719,Mortadela Estilo Italiana En Lonchas Carrefour El Mercado Sin Gluten Y Sin Lactosa 150 G,Carnicería y Charcutería,1,True,False,False,False,False
CAT-5722,Paleta Gran Reserva En Lonchas Carrefour El Mercado 90 G,Sin categoría,1,True,False,False,False,False
CAT-5735,Set 3 Sartenes 20 24 Y 28 Cm  Set 2 Tapas 24 Y 28 Cm Carrefour Home,Sin categoría,1,True,False,False,False,False
CAT-5756,Nugget De Pollo Carrefour El Mercado 300 G,Congelados,1,True,False,False,False,False
CAT-5723,Jamon Serrano Gran Seleccion Duroc En Lonchas Carrefour El Mercado 90 G,Carnicería y Charcutería,1,True,False,False,False,False
CAT-5746,Salami Extra En Lonchas Carrefour El Mercado 2X120 G,Carnicería y Charcutería,1,True,False,False,False,False
CAT-5760,Copa De Chocolate Con Nata Carrefour Extra Pack De 4 Unidades De 115 G,"Azúcar, caramelos y chocolate",1,True,False,False,False,False
CAT-5761,Venda Cohesiva 25M X 6 Cm Carrefour Soft 1 Ud ,Cuidado personal e Higiene,1,True,False,False,False,False
CAT-8593,Espinacas En Hojas Ultracongeladas Carrefour Extra 1 Kg,Congelados,1,True,False,False,False,False
CAT-5854,Agua Mineral Natural Nestle Aquarel Tapon Deportivo 33 Cl,Bebidas,1,False,False,False,True,False
CAT-5883,Ginger Ale Schweppes Botella 1 L,Bebidas,1,False,False,False,True,False
CAT-5886,Papilla Infantil Desde 6 Meses 7 Cereales Ecologica Smileat 200 G,Bebes,1,False,False,False,True,False
CAT-5871,Leche Infantil De Crecimiento Desde Los 12 Meses En Polvo Nestle Nan Optipro 3 Lata 800 G,Bebes,1,False,False,False,True,False
CAT-5897,Crema De Manos Working Hands Okeeffes 96 G,Cuidado personal e Higiene,1,False,False,False,True,False
CAT-5851,Crema De Dia Antiedad Hyalluron Filler Spf30 Eucerin 50 Ml,Cuidado personal e Higiene,1,False,False,False,True,False
CAT-5898,Crema De Manos Rapida Absorcion Neutrogena 150 Ml,Cuidado personal e Higiene,1,False,False,False,True,False
CAT-0431,Cambiador multiusos desechable,Bebes,1,True,False,False,False,False
CAT-0432,Galletas Choco negro con chocolatina,Desayuno y Snack,1,True,False,False,False,False
CAT-0433,Jamón de Teruel D.O.P El Cierzo lonchas,Carnicería y Charcutería,1,True,False,False,False,False
CAT-0435,Exfoliante Arcilla Blanca Facial Clean,Cuidado personal e Higiene,1,True,False,False,False,False
CAT-0436,Bebida de soja con calcio y vitaminas sin azúcares añadidos,Lácteos y Huevos,1,True,False,False,False,False
CAT-0438,Vela perfumada Santal Vanilla,Hogar,1,True,False,False,False,False
CAT-0439,Vela perfumada Berries,Hogar,1,True,False,False,False,False
CAT-0440,Bocaditos en salsa gato adulto Delikuit esterilizado,Mascotas,1,True,False,False,False,False
CAT-0441,Hojaldre sabor pizza,Panadería y Pastelería,1,True,False,False,False,False
CAT-0443,Lomo de cerdo trozo,Carnicería y Charcutería,1,True,False,False,False,False
CAT-0445,Paté de cerdo sabor suave,Carnicería y Charcutería,1,True,False,False,False,False
CAT-5879,Cubo Con Escurridor De Plastico Reciclado Carrefour 13 L,Sin categoría,1,True,False,False,False,False
CAT-5885,Champinon Ecologico Carrefour 300 G Aprox,Sin categoría,1,True,False,False,False,False
CAT-5887,Champinon Laminado Carrefour Bio 300 G Aprox,Sin categoría,1,True,False,False,False,False
CAT-5865,Toallitas Multiusos Limpieza Carrefour Expert 40 Ud,Hogar,1,True,False,False,False,False
CAT-5858,Apositos Ampollas Carrefour Soft 6 Ud,Cuidado personal e Higiene,1,True,False,False,False,False
CAT-5859,Apositos Cicatrizantes Carrefour Soft 6 Ud,Cuidado personal e Higiene,1,True,False,False,False,False
CAT-5860,Apositos Callos Tecnologia Hidrocoloide Carrefour Soft 8 Ud,Cuidado personal e Higiene,1,True,False,False,False,False
CAT-5891,Tomate Pera Ecologico Carrefour Bio 500 G,Sin categoría,1,True,False,False,False,False
CAT-5900,Varitas De Pescado Simpl 450 G,Congelados,1,True,False,False,False,False
CAT-6046,Maiz Dulce Classic Carrefour Sin Azucar Anadido 285 G,Despensa,1,True,False,False,False,False
CAT-6047,Maiz Dulce Sin Sal Classic Carrefour Sin Azucar Anadido Pack De 3 Latas De 140 G,Despensa,1,True,False,False,False,False
CAT-0858,Recarga jabón de manos dermoprotector,Cuidado personal e Higiene,1,True,False,False,False,False
CAT-0859,Compresa sin alas de incontinencia Maxi Night,Cuidado personal e Higiene,1,True,False,False,False,False
CAT-0860,Protectores para los oídos de espuma Moldex,Cuidado personal e Higiene,1,True,False,False,False,False
CAT-0862,Tomates pera,Frutas y Verduras,1,True,False,False,False,False
CAT-0863,Bayeta pequeña microfibra,Hogar,1,True,False,False,False,False
CAT-0864,Bálsamo reparador labios,Cuidado personal e Higiene,1,True,False,False,False,False
CAT-6157,Queso Cottage Natural Proteina Plus 0 Materia Grasa Carrefour Sensation 200 G,Lácteos y Huevos,1,True,False,False,False,False
CAT-6158,Cafe Latte Macchiato Caramelo Carrefour Sensation Sin Gluten 250 Ml,Desayuno y Snack,1,True,False,False,False,False
CAT-6160,Cafe Latte Carrefour Sensation No Lactosa Sin Gluten Y Sin Lactosa 250 Ml,Desayuno y Snack,1,True,False,False,False,False
CAT-6261,Patas De Pulpo Cocido Carrefour El Mercado 270 G,Pescadería,1,True,False,False,False,False
CAT-4685,Champu Espuma De Lavado En Seco Para Gatos Carrefour 150 Ml,Cuidado personal e Higiene,1,True,False,False,False,False
CAT-6221,Manopla Rizo Carrefour 2 Ud,Cuidado personal e Higiene,1,True,False,False,False,False
CAT-6214,Pizza Pepperoni Y Salame Ristorante Dr Oetker 320 G,Bebidas,1,False,False,False,True,False
CAT-0896,"Comida gato sénior Supreme con pollo fresco, frutas y verduras",Mascotas,1,True,False,False,False,False
CAT-0897,Barra pan de pueblo,Panadería y Pastelería,1,True,False,False,False,False
CAT-4682,Comida Para Tortugas Gammarus Carrefour 25 G,Sin categoría,1,True,False,False,False,False
CAT-6184,Pasta Tallarines Carrefour Classic 1 Kg,Despensa,1,True,False,False,False,False
CAT-6183,Nata Para Montar 35 Materia Grasa Classic Carrefour 500 Ml,Lácteos y Huevos,1,True,False,False,False,False
CAT-6208,Helado Vegetal Sabor Chocolate Y Brownie Carrefour Sensation 300 G,Congelados,1,True,False,False,False,False
CAT-6191,Pienso De Carne Para Gatos Adultos Simpl 75 Kg,Mascotas,1,True,False,False,False,False
CAT-6194,Pienso De Pescado Para Gatos Adultos Simpl 4 Kg,Mascotas,1,True,False,False,False,False
CAT-6195,Pienso De Carne Para Gato Adulto Simpl 4 Kg,Mascotas,1,True,False,False,False,False
CAT-6198,Agua De Plancha Desmineralizada Essential Carrefour 2 L,Hogar,1,True,False,False,False,False
CAT-6474,Limpiador De Bano Con Lejia Aroma Limon En Gel Wc Net 750 Ml,Hogar,1,False,False,False,True,False
CAT-6509,Detergente Para Biberones Y Tetinas Suavinex 500 Ml,Bebidas,1,False,False,False,True,False
CAT-6473,Vinagre De Manzana Sin Filtrar Ecologico Carrefour Bio 500 Ml,Despensa,1,True,False,False,False,False
CAT-6664,Dentifrico Sensitive Expert Soft Carrefour 75 Ml,Cuidado personal e Higiene,1,True,False,False,False,False
CAT-6665,Dentifrico Fresh Xtrem Soft Carrefour 75 Ml,Cuidado personal e Higiene,1,True,False,False,False,False
CAT-6671,Dentifrico Frescor Extremo Soft Carrefour Pack De 2 Unidades De 75 Ml,Cuidado personal e Higiene,1,True,False,False,False,False
CAT-6686,Dentifrico White Soft Carrefour 75 Ml,Cuidado personal e Higiene,1,True,False,False,False,False
CAT-0926,Tortitas de maíz,Desayuno y Snack,1,True,False,False,False,False
CAT-6661,Compresas Para Incontinencia De Orina Normal Absodys Discret Carrefour Soft 24 Ud,Cuidado personal e Higiene,1,True,False,False,False,False
CAT-6772,Monster Energy Bebida Energetica Ultra Peachy Keen Zero Azucar Lata 50 Cl,Bebidas,1,False,False,False,True,False
CAT-6765,Tonica Schweppes Limon Lata 33 Cl,Bebidas,1,False,False,False,True,False
CAT-6681,Compresas Incontinencia Super Absodys Carrefour 20 Ud,Cuidado personal e Higiene,1,True,False,False,False,False
CAT-6683,Kombucha Dragon Lemonade Flax  Kale Botella 33 Cl,Sin categoría,1,False,False,False,True,False
CAT-6770,Whisky Jack Daniels Con Coca Cola Zero Azucar Lata 33 Cl,Bebidas,1,False,False,False,True,False
CAT-6684,Kombucha Lemon Fantasy Flax  Kale Botella 33 Cl,Bebidas,1,False,False,False,True,False
CAT-6756,Comida Humeda Seleccion De Carnes En Salsa Para Gatos Sheba Selezione Pack De 4 Unidades De 85 G,Despensa,1,False,False,False,True,False
CAT-0938,Bífidus desnatado probióticos natural Activia 0% MG  0% azúcares añadidos,Lácteos y Huevos,1,True,False,False,False,False
CAT-6659,Crema Liquida Color Azul Marino Carrefour 50 Ml,Sin categoría,1,True,False,False,False,False
CAT-6667,Bolsas Para Cubitos De Hielo Xl Carrefour 10 Ud,Sin categoría,1,True,False,False,False,False
CAT-6670,Laca Fijacion Fuerte De Larga Duracion Soft Carrefour 75 Ml,Sin categoría,1,True,False,False,False,False
CAT-6669,Mini Bombon Helado De Almendras Negro Blanco Y Chocolate Extra Carrefour 8 Ud,Congelados,1,True,False,False,False,False
CAT-6688,Ambientador Difusor Electrico Ropa Limpia Essential Aparato Y Recambio Carrefour 1 Ud,Hogar,1,True,False,False,False,False
CAT-6689,Ambientador Electrico Vainilla Essential Recambio Carrefour 1 Ud,Hogar,1,True,False,False,False,False
CAT-6690,Ambientador Electrico Flores De Cerezo Essential Recambio Carrefour 1 Ud,Hogar,1,True,False,False,False,False
CAT-6739,Gel Wc Desincrustante Flor De Cerezo Carrefour Expert 1 L,Sin categoría,1,True,False,False,False,False
CAT-6759,Helado De Vainilla Carrefour Extra Sin Gluten Sin Lactosa 480 G,Congelados,1,True,False,False,False,False
CAT-6781,Garbanzos Congelados Carrefour Classic 450 G,Despensa,1,True,False,False,False,False
CAT-6780,Pan De Molde Sin Corteza Carrefour Classic 450 G,Desayuno y Snack,1,True,False,False,False,False
CAT-6760,Helado De Chocolate Carrefour Extra Sin Gluten Sin Lactosa 480 G,Congelados,1,True,False,False,False,False
CAT-6761,Helado De Fresa Carrefour Extra Sin Gluten Sin Lactosa 480 G,Congelados,1,True,False,False,False,False
CAT-6960,Dentifrico Frescor Con Agua De Menta Soft Bio Carrefour 75 Ml,Cuidado personal e Higiene,1,True,False,False,False,False
CAT-6951,Arreglo Para Cocido Carrefour 12 Kg Aprox,Frutas y Verduras,1,True,False,False,False,False
CAT-6982,Gel De Ducha Leche Y Miel Carrefour 15 L,Cuidado personal e Higiene,1,True,False,False,False,False
CAT-6983,Gel De Ducha Hidratante De Coco Carrefour 1500 Ml,Cuidado personal e Higiene,1,True,False,False,False,False
CAT-6979,Disco Volador Turquesa Para Perro Kimbo Talla L,Mascotas,1,False,False,False,True,False
CAT-6978,Disco Volador Turquesa Lanzar Y Recuperar Para Perro Kimbo Talla M,Mascotas,1,False,False,False,True,False
CAT-6980,Hueso De Plastico Crujiente Para Morder Para Perro Kimbo,Mascotas,1,False,False,False,True,False
CAT-6967,Pasta Macarron Integral Carrefour Classic 500 G,Bebidas,1,True,False,False,False,False
CAT-6966,Pasta Espagueti Integral Carrefour Classic 500 G,Despensa,1,True,False,False,False,False
CAT-6985,Bolsas De Basura Envases Plastico Reciclado Carrefour Essential 30 L 30 Ud,Hogar,1,True,False,False,False,False
CAT-6986,Bolsas De Basura Lavanda Plastico Reciclado Carrefour Essential 30 L 20 Ud,Hogar,1,True,False,False,False,False
CAT-6961,Gamba Pelada Cruda Mediana Carrefour 360 G,Pescadería,1,True,False,False,False,False
CAT-6962,Pan De Burger Maxi Classic Carrefour 4 Ud,Panadería y Pastelería,1,True,False,False,False,False
CAT-7186,Cepillo De Dientes Suave Cerdas Cruzadas Soft Carrefour 2 Ud,Cuidado personal e Higiene,1,True,False,False,False,False
CAT-0150,Pan integral trigo 100%,Panadería y Pastelería,1,True,False,False,False,False
CAT-7188,Cepillo De Dientes Duro Cerdas Cruzadas Soft Carrefour 2 Ud,Cuidado personal e Higiene,1,True,False,False,False,False
CAT-7212,Red Bull Winter Edition Sabor Iced Vanilla Berry Sin Azucar Lata 25 Cl,Bebidas,1,False,False,False,True,False
CAT-7189,Cepillo De Dientes Suave Blanqueador Carrefour Soft 1 Ud,Cuidado personal e Higiene,1,True,False,False,False,False
CAT-7191,Cepillo Dental Con Bateria Total Clean Carrefour Soft 1 Ud,Cuidado personal e Higiene,1,True,False,False,False,False
CAT-7192,Cepillo De Dientes Medio Cuidado De Ortodoncia Soft Carrefour 1 Ud,Cuidado personal e Higiene,1,True,False,False,False,False
CAT-7194,Cepillo De Dientes Suave Sensitive Soft Carrefour 1 Ud,Cuidado personal e Higiene,1,True,False,False,False,False
CAT-5498,Comida Para Canarios Vitalive Carrefour Companino 1 Kg,Sin categoría,1,True,False,False,False,False
CAT-5499,Comida Para Pajaros Exoticos Carrefour 1 Kg,Sin categoría,1,True,False,False,False,False
CAT-5500,Comida Para Periquitos Grandes Y Loro Vitalive Carrefour 1Kg,Sin categoría,1,True,False,False,False,False
CAT-5502,Comida Para Hamster Carrefour 800G,Sin categoría,1,True,False,False,False,False
CAT-5503,Carrefour Comida Para Conejos 800G,Sin categoría,1,True,False,False,False,False
CAT-7184,Parches Alivio Y Bienestar Para Todo El Cuerpo Soft Carrefour 5 Ud,Sin categoría,1,True,False,False,False,False
CAT-7190,Recambios Cepillo Bateria Universal Total Clean Soft Carrefour  2 Ud,Sin categoría,1,True,False,False,False,False
CAT-7201,Grissini Con Aceite De Oliva Carrefour Original 125 G,Despensa,1,True,False,False,False,False
CAT-7195,Cafe Latte Macchiatto Con Alto Contenido De Proteinas Carrefour Sensation Sin Gluten 250 Ml,Desayuno y Snack,1,True,False,False,False,False
CAT-7196,Lejia Hogar Densa Carrefour 2 L,Hogar,1,True,False,False,False,False
CAT-7197,Lejia Efecto Antirrotura Expert Carrefour 2 L,Hogar,1,True,False,False,False,False
CAT-7199,Chocolate Negro Con Almendras Enteras Carrefour Extra Sin Gluten  200 G,"Azúcar, caramelos y chocolate",1,True,False,False,False,False
CAT-7200,Chocolate Negro Con Avellanas Enteras Carrefour Extra Sin Gluten 200 G,"Azúcar, caramelos y chocolate",1,True,False,False,False,False
CAT-7179,Papel Higienico Humedo Pure Carrefour Soft 70 Ud,Bazar y Varios,1,True,False,False,False,False
CAT-7210,Maquinillas Desechables Para Hombre 2 Hojas Technic2 Men Carrefour 10 Ud,Sin categoría,1,True,False,False,False,False
CAT-7206,Atun Claro En Aceite De Oliva Classic Carrefour Pack De 3 Latas De 52 G,Despensa,1,True,False,False,False,False
CAT-7216,Kefir Natural Carrefour Sensation 500 G,Lácteos y Huevos,1,True,False,False,False,False
CAT-7213,Conos Con Helado De Limon Lima Carrefour Extra 6 Ud,Congelados,1,True,False,False,False,False
CAT-7253,Lavavajillas A Mano Para Pieles Sensibles Perfume Floral Carrefour Essential 750 Ml,Cuidado personal e Higiene,1,True,False,False,False,False
CAT-6409,Tinto De Verano Ladron De Verano Con Limon Lata 33 Cl,Bebidas,1,False,False,False,True,False
CAT-7239,Monster Energy Green Bebida Energetica Pack 4 Latas 50 Cl,Bebidas,1,False,False,False,True,False
CAT-7220,Gaseosa Postobon Sabor Uva Botella 2 L,Bebidas,1,False,False,False,True,False
CAT-7221,Gaseosa Postobon La Colombiana Sabor Cola Botella 2 L,Bebidas,1,False,False,False,True,False
CAT-7260,Ambientador Difusor Aroma Lavanda Relajante Essential Mist Recambio Air Wick 1 Ud,Hogar,1,False,False,False,True,False
CAT-0494,Maquillaje fluido Long Lasting mate 220 beige dorado,Cuidado personal e Higiene,1,True,False,False,False,False
CAT-7228,Gel Desatascador Tuberias Carrefour Expert 1 L,Sin categoría,1,True,False,False,False,False
CAT-7232,Aceitunas Negras Cacerenas Con Hueso Classic Carrefour 200 G,Conservas y Enlatados,1,True,False,False,False,False
CAT-7233,Aceitunas Manzanilla Sin Hueso Carrefour Pack De 3 Unidades De 75 G,Conservas y Enlatados,1,True,False,False,False,False
CAT-7218,Kefir Sabor Mango Carrefour Sensation 500 G,Lácteos y Huevos,1,True,False,False,False,False
CAT-7222,Kefir Natural Carrefour Sensation 500 G,Lácteos y Huevos,1,True,False,False,False,False
CAT-7219,Lima Carrefour A Granel 300 G Aprox,Frutas y Verduras,1,True,False,False,False,False
CAT-7240,Crema Cuidado Culito Hipoalergenico My Carrefour Baby 100 Ml ,Bebes,1,True,False,False,False,False
CAT-7263,Patata Baby Al Vapor Para Microondas El Mercado Carrefour Bolsa De 400 G,Sin categoría,1,True,False,False,False,False
CAT-7254,Lavavajillas A Mano Ultra Concentrado Power Clean Carrefour Expert 13 L,Hogar,1,True,False,False,False,False
CAT-7255,Lavavajillas A Mano Desengrasante Frutos Rojos Carrefour Expert 1 L,Hogar,1,True,False,False,False,False
CAT-7251,Toallitas Para Bebe Sensitive My Carrefour Baby 72 Ud,Bebes,1,True,False,False,False,False
CAT-7519,Tarrito De Verduritas Con Pollo Desde 6 Meses Hero Solo Buenas Noches Sin Gluten Pack De 2 Unidades 190 G,Carnicería y Charcutería,1,False,False,False,True,False
CAT-7473,Vino Tinto Joven Tempranillo Enrique I  Do Ribera Del Duero 75 Cl,Bebidas,1,False,False,False,True,False
CAT-7543,Friegasuelos Perfume Lavanda Carrefour Essential 15 L,Cuidado personal e Higiene,1,True,False,False,False,False
CAT-7531,Hamburguesa De Vacuno Black Angus Y Cerdo Iberico Noel 180 G ,Carnicería y Charcutería,1,False,False,False,True,False
CAT-7555,Crema Corporal Hydra Bebe Mustela 750 Ml,Cuidado personal e Higiene,1,False,False,False,True,False
CAT-6755,Comida Humeda Seleccion De Aves En Gelatina Para Gatos Sheba Delicatezze Pack De 4 Unidades De 85 G,Mascotas,1,False,False,False,True,False
CAT-7535,Comida Humeda Gelatina De Carne Carrefour Companino Pack 12 Unidades De 100 G,Sin categoría,1,True,False,False,False,False
CAT-7533,Comida Humeda Bocaditos De Carne En Salsa Para Gatos Vitalive Carrefour 4 Sobres De 100 G,Despensa,1,True,False,False,False,False
CAT-7534,Comida Humeda Bocaditos De Carne En Salsa Para Perros Vitalive Carrefour 12 Sobres De 100 G,Despensa,1,True,False,False,False,False
CAT-7537,Pera Blanquilla Carrefour 15 Kg Aprox,Sin categoría,1,True,False,False,False,False
CAT-7542,Friegasuelos Frescor Pino Carrefour Essential 15 L,Sin categoría,1,True,False,False,False,False
CAT-7547,Hueso Garron De Cerdo Carrefour El Mercado 250 G Aprox,Bebidas,1,True,False,False,False,False
CAT-7538,Mandarina Para Zumo Carrefour Malla De 2 Kg,Bebidas,1,True,False,False,False,False
CAT-7553,Limpiador Multiusos Aroma Frescor Carrefour Expert 750 Ml,Hogar,1,True,False,False,False,False
CAT-7554,Limpiador Cocina Aroma Citricos Carrefour Expert 750 Ml,Hogar,1,True,False,False,False,False
CAT-7548,Gelatina Seleccion De Pollo Para Gato Junior Vitalive Carrefour 12 Sobres De 100 G,Carnicería y Charcutería,1,True,False,False,False,False
CAT-7541,Gamba Blanca Cruda Carrefour Extra 1 Kg,Pescadería,1,True,False,False,False,False
CAT-7539,Comida Humeda De Pescado Para Gato Adulto Simpl 100 G,Mascotas,1,True,False,False,False,False
CAT-7549,Gelatina Seleccion De Pescado Para Gato Adulto Vitalive Carrefour 24 Sobres De 100 G,Mascotas,1,True,False,False,False,False
CAT-7550,Comida Humeda Bocaditos En Gelatina Para Gato Carrefour Companino Pack De 12 Unidades De 100 G,Mascotas,1,True,False,False,False,False
CAT-7552,Papel Higienico Maxi 3 Capas Ecologico Carrefour Eco Planet 6 Ud,Bazar y Varios,1,True,False,False,False,False
CAT-7651,Crema Facial C Vit Sesderma 50 Ml,Cuidado personal e Higiene,1,False,False,False,True,False
CAT-7652,Carrefour Sensation Isofresh Bebida Isotonica Blue Botella 15 L,Bebidas,1,True,False,False,False,False
CAT-7653,Vela Perfumada Frutos Silvestres Essential Carrefour 1 Ud,Bazar y Varios,1,True,False,False,False,False
CAT-7660,Servilletas De 2 Capas Desechables De Papel 50 Uds 39X39 Cm Carrefour Home,Bazar y Varios,1,True,False,False,False,False
CAT-7661,Servilletas De 3 Capas Desechables De Papel 100 Uds 40X40 Cm Carrefour Home Blanca,Bazar y Varios,1,True,False,False,False,False
CAT-7665,Vela Perfumada Jazmin Essential Carrefour 1 Ud,Bazar y Varios,1,True,False,False,False,False
CAT-7666,Vela Perfumada Delicadezza Essential Carrefour 1 Ud,Bazar y Varios,1,True,False,False,False,False
CAT-7669,Agua Micelar Dermatoclean Eucerin 400 Ml,Cuidado personal e Higiene,1,False,False,False,True,False
CAT-6810,Comida Humeda En Salsa Buey Pollo Y Cordero Para Perro Adulto Purina Friskies Pack 12X85 G,Despensa,1,False,False,False,True,False
CAT-7670,Desmaquillante De Ojos Dermatoclean Eucerin 125 Ml,Cuidado personal e Higiene,1,False,False,False,True,False
CAT-7672,Tonico Facial Dermatoclean Eucerin 200 Ml,Cuidado personal e Higiene,1,False,False,False,True,False
CAT-7729,Producto Fermentado A Base De Soja Con Calcio Y Vitaminas Anadidas Sabor Cereza Alpo Sin Gluten Y Sin Lactosa 400 G,Cuidado personal e Higiene,1,False,False,False,True,False
CAT-7715,Gambon Crudo Grande Carrefour 2 Kg,Sin categoría,1,True,False,False,False,False
CAT-7730,Set 24 Pinzas De Ropa Pequenas De Plastico Simpl,Sin categoría,1,True,False,False,False,False
CAT-7731,Set 36 Pinzas De Ropa Grandes De Plastico Carrefour Home ,Sin categoría,1,True,False,False,False,False
CAT-7732,Set 36 Pinzas Para La Ropa De Madera Fsc Simpl,Sin categoría,1,True,False,False,False,False
CAT-7706,Bolsita De Manzana Desde 6 Meses Ecologico My Carrefour Baby Sin Gluten Y Sin Azucar Anadido Pack De 4 Unidades De 100 G,Despensa,1,True,False,False,False,False
CAT-7709,Bolsita De Multifrutas Desde 12 Meses Ecologico My Carrefour Baby Bio Sin Gluten Y Sin Azucar Anadido Pack De 4 Unidades De 100 G,Despensa,1,True,False,False,False,False
CAT-7710,Bolsita De Fresa Desde 6 Meses Ecologico My Carrefour Baby Bio Sin Gluten Y Sin Azucar Anadido Pack De 4 Bolsitas De 100 G,Despensa,1,True,False,False,False,False
CAT-7719,Garbanzos Cocidos Al Natural Classic Carrefour 210 G,Conservas y Enlatados,1,True,False,False,False,False
CAT-7720,Set 2 Estropajo De Bano De Fibra Carrefour   Blanco,Hogar,1,True,False,False,False,False
CAT-7721,Set 4 Estropajo De Fibra Carrefour   Verde,Hogar,1,True,False,False,False,False
CAT-7717,Butifarra Fresca Extra De Cerdo Enrollada Carrefour 700 G,Carnicería y Charcutería,1,True,False,False,False,False
CAT-7776,Set 3 Estropajo Con Esponja Carrefour,Hogar,1,True,False,False,False,False
CAT-7953,Set 6 Bayetas Ballerina Original   Amarillo,Hogar,1,False,False,False,True,False
CAT-8124,Barritas Para Canarios Vitakraft Multivitaminas,Cuidado personal e Higiene,1,False,False,False,True,False
CAT-8127,Crema Facial Bebes Recien Nacidos Suavinex Baby 50 Ml,Cuidado personal e Higiene,1,False,False,False,True,False
CAT-8305,Pechuga De Pollo Marinada Al Estilo Andaluz Carrefour 500 G Apox,Carnicería y Charcutería,1,True,False,False,False,False
CAT-8306,Pechuga De Pollo Marinada Al Ajillo En Filetes Carrefour 500 G Aprox,Carnicería y Charcutería,1,True,False,False,False,False
CAT-8491,Protegeslip Extra Largo Carrefour 24 Ud,Sin categoría,1,True,False,False,False,False
CAT-8485,Bocaditos De Buey Para Perro Carrefour Companino 70 G,Mascotas,1,True,False,False,False,False
CAT-8668,Ensaladilla Carrefour Classic 1 Kg,Sin categoría,1,True,False,False,False,False
CAT-8670,Yogur Griego Natural Light Carrefour Extra 1 Kg,Lácteos y Huevos,1,True,False,False,False,False
CAT-8671,Zanahoria Baby Carrefour 400 G,Frutas y Verduras,1,True,False,False,False,False
CAT-5973,Gel Wc Verde Desincrustante Carrefour 1 L,Sin categoría,1,True,False,False,False,False
CAT-8844,Nugget De Pavo Carrefour Extra Sin Gluten 400 G,Congelados,1,True,False,False,False,False
CAT-9025,Pilas Alcalinas Carrefour Itech  Aaa Lr03 Paquete 12,Bazar y Varios,1,True,False,False,False,False
CAT-9026,Pilas Alcalinas Carrefour Itech C Lr14 Paquete 2,Bazar y Varios,1,True,False,False,False,False
CAT-9419,Aguacate Maduro Carrefour Seleccion 2 Ud,Frutas y Verduras,1,True,False,False,False,False
CAT-9427,Papel Higienico Acolchado Scottex 24 Rollos,Bazar y Varios,1,True,False,False,False,False
CAT-9398,Agua Mineral Bezoya Natural 5 L,Bebidas,1,False,False,False,True,False
CAT-9397,Agua Mineral Natural Nestle Aquarel 50 Cl,Bebidas,1,False,False,False,True,False
CAT-9426,Aperitivo De Patata Sabor Original Dipster Carrefour 175 G,Desayuno y Snack,1,True,False,False,False,False
CAT-9372,Colageno Forte Bie3 Sin Gluten Y Sin Lactosa 30 Ud,Cuidado personal e Higiene,1,False,False,False,True,False
CAT-9414,Carne De Vieira Cruda Congelada Carrefour 400 G,Congelados,1,True,False,False,False,False
CAT-9439,Pimiento Del Piquillo Entero Al Ajillo Classic Carrefour 225 G,Conservas y Enlatados,1,True,False,False,False,False
CAT-9374,Pimiento Palermo Carrefour 200 G,Sin categoría,1,True,False,False,False,False
CAT-9371,Refresco Sabor Limon Zero Carrefour Classic Botella 2 L,Bebidas,1,True,False,False,False,False
CAT-9394,Zumo De Manzana Granada Tomate Y Frambuesa Plus Hierro Hohes C Botella 1 L,Bebidas,1,False,False,False,True,False
CAT-9356,Tomate Frito Classic Carrefour Pack 3 Briks De 215 G,Despensa,1,True,False,False,False,False
CAT-9357,Papel Higienico Megarollo Scottex 36 Rollos,Bazar y Varios,1,True,False,False,False,False
CAT-9358,Papel Higienico Megarollo Scottex 24 Rollos,Bazar y Varios,1,True,False,False,False,False
CAT-9409,Surtido De Setas Carrefour 450 G,Sin categoría,1,True,False,False,False,False
CAT-9423,Patata Lavada Para Todo Uso Carrefour El Mercado 5 Kg,Sin categoría,1,True,False,False,False,False
CAT-9424,Patata Roja Carrefour El Mercado 2 Kg,Sin categoría,1,True,False,False,False,False
CAT-9438,Pimiento Del Piquillo Entero Asados Con Ajo Classic Carrefour 225 G,Conservas y Enlatados,1,True,False,False,False,False
CAT-9408,Queso Gouda En Lonchas Light Carrefour Classic 200 G,Lácteos y Huevos,1,True,False,False,False,False
CAT-9416,Cacahuetes Fritos Y Salados Con Piel Classic Carrefour 200 G,Desayuno y Snack,1,True,False,False,False,False
CAT-9433,Limpiahogar Universal Con Bioalcohol Brillante Tenn 125 L,Hogar,1,False,False,False,True,False
CAT-9346,Complemento Alimenticio Sabor Vainilla Ensure Nutrivigor 400 G,Cuidado personal e Higiene,1,False,False,False,True,False
CAT-9393,Crema Facial Cleanance Comedomed Avne 30 Ml,Cuidado personal e Higiene,1,False,False,False,True,False
CAT-9390,Crema Hidratante Facial Hydrance Spf30 Avene 40 Ml,Cuidado personal e Higiene,1,False,False,False,True,False
CAT-9496,Panales Bebe Seco Dodot T5 11 16 Kg 152 Ud,Bebes,1,False,False,False,True,False
CAT-9497,Panales Bebe Seco Dodot T5 11 16 Kg 72 Ud,Bebes,1,False,False,False,True,False
CAT-9499,Panales Bebe Seco Dodot T3 6 10 Kg 84 Ud,Bebes,1,False,False,False,True,False
CAT-9467,Verduras Para Wor Classic Carrefour 1 Kg,Sin categoría,1,True,False,False,False,False
CAT-9468,Risotto Al Funghi Carrefour 300 G,Sin categoría,1,True,False,False,False,False
CAT-9453,Tortitas De Arroz Integrales Sensation Carrefour Sin Gluten 130 G,Despensa,1,True,False,False,False,False
CAT-9477,Anacardos Fritos Classic Carrefour Sin Sal Anadida 125 G,Desayuno y Snack,1,True,False,False,False,False
CAT-9466,Braseado Verdura Con Pollo Carrefour 450 G,Carnicería y Charcutería,1,True,False,False,False,False
CAT-9472,Panales Banador Carrefour Baby Talla 5 12 Kg 11 Uds,Bebes,1,True,False,False,False,False
CAT-9446,Brotes De Espinaca Y Rucula Carrefour El Mercado 150 G,Frutas y Verduras,1,True,False,False,False,False
CAT-9451,Cebolla Blanca Carrefour 500 G,Frutas y Verduras,1,True,False,False,False,False
CAT-9452,Cebolla Dulce Carrefour 500 G,Frutas y Verduras,1,True,False,False,False,False
CAT-9454,Cebolla Roja Carrefour 500 G,Frutas y Verduras,1,True,False,False,False,False
CAT-9455,Cebolla Echalotte Carrefour 250 G,Frutas y Verduras,1,True,False,False,False,False
CAT-9456,Cebolla Francesa Carrefour El Mercado 500 G,Frutas y Verduras,1,True,False,False,False,False
CAT-9471,Pants Banador Carrefour Baby T4 7 13 Kg 12 Ud,Bebes,1,True,False,False,False,False
CAT-9474,Tarta Tatin Ultacongelada Carrefour 600 G,Congelados,1,True,False,False,False,False
CAT-9487,Tiras De Maiz Sabor Barbacoa Sensation Carrefour 150 G,Sin categoría,1,True,False,False,False,False
CAT-9491,Lechuga Romana Carrefour El Mercado 200 G,Frutas y Verduras,1,True,False,False,False,False
CAT-9488,Papel De Cocina Compact Carrefour 3 Rollos,Bazar y Varios,1,True,False,False,False,False
CAT-9489,Papel De Cocina Compact Carrefour 6 Rollos,Bazar y Varios,1,True,False,False,False,False
CAT-9536,Prevencion De Tapones De Cera En Spray Carrefour Soft 75 Ml,Sin categoría,1,True,False,False,False,False
CAT-9546,Detergente Gel Extra Frescor Nenuco Colon 60 Lavados,Cuidado personal e Higiene,1,False,False,False,True,False
CAT-0531,Percarbonato blanqueante,Hogar,1,True,False,False,False,False
CAT-9545,Palo Antideslizante De Acero Carrefour 22X22X140 Cm,Sin categoría,1,True,False,False,False,False
CAT-9565,Patatas Paja Con Aceite De Girasol Clasic Carrefour 200 G,Despensa,1,True,False,False,False,False
CAT-9550,Yogur Griego Bicapa De Fresa Carrefour Extra Pack De 4 Unidades De 125 G,Lácteos y Huevos,1,True,False,False,False,False
CAT-9558,Limpiamaquinas Lavavajillas Power 2En1 Carrefour Expert 250 Ml,Hogar,1,True,False,False,False,False
CAT-9544,Escoba Para Pequenos Espacios Carrefour ,Hogar,1,True,False,False,False,False
CAT-9569,Calamar Patagonico Entero Congelado Classic Carrefour 510 G,Pescadería,1,True,False,False,False,False
CAT-9541,Cocktail De Picos De Pan Integrales Carrefour El Mercado 500 G,Panadería y Pastelería,1,True,False,False,False,False
CAT-9535,Agua De Mar En Spray Carrefour Soft 150 Ml,Cuidado personal e Higiene,1,True,False,False,False,False
CAT-9637,Crema Facial Hidratante Spf15 Calidad Farmaceutica 50 Ml,Cuidado personal e Higiene,1,False,False,False,True,False
CAT-9638,Papel De Cocina Resistente Jumbo Roll Carrefour Essential 1 Rollo,Bazar y Varios,1,True,False,False,False,False
CAT-0483,Salsa Thai Chili dulce J-Lek,Despensa,1,True,False,False,False,False
CAT-0491,Barritas con proteínas Enervit Sport sabor coco y chocolate,Desayuno y Snack,1,True,False,False,False,False
CAT-2336,Sopa de miso,Conservas y Enlatados,1,True,False,False,False,False
CAT-2355,Cerveza Shandy Steinburg sabor limón,Bebidas,1,True,False,False,False,False
CAT-2365,Quitamanchas de tinte capilar,Cuidado personal e Higiene,1,True,False,False,False,False
CAT-3711,Merluza media pieza abierta en libro sin cabeza y sin espina,Pescadería,1,True,False,False,False,False
CAT-3717,Sardina limpia sin cabeza,Pescadería,1,True,False,False,False,False
CAT-6113,Carrefour Energy Bebida Energenica Sabor Mango Lata 50 Cl,Sin categoría,1,True,False,False,False,False
CAT-7006,Kefir Liquido Natural Ecologico Carrefour Bio 500 G,Lácteos y Huevos,1,True,False,False,False,False
CAT-0825,Pizza Prosciutto jamón y queso,Congelados,1,True,False,False,False,False
CAT-8428,Helado Sorbete De Limon Carrefour 580 G,Congelados,1,True,False,False,False,False
CAT-8943,Helado Sandwiches Red Berry Maxibon 4 Ud,Congelados,1,False,False,False,True,False
CAT-0041,Leche +Proteínas desnatada,Lácteos y Huevos,1,True,False,False,False,False
CAT-4175,Medallon De Babilla De Vacuno Angus Carrefour Selection 400 G Aprox,Carnicería y Charcutería,1,True,False,False,False,False
CAT-0340,Mini pizzas jamón y queso Fiesta ultracongeladas,Congelados,1,True,False,False,False,False
CAT-1502,Compresa con alas noche plegada Classic,Cuidado personal e Higiene,1,True,False,False,False,False
CAT-4444,Bolsita De Naranja Platano Pera Y Galleta Hero Mi Fruta Sin Azucar Anadido 100 G,Bebidas,1,False,False,False,True,False
CAT-4442,Ron Anejo Brugal 70 Cl,Bebidas,1,False,False,False,True,False
CAT-4443,Whisky Dyc 1 L,Bebidas,1,False,False,False,True,False
CAT-4448,Pate A La Pimienta Classic Carrefour Sin Gluten Y Sin Lactosa 160 G,Carnicería y Charcutería,1,True,False,False,False,False
CAT-0873,Gel activador de rizos cabello Curl Perfect fix,Cuidado personal e Higiene,1,True,False,False,False,False
CAT-1630,Queso fresco Burgos desnatado 0% MG,Lácteos y Huevos,1,True,False,False,False,False
CAT-1631,Helado mini cucurucho nata,Congelados,1,True,False,False,False,False
CAT-1632,Habitas muy tiernas ultracongeladas,Congelados,1,True,False,False,False,False
CAT-4676,Tarrito De Manzana Y Pera Desde 4 Meses Ecologico Natube Sin Gluten 220 G,Sin categoría,1,True,False,False,False,False
CAT-4675,Tarrito De Manzana Platano Y Naranja Desde 4 Meses Ecologico Natube Sin Gluten 220 G,Frutas y Verduras,1,True,False,False,False,False
CAT-0919,Empanados vegetales con proteína de soja Tivall,Platos preparados,1,True,False,False,False,False
CAT-0920,Obleas para helado,Desayuno y Snack,1,True,False,False,False,False
CAT-1457,Aperitivo de patata sabor original Pringles,Desayuno y Snack,1,True,False,False,False,False
CAT-1832,Media tortilla de patata con calabacín Listo para Comer,Platos preparados,1,True,False,False,False,False
CAT-1977,Chocolate negro 70% cacao Valor con nueces de macadamia caramelizadas,"Azúcar, caramelos y chocolate",1,True,False,False,False,False
CAT-1850,Filetes de vacuno marinado extra tiernos,Carnicería y Charcutería,1,True,False,False,False,False
CAT-2290,Coloración permanente 6.0  rubio oscuro Color Sensation,Cuidado personal e Higiene,1,True,False,False,False,False
CAT-2352,Cloro rápido granulado para piscina,Hogar,1,True,False,False,False,False
CAT-2828,Mini eau de parfum mujer Flor de Mayo Blue Bloom,Cuidado personal e Higiene,1,True,False,False,False,False
CAT-2834,Salsa Brasa & Sabor,Despensa,1,True,False,False,False,False
CAT-2972,Burrata fresca,Lácteos y Huevos,1,True,False,False,False,False
CAT-2973,Arroz para microondas ultracongelado,Congelados,1,True,False,False,False,False
CAT-2891,Mix de encurtidos,Despensa,1,True,False,False,False,False
CAT-3107,Nísperos,Frutas y Verduras,1,True,False,False,False,False
CAT-3111,Salchichas cocidas estilo Viena con queso de pollo y cerdo sabor ahumado,Carnicería y Charcutería,1,True,False,False,False,False
CAT-3216,Hidrocrema Liss Frizz Control cabello rebelde,Cuidado personal e Higiene,1,True,False,False,False,False
CAT-3218,Champú Zero todo tipo de cabello,Cuidado personal e Higiene,1,True,False,False,False,False
CAT-3225,Espárragos verdes finos,Frutas y Verduras,1,True,False,False,False,False
CAT-3317,Nata ligera para cocinar sin lactosa,Lácteos y Huevos,1,True,False,False,False,False
CAT-3358,Maquinillas depilación desechables Gillette Venus Colors 3 hojas,Cuidado personal e Higiene,1,True,False,False,False,False
CAT-3680,Perfilador de ojos Waterproof 09 azul metalizado,Cuidado personal e Higiene,1,True,False,False,False,False
CAT-3721,Lenguado rubio,Pescadería,1,True,False,False,False,False
CAT-3740,Arena para gato aglomerante Nuske perfumada,Mascotas,1,True,False,False,False,False
CAT-1937,Delicias del mar de surimi,Pescadería,1,True,False,False,False,False
CAT-1943,Caramelos Fruits & Flowers 0% azúcares,"Azúcar, caramelos y chocolate",1,True,False,False,False,False
CAT-1950,Desodorante roll-on Dermo Sensitive Sanex antitranspirante,Cuidado personal e Higiene,1,True,False,False,False,False
CAT-1958,Postre de manzana Jamar,Conservas y Enlatados,1,True,False,False,False,False
CAT-1975,Guisante fino ultracongelado,Congelados,1,True,False,False,False,False
CAT-3864,Salmón abierto en libro sin cabeza y sin espina,Pescadería,1,True,False,False,False,False
CAT-4751,Toallitas Suelos Perfume Jabon De Marsella Carrefour Essential 15 Ud,Cuidado personal e Higiene,1,True,False,False,False,False
CAT-0460,Lote infantil Gabby's Dollhouse,Cuidado personal e Higiene,1,True,False,False,False,False
CAT-0973,Loción corporal infantil hidratante,Bebes,1,True,False,False,False,False
CAT-0974,Magret de pato,Carnicería y Charcutería,1,True,False,False,False,False
CAT-0975,Refresco de naranja fresh gas,Bebidas,1,True,False,False,False,False
CAT-0976,Lenteja cocida,Despensa,1,True,False,False,False,False
CAT-4591,Caracolas De Fruta Carrefour 4 Ud,Sin categoría,1,True,False,False,False,False
CAT-4589,Bolsita De Pera Manzana Y Platano Desde 4 Meses Ecologica Gerber Sin Gluten Y Sin Azucar Anadido 90 G,Despensa,1,True,False,False,False,False
CAT-4584,Croissants Rellenos De Crema De Cacao Carrefour Classic 360 G,Desayuno y Snack,1,True,False,False,False,False
CAT-4574,Chorizo Oreado Picante Carrefour 500 G Aprox,Carnicería y Charcutería,1,True,False,False,False,False
CAT-4571,Pincho Moruno De Cerdo Amarillo Carrefour El Mercado 340 G,Carnicería y Charcutería,1,True,False,False,False,False
CAT-4575,Longaniza Blanca Carrefour El Mercado 500 G Aprox,Carnicería y Charcutería,1,True,False,False,False,False
CAT-4585,Croissants Carrefour Classic 350 G,Panadería y Pastelería,1,True,False,False,False,False
CAT-4633,Salmon Ahumado Noruego Carrefour Extra 200 G,Pescadería,1,True,False,False,False,False
CAT-4643,Snack Galletas Rellenas Para Perro Mix Rolls Carrefour Companino 900 G,Desayuno y Snack,1,True,False,False,False,False
CAT-4642,Panales Premium Ultra Protect Carrefour Baby T5 11Kg 25Kg 36 Ud,Bebes,1,True,False,False,False,False
CAT-4645,Panales Premium Ultra Protect My Carrefour Baby T3 4 9 Kg 47 Ud,Bebes,1,True,False,False,False,False
CAT-4656,Papel Higienico Acolchado Carrefour 9 Rollos,Bazar y Varios,1,True,False,False,False,False
CAT-4652,Cocktail De Aperitivo Sensation Carrefour 90 G,Desayuno y Snack,1,True,False,False,False,False
CAT-4702,Ensalada Del Huerto Carrefour Bon Appetit 400 G,Sin categoría,1,True,False,False,False,False
CAT-4707,Queso Iberico Semicurado Extra Carrefour Cuna Cortada 250 G,Lácteos y Huevos,1,True,False,False,False,False
CAT-4708,Queso Iberico Curado Extra Carrefour Cuna Cortada 250 G,Lácteos y Huevos,1,True,False,False,False,False
CAT-4709,Queso Iberico Viejo Extra Carrefour Cuna Cortada 250 G,Lácteos y Huevos,1,True,False,False,False,False
CAT-4704,Pistachos Tostados Y Salados Classic Carrefour 200 G,Desayuno y Snack,1,True,False,False,False,False
CAT-4711,Brocoli Ultracongelado Carrefour Classic 900 G,Congelados,1,True,False,False,False,False
CAT-4714,Pants My Carrefour Baby T7 18 Kg 16 Ud,Bebes,1,True,False,False,False,False
CAT-4719,Calabaza Troceada Ecologica Carrefour Bio 400 G,Sin categoría,1,True,False,False,False,False
CAT-4727,Chopped De Lata En Lonchas Finas Carrefour El Mercado 150 G,Sin categoría,1,True,False,False,False,False
CAT-4739,Panuelos Original Scottex Caja De 70 Ud,Sin categoría,1,True,False,False,False,False
CAT-4743,Sopa Juliana Carrefour El Mercado 400 G,Conservas y Enlatados,1,True,False,False,False,False
CAT-4723,Lavavajillas A Maquina En Pastillas Ultra Power Carrefour Expert 50 Ud,Hogar,1,True,False,False,False,False
CAT-4738,Amoniaco Muy Fuerte Con Detergente Carrefour 750 Ml,Hogar,1,True,False,False,False,False
CAT-4728,Jamon Cocido Extra Ahumado A La Lena En Lonchas Carrefour El Mercado 180 G,Carnicería y Charcutería,1,True,False,False,False,False
CAT-4729,Jamon Cocido Extra En Lonchas Carrefour El Mercado 180 G,Carnicería y Charcutería,1,True,False,False,False,False
CAT-4756,Papel Higienico Humedo Con Aloe Vera Sensitive Scottex 66 Ud,Bazar y Varios,1,True,False,False,False,False
CAT-4767,Pimientos De Piquillo Asados Classic Carrefour 350 G,Sin categoría,1,True,False,False,False,False
CAT-4778,Gel De Afeitado Piel Sensible Men Carrefour 200 Ml,Sin categoría,1,True,False,False,False,False
CAT-4797,Toallitas Para Muebles Carrefour Expert 24 Ud,Sin categoría,1,True,False,False,False,False
CAT-4798,Toallitas Multiusos Aroma Limon Carrefour 80 Ud,Sin categoría,1,True,False,False,False,False
CAT-4763,Gelatina Light Sabor Fresa Sin Azucar Anadido Carrefour Sin Gluten Pack De 6 Unidades De 100 G,Despensa,1,True,False,False,False,False
CAT-4799,Berlinas De Azucar Carrefour 4 Ud,Despensa,1,True,False,False,False,False
CAT-4795,Ambientador De Varillas Fragancia Tropical Essential Carrefour  1 Ud,Hogar,1,True,False,False,False,False
CAT-4789,Pechuga De Pollo Certificado Entera Carrefour 400 G Aprox,Carnicería y Charcutería,1,True,False,False,False,False
CAT-4785,Lomo De Cerdo Adobado Carrefour El Mercado 1 Kg Aprox,Carnicería y Charcutería,1,True,False,False,False,False
CAT-4771,Bolsas Panales Carrefour Baby X50,Bebes,1,True,False,False,False,False
CAT-4773,Ajo Ecologico Carrefour Bio 3 Uds,Frutas y Verduras,1,True,False,False,False,False
CAT-4774,Calabacin Ecologico Carrefour Bio 500 G,Frutas y Verduras,1,True,False,False,False,False
CAT-4768,Chocolate Negro 99 Seleccion Carrefour Sin Gluten 100 G,"Azúcar, caramelos y chocolate",1,True,False,False,False,False
CAT-4818,Cera Para Terrazo Y Baldosa Carrefour 1 L,Sin categoría,1,True,False,False,False,False
CAT-4816,Queso Fresco Desnatado Con Fresa Sin Azucar Anadido Proteinas Plus Carrefour Sensation Sin Gluten Pack De 4 Unidades E 100 G,Despensa,1,True,False,False,False,False
CAT-4817,Queso Fresco Desnatado Con Arandanos Sin Azucar Anadido Proteina Plus Carrefour Sensation Sin Gluten Pack De 4 Unidades De 100 G,Despensa,1,True,False,False,False,False
CAT-5032,Champu Fortificante Con Extracto De Cebolla Carrefour Soft 300 Ml,Cuidado personal e Higiene,1,True,False,False,False,False
CAT-5018,Gel De Ducha Argan Carrefour 750 Ml,Cuidado personal e Higiene,1,True,False,False,False,False
CAT-0901,Desodorante de calzado,Hogar,1,True,False,False,False,False
CAT-0902,Barra pan de pueblo rebanada,Panadería y Pastelería,1,True,False,False,False,False
CAT-0903,Papilla zanahorias con arroz en caldito de pollo Hero Solo +6 meses,Bebes,1,True,False,False,False,False
CAT-0905,Anacardo natural,Desayuno y Snack,1,True,False,False,False,False
CAT-1197,Café monodosis mezcla,Desayuno y Snack,1,True,False,False,False,False
CAT-4838,Tagliatelle Carbonara Carrefour 300 G,Sin categoría,1,True,False,False,False,False
CAT-4835,Camaron Cocido Pelado Procedente De Pesca Sostenible Carrefour 200 G,Bebidas,1,True,False,False,False,False
CAT-4820,Copos De Cereales Chocolateados  Carrefour Kids 500 G,Desayuno y Snack,1,True,False,False,False,False
CAT-4833,Berenjena Soraya Carrefour 1 Kg Aprox,Frutas y Verduras,1,True,False,False,False,False
CAT-4832,Limon Carrefour A Granel 1 Kg Aprox,Frutas y Verduras,1,True,False,False,False,False
CAT-4831,Carne De Vieira Con Coral Congelada Carrefour Extra 300 G,Congelados,1,True,False,False,False,False
CAT-4902,Tapa Antisalpicaduras De Acero Inoxidable Carrefour Home 32 Cm,Sin categoría,1,True,False,False,False,False
CAT-4898,Cerveza Carrefour Especial Lata 50 Cl,Bebidas,1,True,False,False,False,False
CAT-4922,Salsa Ligera Con Aceite De Girasol Carrefour Tarro 450 Ml,Despensa,1,True,False,False,False,False
CAT-4924,Mayonesa Con Aceite De Girasol Carrefour Tarro 450 Ml,Despensa,1,True,False,False,False,False
CAT-4890,Cereales De Maiz Sin Azucar Anadido Corn Flakes Carrefour 500 G,Despensa,1,True,False,False,False,False
CAT-4915,Crema De Queso Clasico Ecologico Carrefour Bio 150 G,Lácteos y Huevos,1,True,False,False,False,False
CAT-4900,Panales Ultra Dry My Carrefour Baby T5 12 20 Kg 136 Ud,Bebes,1,True,False,False,False,False
CAT-4901,Panales Ultra Dry Carrefour Baby T4 7 18 Kg 144 Ud,Bebes,1,True,False,False,False,False
CAT-4918,Cebolla Caramelizada Extra Carrefour 240 G,Frutas y Verduras,1,True,False,False,False,False
CAT-4917,Almeja Fina Carrefour El Mercado 250 G,Pescadería,1,True,False,False,False,False
CAT-4941,Necoras Cocidas Carrefour 500 G,Sin categoría,1,True,False,False,False,False
CAT-4933,Vinagre De Limpieza Multiusos Carrefour Essential 1 L,Despensa,1,True,False,False,False,False
CAT-4932,Limpiador Desinfectante Carrefour Expert 2 L,Hogar,1,True,False,False,False,False
CAT-4926,Snack Barritas De Pollo Y Buey Para Perro Carrefour Duo Snapies 100 G,Carnicería y Charcutería,1,True,False,False,False,False
CAT-4936,Gambas Salvajes Peladas Crudas Ultracongeladas Carrefour 400 G,Pescadería,1,True,False,False,False,False
CAT-4929,Papel De Cocina Ultra Absorbente Xxl Carrefour Essential 4 Rollos,Bazar y Varios,1,True,False,False,False,False
CAT-5002,Tofu Natural Ecologico Carrefour Bio 400 G,Sin categoría,1,True,False,False,False,False
CAT-5008,Lejia Uso Domestico Carrefour 2 L,Hogar,1,True,False,False,False,False
CAT-4989,Traseros De Pollo Carrefour 1 Kg Aprox,Carnicería y Charcutería,1,True,False,False,False,False
CAT-4990,Zanahoria Ecologica Carrefour Bio 750 G,Frutas y Verduras,1,True,False,False,False,False
CAT-5012,Tortitas De Maiz Sentation Carrefour 130 G,Sin categoría,1,True,False,False,False,False
CAT-5040,Tomate Pera Rama Carrefour 500 G,Sin categoría,1,True,False,False,False,False
CAT-5041,Refresco Sabor Limon Zero Carrefour Classic Lata 33 Cl,Bebidas,1,True,False,False,False,False
CAT-5009,Crepes De Trigo Relleno De Quesos Carrefour 300 G,Lácteos y Huevos,1,True,False,False,False,False
CAT-5014,Quitamanchas En Gel Ropa De Color Oxi Power Carrefour 2 L,Hogar,1,True,False,False,False,False
CAT-5035,Lejia Densa Expert Carrefour 2 L,Hogar,1,True,False,False,False,False
CAT-5034,Alitas De Pollo Picantes Carrefour Sensation 750 G,Carnicería y Charcutería,1,True,False,False,False,False
CAT-5276,Crema De Calabacin Con Queso Classic Carrefour Sin Gluten 500 Ml,Conservas y Enlatados,1,True,False,False,False,False
CAT-5278,Crema De Verduras Mediterraneas Classic Carrefour Sin Gluten 500 Ml,Conservas y Enlatados,1,True,False,False,False,False
CAT-5282,Pan De Molde Carrefour Classic Sin Gluten 350 G,Panadería y Pastelería,1,True,False,False,False,False
CAT-5335,Pate A La Pimienta Carrefour El Mercado Sin Gluten 100 G,Carnicería y Charcutería,1,True,False,False,False,False
CAT-5336,Pate A Las Finas Hierbas Carrefour El Mercado Sin Gluten 100 G,Carnicería y Charcutería,1,True,False,False,False,False
CAT-5021,Gel De Ducha Frutal Carrefour 750 Ml,Cuidado personal e Higiene,1,True,False,False,False,False
CAT-5023,Gel De Ducha Hidratante Avena Carrefour 500 Ml,Cuidado personal e Higiene,1,True,False,False,False,False
CAT-5024,Gel De Ducha Glicerina Soft Carrefour 750 Ml,Cuidado personal e Higiene,1,True,False,False,False,False
CAT-5025,Gel De Ducha Sales Mineras Soft Carrefour 750 Ml,Cuidado personal e Higiene,1,True,False,False,False,False
CAT-5026,Gel De Ducha Oliva Carrefour 750 Ml,Cuidado personal e Higiene,1,True,False,False,False,False
CAT-5027,Gel De Ducha Almendras Carrefour 750 Ml,Cuidado personal e Higiene,1,True,False,False,False,False
CAT-5029,Gel De Ducha Nostalgia Soft Carrefour 750 Ml,Cuidado personal e Higiene,1,True,False,False,False,False
CAT-5030,Gel De Ducha Con Aloe Vera Carrefour 750 Ml,Cuidado personal e Higiene,1,True,False,False,False,False
CAT-5036,Gel De Ducha Pieles Sensibles 0 Soft Carrefour 750 Ml,Cuidado personal e Higiene,1,True,False,False,False,False
CAT-6053,Gel Champu My Carrefour Baby 750 Ml,Cuidado personal e Higiene,1,True,False,False,False,False
CAT-0424,Perfilador de ojos Waterproof 105 verde,Cuidado personal e Higiene,1,True,False,False,False,False
CAT-0425,Bizcocho azúcar sin gluten,Panadería y Pastelería,1,True,False,False,False,False
CAT-0426,6 Panes de leche 3%,Panadería y Pastelería,1,True,False,False,False,False
CAT-0428,Allioli en sobres individuales,Despensa,1,True,False,False,False,False
CAT-0429,Alioli con perejil,Despensa,1,True,False,False,False,False
CAT-0430,Tomate frito receta artesana,Despensa,1,True,False,False,False,False
CAT-1450,Rama de Tomates,Frutas y Verduras,1,True,False,False,False,False
CAT-5183,Papel Higienico Original Scottex 36 Rollos,Bazar y Varios,1,True,False,False,False,False
CAT-5342,Preparado De Marisco Para Paella Congelado Carrefour 400 G,Pescadería,1,True,False,False,False,False
CAT-5352,Sandwich De Vainilla Y Chocolate Classic Carrefour 6 Ud,Platos preparados,1,True,False,False,False,False
CAT-5364,Surtido Aperitivo Pincho Carrefour El Mercado 600 G Aprox,Desayuno y Snack,1,True,False,False,False,False
CAT-5632,Arroz Tres Delicias Con Marisco Carrefour 500 G,Despensa,1,True,False,False,False,False
CAT-5640,Morcilla Pieza Carrefour El Mercado 300 G Aprox,Sin categoría,1,True,False,False,False,False
CAT-5653,Judias Verdes Planas Carrefour Classic 1 Kg,Sin categoría,1,True,False,False,False,False
CAT-5663,Bifidus Con Trozos De Frutos Rojos Carrefour Pack De 4 Unidades De 125 G,Sin categoría,1,True,False,False,False,False
CAT-5666,Tocino De Cielo Al Bano Maria Carrefour Original Sin Gluten Pack De 2 Unidades De 100 G,Sin categoría,1,True,False,False,False,False
CAT-5673,Naranjas De Zumo Carrefour El Mercado 3 Kg,Bebidas,1,True,False,False,False,False
CAT-5671,Sal Marina Fina Carrefour 250 G,Despensa,1,True,False,False,False,False
CAT-5654,Maiz Dulce En Grano Carrefour 400 G,Conservas y Enlatados,1,True,False,False,False,False
CAT-5642,Leche Entera Con Calcio Carrefour Brik 1 L,Lácteos y Huevos,1,True,False,False,False,False
CAT-5665,Flan De Huevo Al Bano Maria Carrefour Classic Sin Gluten Pack De 4 Unidades De 100 G,Lácteos y Huevos,1,True,False,False,False,False
CAT-5655,Menestra De Verduras Carrefour Classic 1 Kg,Congelados,1,True,False,False,False,False
CAT-5649,Chocolate Negro 50 Carrefour Sin Gluten 150 G,"Azúcar, caramelos y chocolate",1,True,False,False,False,False
CAT-5650,Chocolate Con Leche Y Almendras Troceadas Carrefour Classic Sin Gluten 150 G,"Azúcar, caramelos y chocolate",1,True,False,False,False,False
CAT-5648,Insecticida Electrico Antimosquitos Liquido Aparato  Recambio Carrefour 1 Ud,Cuidado personal e Higiene,1,True,False,False,False,False
CAT-5641,Corazones De Alcachofas 68 Piezas Carrefour 240 G,Frutas y Verduras,1,True,False,False,False,False
CAT-5690,Macedonia De Verduras Classic Carrefour Sin Sal Anadida 320 G,Sin categoría,1,True,False,False,False,False
CAT-5692,Patatas Fritas Onduladas Sabor Queso Curado Sensation Carrefour Sin Guten 150 G,Lácteos y Huevos,1,True,False,False,False,False
CAT-5707,Crepes Jamon Y Queso Carrefour Pack De 6 Unidades De 50 G,Lácteos y Huevos,1,True,False,False,False,False
CAT-5683,Cafe Molido Mezcla Descafeinado Carrefour Classic 250 G,Desayuno y Snack,1,True,False,False,False,False
CAT-5684,Cafe Molido Mezcla Carrefour Classic 250 G,Desayuno y Snack,1,True,False,False,False,False
CAT-5708,Fregona Simpl   Amarilla,Hogar,1,True,False,False,False,False
CAT-5694,Lomo De Cerdo Al Ajillo Fileteado Carrefour 750 G Aprox,Carnicería y Charcutería,1,True,False,False,False,False
CAT-5681,Comedor Para Perro Y Gato Carrefour 250 Ml,Mascotas,1,True,False,False,False,False
CAT-5706,Zanahoria Circulo De Calidad Carrefour 1 Kg,Frutas y Verduras,1,True,False,False,False,False
CAT-5710,Brocoli Carrefour A Granel 500 G Aprox,Frutas y Verduras,1,True,False,False,False,False
CAT-5763,Comida Humeda De Salmon Para Gatos Simpl 400 G,Pescadería,1,True,False,False,False,False
CAT-5797,Yogur Desnatado Liquido De Fresa Sin Azucar Anadido Carrefour Sin Gluten 1 Kg,Despensa,1,True,False,False,False,False
CAT-5795,Yogur Liquido Fresa Carrefour Sin Gluten 1 Kg,Lácteos y Huevos,1,True,False,False,False,False
CAT-5796,Yogur Liquido De Pina Y Coco Carrefour Classic Sin Gluten 1000 G,Lácteos y Huevos,1,True,False,False,False,False
CAT-5799,Fregona Algodon Carrefour,Hogar,1,True,False,False,False,False
CAT-5794,Helado Bat Cola Carrefour Classic Sin Gluten 6 Ud,Congelados,1,True,False,False,False,False
CAT-5765,Comida Humeda De Pollo Para Perros Simpl 1200 G,Carnicería y Charcutería,1,True,False,False,False,False
CAT-5779,Baguette Precocida Carrefour Classic Pack De 2 Unidades De 150 G,Panadería y Pastelería,1,True,False,False,False,False
CAT-5791,Papel De Cocina Deco Compact Carrefour Essential 3 Rollos,Bazar y Varios,1,True,False,False,False,False
CAT-9373,Cogollos Rojos Carrefour 3 Ud,Sin categoría,1,True,False,False,False,False
CAT-1548,"Crema facial Revitaliza y Reestructura Sisbela Reafirm con ácido ribonucleico RNA, ácido desoxirribonucleico DNA y silicio",Cuidado personal e Higiene,1,True,False,False,False,False
CAT-3260,Coloración permanente 0% amoníaco 5.35 chocolate Colorcor,Cuidado personal e Higiene,1,True,False,False,False,False
CAT-3900,Surtido sushi Bento mix,Platos preparados,1,True,False,False,False,False
CAT-6055,Locion Hidratante Cara Y Cuerpo 97 Natural Carrefour Baby 750 Ml,Bebes,1,True,False,False,False,False
CAT-6061,Guisantes Muy Tiernos Carrefour Classic 300 G,Sin categoría,1,True,False,False,False,False
CAT-6060,Alcachofas Baby Carrefour Classic 300 G,Frutas y Verduras,1,True,False,False,False,False
CAT-6138,Caldo De Carne Classic Carrefour Sin Gluten Brik 1 L,Despensa,1,True,False,False,False,False
CAT-6142,Cebolla Granulada Carrefour Classic 30 G,Frutas y Verduras,1,True,False,False,False,False
CAT-6224,Esponja Dermomasaje Exfoliacion Regeneracion Carrefour 1 Ud,Sin categoría,1,True,False,False,False,False
CAT-6225,Esponja Vegetal Suave Delicada Soft Carrefour 1 Ud,Sin categoría,1,True,False,False,False,False
CAT-6226,Esponja Doble Accion Exfoliacion Profunda Soft Carrefour 2 Ud,Sin categoría,1,True,False,False,False,False
CAT-6227,Esponja Suave Bebe Carrefour 1 Ud,Sin categoría,1,True,False,False,False,False
CAT-6240,Sandwich De Yogurt Con Salsa De Frutos Rojos Carrefour Sensation 6 Ud,Despensa,1,True,False,False,False,False
CAT-6229,Cafe Capsulas Con Leche Carrefour Extra Compatible Con Dolce Gusto 30 Unidades De 10 G,Desayuno y Snack,1,True,False,False,False,False
CAT-6231,Bolsas De Basura Cubo Alto 30L 20 Ud Carrefour Essential   Azul,Hogar,1,True,False,False,False,False
CAT-6232,Bolsas Basura De Material Reciclado Carrefour 50 L 15 Ud   Blanco,Hogar,1,True,False,False,False,False
CAT-6235,Bombon Helado De Vainilla Y Caramelo Carrefour Sensation 4 Ud,Congelados,1,True,False,False,False,False
CAT-6236,Conos Con Helado De Nata Y Caramelo Carrefour Extra 6 Ud,Congelados,1,True,False,False,False,False
CAT-6241,Helado De Caramelo Carrefour Sensation 350 G,Congelados,1,True,False,False,False,False
CAT-6243,Tortilla De Patatas Carrefour Classic Sin Gluten Sin Lactosa 600 G,Platos preparados,1,True,False,False,False,False
CAT-6244,Tortilla De Patatas Con Cebolla Carrefour Classic Sin Gluten Y Sin Lactosa 600 G,Platos preparados,1,True,False,False,False,False
CAT-6237,Ajo Ecologico Carrefour Bio A Granel 200 G Aprox,Frutas y Verduras,1,True,False,False,False,False
CAT-6278,Kombucha Frutos Rojos Ecologico Carrefour Bio 250 Ml,Sin categoría,1,True,False,False,False,False
CAT-6272,Mantequilla Pastilla Con Sal Carrefour Classic 250 G,Lácteos y Huevos,1,True,False,False,False,False
CAT-6262,Recogedor Con Palo Carrefour   Verde,Hogar,1,True,False,False,False,False
CAT-6303,Arena Absorbente Para Gatos 7L 47 Kg  Carrefour,Mascotas,1,True,False,False,False,False
CAT-6337,Te Sabor Mango Zero Carrefour Classic Botella 15 L,Sin categoría,1,True,False,False,False,False
CAT-6338,Te Sabor Melocoton Zero Carrefour Classic Botella 15 L,Sin categoría,1,True,False,False,False,False
CAT-6339,Te Sabor Limon Zero Carrefour Classic Botella 15 L,Sin categoría,1,True,False,False,False,False
CAT-6344,Sarten Carrefour Home Daily Antiadherente De Aluminio Apto Induccion 14 Cm,Sin categoría,1,True,False,False,False,False
CAT-6345,Sarten Carrefour Home Ceracook Antiadherente Ceramico De Aluminio Apto Induccion 24 Cm ,Sin categoría,1,True,False,False,False,False
CAT-6327,Queso Burrata Carrefour Extra 125 G,Lácteos y Huevos,1,True,False,False,False,False
CAT-6328,Mozzarella Di Bufala Campana Dop Carrefour Extra 125 G,Lácteos y Huevos,1,True,False,False,False,False
CAT-6308,Salmon Ahumado Noruego Carrefour Extra Pack De 2 Unidades De 180 G,Pescadería,1,True,False,False,False,False
CAT-6311,Colines Saladitos Carrefour 250 G,Panadería y Pastelería,1,True,False,False,False,False
CAT-6343,Albahaca Cortada Carrefour El Mercado 20 G,Frutas y Verduras,1,True,False,False,False,False
CAT-6310,Agua De Plancha Desmineralizada Essential Carrefour 5 L,Hogar,1,True,False,False,False,False
CAT-6346,Sarten Carrefour Home Ceracook Antiadherente Ceramico De Aluminio Apto Induccion 20 Cm ,Sin categoría,1,True,False,False,False,False
CAT-6351,Leche Fermentada Natural Carrefour Classic Pack De 6 Unidades De 125 G,Sin categoría,1,True,False,False,False,False
CAT-6361,Rodaja De Pez Espada Carrefour El Mercado 350 G Aprox,Pescadería,1,True,False,False,False,False
CAT-6363,Calamar Patagonico Carrefour El Mercado 500 G,Pescadería,1,True,False,False,False,False
CAT-6366,Champu De Almendra Y Vainilla Choice Simpl 15 L,Cuidado personal e Higiene,1,True,False,False,False,False
CAT-6282,Perfume Para La Ropa En Perlas Vainilla Y Coco Essential Carrefour 275 G,Cuidado personal e Higiene,1,True,False,False,False,False
CAT-6380,Gel De Ducha Vainilla Soft Carrefour 750 Ml,Cuidado personal e Higiene,1,True,False,False,False,False
CAT-1955,Gel-Champú de baño 2 en 1 dermoprotector para cuerpo y cabello,Cuidado personal e Higiene,1,True,False,False,False,False
CAT-5745,Salchichon Extra En Lonchas Carrefour El Mercado 2X120 G,Carnicería y Charcutería,1,True,False,False,False,False
CAT-6383,Maiz Cocido Ecologico Carrefour Bio 400 G,Sin categoría,1,True,False,False,False,False
CAT-6384,Apio Blanco Carrefour El Mercado 500 G,Frutas y Verduras,1,True,False,False,False,False
CAT-6381,Agua De Peinado Carrefour 150 Ml,Cuidado personal e Higiene,1,True,False,False,False,False
CAT-6385,Remolacha Entera Cocida Ecologica Carrefour Bio 500 G,Sin categoría,1,True,False,False,False,False
CAT-6413,Crema De Calzado Con Aplicador Incoloro Autobrillante Carrefour 50 Ml,Sin categoría,1,True,False,False,False,False
CAT-6414,Crema Liquida Autobrillante Incolora Carrefour 50 Ml,Sin categoría,1,True,False,False,False,False
CAT-6415,Crema Liquida Autobrillante Blanco Carrefour 50 Ml,Sin categoría,1,True,False,False,False,False
CAT-6416,Crema Liquida Autobrillante Negro Carrefour 50 Ml,Sin categoría,1,True,False,False,False,False
CAT-6419,Burger Bulgur Y Garbanzos A La Provenzal Carrefour Veggie 400 G,Despensa,1,True,False,False,False,False
CAT-6420,Hamburguesa De Trigo Espinaca Y Emmental Carrefour Veggie 400 G,Lácteos y Huevos,1,True,False,False,False,False
CAT-6432,Pepitos De Azucar Carrefour 4 Ud,Despensa,1,True,False,False,False,False
CAT-6448,Conos Con Helado De Nata Y Fresa Con Salsa De Fresa Carrefour 4 Ud,Despensa,1,True,False,False,False,False
CAT-6449,Conos Con Helado De Nata Y Chocolate Con Trozos De Almendras Tostadascarrefour 4 Ud,Desayuno y Snack,1,True,False,False,False,False
CAT-6445,Lavavajillas A Maquina En Pastillas Clasico Ecologico Carrefour Eco Planet 30 Ud,Hogar,1,True,False,False,False,False
CAT-6446,Lavavajillas A Maquina En Pastillas Todo En Uno Ecologico Carrefour Eco Planet 30 Ud,Hogar,1,True,False,False,False,False
CAT-6454,Desinfectante Elimina Olores Textil Antialergenos Sanytol 500 Ml,Hogar,1,True,False,False,False,False
CAT-6463,Mix 3 Verduras Zanahoria Brocoli Coliflor Carrefour Classic 1 Kg,Frutas y Verduras,1,True,False,False,False,False
CAT-6466,Zanahoria Circulo De Calidad Carrefour 500 G,Frutas y Verduras,1,True,False,False,False,False
CAT-6437,Apio Verde Ecologico Carrefour Bio 400 G,Frutas y Verduras,1,True,False,False,False,False
CAT-6478,Sarten De Aluminio Antiadherente 24 Cm Simpl,Sin categoría,1,True,False,False,False,False
CAT-6479,Cazo De Aluminio Antiadherente 16 Cm Simpl,Sin categoría,1,True,False,False,False,False
CAT-6483,Sarten De Aluminio Antiadherente 20 Cm Simpl,Sin categoría,1,True,False,False,False,False
CAT-6484,Sarten De Aluminio Antiadherente 28 Cm Simpl,Sin categoría,1,True,False,False,False,False
CAT-6499,Trencinas Carrefour El Mercado 500 G,Sin categoría,1,True,False,False,False,False
CAT-6493,Yogur Sabor Fresa Carrefour Classic Pack De 4 Unidades De 125 G,Lácteos y Huevos,1,True,False,False,False,False
CAT-6494,Yogur Sabor Fresa Y Platano Carrefour Classic Pack De 8 Unidades De 125 G,Lácteos y Huevos,1,True,False,False,False,False
CAT-6495,Yogur Sabor Macedonia Carrefour Classic Pack De 4 Unidades De 125 G,Lácteos y Huevos,1,True,False,False,False,False
CAT-6480,Suavizante Concentrado Nutrive Essential Carrefour 80 Lavados,Hogar,1,True,False,False,False,False
CAT-6500,Jamon De Cebo Iberico 50 Raza Iberica En Lonchas Carrefour 100 G,Carnicería y Charcutería,1,True,False,False,False,False
CAT-6503,Hamburguesa De Pavo Y Pollo Carrefour 540 G,Carnicería y Charcutería,1,True,False,False,False,False
CAT-6549,Naranjas De Mesa Carrefour El Mercado 3 Kg,Sin categoría,1,True,False,False,False,False
CAT-6532,Pan De Sandwich Con Cereales Y Semillas Carrefour Sensation 310 G,Panadería y Pastelería,1,True,False,False,False,False
CAT-6554,Ensalada Brotes Deluxe Carrefour El Mercado 110 G,Sin categoría,1,True,False,False,False,False
CAT-6555,Ensalada Mezclum Carrefour El Mercado 200 G,Sin categoría,1,True,False,False,False,False
CAT-6560,Tempura De Verduras Carrefour Sensation 400 G,Sin categoría,1,True,False,False,False,False
CAT-6572,Rodaja De Caella Tintorera Carrefour El Mercado 300 G Aprox,Sin categoría,1,True,False,False,False,False
CAT-6556,3 Bayetas Multiusos Multifacil Spontex    Amarilla,Hogar,1,True,False,False,False,False
CAT-6573,Rodaja De Merluza Argentina Ultracongelado Carrefour El Mercado 450 G,Pescadería,1,True,False,False,False,False
CAT-6575,Filete De Merluza Argentina Ultracongelado Carrefour El Mercado 540 G,Pescadería,1,True,False,False,False,False
CAT-6562,Langostino Vannamei Cocido 3040 Piezas Carrefour Classic 400 G,Pescadería,1,True,False,False,False,False
CAT-6641,Cepillo De Dientes Infantil Con Luz Temporizador 3 Anos Soft Carrefour 1 Ud,Cuidado personal e Higiene,1,True,False,False,False,False
CAT-6645,Dentifrico Expert 8 Soft Carrefour 75 Ml,Cuidado personal e Higiene,1,True,False,False,False,False
CAT-0907,Café soluble cappuccino,Desayuno y Snack,1,True,False,False,False,False
CAT-2060,Alubia negra,Despensa,1,True,False,False,False,False
CAT-2817,Eau de toilette mujer Capítulo Floral,Cuidado personal e Higiene,1,True,False,False,False,False
CAT-6009,Film Transparente Carrefour Expert 30 Metros,Hogar,1,True,False,False,False,False
CAT-6584,Calabacin En Dados Carrefour 450 G,Frutas y Verduras,1,True,False,False,False,False
CAT-6625,Salteado De Verduras Asadas Ecologico Carrefour Bio 600 G,Sin categoría,1,True,False,False,False,False
CAT-6633,Toallitas Desifectantes De Manos Soft Carrefour 10 Ud,Sin categoría,1,True,False,False,False,False
CAT-6620,Set 10 Boles De Cana De Azucar 500 Ml Carrefour Home   Blanco,Despensa,1,True,False,False,False,False
CAT-6622,Set 10 Boles De Cana De Azucar 350 Ml Carrefour Home   Blanco,Despensa,1,True,False,False,False,False
CAT-6627,Pizza Rulo De Queso De Cabra Ecologica Carrefour Bio 360 G,Lácteos y Huevos,1,True,False,False,False,False
CAT-6607,Gel Para Lavavajillas Ecologico Carrefour Ecoplanet 45 Lavados,Hogar,1,True,False,False,False,False
CAT-6606,Quitamanchas Textil Oxygen Power Expert Carrefour 500 Ml,Hogar,1,True,False,False,False,False
CAT-6601,Berenjena Carrefour A Granel 1 Kg Aprox,Frutas y Verduras,1,True,False,False,False,False
CAT-6637,Limpia Muebles Carrefour Expert 750 Ml,Sin categoría,1,True,False,False,False,False
CAT-6650,Pan De Molde Para Tostadas Carrefour Classic Sin Azucares Anadidos 820 G,Despensa,1,True,False,False,False,False
CAT-6658,Patatas En Letras Congeladas Carrefour Classic 600 G,Congelados,1,True,False,False,False,False
CAT-6715,Trampa Mata Hormigas Carrefour Pack De 3 Unidades De 5 G,Sin categoría,1,True,False,False,False,False
CAT-6730,Zumo De Manzana Carrefour Classic Pack De 6 Briks De 20 Cl,Bebidas,1,True,False,False,False,False
CAT-6738,Set De 2 Estropajos Con Esponja Spontex Poder Verde,Hogar,1,True,False,False,False,False
CAT-6734,Pan De Chapata Tradicional Hecho Aqui Carrefour 380 G,Panadería y Pastelería,1,True,False,False,False,False
CAT-6792,Queso En Lonchas Proteina Plus Carrefour Sensation 150 G,Lácteos y Huevos,1,True,False,False,False,False
CAT-6793,Queso Fresco Batido Desnatado Proteina Plus Sensation Carrefour 500 G,Lácteos y Huevos,1,True,False,False,False,False
CAT-6794,Queso Fresco Carrefour Classic 500 G,Lácteos y Huevos,1,True,False,False,False,False
CAT-6795,Queso Fresco Carrefour Classic 250 G,Lácteos y Huevos,1,True,False,False,False,False
CAT-6798,Queso Fresco 0 Grasa Carrefour Classic 500 G,Lácteos y Huevos,1,True,False,False,False,False
CAT-6804,Cola De Langosta Del Caribe Cruda Congelado Carrefour Extra 300 G,Congelados,1,True,False,False,False,False
CAT-6805,Buey De Mar Cocido Congelado Extra Carrefour 400 G,Congelados,1,True,False,False,False,False
CAT-6833,Mascarilla Capilar Aceite De Argan Carrefour Soft 300 Ml,Cuidado personal e Higiene,1,True,False,False,False,False
CAT-6902,Kit Antipiojos Carrefour Champu 180 Ml Y Locion 180 Ml,Cuidado personal e Higiene,1,True,False,False,False,False
CAT-0497,Paleta sombras de ojos e iluminadores Pink Romance,Cuidado personal e Higiene,1,True,False,False,False,False
CAT-0498,Coquito,Panadería y Pastelería,1,True,False,False,False,False
CAT-2178,Esponja de calzado incoloro brillo y protección Yak,Hogar,1,True,False,False,False,False
CAT-6828,Fresas De Goma Rellenas Classic Carrefour Sin Gluten 200 G,Sin categoría,1,True,False,False,False,False
CAT-6829,Barreno Cuadrado Carrefour 10 L   Gris,Sin categoría,1,True,False,False,False,False
CAT-6837,Panuelos Mini Lotion Carrefour Soft Paquete 10 Ud,Sin categoría,1,True,False,False,False,False
CAT-6831,Cuajada Natural Azucarada Carrefour Original Pack De 4 Unidades De 125 G,Despensa,1,True,False,False,False,False
CAT-6839,Bebida Lactea Desnatada Al Cacao Proteina Plus Carrefour Sensation Sin Gluten Y Sin Azucar Anadido 330 Ml,Despensa,1,True,False,False,False,False
CAT-6840,Bebida Lactea Desnatada De Vainilla Proteina Plus Sensation Carrefour Sin Gluten Y Sin Azucar Anadido 330 Ml,Despensa,1,True,False,False,False,False
CAT-6820,Detergente En Capsulas 5En1 Optima Clean Expert Carrefour 30 Lavados,Hogar,1,True,False,False,False,False
CAT-6821,Detergente En Capsulas Japon Flor De Cerezo Essential Carrefour 30 Lavados,Hogar,1,True,False,False,False,False
CAT-6822,Detergente En Capsulas 5En1 Optimal Clean Frescura Alpina Expert Carrefour 30 Lavados,Hogar,1,True,False,False,False,False
CAT-6817,Antical Para Lavadora En Pastillas Expert Carrefour 15 Ud,Hogar,1,True,False,False,False,False
CAT-6827,Estropajo Salvaunas De Fibras Flexibles Superficies Delicadas Carrefour Expert 3 Ud   Azul,Hogar,1,True,False,False,False,False
CAT-6834,Canelones Con Carne De Cerdo Carrefour Extra Pack De 2 Unidades De 500 G,Carnicería y Charcutería,1,True,False,False,False,False
CAT-6814,Toallitas Para Bebe Fresh Aloe Vera Carrefour Baby 24 Ud,Bebes,1,True,False,False,False,False
CAT-6838,Calabacin Carrefour A Granel 12 Kg Aprox,Frutas y Verduras,1,True,False,False,False,False
CAT-6861,Gelatina Sabor Frutos Rojos Proteina Plus 0 Materia Grasa Carrefour Sin Gluten Pack De 4 Unidades De 100 G,Sin categoría,1,True,False,False,False,False
CAT-6859,Cerveza Artesana Carrefour Sensation Radler Sin Gluten Botella 33 Cl,Bebidas,1,True,False,False,False,False
CAT-6844,Tarrito De Manzana Y Platano Desde 6 Meses Ecologico My Carrefour Baby Bio Sin Gluten Y Sin Azucar Anadido Pack De 2 Unidades De 200 G,Despensa,1,True,False,False,False,False
CAT-6845,Tarrito De Melocoton Con Platano Y Pera Desde 6 Meses Ecologico My Carrefour Baby Bio Sin Gluten Y Sin Azucar Anadido Pack De 2 Unidades De 200 G,Despensa,1,True,False,False,False,False
CAT-6846,Tarrito De Frutas Con Copos De Avena Desde 6 Meses Ecologico My Carrefour Baby Bio Sin Azucar Anadido Pack De 2 Unidades De 200 G,Despensa,1,True,False,False,False,False
CAT-6862,Queso Mozzarella Carrefour Classic Sin Lactosa 125 G,Lácteos y Huevos,1,True,False,False,False,False
CAT-6854,Patatas Fritas Lisas Classic Carrefour 350 G,Desayuno y Snack,1,True,False,False,False,False
CAT-6851,Tarrito De Guisantes Con Jamon Desde 6 Meses Ecologico My Carrefour Baby Bio Sin Gluten 200 G,Carnicería y Charcutería,1,True,False,False,False,False
CAT-6848,Tarrito De Verduritas Con Pollo Desde 6 Meses Ecologico My Carrefour Baby Bio Sin Gluten Pack De 2 Unidades De 200 G,Carnicería y Charcutería,1,True,False,False,False,False
CAT-6856,Tarrito De Verduritas Con Ternera Desde 6 Meses Ecologico My Carrefour Baby Bio Sin Gluten Pack De 2 Unidades De 200 G,Carnicería y Charcutería,1,True,False,False,False,False
CAT-6852,Tarrito De Verduritas Con Pavo Desde 6 Meses Ecologico My Carrefour Baby Bio Sin Gluten Pack De 2 Unidades De 200 G,Carnicería y Charcutería,1,True,False,False,False,False
CAT-6849,Tarrito De Verduras Con Lubina Desde 8 Meses Ecologico My Carrefour Baby Bio Sin Gluten Pack De 2 Unidades De 200 G,Pescadería,1,True,False,False,False,False
CAT-6863,Arandanos Rojos Carrefour 200 G,Frutas y Verduras,1,True,False,False,False,False
CAT-6892,Endivia Carrefour 450 G,Sin categoría,1,True,False,False,False,False
CAT-6879,Queso Rallado Emmental Ecologico Carrefour Bio 200 G,Lácteos y Huevos,1,True,False,False,False,False
CAT-6898,Yogur Liquido De Fresa Carrefour Classic Pack De 12 Unidades De 100 G,Lácteos y Huevos,1,True,False,False,False,False
CAT-6885,Desinfectante Textil Perfumado Essence Sanicentro 1 L,Hogar,1,True,False,False,False,False
CAT-6887,Lejia Densa Hogar Carrefour 5 L,Hogar,1,True,False,False,False,False
CAT-6900,Crema Limpiadora Con Olor A Menta Y Eucalipto Carrefour Expert 750 Ml,Hogar,1,True,False,False,False,False
CAT-6889,Papel Higienico Humedo Aloe Vera Carrefour 15 Ud,Bazar y Varios,1,True,False,False,False,False
CAT-6948,Esponja De Bano Jabonosa Carrefour 10 Ud,Sin categoría,1,True,False,False,False,False
CAT-6925,Cerveza Carrefour Lager Botella 1 L,Bebidas,1,True,False,False,False,False
CAT-6941,Atun En Aceite De Oliva Virgen Extra Ecologico Carrefour Pack De 6 Latas De 52 G,Despensa,1,True,False,False,False,False
CAT-6937,Aceitunas Verdes Rellenas De Anchoa Bajas En Sal Classic Carrefour 150 G,Conservas y Enlatados,1,True,False,False,False,False
CAT-6938,Aceitunas Verdes Rellenas De Anchoa Carrefour 150 G,Conservas y Enlatados,1,True,False,False,False,False
CAT-6940,Aceitunas Verdes Rellenas De Anchoa Nueva Receta Carrefour Pack De 6 Latas De 50 G,Conservas y Enlatados,1,True,False,False,False,False
CAT-6930,Snack De Pollo Y Buey De Perro Carrefour Twisties 8 Unidades 140 G,Carnicería y Charcutería,1,True,False,False,False,False
CAT-6931,Snack De Pollo Para Gato Candy Snacks Carrefour 60 G,Carnicería y Charcutería,1,True,False,False,False,False
CAT-6926,Snack Dental Para Perro Mediano Grande Carrefour 7 Unidades 180 G,Mascotas,1,True,False,False,False,False
CAT-6929,Snack Dental Para Perros Carrefour 440 G,Mascotas,1,True,False,False,False,False
CAT-7014,Barritas De Semillas Con Frutas Y Nueces Para Periquitos Y Loros Carrefour 2 Ud,Desayuno y Snack,1,True,False,False,False,False
CAT-7000,Burger Picada De Pavo Carrefour 400 G,Carnicería y Charcutería,1,True,False,False,False,False
CAT-7004,Pepino Carrefour A Granel 1 Kg Aprox,Frutas y Verduras,1,True,False,False,False,False
CAT-7033,Filetes De Atun De Aleta Amarilla Congelado Extra Carrefour 225 G,Congelados,1,True,False,False,False,False
CAT-6865,Jabon De Manos Glicerina Soft Carrefour 500 Ml,Cuidado personal e Higiene,1,True,False,False,False,False
CAT-6866,Jabon Manos Para La Cocina Soft Carrefour 500 Ml,Cuidado personal e Higiene,1,True,False,False,False,False
CAT-6867,Jabon De Manos Avena Soft Carrefour 500 Ml,Cuidado personal e Higiene,1,True,False,False,False,False
CAT-6869,Jabon De Manos Aloe Vera Soft Carrefour 500 Ml,Cuidado personal e Higiene,1,True,False,False,False,False
CAT-6871,Jabon De Manos Coco Soft Carrefour 500 Ml,Cuidado personal e Higiene,1,True,False,False,False,False
CAT-7007,Compresas Ultra Con Alas Para Noche Soft Carrefour 10 Ud,Cuidado personal e Higiene,1,True,False,False,False,False
CAT-7008,Compresas Noche Maxi Soft Carrefour 10 Ud,Cuidado personal e Higiene,1,True,False,False,False,False
CAT-7009,Compresas Ultra Sin Alas Normal Soft Carrefour 16 Ud,Cuidado personal e Higiene,1,True,False,False,False,False
CAT-6823,Detergente En Capsulas 3En1 Perfume Flores De Tiare Y Gardenia Essential Carrefour 30 Lavados,Cuidado personal e Higiene,1,True,False,False,False,False
CAT-6826,Toallitas Para Bebe Sin Perfume My Carrefour Baby 64 Ud,Cuidado personal e Higiene,1,True,False,False,False,False
CAT-7096,Champu Hidratante Con Agua De Coco  Bambu Para Pelo Apagado Deshidratado Carrefour Soft 400 Ml ,Cuidado personal e Higiene,1,True,False,False,False,False
CAT-2231,Champú Liss Frizz Control cabello rebelde,Cuidado personal e Higiene,1,True,False,False,False,False
CAT-2232,Champú Natural todo tipo de cabello,Cuidado personal e Higiene,1,True,False,False,False,False
CAT-6996,Zumo De Manzana Exprimido Carrefour Brik 1 L,Bebidas,1,True,False,False,False,False
CAT-7058,Carrefour Comida Para Granivoros 1Kg,Sin categoría,1,True,False,False,False,False
CAT-7059,Comida Para Conejos Carrefour 3Kg,Sin categoría,1,True,False,False,False,False
CAT-7061,Comida Para Roedores Herbivoros Carrefour 3Kg,Sin categoría,1,True,False,False,False,False
CAT-7066,Calabaza Sepallo Carrefour 2 Kg Aprox,Sin categoría,1,True,False,False,False,False
CAT-7074,Colas Peladas De Gambon Crudo Carrefour 250 G,Sin categoría,1,True,False,False,False,False
CAT-7052,Tortillita Camaron Congelado Extra Carrefour 350 G,Bebidas,1,True,False,False,False,False
CAT-7048,Queso Gorgonzola Dop Carrefour Extra 200 G,Lácteos y Huevos,1,True,False,False,False,False
CAT-7078,Nata Liquida Para Cocinar Carrefour Pack De 3 Unidades De 200 Ml,Lácteos y Huevos,1,True,False,False,False,False
CAT-7093,Bolsas Para Cubitos De Hielo Carrefour Expert 10 Ud,Sin categoría,1,True,False,False,False,False
CAT-7095,Papel De Horno En Rollo Carrefour 15 Metros,Sin categoría,1,True,False,False,False,False
CAT-7098,Lomo De Cebo Iberico 50 Raza Iberica En Lonchas Carrefour El Mercado Sin Gluten 2X625 G,Sin categoría,1,True,False,False,False,False
CAT-7086,Limpiador Madera Carrefour Expert 1 L,Hogar,1,True,False,False,False,False
CAT-7116,Limpiacristales Con Amoniaco 3 En 1 Carrefour Expert 1 L,Hogar,1,True,False,False,False,False
CAT-7091,Film Transparente Con Sierra De Corte Carrefour 60 Metros,Hogar,1,True,False,False,False,False
CAT-7092,Film Transparente Carrefour 100 Metros,Hogar,1,True,False,False,False,False
CAT-7115,3 Bayetas Multiusos De Microfibra  Carrefour     Colores Surtidos,Hogar,1,True,False,False,False,False
CAT-7099,Salchichon Iberico Extra En Lonchas Carrefour El Mercado 2X625 G,Carnicería y Charcutería,1,True,False,False,False,False
CAT-7114,Lomo Embuchado En Lonchas Carrefour El Mercado 2X75 G,Carnicería y Charcutería,1,True,False,False,False,False
CAT-7094,Bolsas Para Bocadillo Carrefour Expert 120 Ud,Platos preparados,1,True,False,False,False,False
CAT-7087,Set 100 Servilletas Blancas 2 Capas 33X33 Cm Carrefour Home,Bazar y Varios,1,True,False,False,False,False
CAT-7088,Set 50 Servilletas Blancas 2 Capas 20X20 Cm Carrefour Home,Bazar y Varios,1,True,False,False,False,False
CAT-7119,Algodon Classic Soft Carrefour 200 G,Cuidado personal e Higiene,1,True,False,False,False,False
CAT-7123,Papel De Horno En Hojas Carrefour 20 Ud,Sin categoría,1,True,False,False,False,False
CAT-7124,Judias Verdes Ecologicas Carrefour Bio 600 G,Sin categoría,1,True,False,False,False,False
CAT-7142,Palo Telescopico De Acero Carrefour 150 Cm,Sin categoría,1,True,False,False,False,False
CAT-7148,Set De 40 Gamuzas Atrapapolvo Desechables Carrefour 55X115X18 Cm ,Sin categoría,1,True,False,False,False,False
CAT-7153,Gel Wc Ecualipto Ecologico Carrefour Eco Planet 750 Ml,Sin categoría,1,True,False,False,False,False
CAT-7138,Yogur Griego Natural Carrefour Extra Pack De 6 Unidades De 125 G,Lácteos y Huevos,1,True,False,False,False,False
CAT-7140,Cepillo Lavavajillas Redondo Carrefour Home,Hogar,1,True,False,False,False,False
CAT-7141,Limpia Cristales De Caucho Y Polipropileno Carrefour   Verde,Hogar,1,True,False,False,False,False
CAT-7143,Recogedor De Mano Carrefour   Gris,Hogar,1,True,False,False,False,False
CAT-7147,Set De Mopa Con Palo Carrefour,Hogar,1,True,False,False,False,False
CAT-7126,Salmon Ahumado Noruego Marinado Carrefour Extra 100 G,Pescadería,1,True,False,False,False,False
CAT-7122,Panales Ultra Dry My Carrefour Baby Talla 6 16 Kg 70 Ud,Bebes,1,True,False,False,False,False
CAT-7166,Maquinillas Desechables Para Hombre 3 Hojas Carrefour Men 8 Ud,Sin categoría,1,True,False,False,False,False
CAT-7177,Tortitas De Maiz Ecologicas Carrefour Bio 120 G,Sin categoría,1,True,False,False,False,False
CAT-7168,Hamburguesa Mini Mixta Carrefour El Mercado 8X35 G,Carnicería y Charcutería,1,True,False,False,False,False
CAT-7171,Hamburguesa De Cerdo Carrefour El Mercado 6X90 G,Carnicería y Charcutería,1,True,False,False,False,False
CAT-7172,Hamburguesa Mixta De Cerdo Y Vacuno Carrefour El Mercado 6X90 G,Carnicería y Charcutería,1,True,False,False,False,False
CAT-7268,Steak Vegetal Carrefour Veggie 400 G,Sin categoría,1,True,False,False,False,False
CAT-7278,Berlinas Carrefour 4 Ud,Sin categoría,1,True,False,False,False,False
CAT-7284,Friegasuelos Ph Neutro Multisuperficies Carrefour Essential 15 L,Sin categoría,1,True,False,False,False,False
CAT-7282,Baguettes De Jamon Y Queso Carrefour 250 G,Lácteos y Huevos,1,True,False,False,False,False
CAT-7283,Baguettes De Atun Carrefour Classic 262 G,Panadería y Pastelería,1,True,False,False,False,False
CAT-7291,Guisantes Ecologico Carrefour Bio 600 G,Sin categoría,1,True,False,False,False,False
CAT-7295,Espinacas En Hojas Carrefour Extra 600 G,Sin categoría,1,True,False,False,False,False
CAT-7296,Palmeron De Hojaldre De Chocolate Xxl Carrefour 400 G,Bebidas,1,True,False,False,False,False
CAT-7297,Palmeron De Hojaldre De Azucar Xxl Carrefour 330 G,Bebidas,1,True,False,False,False,False
CAT-7302,Boquerones Carrefour Sin Gluten 80 G,Bebidas,1,True,False,False,False,False
CAT-7305,Salchichon Extra Cular Carrefour Al Corte 300 G Aprox,Carnicería y Charcutería,1,True,False,False,False,False
CAT-7160,Cepillo De Dientes Bamboo Medium Ecologico Soft Carrefour 1 Ud,Cuidado personal e Higiene,1,True,False,False,False,False
CAT-7185,Cepillo De Dientes Medio Blanqueador Carrefour Soft 1 Ud,Cuidado personal e Higiene,1,True,False,False,False,False
CAT-0505,Galletas con avena y semillas,Desayuno y Snack,1,True,False,False,False,False
CAT-7355,Champu Con Aceites De Argan Y Macadamia Para Pelo Seco Danado Carrefour Soft 400 Ml,Cuidado personal e Higiene,1,True,False,False,False,False
CAT-2602,Café en cápsula classic,Desayuno y Snack,1,True,False,False,False,False
CAT-7310,Clara De Huevo Pasteurizada Carrefour Classic 1 L,Sin categoría,1,True,False,False,False,False
CAT-7318,Patatas Fritas Onduladas Sensation Carrefour 170 G,Desayuno y Snack,1,True,False,False,False,False
CAT-7319,Patatas Fritas Lisas Classic Carrefour 170 G,Desayuno y Snack,1,True,False,False,False,False
CAT-7353,Collar Repelente De Perro Carrefour Companino 1 Ud,Sin categoría,1,True,False,False,False,False
CAT-7337,Leche Entera Ecologica Carrefour Bio Brik 1 L,Lácteos y Huevos,1,True,False,False,False,False
CAT-7359,2 Estropajos Con Esponja Frotaspon Spontex    Azul,Hogar,1,True,False,False,False,False
CAT-7352,Snack De Zanahorias Para Roedores Carrefour Companino 50 G,Frutas y Verduras,1,True,False,False,False,False
CAT-7345,Bombon Chocolate Con Leche Almendras Y Vainilla Carrefour 8 Ud,"Azúcar, caramelos y chocolate",1,True,False,False,False,False
CAT-7381,Higienizante Textil Asevi 720 Ml,Sin categoría,1,True,False,False,False,False
CAT-7415,Insecticida Concentrado Sin Olor Carrefour 400 Ml,Sin categoría,1,True,False,False,False,False
CAT-7387,Tiburon Vegetal Carrefour 500 G,Bebidas,1,True,False,False,False,False
CAT-7416,Canelones De Espinacas Y Queso Carrefour 500 G,Lácteos y Huevos,1,True,False,False,False,False
CAT-7382,Te Verde Carrefour Classic 15 L,Desayuno y Snack,1,True,False,False,False,False
CAT-7395,Detergente En Capsulas 5En1 Color Expert Carrefour 20 Lavados,Hogar,1,True,False,False,False,False
CAT-7392,Suavizante Concentrado Talco Essential Carrefour 136 Lavados,Hogar,1,True,False,False,False,False
CAT-7393,Suavizante Concentrado Azul Essential Carrefour 136 Lavados,Hogar,1,True,False,False,False,False
CAT-7406,Brocoli En Floretes Ecologico Carrefour Bio 600 G,Frutas y Verduras,1,True,False,False,False,False
CAT-7379,Papel De Cocina Jumbo Scottex 1 Rollo,Bazar y Varios,1,True,False,False,False,False
CAT-7389,Crackers Integrales Classic Carrefour 250 G,Desayuno y Snack,1,True,False,False,False,False
CAT-7413,Pants Soft  Eco Friendly Ecologico My Carrefour Baby T5 12 18 Kg 18 Ud,Bebes,1,True,False,False,False,False
CAT-7414,Pants Soft  Eco Friendly Ecologico My Carrefour Baby T4 8 15 Kg 20 Ud,Bebes,1,True,False,False,False,False
CAT-7446,Paleta Curada Reserva En Lonchas Carrefour El Mercado Sin Gluten Y Sin Lactosa 200 G,Sin categoría,1,True,False,False,False,False
CAT-7454,Biscottes Classic Carrefour 540 G,Sin categoría,1,True,False,False,False,False
CAT-7455,Biscottes Integrales Classic Carrefour 540 G,Sin categoría,1,True,False,False,False,False
CAT-7418,Vino Blanco Carrefour Classic Brik 1 L,Bebidas,1,True,False,False,False,False
CAT-7419,Vino Rosado Carrefour Classic Brik 1 L,Bebidas,1,True,False,False,False,False
CAT-7441,Comida Humeda Bocaditos En Salsa Para Gatos Suprem Carrefour Pack De 4 Sobres De 85 G,Despensa,1,True,False,False,False,False
CAT-7436,Ventrescas De Merluza Carrefour Extra 400 G,Conservas y Enlatados,1,True,False,False,False,False
CAT-7423,Queso Cheddar Y Samsoe En Dados Especial Ensaladas Carrefour 200 G,Lácteos y Huevos,1,True,False,False,False,False
CAT-7425,Galletas De Barquillo Rellenas Sabor Nata Carrefour 210 G,Desayuno y Snack,1,True,False,False,False,False
CAT-7426,Galletas De Barquillo Rellena Sabor Chocolate Carrefour 210 G,Desayuno y Snack,1,True,False,False,False,False
CAT-7424,Cacahuetes Fritos Classic Carrefour Sin Sal Anadida 200 G,Desayuno y Snack,1,True,False,False,False,False
CAT-7421,Gel Desinfectante De Manos Soft Carrefour 100 Ml,Hogar,1,True,False,False,False,False
CAT-7444,Jamon Serrano Reserva En Lonchas Carrefour El Mercado Sin Gluten Y Sin Lactosa 70 G,Carnicería y Charcutería,1,True,False,False,False,False
CAT-7447,Jamon Serrano Reserva En Lonchas Carrefour El Mercado Sin Gluten Y Sin Lactosa 300 G,Carnicería y Charcutería,1,True,False,False,False,False
CAT-7435,Lomos De Merluza Carrefour Extra 400 G,Pescadería,1,True,False,False,False,False
CAT-7437,Medallones De Merluza Carrefour Extra 480 G,Pescadería,1,True,False,False,False,False
CAT-7438,Filetes De Merluza Argentina Carrefour Extra 1 Kg,Pescadería,1,True,False,False,False,False
CAT-7429,Media Hogaza De Pan Integral De Trigo Espelta Carrefour El Mercado 400 G,Panadería y Pastelería,1,True,False,False,False,False
CAT-7430,Media Hogaza De Pan De Centeno Carrefour El Mercado 400 G,Panadería y Pastelería,1,True,False,False,False,False
CAT-7432,Copa Con Nata Y Chocolate Carrefour Classic 200 G,"Azúcar, caramelos y chocolate",1,True,False,False,False,False
CAT-7457,Redondo De Higo Con Almendras Carrefour El Mercado 200 G,Sin categoría,1,True,False,False,False,False
CAT-7476,Solucion Para Lentillas Soft Carrefour 360 Ml,Sin categoría,1,True,False,False,False,False
CAT-7477,Solucion Para Lentillas Soft Carrefour 100 Ml,Sin categoría,1,True,False,False,False,False
CAT-7481,Bebida De Fruta Frutos Rojos Carrefour Classic Brik 1 L,Sin categoría,1,True,False,False,False,False
CAT-7486,Spray Bucal Carrefour Soft 10 Ml,Sin categoría,1,True,False,False,False,False
CAT-7471,Arroz Blanco Precocido Ultracongelado Carrefour Classic Pack 6 Unidades De 167 G,Despensa,1,True,False,False,False,False
CAT-7460,Snack Minis Para Gatos Vitalife Carrefour 200 G,Mascotas,1,True,False,False,False,False
CAT-7491,Zanahoria Rallada Carrefour El Mercado 150 G,Frutas y Verduras,1,True,False,False,False,False
CAT-7493,Lechuga Trocadero Carrefour 150 G,Frutas y Verduras,1,True,False,False,False,False
CAT-7433,Champu Seco Purificante Con Limon Soft Carrefour 75 Ml,Cuidado personal e Higiene,1,True,False,False,False,False
CAT-0508,Bastones de batata ultracongelada,Congelados,1,True,False,False,False,False
CAT-2808,Media careta de cerdo sin oreja,Carnicería y Charcutería,1,True,False,False,False,False
CAT-3767,Snack corazones perro adulto,Mascotas,1,True,False,False,False,False
CAT-5939,Ambientador De Varillas Citronella Carrefour 45 Ml,Bebidas,1,True,False,False,False,False
CAT-5943,Salmon En Rodaja Calidad Y Origen Carrefour 300 G Aprox,Pescadería,1,True,False,False,False,False
CAT-7472,Patatas Congeladas Extra Finas Carrefour 1 Kg,Congelados,1,True,False,False,False,False
CAT-7499,Friegasuelos Aroma Spa Carrefour Essential 15 L,Sin categoría,1,True,False,False,False,False
CAT-7515,Patatas Gofre Carrefour Extra 600 G,Sin categoría,1,True,False,False,False,False
CAT-7517,Mix De Verduras Para Microondas Carrefour El Mercado 300 G,Sin categoría,1,True,False,False,False,False
CAT-7512,Queso Fresco De Burgos Carrefour 220 G Aprox,Lácteos y Huevos,1,True,False,False,False,False
CAT-7513,Queso Fresco Villalon Carrefour 220 G Aprox,Lácteos y Huevos,1,True,False,False,False,False
CAT-7506,Pulpo Cocido Troceado Congelado Carrefour 285 G,Pescadería,1,True,False,False,False,False
CAT-7501,Pants My Carrefour Baby T5 12 18 Kg 40 Ud,Bebes,1,True,False,False,False,False
CAT-7502,Pants Optima Adsorption My Carrefour Baby T4 8  15 Kg 44 Ud,Bebes,1,True,False,False,False,False
CAT-7571,Brotes Tiernos Carrefour El Mercado 100 G,Sin categoría,1,True,False,False,False,False
CAT-7560,Tonica Carrefour Lata 33 Cl,Bebidas,1,True,False,False,False,False
CAT-7564,Comida Humeda Bocaditos En Salsa De Carne Para Gatos Carrefour Vitalive 12X100 G,Despensa,1,True,False,False,False,False
CAT-7570,Queso En Tierno En Lonchas Carrefour Classic Sin Lactosa 150 G,Lácteos y Huevos,1,True,False,False,False,False
CAT-7573,Langostino Vannamei Cocido Pelado Carrefour Classic 220 G,Pescadería,1,True,False,False,False,False
CAT-7575,Gambas Peladas Grandes Carrefour Extra 360 G,Pescadería,1,True,False,False,False,False
CAT-7565,Comida Humeda Tarrina Para Perro Carrefour Companino Pack De 3 Unidades De 300 G,Mascotas,1,True,False,False,False,False
CAT-7588,Seta Circulo De Calidad Carrefour El Mercado 400 G Aprox,Sin categoría,1,True,False,False,False,False
CAT-7601,Boqueron En Vinagre Carrefour El Mercado 60 G,Bebidas,1,True,False,False,False,False
CAT-7605,Comida Humeda Tarrina Seleccion Mixta Para Gato Vitalive Carrefour Companino 4X100 G,Mascotas,1,True,False,False,False,False
CAT-7606,Comida Humeda Tarrina Seleccion Pescado Para Gato Vitalive Carrefour Companino 4X100 G,Mascotas,1,True,False,False,False,False
CAT-7649,Crema De Queso Semicurado Carrefour Extra Sin Gluten 125 G,Lácteos y Huevos,1,True,False,False,False,False
CAT-7641,Conos Con Helado De Vainilla Y Chocolate Mix Mediano Extra Carrefour 8 Ud,Congelados,1,True,False,False,False,False
CAT-7642,Conos De Helado Choco Bom Sensation Carrefour 4 Ud,Congelados,1,True,False,False,False,False
CAT-7628,Migas De Bacalao Dorado Carrefour Extra 240 G,Pescadería,1,True,False,False,False,False
CAT-7767,Boqueron Limpio Congelado Carrefour 500 G,Bebidas,1,True,False,False,False,False
CAT-7790,Queso Rallado Grana Padano Dop Carrefour Extra 100 G,Lácteos y Huevos,1,True,False,False,False,False
CAT-7748,Bebida De Almendra Calcio Carrefour Sin Gluten Brik 1 L,Lácteos y Huevos,1,True,False,False,False,False
CAT-7783,Comida Humeda De Buey Y Pollo Para Gato Naturaly Carrefour 4 Unidades De 85 G,Carnicería y Charcutería,1,True,False,False,False,False
CAT-7769,Almejas Del Pacifico Cruda Congelado Carrefour 600 G,Pescadería,1,True,False,False,False,False
CAT-7770,Pescado Para Fritura Congelado Carrefour 600 G,Congelados,1,True,False,False,False,False
CAT-5942,Bolsas Antipolillas Perfume Ropa Limpia Carrefour 24 Ud,Cuidado personal e Higiene,1,True,False,False,False,False
CAT-7511,Lavavajillas A Maquina En Pastillas Perfume Limon Todo En Uno Carrefour Expert 26 Ud,Cuidado personal e Higiene,1,True,False,False,False,False
CAT-7566,Friegasuelos Perfume Floral Carrefour Essential 15 L,Cuidado personal e Higiene,1,True,False,False,False,False
CAT-7820,Filete De Abadejo Empanados Xxl Classic Carrefour 800 G,Sin categoría,1,True,False,False,False,False
CAT-7817,Leche Desnatada Filtrada Con Alto Contenido De Proteinas Carrefour Sensation Sin Lactosa 1 L,Lácteos y Huevos,1,True,False,False,False,False
CAT-7862,Gel De Bano Clasico Suave Simpl Choice 1 L,Sin categoría,1,True,False,False,False,False
CAT-2950,Queso untar con queso azul de vaca,Lácteos y Huevos,1,True,False,False,False,False
CAT-6945,Edamame Vainas De Soja Carrefour 500 G,Sin categoría,1,True,False,False,False,False
CAT-7839,Bombon Helado Coco Mango Con Salsa De Mango Y Maracuya Carrefour Sensation Sin Gluten 6 Uds,Despensa,1,True,False,False,False,False
CAT-7845,Natillas Sabor Vainilla Proteina Plus Carrefour Sensation Pack De 4 Unidades De 125 G,Lácteos y Huevos,1,True,False,False,False,False
CAT-7840,Helado Chocoblock Con Lengua Al Cacao Carrefour Sensation Sin Gluten 6 Uds,Desayuno y Snack,1,True,False,False,False,False
CAT-7834,Helado Sabor A Cookie Dough Carrefour Sensation 300 G,Desayuno y Snack,1,True,False,False,False,False
CAT-7842,Cono Helado De Vainilla Con Nueces Pecanas Y Dulce De Arce Carrefour Extra 6 Uds,Desayuno y Snack,1,True,False,False,False,False
CAT-7836,Helado Sabor A Stracciatella Carrefour Sensation Sin Gluten 300 G,Congelados,1,True,False,False,False,False
CAT-7837,Bombon Helado Sabor A Vainilla Con Cobertura De Chocolate Con Leche Con Trocitos De Almendra Carrefour Extra Sin Gluten 8 Uds,Congelados,1,True,False,False,False,False
CAT-7849,Comida Humeda De Pollo Para Gato Vitalive Carrefour 100 G,Carnicería y Charcutería,1,True,False,False,False,False
CAT-7850,Comida Humeda De Cordero Para Perro Adulto Carrefour 300 G,Carnicería y Charcutería,1,True,False,False,False,False
CAT-7856,Comida Humeda De Pavo Para Perro Adulto Carrefour 300 G,Carnicería y Charcutería,1,True,False,False,False,False
CAT-7855,Comida Humeda De Salmon Para Gato Adulto Vitalive Carrefour 100 G,Pescadería,1,True,False,False,False,False
CAT-7847,Bogavante Procedente De Pesca Sostenible Crudo Congelado Carrefour 400 G,Pescadería,1,True,False,False,False,False
CAT-7838,Mini Sandwich Duo Avellana Carrefour Sensation 6 Uds,Platos preparados,1,True,False,False,False,False
CAT-7853,Comida Humeda De Buey Para Perro Adulto Carrefour 300 G,Mascotas,1,True,False,False,False,False
CAT-7854,Comida Humeda De Pato Para Perro Adulto Carrefour 300 G,Mascotas,1,True,False,False,False,False
CAT-7851,Comida Humeda De Higado Para Gato Adulto Simpl 100 G,Mascotas,1,True,False,False,False,False
CAT-7857,Comida Humeda De Ave De Corral Para Gato Adulto Simpl 100 G,Mascotas,1,True,False,False,False,False
CAT-7858,Comida Humeda De Buey Para Gato Adulto Simpl 100 G,Mascotas,1,True,False,False,False,False
CAT-7919,Repelente De Insectos Forte Carrefour Exprert 100 Ml ,Sin categoría,1,True,False,False,False,False
CAT-7921,Emulsion Roll On Post Picaduras Con Aloe Vera Carrefour Expert 10 Ml,Sin categoría,1,True,False,False,False,False
CAT-7926,Judias Verdes Con Patata Classic Carrefour 1 Kg,Sin categoría,1,True,False,False,False,False
CAT-7937,Patata Lavada Carrefour 1 Kg Aprox,Sin categoría,1,True,False,False,False,False
CAT-7947,Toallitas Para Gafas Clean Optic Carrefour Expert 30 Ud,Sin categoría,1,True,False,False,False,False
CAT-7948,Cerveza Artesana Carrefour Sensation Sin Gluten Botella 33 Cl,Bebidas,1,True,False,False,False,False
CAT-7949,Cerveza Artesana Carrefour Sensation Reserva Botella 33 Cl,Bebidas,1,True,False,False,False,False
CAT-7950,Cerveza Artesana Carrefour Sensation Rubia Sin Filtrar Botella 33 Cl,Bebidas,1,True,False,False,False,False
CAT-7951,Cerveza Artesana Carrefour Sensation Tipo Ipa Botella 33 Cl,Bebidas,1,True,False,False,False,False
CAT-7942,Helado Sabor A Nocciola Carrefour Sensation 350 G,Congelados,1,True,False,False,False,False
CAT-7922,Escalopin De Lomo De Cerdo Marinado Carrefour El Mercado 500 G Aprox,Carnicería y Charcutería,1,True,False,False,False,False
CAT-7943,Cono De Chocolate Con Avellana Carrefour Sensation 4 Ud,"Azúcar, caramelos y chocolate",1,True,False,False,False,False
CAT-7960,Polos De Helado De Vainilla Recubiertos De Chocolate Blanco Carrefour Extra 4 Uds,Congelados,1,True,False,False,False,False
CAT-7967,Comida Humeda De Pollo Y Leche Para Perro Junior Carrefour Vitalive 150 G,Carnicería y Charcutería,1,True,False,False,False,False
CAT-7972,Comida Humeda De Pollo Para Gato Junior Vitalive Carrefour 100 G,Carnicería y Charcutería,1,True,False,False,False,False
CAT-7979,Filetes De Contramuslo De Pollo Carrefour El Mercado 600 G Aprox,Carnicería y Charcutería,1,True,False,False,False,False
CAT-7971,Comida Humeda De Buey Para Gato Adulto Vitalive Carrefour 100 G,Mascotas,1,True,False,False,False,False
CAT-7959,Mini Conos De Chocolate Negro Y Chocolate Blanco Carrefour Extra 10 Uds,"Azúcar, caramelos y chocolate",1,True,False,False,False,False
CAT-7961,Cono De Vainilla Caramelo Salado Carrefour Extra 6 Uds,"Azúcar, caramelos y chocolate",1,True,False,False,False,False
CAT-7861,Jabon De Manos Algodon Soft Carrefour 500 Ml,Cuidado personal e Higiene,1,True,False,False,False,False
CAT-7863,Gel De Ducha Frutal Simpl Choice 1 L,Cuidado personal e Higiene,1,True,False,False,False,False
CAT-7864,Gel De Ducha Frescor Azul Simpl Choice 1 L,Cuidado personal e Higiene,1,True,False,False,False,False
CAT-7865,Jabon De Manos Aroma Frutal Soft Carrefour 500 Ml,Cuidado personal e Higiene,1,True,False,False,False,False
CAT-7903,Compresas Ultra Finas Normal Con Alas Soft Carrefour 28 Ud,Cuidado personal e Higiene,1,True,False,False,False,False
CAT-7939,Compresas Normal Simpl 20 Ud,Cuidado personal e Higiene,1,True,False,False,False,False
CAT-0517,Recambio ambientador automático Pure Cotton,Hogar,1,True,False,False,False,False
CAT-2884,Salchichas cocidas Frankfurt La Selva,Carnicería y Charcutería,1,True,False,False,False,False
CAT-7209,Recambios Maquinilla Para Hombre Pieles Sensibles 5 Hojas Perfect 5 Carrefour Men 4 Ud,Sin categoría,1,True,False,False,False,False
CAT-7208,Nachos Al Natural Carrefour 200 G,Desayuno y Snack,1,True,False,False,False,False
CAT-8000,Bebida De Almendras Sin Azucar Anadido Ecologica Carrefour Bio Sin Gluten Brik 1 L,Despensa,1,True,False,False,False,False
CAT-8001,Bebida De Soja Sin Azucar Anadido Ecologica Carrefour Bio Sin Gluten Brik 1 L,Despensa,1,True,False,False,False,False
CAT-7996,Limpiador En Gel Para El Bano Carrefour Expert 15 L,Hogar,1,True,False,False,False,False
CAT-8015,Mini Helado Bombon Speculoos Carrefour Sensation 6 Uds,Congelados,1,True,False,False,False,False
CAT-8003,Magdalena Redonda Classic Carrefour 615 G,Panadería y Pastelería,1,True,False,False,False,False
CAT-8004,Bollo Con Pepitas De Chocolate Carrefour Classic 6 Ud,Panadería y Pastelería,1,True,False,False,False,False
CAT-8005,Magdalena Valenciana Carrefour Classic 700 G,Panadería y Pastelería,1,True,False,False,False,False
CAT-8042,Limoncello Carrefour 50 Cl,Sin categoría,1,True,False,False,False,False
CAT-8044,Queso Gouda Tierno En Lonchas Carrefour Classic 300 G,Lácteos y Huevos,1,True,False,False,False,False
CAT-8045,Queso Edam En Lonchas Carrefour Classic 300 G,Lácteos y Huevos,1,True,False,False,False,False
CAT-8057,Medallones De Queso De Cabra Carrefour Classic 200 G,Lácteos y Huevos,1,True,False,False,False,False
CAT-8066,Detergente Liquido Japon Flor De Cerezo Essential Carrefour 44 Lavados,Hogar,1,True,False,False,False,False
CAT-8067,Detergente Liquido Marsella Y Flores De Naranjo Essential Carrefour 44 Lavados,Hogar,1,True,False,False,False,False
CAT-8070,Detergente Liquido Aloe Vera Y Flores De Almendra Dulce Essential Carrefour 44 Lavados,Hogar,1,True,False,False,False,False
CAT-8041,Set 2 Fregonas Carrefour Home   Amarillas,Hogar,1,True,False,False,False,False
CAT-8109,Salteado Estilo Tradicional Ecologico Carrefour Bio 600 G,Sin categoría,1,True,False,False,False,False
CAT-8107,Queso De Mezcla Viejo Tostado En Cuna Cortada Carrefour Classic 250 G,Lácteos y Huevos,1,True,False,False,False,False
CAT-8104,Panceta De Cerdo Fina Sin Corteza Carrefour El Mercado 500 G Aprox,Desayuno y Snack,1,True,False,False,False,False
CAT-8084,Snack De Pavo Para Perro Carrefour Companino Pack 5 Uds,Carnicería y Charcutería,1,True,False,False,False,False
CAT-8106,Tortilla Con Cebolla Carrefour El Mercado 1200 Kg,Frutas y Verduras,1,True,False,False,False,False
CAT-8133,Sarten Antiadherente Induccion Aluminio Carrefour Home 20 Cm,Sin categoría,1,True,False,False,False,False
CAT-8135,Sarten Antiadherente Induccion Aluminio Carrefour Home 32 Cm,Sin categoría,1,True,False,False,False,False
CAT-8136,Sarten Antiadherente Induccion Aluminio Carrefour Home 28 Cm,Sin categoría,1,True,False,False,False,False
CAT-8138,Mix De Verduras Para Wok Ecologicas Carrefour Bio 600 G,Sin categoría,1,True,False,False,False,False
CAT-8142,Toallitas Intimas Con Aloe Vera Soft Carrefour 20 Ud,Sin categoría,1,True,False,False,False,False
CAT-8131,Queso En Dados Para Ensaladas Extra Carrefour 200 G,Lácteos y Huevos,1,True,False,False,False,False
CAT-8120,Leche Condensada Entera Classic Carrefour 1 Kg,Lácteos y Huevos,1,True,False,False,False,False
CAT-8110,Cafe Molido Natural Intenso Carrefour Classic 250 G,Desayuno y Snack,1,True,False,False,False,False
CAT-8145,Anacardos Fritos Y Salados Classic Carrefour 200 G,Desayuno y Snack,1,True,False,False,False,False
CAT-8146,Avellanas Tostadas Original Carrefour 200 G,Desayuno y Snack,1,True,False,False,False,False
CAT-8139,Papel Higienico Compact Doble Rollo Carrefour 24 Rollos,Bazar y Varios,1,True,False,False,False,False
CAT-8175,Patatas Fritas Extracrujientes Con Aceite De Girasol Seleccion Carrefour Sin Gluten 150 G,Despensa,1,True,False,False,False,False
CAT-8155,Mini Sandwich De Nata Con Pepitas De Chocolate Carrefour 6 Ud,Platos preparados,1,True,False,False,False,False
CAT-8148,Champu Seco Con Extracto De Limon Purify Soft Carrefour 200 Ml ,Cuidado personal e Higiene,1,True,False,False,False,False
CAT-8058,Enjuague Bucal Infantil Sabor Fresa Soft Carrefour 500 Ml,Cuidado personal e Higiene,1,True,False,False,False,False
CAT-8153,Enjuague Bucal Multi Action Soft Carrefour 500 Ml,Cuidado personal e Higiene,1,True,False,False,False,False
CAT-8154,Enjuague Bucal Multi Action Carrefour Soft 1 L,Cuidado personal e Higiene,1,True,False,False,False,False
CAT-7999,Gel Intimo Frescor Diario Carrefour 500 Ml,Cuidado personal e Higiene,1,True,False,False,False,False
CAT-8191,Chorizo De Cerdo Iberico Oreado Carrefour El Mercado 400 G Aprox,Carnicería y Charcutería,1,True,False,False,False,False
CAT-8195,Parches Para Calenturas Con Aplicador Soft Carrefour 15 Ud,Sin categoría,1,True,False,False,False,False
CAT-8199,Petit Sabor Fresa Carrefour Kids En Bolsitas Pack De 4 Unidades De 90 G,Sin categoría,1,True,False,False,False,False
CAT-8206,Besos De Goma Sabor Fresa Nata Carrefour Classic Sin Gluten 250 G,Sin categoría,1,True,False,False,False,False
CAT-8209,Botellitas De Goma Sabor Cola Carrefour Classic Sin Gluten 250 G,Sin categoría,1,True,False,False,False,False
CAT-8211,Patata Steakhouse Especial Horno Carrefour Classic 600 G,Sin categoría,1,True,False,False,False,False
CAT-8222,Cachuetes Fritos Carrefour 250 G,Sin categoría,1,True,False,False,False,False
CAT-8212,Sardinillas Con Salsa Picantona Classic Carrefour 60 G,Despensa,1,True,False,False,False,False
CAT-8218,Leche Semidesnatada Ecologica Carrefour Bio Brik 1 L,Lácteos y Huevos,1,True,False,False,False,False
CAT-8220,Pipas Gigantes Aguasal Classic Carrefour Sin Gluten 400 G,Desayuno y Snack,1,True,False,False,False,False
CAT-8201,Detergente Liquido Con Javon Vegetal Ecologico Ecoplanet Carrefour 33 Lavados,Hogar,1,True,False,False,False,False
CAT-8204,Alcohol 96 Perfumado En Spray Limpiador Superficies Carrefour Expert 400 Ml,Hogar,1,True,False,False,False,False
CAT-8217,Snack Tiras De Pollo Carrefour Snapies Low Fat 10 Unidaes 104 G,Carnicería y Charcutería,1,True,False,False,False,False
CAT-8210,Caramelos De Goma Tajadas Sandia Carrefour Classic Sin Gluten 200 G,Frutas y Verduras,1,True,False,False,False,False
CAT-8208,Caramelos De Goma Surtidos Carrefour Classic Sin Gluten 200 G,"Azúcar, caramelos y chocolate",1,True,False,False,False,False
CAT-8238,Complemento Textil Limpieza Elimina Olores Expert Carrefour 15 L,Sin categoría,1,True,False,False,False,False
CAT-8241,Ensalada Gourmet Carrefour El Mercado 320 G,Sin categoría,1,True,False,False,False,False
CAT-8240,Maiz Dulce Cocido Carrefour El Mercado 500 G,Conservas y Enlatados,1,True,False,False,False,False
CAT-8250,Pipas Gigantes Aguasal Classic Carrefour Sin Gluten 200 G,Desayuno y Snack,1,True,False,False,False,False
CAT-8246,Nachos Sabor Natural Carrefour Sensation 200 G,Desayuno y Snack,1,True,False,False,False,False
CAT-8259,Detergente En Capsulas Con Carbon Vegetal Ecologico Eco Planet Carrefour 22 Lavados,Hogar,1,True,False,False,False,False
CAT-8268,Jamon Cocido Extra Ecologico En Lonchas Carrefour Bio Sin Lactosa 100 G,Carnicería y Charcutería,1,True,False,False,False,False
CAT-8269,Pechuga De Pavo Ecologica En Lonchas Carrefour Bio Sin Gluten 90 G,Carnicería y Charcutería,1,True,False,False,False,False
CAT-8245,Pan Para Bocadillo Classic Carrefour Sin Gluten Y Si Lactosa 100 G,Panadería y Pastelería,1,True,False,False,False,False
CAT-8237,Toallitas Para Bebe Delicate My Carrefour Baby 24 Ud,Bebes,1,True,False,False,False,False
CAT-8242,Canonigo Carrefour El Mercado 200 G,Frutas y Verduras,1,True,False,False,False,False
CAT-8300,Disco Gel Wc 3En1 Limon Carrefour Expert 12 Ud ,Sin categoría,1,True,False,False,False,False
CAT-8302,Ropa Interior Absorbente Nino Noche Carrefour Soft 4 7 Anos 17Kg 30 Kg 15 Ud,Sin categoría,1,True,False,False,False,False
CAT-8290,Yogur Estilo Griego Con Vainilla Carrefour Extra Sin Gluten Pack De 6 Unidades De 125 G,Lácteos y Huevos,1,True,False,False,False,False
CAT-8288,Ambientador Spray Lavanda Essential Carrefour 300 Ml,Hogar,1,True,False,False,False,False
CAT-8276,Cepillo Interdental 18 Mm Soft Carrefour 5 Ud,Cuidado personal e Higiene,1,True,False,False,False,False
CAT-8277,Cepillo Interdental 09 Mm Soft Carrefour 5 Ud,Cuidado personal e Higiene,1,True,False,False,False,False
CAT-8319,Panuelos 3 Capas Resistente Ecologico Carrefour Ecoplanet 100 Ud,Sin categoría,1,True,False,False,False,False
CAT-8321,Leche Fermentada Desnatada Natural Carrefour Sensation Proteina Plus Pack De 4 Unidades De 120 G,Sin categoría,1,True,False,False,False,False
CAT-8328,Toallitas Para Sanitarios Carrefour Expert 40 Ud,Sin categoría,1,True,False,False,False,False
CAT-8336,Naranjas De Mesa Carrefour El Mercado Saco De 6 Kg,Sin categoría,1,True,False,False,False,False
CAT-8339,Pimiento Tricolore En Tira Ecologico Carrefour Bio 600 G,Sin categoría,1,True,False,False,False,False
CAT-8347,Fideos Orientales De Ternera Sensation Carrefour 65 G,Despensa,1,True,False,False,False,False
CAT-8322,Atun Claro Al Natural Contenido Reducido En Sal Classic Carrefour Pack De 3 Latas De 56 G,Conservas y Enlatados,1,True,False,False,False,False
CAT-8332,Galletas Rellenas Para Perro Carrefour 500 G,Desayuno y Snack,1,True,False,False,False,False
CAT-8342,Zanahoria Ecologica Carrefour Bio 500 G Aprox,Frutas y Verduras,1,True,False,False,False,False
CAT-8359,Gazpacho Con Aceite De Oliva Virgen Extra Carrefour Sin Gluten Pack De 3 Unidades De 330 Ml,Despensa,1,True,False,False,False,False
CAT-8373,Aceite De Oliva Virgen Extra Carrefour Extra 500 Ml,Despensa,1,True,False,False,False,False
CAT-8363,Comida Humeda Esterilizada De Pollo Y Salmon Para Gatos Perfect Fit Sensitive Pack De 4 Unidades De 85 G,Carnicería y Charcutería,1,True,False,False,False,False
CAT-8197,Enjuague Bucal Fresh Soft Carrefour 1 L,Cuidado personal e Higiene,1,True,False,False,False,False
CAT-8198,Enjuague Bucal Fresh Soft Carrefour 500 Ml,Cuidado personal e Higiene,1,True,False,False,False,False
CAT-3333,Exfoliante corporal de coco,Cuidado personal e Higiene,1,True,False,False,False,False
CAT-4939,Navajas Crudas Procedente De Pesca Sostenible Carrefour 500 G,Pescadería,1,True,False,False,False,False
CAT-8376,Hielo En Cubitos Carrefour Classic 2 Kg,Sin categoría,1,True,False,False,False,False
CAT-8384,Fiegasuelos Concentrado Lavanda Carrefour Essential  15 L,Sin categoría,1,True,False,False,False,False
CAT-8387,Ensalada Vital Carrefour El Mercado 150 G,Sin categoría,1,True,False,False,False,False
CAT-8375,Atun Claro Al Natural Classic Carrefour Pack De 3 Latas De 112 G,Conservas y Enlatados,1,True,False,False,False,False
CAT-8379,Base De Pizza Carrefour Classic Sin Gluten Pack De 2 Bases De 200 G,Congelados,1,True,False,False,False,False
CAT-8395,Tiras Adhesivas Efecto Acolchado Maxima Proteccion Carrefour Soft 10 Ud,Sin categoría,1,True,False,False,False,False
CAT-8416,Ensalada Baby Leaf Carrefour El Mercado 70 G,Sin categoría,1,True,False,False,False,False
CAT-8402,Pipas De Girasol Gigantes Saladas Classic Carrefour Sin Gluten 200 G,Desayuno y Snack,1,True,False,False,False,False
CAT-8435,Detergente Liquido Optimal Clean Expert Carrefour 88 Lavados,Hogar,1,True,False,False,False,False
CAT-8414,Fregona Tiras Carrefour Home   Estampado,Hogar,1,True,False,False,False,False
CAT-8420,Almeja Blanca Cocida Carrefour Classic 450 G,Pescadería,1,True,False,False,False,False
CAT-8418,Boniato Carrefour 1 Kg Aprox,Frutas y Verduras,1,True,False,False,False,False
CAT-8430,Arena Aglomerante Extra White Carrefour 6L,Mascotas,1,True,False,False,False,False
CAT-8437,Caprichos De Carrillera Carrefour Extra 350 G,Sin categoría,1,True,False,False,False,False
CAT-8438,Panuelos 3 Capas Original Scottex 15 Ud,Sin categoría,1,True,False,False,False,False
CAT-8445,Bosita De Manzana Pera Platano Y Albaricoque Desde 6 Meses Danone Bledina Sin Gluten Y Sin Azucar Anadido 100 G,Despensa,1,True,False,False,False,False
CAT-8436,Detergente Liquido Optimal Clean Frescor Alpino Expert Carrefour 88 Lavados,Hogar,1,True,False,False,False,False
CAT-8468,Ambientador Automatico Vainilla Essential Recambio Carrefour 1 Ud,Hogar,1,True,False,False,False,False
CAT-8439,Jamon Cocido Carrefour Selection Sin Gluten Y Sin Lactosa 150 G,Carnicería y Charcutería,1,True,False,False,False,False
CAT-8464,Panales Dodot Sensitive T3 6 10 Kg 78 Ud,Bebes,1,True,False,False,False,False
CAT-8465,Panales Dodot Sensitive T1 2 5 Kg 90 Ud,Bebes,1,True,False,False,False,False
CAT-8466,Panales Dodot Sensitive T5 12 17 Kg 88 Ud,Bebes,1,True,False,False,False,False
CAT-8467,Panales Dodot Sensitive T4 10 15 Kg 96 Ud,Bebes,1,True,False,False,False,False
CAT-8496,Panecillos Tostados Clasicos Carrefour Extra 300 G,Sin categoría,1,True,False,False,False,False
CAT-8506,Ambientador Spray Flor De Cerezo Essential Carrefour 300 Ml,Hogar,1,True,False,False,False,False
CAT-8508,Ambientador Automatico Muguete Recambio Essential Carrefour 1 Ud,Hogar,1,True,False,False,False,False
CAT-8510,Ambientador Automatico Lavanda Recambio Essential Carrefour 1 Ud,Hogar,1,True,False,False,False,False
CAT-8511,Ambientador Automatico Ropa Limpia Recambio Essential Carrefour 1 Ud,Hogar,1,True,False,False,False,False
CAT-8501,Gel Antical Power Protect Expret Carrefour 750 Ml,Hogar,1,True,False,False,False,False
CAT-8477,Pienso Esterilizado De Pollo Y Verduras Para Gatos Vitalive Carrefour Companino 2 Kg,Carnicería y Charcutería,1,True,False,False,False,False
CAT-8478,Pienso De Pollo Para Perro Junior Vitalive Carrefour Companino 3 Kg,Carnicería y Charcutería,1,True,False,False,False,False
CAT-8481,Pienso De Pollo Y Verduras Para Gatos Vitalive Carrefour Companino 2 Kg,Carnicería y Charcutería,1,True,False,False,False,False
CAT-8482,Pienso De Pollo Con Verduras Para Perro Razas Pequenas Vitalive Carrefour Companino 2 Kg,Carnicería y Charcutería,1,True,False,False,False,False
CAT-8483,Pienso De Pollo Leche Y Verduras Para Gato Junior Vitalive Carrefour Companino 2 Kg,Carnicería y Charcutería,1,True,False,False,False,False
CAT-8479,Pienso Esterilizado De Salmon Y Verduras Para Gatos Vitalive Carrefour Companino 2 Kg,Pescadería,1,True,False,False,False,False
CAT-8476,Pienso De Buey Y Verduras Para Perro Adulto Vitalive Carrefour Companino 3 Kg,Mascotas,1,True,False,False,False,False
CAT-8519,Zumo De Pina Platano Y Coco Carrefour Seleccion Exprimido Botella 75 Cl,Bebidas,1,True,False,False,False,False
CAT-8521,Desinfectante Limpiador Multiusos Olor Eucalipto Carrefour Expert 750 Ml,Hogar,1,True,False,False,False,False
CAT-8513,Ambientador Automatico Manzana Canela Recambio Essential Carrefour 1 Ud,Hogar,1,True,False,False,False,False
CAT-8545,Comida Humeda En Pate Para Perro Adulto Vitalive Carrefour Companino Pack 6 Unidades De 300 G,Carnicería y Charcutería,1,True,False,False,False,False
CAT-8518,Pad Thai De Pollo Carrefour Sensation 350 G,Carnicería y Charcutería,1,True,False,False,False,False
CAT-8542,Pienso De Pollo Y Verduras Para Gatos Adultos Vitalive Carrefour Companino 4 Kg,Carnicería y Charcutería,1,True,False,False,False,False
CAT-8548,Snack Liquido De Atun Y Pollo Para Gato Churu 20X14 G,Carnicería y Charcutería,1,True,False,False,False,False
CAT-8532,Desodorante En Spray Invisible Men Carrefour 200 Ml,Cuidado personal e Higiene,1,True,False,False,False,False
CAT-8533,Desodorante En Spray Tonic Perfume Acidulado Men  Carrefour 150 Ml,Cuidado personal e Higiene,1,True,False,False,False,False
CAT-8534,Desodorante Spray Musk Perfume Ambarino Men Carrefour 150 Ml,Cuidado personal e Higiene,1,True,False,False,False,False
CAT-8390,Compresas Ultra Finas Con Alas Teen Day Soft Carrefour 14 Ud,Cuidado personal e Higiene,1,True,False,False,False,False
CAT-8562,Tampones Con Aplicador Normal Soft Carrefour 32 Ud,Cuidado personal e Higiene,1,True,False,False,False,False
CAT-3678,Pintalabios mate 12h Lasting Lips 07 fucsia,Cuidado personal e Higiene,1,True,False,False,False,False
CAT-5874,Pechugas De Pavo Marinadas Al Pimenton Carrefour 500 G Aprox,Despensa,1,True,False,False,False,False
CAT-6097,Papel Higienico Humedo Fresh Scottex 74 Ud,Bazar y Varios,1,True,False,False,False,False
CAT-8583,Arroz Con Pollo Con Salsa Kimchi Carrefour Sensation 350 G,Despensa,1,True,False,False,False,False
CAT-8574,Snack Con Salmon Para Gato Vitalive Crunch  Cream Carrefour Companino 60 G,Pescadería,1,True,False,False,False,False
CAT-8596,Detergente En Polvo Frescor Alpino Expert Carrefour 70 Lavados,Hogar,1,True,False,False,False,False
CAT-8631,Kiwi Carrefour 1 Kg Aprox,Frutas y Verduras,1,True,False,False,False,False
CAT-8636,Nectar De Naranja Carrefour Classic Sin Azucares Anadidos Pack De 6 Brik De 20 Cl,Bebidas,1,True,False,False,False,False
CAT-8658,Comida Humeda En Salsa Para Perro Vitalive Carrefour Companino 100 G,Despensa,1,True,False,False,False,False
CAT-8648,Lavavajillas A Maquina En Pastillas Carrefour Classic 40 Ud,Hogar,1,True,False,False,False,False
CAT-8693,Friegasuelos Concentrado Floral Carrefour Expert 1 L,Sin categoría,1,True,False,False,False,False
CAT-8694,Friegasuelos Aroma Pino Essential Carrefour 15 L,Sin categoría,1,True,False,False,False,False
CAT-8695,Friegasuelos Concentrado Citrico Carrefour Expert 1 L,Sin categoría,1,True,False,False,False,False
CAT-8706,Gambon Crudo Carrefour Extra Congelado 2 Kg,Sin categoría,1,True,False,False,False,False
CAT-8707,Papel De Horno Cuadrado Airfryer Carrefour Essential 50 Ud,Sin categoría,1,True,False,False,False,False
CAT-8708,Ambientador Aerosol De Vainilla Essential Carrefour 300 Ml,Hogar,1,True,False,False,False,False
CAT-8711,Sandwich Bacon Con Huevo Carrefour 150 G,Carnicería y Charcutería,1,True,False,False,False,False
CAT-8703,Salchichas Cocidas De Pavo Ahumadas Carrefour Clasicc Sin Gluten 200 G,Carnicería y Charcutería,1,True,False,False,False,False
CAT-8714,Sandwich Cangrejo Carrefour 140 G,Pescadería,1,True,False,False,False,False
CAT-8709,Sandwich Mixto Carrefour 135 G,Platos preparados,1,True,False,False,False,False
CAT-8712,Sandwich Tortilla Mixto Carrefour 140 G,Platos preparados,1,True,False,False,False,False
CAT-8713,Sandwich De Atun Con Huevo Y Lechuga Carrefour 200 G,Platos preparados,1,True,False,False,False,False
CAT-8746,Champinon En Trozos Classic Carrefour 230 G,Sin categoría,1,True,False,False,False,False
CAT-8724,Aperitivos De Maiz Sabor A Queso Tex Mex Doritos Bits 80 G,Lácteos y Huevos,1,True,False,False,False,False
CAT-8720,Lavavajillas A Maquina En Pastillas Todo En Uno Limon Carrefour Expert 60 Ud,Hogar,1,True,False,False,False,False
CAT-8725,Barra De Pan Pistola Carrefour 3 Ud,Panadería y Pastelería,1,True,False,False,False,False
CAT-8726,Barra De Pan Pistola Carrefour 250 G,Panadería y Pastelería,1,True,False,False,False,False
CAT-8722,Pilas 10 Mas 10 Lr03 Aaa Carrefour,Bazar y Varios,1,True,False,False,False,False
CAT-8619,Desodorante Roll On Algodon Carrefour Soft 50 Ml,Cuidado personal e Higiene,1,True,False,False,False,False
CAT-8620,Desodorante Roll On Sensitive Con Extracto De Avena Soft Carrefour 50 Ml,Cuidado personal e Higiene,1,True,False,False,False,False
CAT-8622,Desodorante Roll On Con Hibisco Ecologico Soft Bio Carrefour 50 Ml,Cuidado personal e Higiene,1,True,False,False,False,False
CAT-8637,Desodorante En Spray Dermo Proteccion Soft Carrefour 200 Ml,Cuidado personal e Higiene,1,True,False,False,False,False
CAT-8639,Desodorante En Spray Sport Men Carrefour 200 Ml,Cuidado personal e Higiene,1,True,False,False,False,False
CAT-8577,Detergente En Polvo Con Jabon De Marsella Essential Carrefour 100 Lavados ,Cuidado personal e Higiene,1,True,False,False,False,False
CAT-8578,Detergente En Polvo Jabon De Marsella Essential Carrefour 50 Lavados,Cuidado personal e Higiene,1,True,False,False,False,False
CAT-8579,Detergente En Polvo Con Jabon De Marsella Essential Carrefour 27 Lavados,Cuidado personal e Higiene,1,True,False,False,False,False
CAT-8696,Jabon De Manos De Lavanda En Pastilla Simpl Choice 4 Ud,Cuidado personal e Higiene,1,True,False,False,False,False
CAT-8697,Jabon De Manos De Marsella En Pastilla Simpl Choice 4 Ud,Cuidado personal e Higiene,1,True,False,False,False,False
CAT-8705,Gel De Ducha Pieles Sensibles Pure Carrefour Soft Doypack  1000 Ml,Cuidado personal e Higiene,1,True,False,False,False,False
CAT-8728,Detergente Liquido Con Jabon Vegetal Recarga Carrefour Eco Planet 35 Lavados,Cuidado personal e Higiene,1,True,False,False,False,False
CAT-8755,Compresas Ultra Finas Con Alas Para Noche Plus Pure Carrefour Soft 10 Ud,Cuidado personal e Higiene,1,True,False,False,False,False
CAT-3742,"Paté perro adulto Delikuit con ternera, hígado y verduras",Mascotas,1,True,False,False,False,False
CAT-3744,Paté perro adulto Delikuit con ternera y cordero,Mascotas,1,True,False,False,False,False
CAT-6219,Tiras Adhesivas Para Articulaciones Carrefour Soft 10 Ud,Sin categoría,1,True,False,False,False,False
CAT-8758,Pisto De Verduras Con Salsa De Tomate Carrefour Extra 450 G,Despensa,1,True,False,False,False,False
CAT-8775,Hummus De Garbanzos Con Aceitunas De Kalamata Carrefour Extra Sin Gluten 240 G,Despensa,1,True,False,False,False,False
CAT-8771,Queso Roquefort Dop Extra Carrefour Cuna 100 G,Lácteos y Huevos,1,True,False,False,False,False
CAT-8772,Queso Gouda En Lonchas Ecologico Carrefour Bio 200 G,Lácteos y Huevos,1,True,False,False,False,False
CAT-8796,Queso Camembert Cremoso Carrefour 250 G,Lácteos y Huevos,1,True,False,False,False,False
CAT-8795,Pistacho Natural Sin Cascara Originial Carrefour Doy Pack 100 G,Desayuno y Snack,1,True,False,False,False,False
CAT-8780,Ambientador De Mecha Ropa Limpia Essential Carrefour 375 Ml,Hogar,1,True,False,False,False,False
CAT-8781,Masa De Pizza Carrefour Classic 260 G,Congelados,1,True,False,False,False,False
CAT-8801,Fingers De Pechuga De Pollo Carrefour Extra 400 G,Congelados,1,True,False,False,False,False
CAT-8792,Snack Liquido De Pollo Y Salmon Para Gato Vitalive Creamy Tubes Carrefour Companino 6X15 G,Carnicería y Charcutería,1,True,False,False,False,False
CAT-8800,Pechuga De Pollo Empanado Crujiente Carrefour Extra 400 G ,Carnicería y Charcutería,1,True,False,False,False,False
CAT-8802,Delicias De Pechuga De Pollo Carrefour Extra 500 G,Carnicería y Charcutería,1,True,False,False,False,False
CAT-8791,Aguacate Ecologico Maduro Carrefour Bio 3 Uds,Frutas y Verduras,1,True,False,False,False,False
CAT-8846,Queso De Vaca Tierno Provolone Con Oregano Carrefour Extra Pieza De 150 G,Despensa,1,True,False,False,False,False
CAT-8809,Alubias Cocidas Categoria Extra Classic Carrefour 400 G,Despensa,1,True,False,False,False,False
CAT-8808,Garbanzos Cocidos Categoria Extra Classic Carrefour 400 G,Conservas y Enlatados,1,True,False,False,False,False
CAT-8880,Tissues Classic 3 Capas Carrefour 110 Ud,Sin categoría,1,True,False,False,False,False
CAT-8864,Croquetas De Setas Carrefour Extra 350 G,Congelados,1,True,False,False,False,False
CAT-8865,Croquetas Mini De Jamon Carrefour Classic 500 G,Congelados,1,True,False,False,False,False
CAT-8866,Croquetas De Jamon Carrefour Classic 500 G,Congelados,1,True,False,False,False,False
CAT-8871,Papel Higienico Compact Doble Rollo Carrefour 32 Rollos,Bazar y Varios,1,True,False,False,False,False
CAT-8907,Gel De Afeitado Piel Sensible Carrefour Men 75 Ml,Sin categoría,1,True,False,False,False,False
CAT-8917,Bandas De Cera Corporales Depilatoria Frias Carrefour Soft 20 Ud,Cuidado personal e Higiene,1,True,False,False,False,False
CAT-8924,Bandas De Cera Depilatoria Faciales Frias Carrefour Soft 20 Ud,Cuidado personal e Higiene,1,True,False,False,False,False
CAT-8857,Quitagrasas Con Jabon De Marsella Carrefour Essential 750 Ml,Cuidado personal e Higiene,1,True,False,False,False,False
CAT-8874,Compresas Ultra Finas Super Con Alas Soft Carrefour 12 Ud,Cuidado personal e Higiene,1,True,False,False,False,False
CAT-3939,Pizza romana con champiñones salteados,Congelados,1,True,False,False,False,False
CAT-3940,Pizza jamón y queso sin gluten y sin lactosa,Congelados,1,True,False,False,False,False
CAT-3941,Pizza Frankfurt,Congelados,1,True,False,False,False,False
CAT-3942,Masa fresca pizza de cereales y semillas,Congelados,1,True,False,False,False,False
CAT-8969,Pechuga De Pavo Cocida En Lonchas Campofrio Finissimas Sin Gluten Y Sin Lactosa 110 G,Carnicería y Charcutería,1,False,False,False,True,False
CAT-8958,Pechuga De Pollo Cocido En Lonchas Finissimas De Campofrio Sin Gluten Y Sin Lactosa 110 G,Carnicería y Charcutería,1,False,False,False,True,False
CAT-8968,Mini Fuet De Pavo Snackin Campofrio Sin Gluten 50 G,Carnicería y Charcutería,1,False,False,False,True,False
CAT-8949,Coca Cola Zero Azucar Pack 4 Botellas 2 L,Bebidas,1,False,False,False,True,False
CAT-8948,Vino Frances Rosado Joven Les Terrasses Du Golfe 75 Cl,Bebidas,1,False,False,False,True,False
CAT-8962,Bombon Mini Helado De Vainilla Almond Magnum Sin Gluten 6 Ud,Congelados,1,False,False,False,True,False
CAT-8995,Minipizzas Prosciutto Ristorante Mini Pizzas Dr Oetker 280 G,Congelados,1,False,False,False,True,False
CAT-8972,Agua De Mar Hipertonica En Spray Fuerza Media 2 Rhinomer Plus 200 Ml,Bebidas,1,False,False,False,True,False
CAT-8973,Agua De Mar Hipertonica En Spray Fuerza Fuerte 3 Rhinomer Plus 200 Ml,Bebidas,1,False,False,False,True,False
CAT-3944,Codillo de cerdo asado,Platos preparados,1,True,False,False,False,False
CAT-8945,Raclette En Lonchas Carrefour 400 G,Sin categoría,1,True,False,False,False,False
CAT-3771,Alimento completo para canarios y jilgueros Granzoo,Mascotas,1,True,False,False,False,False
CAT-8947,Lonchas Vegetarianas Con Verduras Y Aceitunas Carrefour Veggie Sin Gluten Y Sin Lactosa 100 G,Conservas y Enlatados,1,True,False,False,False,False
CAT-3946,Garbanzos a la riojana,Platos preparados,1,True,False,False,False,False
CAT-3994,Yogur sabor coco,Lácteos y Huevos,1,True,False,False,False,False
CAT-3998,Bebida de frutas rojas antioxidante sin azúcares añadidos,Bebidas,1,True,False,False,False,False
CAT-3999,Zumo maracuyá y chía,Bebidas,1,True,False,False,False,False
CAT-3772,Barritas de fruta y miel para canarios Natura,Mascotas,1,True,False,False,False,False
CAT-3773,Alimento completo para loros y cotorras Granzoo,Mascotas,1,True,False,False,False,False
CAT-8997,Set 5 Bandejas De Aluminio Carrefour 2 L,Sin categoría,1,True,False,False,False,False
CAT-8998,Set 5 Bandejas Planas De Aluminio Carrefour 1 L,Sin categoría,1,True,False,False,False,False
CAT-8999,Set 3 Bandejas Para Cocinar De Aluminio Carrefour ,Sin categoría,1,True,False,False,False,False
CAT-3774,Alimento completo conejos enanos Granzoo,Mascotas,1,True,False,False,False,False
CAT-8991,Helado Push Up De Fresa Carrefour Sin Gluten 6 Ud,Congelados,1,True,False,False,False,False
CAT-8992,Gyozas De Pollo Y Verduras Carrefour Sensation 400 G,Congelados,1,True,False,False,False,False
CAT-3775,12 Mini croissants de mantequilla,Panadería y Pastelería,1,True,False,False,False,False
CAT-3776,6 Croissant rellenos de cacao,Panadería y Pastelería,1,True,False,False,False,False
CAT-8993,Balsamo Facial Y Corporal Atopic My Carrefour Baby 200 Ml,Cuidado personal e Higiene,1,True,False,False,False,False
CAT-3777,Bizcocho de yogur,Panadería y Pastelería,1,True,False,False,False,False
CAT-3778,Berlina glacé,Panadería y Pastelería,1,True,False,False,False,False
CAT-3779,Berlina al cacao,Panadería y Pastelería,1,True,False,False,False,False
CAT-3780,Rosquillas al cacao,Panadería y Pastelería,1,True,False,False,False,False
CAT-3783,Pan hot dog,Panadería y Pastelería,1,True,False,False,False,False
CAT-3785,Acelgas,Frutas y Verduras,1,True,False,False,False,False
CAT-3788,Media calabaza cacahuete,Frutas y Verduras,1,True,False,False,False,False
CAT-3789,Espárragos verdes gruesos,Frutas y Verduras,1,True,False,False,False,False
CAT-3790,Maíz dulce en mazorca,Frutas y Verduras,1,True,False,False,False,False
CAT-3791,Verdura para crema de calabaza,Frutas y Verduras,1,True,False,False,False,False
CAT-3792,Preparado de verduras para sofreír cortado y lavado,Frutas y Verduras,1,True,False,False,False,False
CAT-3793,3 Vegetales para microondas lavados,Frutas y Verduras,1,True,False,False,False,False
CAT-3794,Huevos medianos M,Lácteos y Huevos,1,True,False,False,False,False
CAT-3933,Noodles Yakisoba con carne y verduras,Platos preparados,1,True,False,False,False,False
CAT-3934,Salmón con verduras Listo para Comer,Platos preparados,1,True,False,False,False,False
CAT-3935,Poke salmón,Platos preparados,1,True,False,False,False,False
CAT-3936,Surtido sushi Bento grande,Platos preparados,1,True,False,False,False,False
CAT-3937,Surtido sushi Bento pequeño,Platos preparados,1,True,False,False,False,False
CAT-8988,Desodorante Roll On Pure Soft Carrefour 50 Ml,Cuidado personal e Higiene,1,True,False,False,False,False
CAT-2008,Helado Mochi coco,Congelados,1,True,False,False,False,False
CAT-1672,Aceite de Ricino,Cuidado personal e Higiene,1,True,False,False,False,False
CAT-1905,Garbanzo ultracongelado,Congelados,1,True,False,False,False,False
CAT-1911,Rodaja de potón del Pacífico cocido congelado,Congelados,1,True,False,False,False,False
CAT-2027,Vino blanco verdejo Abadía Mantrús DO Rueda,Bebidas,1,True,False,False,False,False
CAT-1734,Gofres clásicos,Panadería y Pastelería,1,True,False,False,False,False
CAT-2506,Crema depilatoria hombre piel normal,Cuidado personal e Higiene,1,True,False,False,False,False
CAT-2370,Aperitivo Aperol,Bebidas,1,True,False,False,False,False
CAT-2037,Cacahuetes chocolate negro,"Azúcar, caramelos y chocolate",1,True,False,False,False,False
CAT-0548,Café molido fuerte,Desayuno y Snack,1,True,False,False,False,False
CAT-1387,Gel fijador cabello Xtra Forte fijación,Cuidado personal e Higiene,1,True,False,False,False,False
CAT-1608,Spaghetti al huevo,Despensa,1,True,False,False,False,False
CAT-1612,Ensaladilla ultracongelada,Congelados,1,True,False,False,False,False
CAT-1628,Alas de pollo barbacoa congeladas,Carnicería y Charcutería,1,True,False,False,False,False
CAT-1478,Dentífrico infantil + 2 años,Cuidado personal e Higiene,1,True,False,False,False,False
CAT-1488,Desodorante roll-on Zero Sanex,Cuidado personal e Higiene,1,True,False,False,False,False
CAT-1492,Patatas fritas onduladas sabor queso de cabra y cebolla caramelizada,Desayuno y Snack,1,True,False,False,False,False
CAT-1702,Arroz Albufera,Despensa,1,True,False,False,False,False
CAT-1716,Laca de uñas alto brillo 76 rosa medio,Cuidado personal e Higiene,1,True,False,False,False,False
CAT-1544,Queso lonchas semicurado mezcla Entrepinares,Lácteos y Huevos,1,True,False,False,False,False
CAT-1552,Sérum reductor instantáneo de bolsas y ojeras Sisbela Reafirm,Cuidado personal e Higiene,1,True,False,False,False,False
CAT-1558,Filete de salmón rosado salvaje con piel ultracongelado,Congelados,1,True,False,False,False,False
CAT-1564,Queso tierno bajo en sal mezcla,Lácteos y Huevos,1,True,False,False,False,False
CAT-1801,Chorizo extra pimienta finas lonchas,Carnicería y Charcutería,1,True,False,False,False,False
CAT-1653,Lote infantil Peppa Pig,Cuidado personal e Higiene,1,True,False,False,False,False
CAT-1809,Cecina ahumada natural Embutidos Pajariel lonchas,Carnicería y Charcutería,1,True,False,False,False,False
CAT-1837,Edulcorante líquido sacarina,Despensa,1,True,False,False,False,False
CAT-1879,Ambientador spray Fresh,Hogar,1,True,False,False,False,False
CAT-2102,Surtido figuras Pascua de chocolate con leche,"Azúcar, caramelos y chocolate",1,True,False,False,False,False
CAT-2124,Champú protección y brillo todo tipo de cabello,Cuidado personal e Higiene,1,True,False,False,False,False
CAT-2144,Patatas para microondas,Frutas y Verduras,1,True,False,False,False,False
CAT-1919,Merluza del Cabo sin cabeza ultracongelada,Congelados,1,True,False,False,False,False
CAT-1932,"Pizza Truffata con queso, champiñones y trufa ultracongelada",Congelados,1,True,False,False,False,False
CAT-2208,Regañá,Desayuno y Snack,1,True,False,False,False,False
CAT-2209,Grissini palitos de pan,Desayuno y Snack,1,True,False,False,False,False
CAT-2220,Ambientador perlas Lima,Hogar,1,True,False,False,False,False
CAT-2227,Biberón 150 ml tetina silicona flujo lento +0 meses,Bebes,1,True,False,False,False,False
CAT-2237,Coloración permanente 0% amoníaco 8.1 rubio claro ceniza Colorcor,Cuidado personal e Higiene,1,True,False,False,False,False
CAT-2243,Pañal bebé braguita talla XL de 16-28 kg,Bebes,1,True,False,False,False,False
CAT-2054,Espinacas a la crema ultracongeladas,Congelados,1,True,False,False,False,False
CAT-2069,Champú Plex Repair cabello muy dañado,Cuidado personal e Higiene,1,True,False,False,False,False
CAT-2083,Tinto de verano limón Casón Histórico,Bebidas,1,True,False,False,False,False
CAT-2093,Perfilador de labios 07 cereza,Cuidado personal e Higiene,1,True,False,False,False,False
CAT-2305,Coloración permanente 0% amoníaco 10.0 rubio extra claro Colorcor,Cuidado personal e Higiene,1,True,False,False,False,False
CAT-2329,Coloración permanente 100 rubio platino natural Colorcor,Cuidado personal e Higiene,1,True,False,False,False,False
CAT-2341,Barritas de cereales sabor mango,Desayuno y Snack,1,True,False,False,False,False
CAT-2162,Zanahoria rallada lavada,Frutas y Verduras,1,True,False,False,False,False
CAT-2169,Papilla tres frutas con yogur +8 meses,Bebes,1,True,False,False,False,False
CAT-2175,Espinacas baby lavadas,Frutas y Verduras,1,True,False,False,False,False
CAT-2181,Posavajillas,Hogar,1,True,False,False,False,False
CAT-2190,Snack galletas perro adulto con pollo y ternera razas medianas y grandes,Mascotas,1,True,False,False,False,False
CAT-2200,Recambio ambientador automático Love,Hogar,1,True,False,False,False,False
CAT-2408,Licor de limoncello Franzini,Bebidas,1,True,False,False,False,False
CAT-2415,Colgador WC Maxigotas Spa,Hogar,1,True,False,False,False,False
CAT-2416,Merluza a rodajas,Pescadería,1,True,False,False,False,False
CAT-2421,Sidra natural Polían,Bebidas,1,True,False,False,False,False
CAT-2277,Crema corporal Nivea,Cuidado personal e Higiene,1,True,False,False,False,False
CAT-2283,Eau de parfum mujer Elección,Cuidado personal e Higiene,1,True,False,False,False,False
CAT-2292,Coloración permanente 6.60 rojo intenso Color Sensation,Cuidado personal e Higiene,1,True,False,False,False,False
CAT-2385,Espuma de afeitar Sensitive manteca de cacao,Cuidado personal e Higiene,1,True,False,False,False,False
CAT-2391,Espuma de afeitar piel sensible Gillette con aloe vera,Cuidado personal e Higiene,1,True,False,False,False,False
CAT-2445,Croissant,Panadería y Pastelería,1,True,False,False,False,False
CAT-2449,3 Barras de pan,Panadería y Pastelería,1,True,False,False,False,False
CAT-2471,3 Barras de pan aceite de oliva rebanadas,Panadería y Pastelería,1,True,False,False,False,False
CAT-2477,Vino rosado Dominio de Borgia,Bebidas,1,True,False,False,False,False
CAT-2714,Carpaccio de vacuno,Carnicería y Charcutería,1,True,False,False,False,False
CAT-2725,Pollo entero,Carnicería y Charcutería,1,True,False,False,False,False
CAT-2727,Gel de baño 10% urea piel áspera y deshidratada,Cuidado personal e Higiene,1,True,False,False,False,False
CAT-6629,Salchichas Frankfurt Carrefour Sin Gluten Pack De 4 Unidades 170 G,Carnicería y Charcutería,1,True,False,False,False,False
CAT-2584,Zumo de clementina,Bebidas,1,True,False,False,False,False
CAT-2590,Magdalenas integrales 0% azúcares añadidos,Panadería y Pastelería,1,True,False,False,False,False
CAT-2999,Cava brut nature reserva vintage Cabré & Sabaté,Bebidas,1,True,False,False,False,False
CAT-2614,Maquinilla de afeitar recargable Flection System 6 hojas,Cuidado personal e Higiene,1,True,False,False,False,False
CAT-2428,Palitos de zanahoria,Frutas y Verduras,1,True,False,False,False,False
CAT-2464,Vino rosado tempranillo syrah Fidencio DO La Mancha,Bebidas,1,True,False,False,False,False
CAT-3537,Ensalada César,Frutas y Verduras,1,True,False,False,False,False
CAT-3541,Ensalada ensatún,Frutas y Verduras,1,True,False,False,False,False
CAT-2492,Cocas Cidoncha congeladas,Congelados,1,True,False,False,False,False
CAT-3401,Protegeslip de incontinencia pequeño,Cuidado personal e Higiene,1,True,False,False,False,False
CAT-3209,Mascarilla sin aclarado Argan Oil cabello seco y dañado,Cuidado personal e Higiene,1,True,False,False,False,False
CAT-3222,Calabaza cacahuete cortada a trozos,Frutas y Verduras,1,True,False,False,False,False
CAT-3048,Solomillo de pavo marinado congelado,Carnicería y Charcutería,1,True,False,False,False,False
CAT-1621,Garbanzo lechoso Andaluz,Despensa,1,True,False,False,False,False
CAT-2256,Pañales bebé talla 2 de 4-8 kg Dodot,Bebes,1,True,False,False,False,False
CAT-2271,Palitos de pan con aceitunas,Desayuno y Snack,1,True,False,False,False,False
CAT-2349,Impulsor gasificante repostería para uso alimentario,Despensa,1,True,False,False,False,False
CAT-2499,Ron añejo La Recompensa,Bebidas,1,True,False,False,False,False
CAT-2707,Crema facial regeneradora Anti Ox Dragon's Blood FPS 12,Cuidado personal e Higiene,1,True,False,False,False,False
CAT-2734,Filetes lomo de cerdo cabeza,Carnicería y Charcutería,1,True,False,False,False,False
CAT-2740,Eau de parfum mujer Verissime Bright,Cuidado personal e Higiene,1,True,False,False,False,False
CAT-2745,Hígados y corazones de pollo,Carnicería y Charcutería,1,True,False,False,False,False
CAT-2764,Compresa con alas super Ausonia,Cuidado personal e Higiene,1,True,False,False,False,False
CAT-2542,Esponja de baño infantil Disney,Cuidado personal e Higiene,1,True,False,False,False,False
CAT-2553,Chocolate con leche Fussion relleno crema de fresa,"Azúcar, caramelos y chocolate",1,True,False,False,False,False
CAT-2569,Barra de pan espiga rebanado,Panadería y Pastelería,1,True,False,False,False,False
CAT-2596,Desmaquillador de ojos y labios bifásico Waterproof Facial Clean,Cuidado personal e Higiene,1,True,False,False,False,False
CAT-2804,Filetes lomo de cerdo grueso,Carnicería y Charcutería,1,True,False,False,False,False
CAT-2799,Filetes solomillos de pollo marinados empanados sin gluten,Carnicería y Charcutería,1,True,False,False,False,False
CAT-3108,Ensalada mezcla brotes tiernos lavada,Frutas y Verduras,1,True,False,False,False,False
CAT-3134,Queso lonchas edam de vaca Holland Corona,Lácteos y Huevos,1,True,False,False,False,False
CAT-2971,Queso ricotta mezcla,Lácteos y Huevos,1,True,False,False,False,False
CAT-2976,Crema protección solar FPS,Cuidado personal e Higiene,1,True,False,False,False,False
CAT-3065,Croquetas caprichos de jamón ultracongeladas,Congelados,1,True,False,False,False,False
CAT-3075,Anillas de pota a la romana ultracongeladas,Congelados,1,True,False,False,False,False
CAT-3086,Galletas Cookies,Desayuno y Snack,1,True,False,False,False,False
CAT-3303,Colorete compacto Blush Satin 02 natural,Cuidado personal e Higiene,1,True,False,False,False,False
CAT-3141,Queso rulo con piña y almendra Liptana,Lácteos y Huevos,1,True,False,False,False,False
CAT-3148,Helado Mochi mango,Congelados,1,True,False,False,False,False
CAT-3165,Mousse de queso congelado,Congelados,1,True,False,False,False,False
CAT-3170,Repollo liso,Frutas y Verduras,1,True,False,False,False,False
CAT-3188,Wakame ensalada de alga marina congelada,Congelados,1,True,False,False,False,False
CAT-3403,Protegeslip maxi Dry,Cuidado personal e Higiene,1,True,False,False,False,False
CAT-3232,Champú y acondicionador anticaspa Classic 2 en 1 Ultrex todo tipo de cabello,Cuidado personal e Higiene,1,True,False,False,False,False
CAT-3242,Aceite en crema corporal Fussion Oriental,Cuidado personal e Higiene,1,True,False,False,False,False
CAT-3249,Coloración permanente 4 castaño medio Colorcor,Cuidado personal e Higiene,1,True,False,False,False,False
CAT-3266,Coloración permanente 6.35 marrón caramelo Colorcor,Cuidado personal e Higiene,1,True,False,False,False,False
CAT-3273,Coloración permanente 0% amoníaco 7 rubio Colorcor,Cuidado personal e Higiene,1,True,False,False,False,False
CAT-3281,Eau de parfum hombre Como Tú Extratime Likes,Cuidado personal e Higiene,1,True,False,False,False,False
CAT-3286,Coloración permanente 7.3 rubio medio dorado Colorcor,Cuidado personal e Higiene,1,True,False,False,False,False
CAT-3292,Corrector fluido multiusos Long Lasting mate 200 vainilla,Cuidado personal e Higiene,1,True,False,False,False,False
CAT-3298,Iluminador facial fluido Highlighter 01 champagne,Cuidado personal e Higiene,1,True,False,False,False,False
CAT-3557,Quitagrasas perfume Marsella,Hogar,1,True,False,False,False,False
CAT-3315,Leche condensada desnatada,Lácteos y Huevos,1,True,False,False,False,False
CAT-3324,Recambios maquinilla de afeitar Flection System 6 hojas,Cuidado personal e Higiene,1,True,False,False,False,False
CAT-3329,Gel corporal aloe vera puro Atlantia,Cuidado personal e Higiene,1,True,False,False,False,False
CAT-3347,Contorno de ojos y párpados Dragon's blood Anti Ox,Cuidado personal e Higiene,1,True,False,False,False,False
CAT-3354,Sérum facial potenciador 12% silicio Sisbela Reafirm,Cuidado personal e Higiene,1,True,False,False,False,False
CAT-3360,Desodorante en crema original Dove antitranspirante,Cuidado personal e Higiene,1,True,False,False,False,False
CAT-3365,Desodorante avena antitranspirante,Cuidado personal e Higiene,1,True,False,False,False,False
CAT-3378,Multiusos Perfumado,Hogar,1,True,False,False,False,False
CAT-3601,Bolsas zip congelación grandes reutilizables,Hogar,1,True,False,False,False,False
CAT-3610,Servilleta papel suave,Hogar,1,True,False,False,False,False
CAT-3616,Pañuelos de papel Extra Suaves,Hogar,1,True,False,False,False,False
CAT-3622,Maquillaje fluido Long Lasting mate 120 beige rosado,Cuidado personal e Higiene,1,True,False,False,False,False
CAT-3629,Colorete fluido Blush mate 03 rosa,Cuidado personal e Higiene,1,True,False,False,False,False
CAT-3634,Polvo compacto Sol oscuro,Cuidado personal e Higiene,1,True,False,False,False,False
CAT-3646,Bálsamo labial Color Balm 09 rosa medio perlado,Cuidado personal e Higiene,1,True,False,False,False,False
CAT-3651,Brillo de labios Volumizer gloss 06 morado,Cuidado personal e Higiene,1,True,False,False,False,False
CAT-3412,Laca de uñas alto brillo 139 granate,Cuidado personal e Higiene,1,True,False,False,False,False
CAT-3423,Eau de parfum mujer Como Tú Enciende,Cuidado personal e Higiene,1,True,False,False,False,False
CAT-3429,Saquitos antipolillas Ropa Limpia,Hogar,1,True,False,False,False,False
CAT-3436,Recambio ambientador eléctrico Jardín 6 fragancias,Hogar,1,True,False,False,False,False
CAT-3441,Gel protección solar facial FPS 50+,Cuidado personal e Higiene,1,True,False,False,False,False
CAT-3448,Fluido protección solar facial Nivea tono medio FPS 50+,Cuidado personal e Higiene,1,True,False,False,False,False
CAT-3454,Roll-on alivio picor,Cuidado personal e Higiene,1,True,False,False,False,False
CAT-3460,Bizcocho de chocolate sin gluten y sin lactosa,Panadería y Pastelería,1,True,False,False,False,False
CAT-3465,Plátano de Canarias IGP,Frutas y Verduras,1,True,False,False,False,False
CAT-3472,Kit Esencial,Cuidado personal e Higiene,1,True,False,False,False,False
CAT-3479,Naranjas,Frutas y Verduras,1,True,False,False,False,False
CAT-3481,Aguacate,Frutas y Verduras,1,True,False,False,False,False
CAT-3488,Ensaladilla rusa mediana Listo para Comer,Platos preparados,1,True,False,False,False,False
CAT-3704,Filetes de dorada,Pescadería,1,True,False,False,False,False
CAT-5078,Tiras Resistentes Carrefour Soft 40 Ud,Sin categoría,1,True,False,False,False,False
CAT-5089,Lavavajillas A Mano Desengrasante Limon Carrefour Expert 1 L,Hogar,1,True,False,False,False,False
CAT-5151,Cono Speculoss Extra Carrefour 6 Ud,Sin categoría,1,True,False,False,False,False
CAT-2497,Mermelada de frambuesa,Desayuno y Snack,1,True,False,False,False,False
CAT-2751,Dentífrico Max Fresh Colgate sabor menta fresca,Cuidado personal e Higiene,1,True,False,False,False,False
CAT-2771,Filetes de pavo contramuslo,Carnicería y Charcutería,1,True,False,False,False,False
CAT-2576,Vino tinto tempranillo syrah suave Caperucita tinta Torre Oria,Bebidas,1,True,False,False,False,False
CAT-2819,Batido sabor fresa,Lácteos y Huevos,1,True,False,False,False,False
CAT-2832,Salsa Piri Piri,Despensa,1,True,False,False,False,False
CAT-2838,Embutido blanco,Carnicería y Charcutería,1,True,False,False,False,False
CAT-2842,Preparado de carne picada cerdo,Carnicería y Charcutería,1,True,False,False,False,False
CAT-2852,Muesli 50% frutas y frutos secos,Desayuno y Snack,1,True,False,False,False,False
CAT-2668,Protegeslip normal plegado Suave,Cuidado personal e Higiene,1,True,False,False,False,False
CAT-2677,Café monodosis descafeinado natural,Desayuno y Snack,1,True,False,False,False,False
CAT-2685,Patatinas extra crujientes,Desayuno y Snack,1,True,False,False,False,False
CAT-2691,Tampones regular 100% algodón,Cuidado personal e Higiene,1,True,False,False,False,False
CAT-2698,Mousse sabor chocolate +Proteínas 10 g proteínas,Lácteos y Huevos,1,True,False,False,False,False
CAT-2920,Pepperoni en lonchas,Carnicería y Charcutería,1,True,False,False,False,False
CAT-2928,Jamón de bellota ibérico cortado a tapas,Carnicería y Charcutería,1,True,False,False,False,False
CAT-2940,Queso semicurado de cabra,Lácteos y Huevos,1,True,False,False,False,False
CAT-2778,Pañal adulto braguita talla L Pants Plus,Cuidado personal e Higiene,1,True,False,False,False,False
CAT-2784,Tratamiento para uñas endurecedor,Cuidado personal e Higiene,1,True,False,False,False,False
CAT-2788,Setas,Frutas y Verduras,1,True,False,False,False,False
CAT-3004,Preparado de paella y sopa ultracongelado,Congelados,1,True,False,False,False,False
CAT-3723,Panecillo harina integral 50% de trigo sin sal añadida,Panadería y Pastelería,1,True,False,False,False,False
CAT-3743,Salchicha perro adulto Delikuit con pollo y arroz,Mascotas,1,True,False,False,False,False
CAT-4243,Kefir Natural Carrefour Sensation Pack De 4 Unidades De 125 G,Lácteos y Huevos,1,True,False,False,False,False
CAT-4391,Pizza Crousty Cheese Sensation Carrefour 448 G,Congelados,1,True,False,False,False,False
CAT-4413,Constramuslo De Pavo Fileteado Carrefour 600 G Aprox,Carnicería y Charcutería,1,True,False,False,False,False
CAT-4570,Pincho Moruno De Cerdo Adobado Carrefour El Mercado 340 G,Carnicería y Charcutería,1,True,False,False,False,False
CAT-4576,Longaniza Roja Carrefour 500 G Aprox,Carnicería y Charcutería,1,True,False,False,False,False
CAT-4632,Bocaditos Al Cacao Carrefour Classic 500 G,Desayuno y Snack,1,True,False,False,False,False
CAT-4627,Carabinero Crudo Congelado Carrefour Extra 400 G,Congelados,1,True,False,False,False,False
CAT-4671,Cortaunas Manicura Carrefour Soft 1 Ud,Sin categoría,1,True,False,False,False,False
CAT-4644,Panales Premium Ultra Protect Carrefour Baby T4 7Kg 18Kg 40 Ud,Bebes,1,True,False,False,False,False
CAT-4695,Toallitas Para Bebe Fresh My Carrefour Baby 80 Ud,Bebes,1,True,False,False,False,False
CAT-4689,Papel Higienico Confort Fresh Carrefour 12 Rollos,Bazar y Varios,1,True,False,False,False,False
CAT-4788,Cera Para Todo Tipo De Madera Carrefour 1 L,Sin categoría,1,True,False,False,False,False
CAT-4794,Ambientador De Varillas Fragancia Vainilla Y Coco Essential Carrefour 1 Ud,Hogar,1,True,False,False,False,False
CAT-4800,Berlinas Bombon Carrefour 4 Ud,"Azúcar, caramelos y chocolate",1,True,False,False,False,False
CAT-4858,Queso De Oveja Curado En Cuna Carrefour Classic 250 G,Lácteos y Huevos,1,True,False,False,False,False
CAT-4853,Gel Para Lavavajillas All In 1 Carrefour Expert 32 Lavados,Hogar,1,True,False,False,False,False
CAT-4871,Rucula Y Canonigo Carrefour El Mercado 100 G,Frutas y Verduras,1,True,False,False,False,False
CAT-4841,Chocolate Negro Con Piel De Naranja Confitada Carrefour Seleccion 100 G,"Azúcar, caramelos y chocolate",1,True,False,False,False,False
CAT-4923,Bolitas De Patata Carrefour Classic 1 Kg,Sin categoría,1,True,False,False,False,False
CAT-4960,Lentejas Con Verduras Classic Carrefour 430 G,Despensa,1,True,False,False,False,False
CAT-4934,Gamba Blanca Cocida Congelada Carrefour Extra 500 G,Pescadería,1,True,False,False,False,False
CAT-5140,Alcohol Etilico 96 Carrefour 250 Ml,Cuidado personal e Higiene,1,True,False,False,False,False
CAT-5195,Pechuga De Pavo Reducida En Sal En Lonchas Extrafinas Carrefour El Mercado Sin Gluten 100 G,Carnicería y Charcutería,1,True,False,False,False,False
CAT-5189,Croissant Clasico Carrefour El Mercado 4 Ud,Panadería y Pastelería,1,True,False,False,False,False
CAT-5249,Botella De Vidrio 1 L Carrefour Home,Sin categoría,1,True,False,False,False,False
CAT-5400,Pants Agatha Ruiz De La Prada Talla 5 12 18 Kg 40 Ud Exclusivo Carrefour,Sin categoría,1,True,False,False,False,False
CAT-5412,Palo De Aluminio Carrefour 22X22X130 Cm,Sin categoría,1,True,False,False,False,False
CAT-5507,Barritas De Semillas Con Miel Para Canarios Carrefour 2 Ud,Desayuno y Snack,1,True,False,False,False,False
CAT-5524,Paleta Curada En Lonchas Carrefour El Mercado Sin Gluten Y Sin Lactosa 90 G,Sin categoría,1,True,False,False,False,False
CAT-5624,Plantillas Confort Piel Natural Carrefour Expert 1 Par,Sin categoría,1,True,False,False,False,False
CAT-5613,Pasta Tallarines Carrefour Classic 500 G,Despensa,1,True,False,False,False,False
CAT-5703,Barra Grande Extra Carrefour 1 Ud,Sin categoría,1,True,False,False,False,False
CAT-5709,Set 9 Bayetas Multiusos Simpl,Hogar,1,True,False,False,False,False
CAT-5680,Comedero Antideslizante Para Perro Carrefour 500 Ml,Mascotas,1,True,False,False,False,False
CAT-5741,Salsa Cesar Para Ensaladas Carrefour Classic Sin Gluten Envase 300 G,Despensa,1,True,False,False,False,False
CAT-5721,Jamon De Cebo Iberico 50 Raza Iberica En Lonchas Carrefour El Mercado 90 G,Carnicería y Charcutería,1,True,False,False,False,False
CAT-4683,Champu De Uso Frecuente Para Perro Carrefour 1L,Cuidado personal e Higiene,1,True,False,False,False,False
CAT-5618,Pasta Fideo Cabellin Carrefour Classic 500 G,Cuidado personal e Higiene,1,True,False,False,False,False
CAT-5056,Gel De Ducha Hidratante Mango Y Fruta De La Pasion Soft Carrefour 750 Ml,Cuidado personal e Higiene,1,True,False,False,False,False
CAT-4982,Colgador Wc Antical Perfume Floral Carrefour Expert 2 Ud,Cuidado personal e Higiene,1,True,False,False,False,False
CAT-5940,Toallitas Desodorantes Carrefour 12 Ud ,Cuidado personal e Higiene,1,True,False,False,False,False
CAT-5945,Cepillo De Dientes Medium Carrefour 4 Ud,Cuidado personal e Higiene,1,True,False,False,False,False
CAT-1482,Compresa con alas noche Ausonia,Cuidado personal e Higiene,1,True,False,False,False,False
CAT-4770,Colgador Wc Con Lejia Aroma Limon Verde Carrefour 2 Ud,Hogar,1,True,False,False,False,False
CAT-4876,Queso Fundido En Lonchas Carrefour Classic 555 G,Lácteos y Huevos,1,True,False,False,False,False
CAT-4910,Queso Fresco De Vaca Rulo En Medallones Carrefour Classic Pack De 2 Unidades De 100 G,Lácteos y Huevos,1,True,False,False,False,False
CAT-4899,Panales Ultra Dry Carrefour Baby T3 4 9 Kg 160 Ud,Bebes,1,True,False,False,False,False
CAT-5033,Alitas De Pollo Clasicas Sabor Barbacoa Carrefour Sensation 750 G,Carnicería y Charcutería,1,True,False,False,False,False
CAT-5105,Pina En Rodajas En Su Jugo Classic Carrefour 490 G,Sin categoría,1,True,False,False,False,False
CAT-5117,Bombon Chocochoco Extra Carrefour Sin Gluten 6 Ud,"Azúcar, caramelos y chocolate",1,True,False,False,False,False
CAT-5176,Sandwich De Chocolate Vegetal Sensation Carrefour 5 Ud,Platos preparados,1,True,False,False,False,False
CAT-5243,Kombucha Jengibre Limon Ecologico Carrefour Bio Botella 250 Ml,Sin categoría,1,True,False,False,False,False
CAT-5323,Esparadrapo Transparente 5 M X 25 Cm Carrefour Soft 1 Ud,Sin categoría,1,True,False,False,False,False
CAT-5343,Canelones De Carne De Cerdo Carrefour Extra 500 G,Carnicería y Charcutería,1,True,False,False,False,False
CAT-5463,Patatas Enteras Classic Carrefour Sin Sal Anadida 400 G,Sin categoría,1,True,False,False,False,False
CAT-5446,Garbanzo Categoria Extra Carrefour 1 Kg,Despensa,1,True,False,False,False,False
CAT-5501,Comida Para Tortolas Carrefour 1Kg,Sin categoría,1,True,False,False,False,False
CAT-5586,Papel Higienico 5 Capas Carrefour Essential 6 Rollos,Bazar y Varios,1,True,False,False,False,False
CAT-5599,Fabada Asturiana Carrefour Sin Gluten 440 G,Sin categoría,1,True,False,False,False,False
CAT-5630,Pipeta Contra Insectos Para Perro Mediano Grande Carrefour 3X15 Ml,Mascotas,1,True,False,False,False,False
CAT-5652,Espinacas En Hojas Carrefour 400 G,Sin categoría,1,True,False,False,False,False
CAT-5675,Endivia Carrefour 350 G,Sin categoría,1,True,False,False,False,False
CAT-5714,Servilletas De Papel 1 Capa 29X30 Cm Simpl 200 Unid   Blancas,Bazar y Varios,1,True,False,False,False,False
CAT-5764,Comida Humeda De Buey Para Perros Simpl 12 Kg,Mascotas,1,True,False,False,False,False
CAT-5857,Queso Rallado Parmesano Carrefour Extra 100 G,Lácteos y Huevos,1,True,False,False,False,False
CAT-5934,Hamburguesa De Picana Angus De Vacuno Carrefour Seleccion Lord Dani 300 G,Carnicería y Charcutería,1,True,False,False,False,False
CAT-5974,Gel Wc Frescura Oceano Carrefour 1 L,Sin categoría,1,True,False,False,False,False
CAT-6088,Galletas De Mantequilla Con Tableta De Chocolate Blanco Carrefour 150 G,Lácteos y Huevos,1,True,False,False,False,False
CAT-6094,Bolsa De Basura Bano Plastico Reciclado Carrefour Essential 5L 35 Ud,Hogar,1,True,False,False,False,False
CAT-6109,Aguacate Con Queso De Cabra Carrefour El Mercado 125 G,Lácteos y Huevos,1,True,False,False,False,False
CAT-6159,Cafe Latte Descafeinado Carrefour Sensation Sin Gluten 250 Ml,Desayuno y Snack,1,True,False,False,False,False
CAT-6193,Pienso De Carne Y Cereales Para Perro Adulto Simpl 18 Kg,Mascotas,1,True,False,False,False,False
CAT-6239,Helado De Turron Y Trocitos De Almendra Caramelizada Carrefour Sensation 350 G,Bebidas,1,True,False,False,False,False
CAT-6348,Servilletas 2 Capas De Celulosa 100 Ud Carrefour Home   Blanca Decoradas,Bazar y Varios,1,True,False,False,False,False
CAT-6412,Crema Autobrillante Caplicador Negro Carrefour 50 Ml,Sin categoría,1,True,False,False,False,False
CAT-6393,Gazpacho Con Hortalizas Frescas Carrefour Sin Gluten 1 L,Conservas y Enlatados,1,True,False,False,False,False
CAT-6469,Mejillones En Escabeche 1620 Classic Carrefour Sin Gluten Pack De 3 Unidades De 43 G,Sin categoría,1,True,False,False,False,False
CAT-6492,Yogur Sabor Coco Carrefour Classic Pack De 4 Unidades De 125 G,Lácteos y Huevos,1,True,False,False,False,False
CAT-6779,Pepinillos Sabor Anchoa Sensation Carrefour 180 G,Conservas y Enlatados,1,True,False,False,False,False
CAT-6791,Queso De Mezcla Tierno Carrefour Classic Cuna De 365 G,Lácteos y Huevos,1,True,False,False,False,False
CAT-5022,Gel De Ducha Hidratante Coco Soft Carrefour 750 Ml,Cuidado personal e Higiene,1,True,False,False,False,False
CAT-5028,Gel De Ducha Dermoprotector Carrefour 750 Ml,Cuidado personal e Higiene,1,True,False,False,False,False
CAT-6643,Dentifrico Protect Caries Soft Carrefour 75 Ml,Cuidado personal e Higiene,1,True,False,False,False,False
CAT-6660,Dentifrico Herbal 10 Soft Carrefour Pack De 2 Unidades De 75 Ml,Cuidado personal e Higiene,1,True,False,False,False,False
CAT-0549,Galletas rellenas de chocolate 0% azúcares añadidos,Desayuno y Snack,1,True,False,False,False,False
CAT-0552,Perlas faciales Q10 Khanya concentrado reafirmante antiarrugas,Cuidado personal e Higiene,1,True,False,False,False,False
CAT-2545,Detergente ropa Colonia Hipoalergénico líquido,Hogar,1,True,False,False,False,False
CAT-2883,Lomo back bacon,Carnicería y Charcutería,1,True,False,False,False,False
CAT-5833,Picos Artesanos Con Aceite De Oliva Carrefour 240 G,Despensa,1,True,False,False,False,False
CAT-5862,Brocoli En Floretes Precocido Ultracongeladas Extra Carrefour 675 G,Congelados,1,True,False,False,False,False
CAT-5888,Champinon Pie Cortado Carrefour 600 G Aprox,Sin categoría,1,True,False,False,False,False
CAT-5928,Carne De Mejillon Cocido 80120 Carrefour Classic 400 G,Sin categoría,1,True,False,False,False,False
CAT-5917,Aceite De Girasol Para Freir Carrefour Garrafa 5 L,Despensa,1,True,False,False,False,False
CAT-6054,Talco Para Bebe My Carrefour Baby 250 G,Bebes,1,True,False,False,False,False
CAT-6083,Carrefour Sensation Isofresh Bebida Isotonica Sabor Naranja Botella 15 L,Bebidas,1,True,False,False,False,False
CAT-6059,Mezcla Para Sofrito Carrefour 450 G,Despensa,1,True,False,False,False,False
CAT-6071,Huevos Frescos Carrefour El Mercado 24 Ud,Lácteos y Huevos,1,True,False,False,False,False
CAT-6077,Queso Maasdam Carrefour 375 G,Lácteos y Huevos,1,True,False,False,False,False
CAT-6065,Arena Absorbente Higienica Para Gatos Carrefour 10 Kg,Mascotas,1,True,False,False,False,False
CAT-6114,Finas De Mar Sabor Al Ajillo Simpl 175 G,Sin categoría,1,True,False,False,False,False
CAT-6170,Insecticida Antirrastreros Laca Carrefour 750 Ml,Sin categoría,1,True,False,False,False,False
CAT-6187,Mini Taquitos De Jamon Curado Carrefour El Mercado Sin Gluten Y Sin Lactosa Pack De 2 Unidades De 90 G,Carnicería y Charcutería,1,True,False,False,False,False
CAT-6216,Mini Napolitana De Chocolate Carrefour 10 Ud,Panadería y Pastelería,1,True,False,False,False,False
CAT-6228,Cafe Intenso En Capsulas Carrefour Compatible Con Dolce Gusto 30 Unidades De 7 G,Desayuno y Snack,1,True,False,False,False,False
CAT-6265,Bolsas Para Asar Al Horno Y Microondas Carrefour 8 Ud,Sin categoría,1,True,False,False,False,False
CAT-6279,Colgador Wc Fresh Ocean Carrefour Expert 3 Ud,Sin categoría,1,True,False,False,False,False
CAT-6271,Queso En Polvo Especial Pasta Carrefour Sin Gluten 150 G,Despensa,1,True,False,False,False,False
CAT-6354,Bifidus Natural Carrefour Classic Sin Azucares Anadidos Pack De 6 Unidades De 125 G,Despensa,1,True,False,False,False,False
CAT-6359,Merluza Argentina Sin Cabeza Carrefour El Mercado 750 G Aprox,Pescadería,1,True,False,False,False,False
CAT-6504,Hamburguesa De Cerdo Iberico Carrefour El Mercado 4X90 G,Carnicería y Charcutería,1,True,False,False,False,False
CAT-6522,Filetes De Pechuga Marinada De Pollo Carrefour 450 G Aprox,Carnicería y Charcutería,1,True,False,False,False,False
CAT-6574,Tiras De Poton Del Pacifico Ultracongelado Carrefour El Mercado 360 G,Congelados,1,True,False,False,False,False
CAT-6621,Set 10 Platos De Cana De Azucar 18 Cm Carrefour Home,Despensa,1,True,False,False,False,False
CAT-6626,Pizza 4 Quesos Ecologica Carrefour Bio 350 G,Lácteos y Huevos,1,True,False,False,False,False
CAT-6666,Bolsas De Congelacion Cierre Doble Zip Medianas Carrefour Expert 20 Ud,Sin categoría,1,True,False,False,False,False
CAT-6649,Pan De Molde Sin Corteza Carrefour Classic 820 G,Desayuno y Snack,1,True,False,False,False,False
CAT-6716,Helado De Chocolate Sin Azucar Anadido Carrefour Classic Sin Gluten 500 Ml,Despensa,1,True,False,False,False,False
CAT-6757,Torreznos Sabor Jamon Iberico Carrefour El Mercado 125 G,Carnicería y Charcutería,1,True,False,False,False,False
CAT-6836,Postre Lacteo Al Cacao Proteina Plus Sensation Carrefour Sin Gluten Y Sin Azucar Anadido 200 G,Despensa,1,True,False,False,False,False
CAT-6830,Mango Carrefour A Granel 1 Kg Aprox,Frutas y Verduras,1,True,False,False,False,False
CAT-6853,Tarrito De Verduritas Con Dorada Desde 8 Meses Ecologico My Carrefour Baby Bio Sin Gluten Pack De 2 Unidades De 200 G,Pescadería,1,True,False,False,False,False
CAT-6939,Aceitunas Verdes Rellenas De Anchoa Contenido Reducido En Sal Classic Carrefour Pack 3 Latas De 50 G,Conservas y Enlatados,1,True,False,False,False,False
CAT-6987,40 Bolsas De Basura Plastico Reciclado Carrefour 30 L,Hogar,1,True,False,False,False,False
CAT-7075,Vieira Del Pacifico Media Concha Carrefour Extra 175 G,Sin categoría,1,True,False,False,False,False
CAT-7045,Bolsita De Yogur Griego Manzana Platano Y Mango Ecologico My Carrefour Baby Bio Sin Azucar Anadido 100 G,Despensa,1,True,False,False,False,False
CAT-7097,Chorizo Iberico En Lonchas Carrefour El Mercado 2X625 G,Carnicería y Charcutería,1,True,False,False,False,False
CAT-7250,Set De 50 Brochetas Bambu Carrefour Home 30 Cm,Sin categoría,1,True,False,False,False,False
CAT-7303,Huevos Ecologicos Carrefour Bio 10 Ud,Lácteos y Huevos,1,True,False,False,False,False
CAT-7286,Limpiador Multisuperficies Limon Carrefour Essential 15 L,Hogar,1,True,False,False,False,False
CAT-6672,Dentifrico White 2In1 Soft Carrefour 100 Ml,Cuidado personal e Higiene,1,True,False,False,False,False
CAT-6687,Dentifrico Xtra White Soft Carrefour 75 Ml,Cuidado personal e Higiene,1,True,False,False,False,False
CAT-6819,Detergente En Capsulas Jabon De Marsella Y Flores De Naranjo Essential Carrefour 30 Lavados,Cuidado personal e Higiene,1,True,False,False,False,False
CAT-6864,Jabon De Manos Golosina Soft Carrefour 500 Ml,Cuidado personal e Higiene,1,True,False,False,False,False
CAT-6870,Jabon De Manos Leche Y Miel Soft Carrefour 500 Ml,Cuidado personal e Higiene,1,True,False,False,False,False
CAT-6481,Suavizante Concentrado Colonia Essential Carrefour 80 Lavados,Cuidado personal e Higiene,1,True,False,False,False,False
CAT-7394,Suavizante Concentrado Colonia Essential Carrefour 136 Lavados,Cuidado personal e Higiene,1,True,False,False,False,False
CAT-7866,Salchicha Blanca De Cerdo Carrefour El Mercado 300 G Aprox,Carnicería y Charcutería,1,True,False,False,False,False
CAT-0822,6 Panecillos integrales 100%,Panadería y Pastelería,1,True,False,False,False,False
CAT-7852,Comida Humeda De Ternera Y Zanahoria Para Gato Adulto Vitalive Carrefour 100 G,Carnicería y Charcutería,1,True,False,False,False,False
CAT-0555,Vasos grandes de plástico reutilizables,Hogar,1,True,False,False,False,False
CAT-0558,Salsa Cocktail,Despensa,1,True,False,False,False,False
CAT-0568,Arroz basmati aromático,Despensa,1,True,False,False,False,False
CAT-0569,Cuartos traseros de pollo,Carnicería y Charcutería,1,True,False,False,False,False
CAT-0570,Muslos de pollo deshuesados con piel,Carnicería y Charcutería,1,True,False,False,False,False
CAT-0571,Medio pollo troceado,Carnicería y Charcutería,1,True,False,False,False,False
CAT-0577,Cous cous mediano,Despensa,1,True,False,False,False,False
CAT-0579,Lote corporal mujer Pistacho Cream,Cuidado personal e Higiene,1,True,False,False,False,False
CAT-0580,Crema facial fluida noche aclarante anti-manchas,Cuidado personal e Higiene,1,True,False,False,False,False
CAT-0581,Laca de uñas alto brillo 137 verde,Cuidado personal e Higiene,1,True,False,False,False,False
CAT-0582,Laca de uñas alto brillo 138 rosa,Cuidado personal e Higiene,1,True,False,False,False,False
CAT-0583,Mini eau de parfum hombre Flor de Mayo Deep Barrel,Cuidado personal e Higiene,1,True,False,False,False,False
CAT-0584,Lote hombre Como tú Fuerza,Cuidado personal e Higiene,1,True,False,False,False,False
CAT-0585,Protector labial FPS,Cuidado personal e Higiene,1,True,False,False,False,False
CAT-0586,Sombra de ojos Long Lasting Multi-Stick 09 azul,Cuidado personal e Higiene,1,True,False,False,False,False
CAT-0588,Berlina con cobertura de frutos rojos y virutas de chocolate blanco relleno 30% arándanos,Panadería y Pastelería,1,True,False,False,False,False
CAT-0589,Crema facial fotocorrector unificador anti-manchas FPS,Cuidado personal e Higiene,1,True,False,False,False,False
CAT-0590,Vino blanco Chardonnay Atardecer DO Somontano,Bebidas,1,True,False,False,False,False
CAT-0591,Agua mineral mediana Bronchales,Bebidas,1,True,False,False,False,False
CAT-0594,Pasta fusilli Armando,Despensa,1,True,False,False,False,False
CAT-0595,Alas partidas de pollo,Carnicería y Charcutería,1,True,False,False,False,False
CAT-0596,Carcasa y espinazo de pollo,Carnicería y Charcutería,1,True,False,False,False,False
CAT-0597,Filetes pechuga de pollo marinadas empanadas sin gluten,Carnicería y Charcutería,1,True,False,False,False,False
CAT-0598,Filetes pechuga de pollo finas hierbas marinadas,Carnicería y Charcutería,1,True,False,False,False,False
CAT-0599,Eau de parfum hombre Como tú Audaz,Cuidado personal e Higiene,1,True,False,False,False,False
CAT-0600,Lote corporal hombre Aqua men,Cuidado personal e Higiene,1,True,False,False,False,False
CAT-0801,Maquinilla de afeitar recargable Precision System 3 hojas,Cuidado personal e Higiene,1,True,False,False,False,False
CAT-0803,Cortaúñas manos y pies,Cuidado personal e Higiene,1,True,False,False,False,False
CAT-0804,Spray oral Própolis,Cuidado personal e Higiene,1,True,False,False,False,False
CAT-0805,Snack barritas perro adulto de pollo e hígado,Mascotas,1,True,False,False,False,False
CAT-0806,Rollo con sabor nata,Panadería y Pastelería,1,True,False,False,False,False
CAT-0807,Rollo con sabor avellana,Panadería y Pastelería,1,True,False,False,False,False
CAT-0808,Piquitos bajos en sal con orégano y tomillo,Desayuno y Snack,1,True,False,False,False,False
CAT-0809,Bebida láctea natural azucarada L-casei,Lácteos y Huevos,1,True,False,False,False,False
CAT-0810,Desodorante invisible Black & White Nivea Men antitranspirante,Cuidado personal e Higiene,1,True,False,False,False,False
CAT-0812,Ginebra sweet Gin Exotic Glivery,Bebidas,1,True,False,False,False,False
CAT-0814,Mermelada de ciruela y kiwi,Desayuno y Snack,1,True,False,False,False,False
CAT-0815,Barquillos con crema de avellanas,Desayuno y Snack,1,True,False,False,False,False
CAT-0818,Gel facial Hidrata ácido hialurónico,Cuidado personal e Higiene,1,True,False,False,False,False
CAT-0819,Vasos medianos de plástico reutilizables,Hogar,1,True,False,False,False,False
CAT-0820,Pila alcalina AA LR6,Hogar,1,True,False,False,False,False
CAT-0821,Perfilador de labios 06 canela,Cuidado personal e Higiene,1,True,False,False,False,False
CAT-0823,Panes especiales con tomate y orégano,Desayuno y Snack,1,True,False,False,False,False
CAT-0824,Panes especiales sabor pizza con queso,Desayuno y Snack,1,True,False,False,False,False
CAT-2649,Compresa sin alas de incontinencia Mini,Cuidado personal e Higiene,1,True,False,False,False,False
CAT-2982,Insecticida líquido,Hogar,1,True,False,False,False,False
CAT-3327,Aceite corporal rosa mosqueta,Cuidado personal e Higiene,1,True,False,False,False,False
CAT-3328,Loción corporal Repara urea 10% y dexpantenol,Cuidado personal e Higiene,1,True,False,False,False,False
CAT-6124,Finas Del Mar Simpl 400 G,Sin categoría,1,True,False,False,False,False
CAT-6116,Masa De Hojaldre Carrefour Classic 230 G,Despensa,1,True,False,False,False,False
CAT-6128,Bolsas De Basura Simpl 30L 20 Ud,Hogar,1,True,False,False,False,False
CAT-6125,Pizza Regina Carrefour 365 G,Congelados,1,True,False,False,False,False
CAT-6796,Queso Fresco Carrefour Classic 250 G,Lácteos y Huevos,1,True,False,False,False,False
CAT-6928,Snack Dental Para Perro Mini Carrefour 7 Unidades 110 G,Mascotas,1,True,False,False,False,False
CAT-7081,Conos Con Helado De Vainilla Carrefour Extra Sin Lactosa Y Sin Azucar Anadido 4 Ud,Despensa,1,True,False,False,False,False
CAT-7113,Longaniza Blanca Fresca Carrefour El Mercado 650 G,Carnicería y Charcutería,1,True,False,False,False,False
CAT-7089,Set 200 Servilletas Blancas 2 Capas 33X33 Cm Carrefour Home,Bazar y Varios,1,True,False,False,False,False
CAT-7198,Lejia Densa Aroma Menta Expert Carrefour 2 L,Hogar,1,True,False,False,False,False
CAT-7217,Yogur Estilo Griego Natural Con Azucar De Cana Carrefour 1 Kg,Despensa,1,True,False,False,False,False
CAT-7280,Chirimoya Carrefour A Granel 1 Kg Aprox,Frutas y Verduras,1,True,False,False,False,False
CAT-7377,Mousse Proteico Sabor Chocolate Carrefour Sensation Sin Gluten 200 G,Lácteos y Huevos,1,True,False,False,False,False
CAT-7434,Tronquitos De Merluza Carrefour Extra 500 G,Bebidas,1,True,False,False,False,False
CAT-7532,Friegasuelos Flor De Cerezo Carrefour Essential 15 L,Sin categoría,1,True,False,False,False,False
CAT-7500,Pants Optima Adsorption My Carrefour Baby T6 16 Kg 36 Ud,Bebes,1,True,False,False,False,False
CAT-8068,Detergente Liquido Marsella Y Flores De Naranjo Essential Carrefour 80 Lavados,Hogar,1,True,False,False,False,False
CAT-8108,Menestra De Verduras Ecologicas Carrefour Bio 600 G,Congelados,1,True,False,False,False,False
CAT-8320,Panuelos 4 Capas Sensitive Carrefour 80 Us,Sin categoría,1,True,False,False,False,False
CAT-7187,Cepillo De Dientes Viaje Carrefour Soft 1 Ud,Cuidado personal e Higiene,1,True,False,False,False,False
CAT-7193,Cepillo De Dientes Advance Soft Carrefour 1 Ud,Cuidado personal e Higiene,1,True,False,False,False,False
CAT-7846,Natilla De Chocolate Proteina Plus Carrefour Sensation Pack De 4 Unidades De 125 G,Lácteos y Huevos,1,True,False,False,False,False
CAT-7835,Helado Sabor A Speculoos Carrefour Sensation 300 G,Congelados,1,True,False,False,False,False
CAT-0559,Pasta de sésamo Tahini,Despensa,1,True,False,False,False,False
CAT-0560,Arroz cocido redondo Sabroz,Despensa,1,True,False,False,False,False
CAT-0561,Arroz redondo J Sendra,Despensa,1,True,False,False,False,False
CAT-0562,Barritas de barquillo Cookies cobertura de cacao con pepitas y rellenas de galleta,"Azúcar, caramelos y chocolate",1,True,False,False,False,False
CAT-0563,Paté de cerdo La Piara tapa negra,Carnicería y Charcutería,1,True,False,False,False,False
CAT-0566,"Comida gato adulto con pollo, ternera, frutas y verduras",Mascotas,1,True,False,False,False,False
CAT-0567,Gelatina neutra en láminas Foodsy,Despensa,1,True,False,False,False,False
CAT-0705,Sticks longaniza de pavo extra,Carnicería y Charcutería,1,True,False,False,False,False
CAT-0706,Longaniza de payés extra lonchas,Carnicería y Charcutería,1,True,False,False,False,False
CAT-0709,Berlina con cobertura de cacao crunch rellena de crema de cacao,Panadería y Pastelería,1,True,False,False,False,False
CAT-0711,Gaseosa grande,Bebidas,1,True,False,False,False,False
CAT-0578,Jamoncitos de pollo,Carnicería y Charcutería,1,True,False,False,False,False
CAT-0592,Arroz largo Sabroz,Despensa,1,True,False,False,False,False
CAT-0593,Pasta trottole vegetales,Despensa,1,True,False,False,False,False
CAT-0767,Eliminador de turbidez para piscina,Hogar,1,True,False,False,False,False
CAT-0983,Medio conejo troceado,Carnicería y Charcutería,1,True,False,False,False,False
CAT-1029,Agua mineral mediana Cortes,Bebidas,1,True,False,False,False,False
CAT-1034,Ron caribeño sabor coco Malibu,Bebidas,1,True,False,False,False,False
CAT-1627,Pacharán Oibar,Bebidas,1,True,False,False,False,False
CAT-7169,Preparado De Carne Burguer Meat De Vacuno Y Cerdo Carrefour El Mercado 2X450 G,Carnicería y Charcutería,1,True,False,False,False,False
CAT-7234,Comida Humeda De Buey Pollo Atun Y Salmon Para Gato Adulto Purina Gourmet Gold Tartelette 24X85 G,Carnicería y Charcutería,1,True,False,False,False,False
CAT-7343,Vino Dulce Carrefour Pedro Ximenez Dojerez Xeres Sherry 75 Cl,Bebidas,1,True,False,False,False,False
CAT-7349,Patatas Fritas Estilo Churreria Original Carrefour 150 G,Desayuno y Snack,1,True,False,False,False,False
CAT-7411,Tomate Frito Ecologico Carrefour Bio Sin Gluten Tarro 340 G,Despensa,1,True,False,False,False,False
CAT-7383,Cookies Con Pepitas De Chocolate Carrefour Classic 225 G,Desayuno y Snack,1,True,False,False,False,False
CAT-7456,Redondo De Datil Con Nuez Carrefour El Mercado 200 G,Desayuno y Snack,1,True,False,False,False,False
CAT-7428,Mutlicroquetas Para Perro Con Pollo Y Cereales Medianos Carrefour 10 Kg,Congelados,1,True,False,False,False,False
CAT-7445,Jamon Serrano Reserva En Lonchas Carrefour El Mercado Sin Gluten Y Sin Lactosa 240 G,Carnicería y Charcutería,1,True,False,False,False,False
CAT-7439,Filetes De Merluza Argentina Simpl 600 G,Pescadería,1,True,False,False,False,False
CAT-7462,Suavizante Concentrado Dulzzia Essential Carrefour 80 Lavados,Hogar,1,True,False,False,False,False
CAT-7492,Escarola Rizada Carrefour El Mercado 150 G,Frutas y Verduras,1,True,False,False,False,False
CAT-7516,Detergente Liquido Quitamanchas Expert Carrefour 44 Lavados,Hogar,1,True,False,False,False,False
CAT-7563,Bifidus Desnatado Con Muesli Y Cereales Classic Carrefour Sin Azucar Anadido Pack De 4 Unidades De 125 G,Despensa,1,True,False,False,False,False
CAT-7546,Filete De Merluza Argentina Sin Piel Ultracongelada Carrefour El Mercado 600 G,Pescadería,1,True,False,False,False,False
CAT-7540,Bocas De Cangrejo Africano Crudas Carrefour Extra 500 G,Pescadería,1,True,False,False,False,False
CAT-7574,Langostino Vannamei Pelado Carrefour Classic 220 G,Pescadería,1,True,False,False,False,False
CAT-7640,Helado De Lima Limon Push Up Carrefour Classic 6 Ud,Congelados,1,True,False,False,False,False
CAT-7705,Bolsita De Manzana Y Platano Desde 6 Meses Ecologico My Carrefour Baby Bio Sin Gluten Y Sin Azucar Anadido Pack De 4 De Unidades De 100 G,Despensa,1,True,False,False,False,False
CAT-7699,Lomos De Salmon Ecologico Carrefour Bio 220 G,Pescadería,1,True,False,False,False,False
CAT-7747,Bebida De Arroz Calcio Sin Azucar Anadido Carrefour Sin Gluten Brik 1 L,Despensa,1,True,False,False,False,False
CAT-7841,Cono Helado Sabor A Caramelo Crunch Carrefour Extra 6 Uds,Congelados,1,True,False,False,False,False
CAT-7895,Muslitos De Mar Carrefour 500 G,Sin categoría,1,True,False,False,False,False
CAT-7952,Fingers De Queso Mozzarella Carrefour 400 G,Lácteos y Huevos,1,True,False,False,False,False
CAT-7946,Detergente A Mano Lana Y Ropa Delicada Expert Carrefour 30 Lavados,Hogar,1,True,False,False,False,False
CAT-7969,Comida Humeda De Bacalao Para Gato Vitalive Carrefour 100 G,Pescadería,1,True,False,False,False,False
CAT-8592,Coliflor Carrefour Classic 1 Kg,Frutas y Verduras,1,True,False,False,False,False
CAT-8006,Bizcocho Choco Roll Carrefour Classic 270 G,Panadería y Pastelería,1,True,False,False,False,False
CAT-8102,Tarrito De Verduras Con Pollo Y Ternera Desde 6 Meses Hero Solo Sin Gluten Pack De 6 Unidades De 235 G,Carnicería y Charcutería,1,True,False,False,False,False
CAT-8085,Snack De Salmon Para Gatos Companino Carrefour Pack 6 Unidas De 5 G,Pescadería,1,True,False,False,False,False
CAT-8079,Toallitas Bebe Camomila My Carrefour Baby 80 Ud,Bebes,1,True,False,False,False,False
CAT-8137,Sarten Antiadherente Induccion Aluminio Carrefour Home 24 Cm,Sin categoría,1,True,False,False,False,False
CAT-8143,Protegeslip Maxi Soft Carrefour 30 Ud,Sin categoría,1,True,False,False,False,False
CAT-8119,Detergente Liquido Optimal Clean Frescor Alpino Expert Carrefour 44 Lavados,Hogar,1,True,False,False,False,False
CAT-8173,Agua Mineral Carrefour 5 L,Bebidas,1,True,False,False,False,False
CAT-8156,Filete De Caballa Del Sur En Aceite De Girasol Classic Carrefour Pack 2 Unidades De 65 G,Despensa,1,True,False,False,False,False
CAT-8207,Corazones De Goma Sabor A Melocoton Carrefour Classic Sin Gluten 200 G,Sin categoría,1,True,False,False,False,False
CAT-8247,Rodaja De Pez Espada Ultracongelada Carrefour Extra 600 G,Pescadería,1,True,False,False,False,False
CAT-8303,Ropa Interior Absorbente Nino Noche Carrefour Soft 8 15 Anos 27Kg 57 Kg 12 Ud,Sin categoría,1,True,False,False,False,False
CAT-8278,Cepillo Interdental 12 Mm Soft Carrefour 5 Ud,Cuidado personal e Higiene,1,True,False,False,False,False
CAT-8388,Colgador Wc Marino Carrefour Expert 3 Ud,Sin categoría,1,True,False,False,False,False
CAT-8150,Enjuague Bucal White Soft Carrefour 500 Ml,Cuidado personal e Higiene,1,True,False,False,False,False
CAT-8239,Cepillo De Dientes Infantil 7 Anos Carrefour Soft 1 Ud,Cuidado personal e Higiene,1,True,False,False,False,False
CAT-8113,Gel De Ducha Ambar Y Vetiver Soft Carrefour 750 Ml,Cuidado personal e Higiene,1,True,False,False,False,False
CAT-8480,Pienso De Salmon Y Verduras Para Gatos Adultos Vitalive Carrefour Companino 2 Kg,Pescadería,1,True,False,False,False,False
CAT-8698,Desatascador Carrefour,Sin categoría,1,True,False,False,False,False
CAT-0758,Bebida isotónica de naranja Iso drink,Bebidas,1,True,False,False,False,False
CAT-0759,Pistachos bañados de chocolate con leche,"Azúcar, caramelos y chocolate",1,True,False,False,False,False
CAT-0760,Surtido bombones Senzza de chocolate negro 70%,"Azúcar, caramelos y chocolate",1,True,False,False,False,False
CAT-8715,Sandwich De Pollo Al Curry Bon Appetit Carrefour 200 G,Despensa,1,True,False,False,False,False
CAT-0712,Tarta delicia de fresa congelada,Panadería y Pastelería,1,True,False,False,False,False
CAT-0713,Gaseosa pequeña,Bebidas,1,True,False,False,False,False
CAT-0715,Delicias de pollo ultracongeladas,Carnicería y Charcutería,1,True,False,False,False,False
CAT-0716,Nuggets de pavo ultracongelados,Carnicería y Charcutería,1,True,False,False,False,False
CAT-0717,Brochetas de pollo Yakitori ultracongeladas,Carnicería y Charcutería,1,True,False,False,False,False
CAT-0718,Callos preparados de ternera Rogusa,Carnicería y Charcutería,1,True,False,False,False,False
CAT-0719,Oreja de cerdo cocida adobada Rogusa,Carnicería y Charcutería,1,True,False,False,False,False
CAT-0720,Mini cereales rellenos de leche,Desayuno y Snack,1,True,False,False,False,False
CAT-0721,Cereales rellenos de chocolate y avellana,Desayuno y Snack,1,True,False,False,False,False
CAT-0724,Copa crema de chocolate y nata,Lácteos y Huevos,1,True,False,False,False,False
CAT-0728,Yogur cremoso con frutos silvestres,Lácteos y Huevos,1,True,False,False,False,False
CAT-0731,Chocolate blanco,"Azúcar, caramelos y chocolate",1,True,False,False,False,False
CAT-0733,Carrillada de vacuno congelado,Carnicería y Charcutería,1,True,False,False,False,False
CAT-0735,Bífidus cremoso probióticos de lima limón 0% MG 0% azúcares añadidos,Lácteos y Huevos,1,True,False,False,False,False
CAT-0736,Bífidus desnatado probióticos natural 0% MG 0% azúcares añadidos,Lácteos y Huevos,1,True,False,False,False,False
CAT-0737,Crema catalana,Lácteos y Huevos,1,True,False,False,False,False
CAT-0738,Postre lácteo con fresa +Proteínas 0% MG 10 g proteínas,Lácteos y Huevos,1,True,False,False,False,False
CAT-0739,Yogur sabor fresa 0% MG 0% azúcares añadidos,Lácteos y Huevos,1,True,False,False,False,False
CAT-0742,Gel de baño Frutal piel normal,Cuidado personal e Higiene,1,True,False,False,False,False
CAT-0743,Mantequilla en porciones sin sal añadida,Lácteos y Huevos,1,True,False,False,False,False
CAT-0744,Arroz de pescado,Platos preparados,1,True,False,False,False,False
CAT-0745,"Natillas con chocolate +Proteínas 1,3 g MG 10 g proteínas",Lácteos y Huevos,1,True,False,False,False,False
CAT-0749,Galletas María sin gluten y sin lactosa,Desayuno y Snack,1,True,False,False,False,False
CAT-0750,Galletas canela,Desayuno y Snack,1,True,False,False,False,False
CAT-0751,Langostino cocido y pelado ultracongelado,Congelados,1,True,False,False,False,False
CAT-0752,Bífidus desnatado probióticos con nueces y cereales 0% MG,Lácteos y Huevos,1,True,False,False,False,False
CAT-0753,Tarta de queso,Lácteos y Huevos,1,True,False,False,False,False
CAT-0755,Yogur sabor limón 0% MG 0% azúcares añadidos,Lácteos y Huevos,1,True,False,False,False,False
CAT-0757,"Shot jengibre, manzana y limón",Bebidas,1,True,False,False,False,False
CAT-0770,Napolitana de crema 31%,Panadería y Pastelería,1,True,False,False,False,False
CAT-0771,Pasta de almendra,Panadería y Pastelería,1,True,False,False,False,False
CAT-0772,Piadina,Panadería y Pastelería,1,True,False,False,False,False
CAT-0773,Bebida láctea desnatada de fresa L-casei 0% MG 0% azúcares añadidos,Lácteos y Huevos,1,True,False,False,False,False
CAT-0775,Caña de lomo cebo ibérico Finura de Ibérico,Carnicería y Charcutería,1,True,False,False,False,False
CAT-0776,Salteado rústico ultracongelado,Congelados,1,True,False,False,False,False
CAT-0777,Bebida isotónica Iso On blue,Bebidas,1,True,False,False,False,False
CAT-0778,Surtido bombones Senzza de chocolate,"Azúcar, caramelos y chocolate",1,True,False,False,False,False
CAT-0779,Pollo Koreano con salsa,Carnicería y Charcutería,1,True,False,False,False,False
CAT-0780,Galletas María choco,Desayuno y Snack,1,True,False,False,False,False
CAT-0781,Paté de lomo de atún,Carnicería y Charcutería,1,True,False,False,False,False
CAT-1109,Vino tinto reserva Abadía Mantrús DO Ribera del Duero,Bebidas,1,True,False,False,False,False
CAT-1042,Brandy de Jerez solera reserva Convidado de Baco,Bebidas,1,True,False,False,False,False
CAT-1308,Zumo de piña selección,Bebidas,1,True,False,False,False,False
CAT-1341,Sándwich atún y huevo,Platos preparados,1,True,False,False,False,False
CAT-1157,Paté de salmón,Carnicería y Charcutería,1,True,False,False,False,False
CAT-1189,Sal lavavajillas en grano,Hogar,1,True,False,False,False,False
CAT-1199,Pisto de verduras ultracongelado,Congelados,1,True,False,False,False,False
CAT-1436,Dátiles en rama,Desayuno y Snack,1,True,False,False,False,False
CAT-1449,Tomate rallado,Frutas y Verduras,1,True,False,False,False,False
CAT-1514,Toallitas Dermo higiene corporal tamaño gigantes,Cuidado personal e Higiene,1,True,False,False,False,False
CAT-1529,Galletas saladas con semillas y orégano,Desayuno y Snack,1,True,False,False,False,False
CAT-2217,Insecticida antimosquitos eléctrico recambio líquido,Hogar,1,True,False,False,False,False
CAT-8704,Salchichas Cocidas De Pollo Y Pavo Con Queso Ahumadas Carrefour Classic Sin Gluten 200 G,Lácteos y Huevos,1,True,False,False,False,False
CAT-8710,Sandwich Integral Pavo Ensalada Bon Appetit Carrefour 130 G,Carnicería y Charcutería,1,True,False,False,False,False
CAT-8721,Pilas 10 Mas 10  Lr06 Aa Carrefour,Bazar y Varios,1,True,False,False,False,False
CAT-8845,Queso De Vaca Tierno Provolone Dulce Carrefour Extra Pieza De 150 G,Lácteos y Huevos,1,True,False,False,False,False
CAT-8903,Queso Emmental En Lonchas Carrefour Classic 200 G,Lácteos y Huevos,1,True,False,False,False,False
CAT-9162,Bombon Helado Con Nueces Pecanas De Texas Y Chocolate Blanco Con Caramelo Nuii 3 Ud,Desayuno y Snack,1,True,False,False,False,False
CAT-8529,Desodorante En Spray Invisible Soft Carrefour 200 Ml ,Cuidado personal e Higiene,1,True,False,False,False,False
CAT-8638,Desodorante En Spray Cream Care Soft Carrefour 200 Ml,Cuidado personal e Higiene,1,True,False,False,False,False
CAT-8756,Compresas Ultra Finas Con Alas Normal Plus Pure Soft Carrefour 14 Ud,Cuidado personal e Higiene,1,True,False,False,False,False
CAT-8509,Ambientador Spray Muguete Essential Carrefour 300 Ml,Hogar,1,True,False,False,False,False
CAT-8526,Comida Humeda En Salsa Con Buey Pollo Conejo Y Salmon Para Gato Adulto Purina Gourmet Perle 4X85 G,Despensa,1,True,False,False,False,False
CAT-8541,Pienso De Salmon Y Verduras Para Gatos Adultos Vitalive Carrefour Companino 4 Kg,Pescadería,1,True,False,False,False,False
CAT-8546,Papel Higienico Triple Rollo De 2 Capas Carrefour Essential 4 Rollos,Bazar y Varios,1,True,False,False,False,False
CAT-8569,Fideos Salteados Con Carne De Vacuno Y Cebolla Carrefour Sensation 300 G,Despensa,1,True,False,False,False,False
CAT-8575,Pienso De Buey Y Verduras Para Perro Adulto Vitalive Carrefour Companino 18 Kg,Mascotas,1,True,False,False,False,False
CAT-0572,Bacón cintas,Carnicería y Charcutería,1,True,False,False,False,False
CAT-0513,Dentífrico gel Blanqueador Xtrem,Cuidado personal e Higiene,1,True,False,False,False,False
CAT-0546,Café monodosis natural,Desayuno y Snack,1,True,False,False,False,False
CAT-0785,Laca de uñas alto brillo 134 topo,Cuidado personal e Higiene,1,True,False,False,False,False
CAT-1187,Insecticida moscas y mosquitos sin perfume,Hogar,1,True,False,False,False,False
CAT-1440,Aceite corporal de almendras 100% natural,Cuidado personal e Higiene,1,True,False,False,False,False
CAT-1442,Desodorante invisible antitranspirante,Cuidado personal e Higiene,1,True,False,False,False,False
CAT-1774,Helado de naranja,Congelados,1,True,False,False,False,False
CAT-1876,Desodorante roll-on Aloe antitranspirante,Cuidado personal e Higiene,1,True,False,False,False,False
CAT-2113,Flan de queso,Lácteos y Huevos,1,True,False,False,False,False
CAT-2312,Tabletas limpiadoras prótesis dentales Benfix y ortodoncias,Cuidado personal e Higiene,1,True,False,False,False,False
CAT-2502,Helado cucurucho de vainilla,Congelados,1,True,False,False,False,False
CAT-5962,Langostino Marfil 1624 Carrefour Extra 800 G,Pescadería,1,True,False,False,False,False
CAT-8675,Toallitas Para Bebe Milk My Carrefour Baby 72 Ud,Bebes,1,True,False,False,False,False
CAT-8860,Queso Azul Semicurado Carrefour Extra Cuna De 180 G,Lácteos y Huevos,1,True,False,False,False,False
CAT-8879,Queso Fresco 100 Cabra Carrefour Classic Pack De 4 Unidades De 625 G,Lácteos y Huevos,1,True,False,False,False,False
CAT-9017,Pilas Alcalinas Carrefour Itechaa Lr06 Paquete 12,Bazar y Varios,1,True,False,False,False,False
CAT-9045,Alubia Cocida Categoria Extra Classic Carrefour Sin Sal Anadida 400 G,Despensa,1,True,False,False,False,False
CAT-9051,Chorizo Extra En Taquitos Carrefour Sin Gluten 2X50 G,Carnicería y Charcutería,1,True,False,False,False,False
CAT-9103,Bacalao Desmigado Desalado Carrefour El Mercado 250 G,Pescadería,1,True,False,False,False,False
CAT-9145,Cola Carrefour Classic Zero Azucar Sin Cafeina Lata 33 Cl,Despensa,1,True,False,False,False,False
CAT-9184,Pipas Peladas Y Fritas Classic Carrefour 200 G,Desayuno y Snack,1,True,False,False,False,False
CAT-9266,Panuelo Mini Mentol Carrefour Soft Paquete 10 Ud,Sin categoría,1,True,False,False,False,False
CAT-9245,Napolitanas Rellenas De Chocolate Classic Carrefour 320 G,Panadería y Pastelería,1,True,False,False,False,False
CAT-9389,Alubias Rojas Cocidas Classic Carrefour 400 G,Despensa,1,True,False,False,False,False
CAT-8873,Compresas Ultrafinas Con Alas Super Carrefour 24 Ud,Cuidado personal e Higiene,1,True,False,False,False,False
CAT-9498,Pate De Higado De Cerdo Classic Carrefour 200 G,Carnicería y Charcutería,1,True,False,False,False,False
CAT-0845,Pizza Calzone con jamón cocido y queso,Congelados,1,True,False,False,False,False
CAT-9549,Salteado Verdura Campestres Carrefour 600 G,Sin categoría,1,True,False,False,False,False
CAT-0847,Galletas de cacao Caocream rellena de crema chocolate,Desayuno y Snack,1,True,False,False,False,False
CAT-0004,Aceite de oliva virgen extra Gran Selección,Despensa,1,True,False,False,False,False
CAT-0005,Bebida láctea Omega 3 Puleva con nueces y leche desnatada,Lácteos y Huevos,1,True,False,False,False,False
CAT-0010,Licor de hierbas Jägermeister,Bebidas,1,True,False,False,False,False
CAT-0013,Licor dulce Amaretto Del Patriarca,Bebidas,1,True,False,False,False,False
CAT-0017,Fruta + leche caribe Don Simón sin azúcares añadidos y zero materia grasa,Bebidas,1,True,False,False,False,False
CAT-0019,Aceite de oliva virgen extra Picual Casa Juncal,Despensa,1,True,False,False,False,False
CAT-0025,Clavo en grano,Despensa,1,True,False,False,False,False
CAT-0026,Sazonador Topping,Despensa,1,True,False,False,False,False
CAT-0029,Leche en polvo desnatada,Lácteos y Huevos,1,True,False,False,False,False
CAT-0031,Reducción bálsamica de vinagre Pedro Ximénez,Despensa,1,True,False,False,False,False
CAT-0034,Aceite de coco virgen,Despensa,1,True,False,False,False,False
CAT-0036,Mayonesa en sobres individuales,Despensa,1,True,False,False,False,False
CAT-0054,Café soluble classic en sobres,Desayuno y Snack,1,True,False,False,False,False
CAT-0055,Infusión Respir,Desayuno y Snack,1,True,False,False,False,False
CAT-0062,Escamas de sal marina natural Polasal,Despensa,1,True,False,False,False,False
CAT-0064,Allioli,Despensa,1,True,False,False,False,False
CAT-0066,Té Chai,Desayuno y Snack,1,True,False,False,False,False
CAT-0067,Lomo asado La Carloteña lonchas,Carnicería y Charcutería,1,True,False,False,False,False
CAT-0069,Spaghetti sin gluten Felicia,Despensa,1,True,False,False,False,False
CAT-0070,Spaghetti Armando,Despensa,1,True,False,False,False,False
CAT-0075,Salchichas cocidas de cerdo estilo parrillero,Carnicería y Charcutería,1,True,False,False,False,False
CAT-0077,Vela de cumpleaños,Bazar y Varios,1,True,False,False,False,False
CAT-0088,Sérum Anticaída Fortificante,Cuidado personal e Higiene,1,True,False,False,False,False
CAT-0090,"Leche corporal nutritiva Nivea con ácido hialurónico, aceite de almendras y sérum de nutrición profunda",Cuidado personal e Higiene,1,True,False,False,False,False
CAT-0095,Panes especiales sabor fuet,Desayuno y Snack,1,True,False,False,False,False
CAT-0525,Vino blanco albariño Ponte Tamuxe DO Rías Baixas,Bebidas,1,True,False,False,False,False
CAT-0841,Corta cutículas,Cuidado personal e Higiene,1,True,False,False,False,False
CAT-0842,Pintalabios Creamy 201 nude,Cuidado personal e Higiene,1,True,False,False,False,False
CAT-0848,Lima raspador durezas pies,Cuidado personal e Higiene,1,True,False,False,False,False
CAT-0851,Cono de golosinas celebración,"Azúcar, caramelos y chocolate",1,True,False,False,False,False
CAT-0852,Café en cápsula doble espresso,Desayuno y Snack,1,True,False,False,False,False
CAT-0853,Jamón de cebo ibérico cortado a máquina,Carnicería y Charcutería,1,True,False,False,False,False
CAT-0854,Crema de queso viejo tostado mezcla,Lácteos y Huevos,1,True,False,False,False,False
CAT-0855,Risotto de setas para microondas ultracongelado,Congelados,1,True,False,False,False,False
CAT-0857,Coloración permanente 0% amoníaco 7.1 rubio medio ceniza Colorcor,Cuidado personal e Higiene,1,True,False,False,False,False
CAT-0869,Galletas Crunchy Choc,Desayuno y Snack,1,True,False,False,False,False
CAT-0870,Surtido de galletas y barquillos,Desayuno y Snack,1,True,False,False,False,False
CAT-0871,Queso grana padano en escamas,Lácteos y Huevos,1,True,False,False,False,False
CAT-0875,Laca de uñas manicura francesa 06 blanco milky,Cuidado personal e Higiene,1,True,False,False,False,False
CAT-0876,Aceite árbol del té 100% puro con pipeta dosificadora,Cuidado personal e Higiene,1,True,False,False,False,False
CAT-0878,Bolsas de basura mini 5L cubo pequeño,Hogar,1,True,False,False,False,False
CAT-0879,Sepia limpia,Pescadería,1,True,False,False,False,False
CAT-0880,Calamar pequeño limpio patagónico,Pescadería,1,True,False,False,False,False
CAT-0881,Postre de coco Natural Alpro sin azúcares añadidos,Lácteos y Huevos,1,True,False,False,False,False
CAT-0882,Refresco cola,Bebidas,1,True,False,False,False,False
CAT-0884,Miel de naranjo,Desayuno y Snack,1,True,False,False,False,False
CAT-0885,Chorizo sarta dulce extra de León,Carnicería y Charcutería,1,True,False,False,False,False
CAT-0886,Mascarilla Natural todo tipo de cabello,Cuidado personal e Higiene,1,True,False,False,False,False
CAT-0888,Surtido de pastas artesanas,Desayuno y Snack,1,True,False,False,False,False
CAT-0889,Gel de baño avena piel sensible,Cuidado personal e Higiene,1,True,False,False,False,False
CAT-0891,Eau de parfum mujer Cosmic Shine,Cuidado personal e Higiene,1,True,False,False,False,False
CAT-0893,Plato llano biodegradable,Hogar,1,True,False,False,False,False
CAT-0894,Pintalabios Fluido Mate 08 rosa palo,Cuidado personal e Higiene,1,True,False,False,False,False
CAT-0895,Boquerones al vinagre en aceite de girasol,Pescadería,1,True,False,False,False,False
CAT-2014,Habas baby ultracongelada,Congelados,1,True,False,False,False,False
CAT-2031,Vino blanco verdejo frizzante DulZ.Ze,Bebidas,1,True,False,False,False,False
CAT-2164,Mix de setas intenso,Frutas y Verduras,1,True,False,False,False,False
CAT-2823,Chorizo oreado,Carnicería y Charcutería,1,True,False,False,False,False
CAT-2865,Galletas mini Oreo,Desayuno y Snack,1,True,False,False,False,False
CAT-2629,Caña de hojaldre rellena de crema sabor vainilla con cobertura de cacao,Panadería y Pastelería,1,True,False,False,False,False
CAT-2635,Pollo adobado y verduras,Carnicería y Charcutería,1,True,False,False,False,False
CAT-2643,Mantequilla light,Lácteos y Huevos,1,True,False,False,False,False
CAT-2663,Café en cápsula largo Tassimo,Desayuno y Snack,1,True,False,False,False,False
CAT-2905,Arroz cocido integral Sabroz,Despensa,1,True,False,False,False,False
CAT-2935,Tabla de quesos nacionales,Lácteos y Huevos,1,True,False,False,False,False
CAT-2949,Piruleta Pascua de chocolate,"Azúcar, caramelos y chocolate",1,True,False,False,False,False
CAT-2953,Suavizante ropa Floral concentrado,Hogar,1,True,False,False,False,False
CAT-9602,Cintas Correctoras Carrefour 3X5M,Sin categoría,1,True,False,False,False,False
CAT-9647,Pizza De Pollo Carrefour 335 G,Congelados,1,True,False,False,False,False
CAT-9661,Laca Fijacion Normal De Larga Duracion Carrefour 300 Ml,Sin categoría,1,True,False,False,False,False
CAT-9695,Bebida De Fruta Pina Sabor Coco Carrefour Classic Sin Azucar Anadido Brik 1 L ,Despensa,1,True,False,False,False,False
CAT-9742,Papel De Cocina Ultra Absorbente Xxl Carrefour Essential 2 Rollos,Bazar y Varios,1,True,False,False,False,False
CAT-9885,Palomitas Sabor Mantequilla Carrefour Kids Sin Gluten 80 G,Lácteos y Huevos,1,True,False,False,False,False
CAT-9954,Mini Berlinas De Azucar Carrefour 5 Ud,Despensa,1,True,False,False,False,False
CAT-9913,Gel Fijador Efecto Mojado Carrefour 250 Ml,Cuidado personal e Higiene,1,True,False,False,False,False
CAT-0081,Salsa fresca Trufa,Despensa,1,True,False,False,False,False
CAT-0082,Pañales bebé talla 1 de 2-5 kg Dodot,Bebes,1,True,False,False,False,False
CAT-0507,Churros ultracongelados,Congelados,1,True,False,False,False,False
CAT-0519,Tiramisú,Lácteos y Huevos,1,True,False,False,False,False
CAT-0464,Pan de molde espelta 100% integral natural,Panadería y Pastelería,1,True,False,False,False,False
CAT-0473,Cerveza tostada Turia,Bebidas,1,True,False,False,False,False
CAT-3694,Sombra de ojos Long Lasting Multi-Stick 02 rose,Cuidado personal e Higiene,1,True,False,False,False,False
CAT-0030,Masa filo,Despensa,1,True,False,False,False,False
CAT-0038,Ketchup en sobres individuales,Despensa,1,True,False,False,False,False
CAT-0039,Mostaza de Dijon,Despensa,1,True,False,False,False,False
CAT-0044,Sal fina de mesa,Despensa,1,True,False,False,False,False
CAT-0051,Cayena guindillas,Despensa,1,True,False,False,False,False
CAT-0057,Bebida láctea semidesnatada con fibra,Lácteos y Huevos,1,True,False,False,False,False
CAT-0063,Sal gruesa para hornear,Despensa,1,True,False,False,False,False
CAT-0071,Postre lácteo Carrot Cake con zanahoria,Lácteos y Huevos,1,True,False,False,False,False
CAT-0073,Vino tinto tempranillo Cepas Viejas Señorío de los Llanos DO Valdepeñas,Bebidas,1,True,False,False,False,False
CAT-0076,Recambio ambientador eléctrico Matcha,Hogar,1,True,False,False,False,False
CAT-0078,Carne de cerdo Pulled Pork sabor barbacoa,Platos preparados,1,True,False,False,False,False
CAT-0079,Sal de ajo,Despensa,1,True,False,False,False,False
CAT-0080,Sal de frutas sabor limón,Despensa,1,True,False,False,False,False
CAT-1112,Patatas fritas paja,Desayuno y Snack,1,True,False,False,False,False
CAT-1428,Desodorante roll-on Sensitive Byly,Cuidado personal e Higiene,1,True,False,False,False,False
CAT-1443,Desodorante seda antitranspirante,Cuidado personal e Higiene,1,True,False,False,False,False
CAT-2347,Filetes de sardina marinada en aceite de oliva virgen extra,Pescadería,1,True,False,False,False,False
CAT-2430,Sobaos,Panadería y Pastelería,1,True,False,False,False,False
CAT-3010,Langostino crudo y pelado ultracongelado,Congelados,1,True,False,False,False,False
CAT-2874,Refresco té sabor melocotón,Bebidas,1,True,False,False,False,False
CAT-3101,Lomo de cerdo cocido finas lonchas,Carnicería y Charcutería,1,True,False,False,False,False
CAT-2964,Crema al cacao con avellanas de 2 sabores,"Azúcar, caramelos y chocolate",1,True,False,False,False,False
CAT-3514,Yuca,Frutas y Verduras,1,True,False,False,False,False
CAT-3520,Cebollino,Frutas y Verduras,1,True,False,False,False,False
CAT-3749,Alubias a la jardinera,Platos preparados,1,True,False,False,False,False
CAT-3581,Vela perfumada Latte,Hogar,1,True,False,False,False,False
CAT-3587,Friegasuelos Tropical líquido,Hogar,1,True,False,False,False,False
CAT-3812,Estropajo baño,Hogar,1,True,False,False,False,False
CAT-3828,Lavavajillas en gel,Hogar,1,True,False,False,False,False
CAT-3837,Velote rojo Roura,Hogar,1,True,False,False,False,False
CAT-3843,Maquillaje fluido Long Lasting mate 300 almendra,Cuidado personal e Higiene,1,True,False,False,False,False
CAT-3658,Aceite labial Jelly Lip Oil 02 chocolate,Cuidado personal e Higiene,1,True,False,False,False,False
CAT-3666,Corvina a filetes,Pescadería,1,True,False,False,False,False
CAT-3671,Preparado en polvo natillas,Despensa,1,True,False,False,False,False
CAT-3677,Pintalabios mate 12h Lasting Lips 06 malva,Cuidado personal e Higiene,1,True,False,False,False,False
CAT-3683,Perfilador de ojos Waterproof 106 marrón,Cuidado personal e Higiene,1,True,False,False,False,False
CAT-3688,Máscara de pestañas Long Xtrem efecto longitud infinita negro,Cuidado personal e Higiene,1,True,False,False,False,False
CAT-3700,Dorada abierta a la espalda con espinas y con cabeza,Pescadería,1,True,False,False,False,False
CAT-3917,Napolitana mixta,Panadería y Pastelería,1,True,False,False,False,False
CAT-3924,Rosegones pasta de almendras,Panadería y Pastelería,1,True,False,False,False,False
CAT-3849,Polvo compacto perfeccionador efecto seda 300 cappuccino,Cuidado personal e Higiene,1,True,False,False,False,False
CAT-4110,Tarrito De Verduritas Con Pollo Y Ternera Desde 6 Meses Hero Baby Sin Gluten 235 G,Carnicería y Charcutería,1,True,False,False,False,False
CAT-6762,Pastillas Limpiadoras Multiusos Carrefour Expert 40 Ud,Hogar,1,True,False,False,False,False
CAT-4093,Cepillo De Dientes Duro Soft Carrefour 4 Ud,Cuidado personal e Higiene,1,True,False,False,False,False
CAT-0373,Ginebra London Dry Gin Glivery,Bebidas,1,True,False,False,False,False
CAT-0001,Helado nata,Congelados,1,True,False,False,False,False
CAT-0086,Wok de verduras ultracongelado,Congelados,1,True,False,False,False,False
CAT-0087,Crema de lentejas,Conservas y Enlatados,1,True,False,False,False,False
CAT-0089,Champú Anticaída Fortificante,Cuidado personal e Higiene,1,True,False,False,False,False
CAT-0091,Sérum facial aceite Licopeno Anti Ox ilumina y unifica,Cuidado personal e Higiene,1,True,False,False,False,False
CAT-0092,Preservativos natural On,Cuidado personal e Higiene,1,True,False,False,False,False
CAT-0093,Sombra de ojos Long Lasting Multi-Stick 01 iluminador,Cuidado personal e Higiene,1,True,False,False,False,False
CAT-0094,Preparado en polvo instantáneo para crepes,Despensa,1,True,False,False,False,False
CAT-0096,Topping de chocolate avellana,Bazar y Varios,1,True,False,False,False,False
CAT-0097,Tinto de verano Casón Histórico,Bebidas,1,True,False,False,False,False
CAT-0098,Cacao en polvo a la taza,Desayuno y Snack,1,True,False,False,False,False
CAT-0099,Preservativos sensitive On,Cuidado personal e Higiene,1,True,False,False,False,False
CAT-0100,Sal 60% menos de sodio,Despensa,1,True,False,False,False,False
CAT-0307,Cucharas de plástico reutilizables,Hogar,1,True,False,False,False,False
CAT-0308,Bacalao ahumado en aceite de girasol,Pescadería,1,True,False,False,False,False
CAT-0309,"Comida gato adulto Supreme con pollo, frutas y verduras",Mascotas,1,True,False,False,False,False
CAT-0310,Pizza carbonara familiar,Congelados,1,True,False,False,False,False
CAT-0312,Ambientador varitas Frambuesa,Hogar,1,True,False,False,False,False
CAT-0316,Sazonador pollo y carne,Despensa,1,True,False,False,False,False
CAT-0317,Aceitunas verdes rellenas de pimiento asado,Despensa,1,True,False,False,False,False
CAT-0318,Orejones albaricoque,Desayuno y Snack,1,True,False,False,False,False
CAT-0319,Garfitos de maíz sabor queso,Desayuno y Snack,1,True,False,False,False,False
CAT-0320,Chicles original sabor frutas gragea,"Azúcar, caramelos y chocolate",1,True,False,False,False,False
CAT-0325,Dentífrico Pro-Expert Oral-B sabor menta especiada,Cuidado personal e Higiene,1,True,False,False,False,False
CAT-0326,Cápsulas LaxForte,Cuidado personal e Higiene,1,True,False,False,False,False
CAT-0327,Cápsulas Cola de caballo,Cuidado personal e Higiene,1,True,False,False,False,False
CAT-0328,Bebida de coco y arroz sin azúcares añadidos,Lácteos y Huevos,1,True,False,False,False,False
CAT-0331,Postre de soja sabor lima limón Alpro,Lácteos y Huevos,1,True,False,False,False,False
CAT-0334,Mezcla de especias para gazpacho manchego,Despensa,1,True,False,False,False,False
CAT-0338,Galletas María Integral,Desayuno y Snack,1,True,False,False,False,False
CAT-0339,Jamón cocido sándwich lonchas,Carnicería y Charcutería,1,True,False,False,False,False
CAT-0341,Caldo de carne con sofrito,Conservas y Enlatados,1,True,False,False,False,False
CAT-0342,Gel fijador cabello con aceite de oliva Eco style,Cuidado personal e Higiene,1,True,False,False,False,False
CAT-0343,Crema corporal Esferas Vit. E&A,Cuidado personal e Higiene,1,True,False,False,False,False
CAT-0345,Cera Multisuperficies,Hogar,1,True,False,False,False,False
CAT-0346,Abrillantador suelos,Hogar,1,True,False,False,False,False
CAT-0347,Masa fresca pizza,Congelados,1,True,False,False,False,False
CAT-0348,Yogur sabores 0% MG 0% azúcares añadidos,Lácteos y Huevos,1,True,False,False,False,False
CAT-0349,Chicles XXL gragea,"Azúcar, caramelos y chocolate",1,True,False,False,False,False
CAT-0350,Bebida cider con gas Spieler sabor a manzana,Bebidas,1,True,False,False,False,False
CAT-0352,Salsa Original Ligeresa,Despensa,1,True,False,False,False,False
CAT-0353,Salsa Light,Despensa,1,True,False,False,False,False
CAT-0354,Chocolate con leche Fussion relleno de galleta caramelizada,"Azúcar, caramelos y chocolate",1,True,False,False,False,False
CAT-0355,Chocolate con leche classic extrafino,"Azúcar, caramelos y chocolate",1,True,False,False,False,False
CAT-0356,Chocolate blanco Fussion relleno de crema de avellana y masa filo tostada,"Azúcar, caramelos y chocolate",1,True,False,False,False,False
CAT-0374,Papilla verduritas con pollo Hero Solo buenas noches +6 meses,Bebes,1,True,False,False,False,False
CAT-0378,Suavizante ropa Spa concentrado,Hogar,1,True,False,False,False,False
CAT-0379,Ambientador spray Essence,Hogar,1,True,False,False,False,False
CAT-0380,Trozos en gelatina gato adulto esterilizado Delikuit con buey,Mascotas,1,True,False,False,False,False
CAT-0381,Trozos en gelatina perro adulto Delikuit con pollo,Mascotas,1,True,False,False,False,False
CAT-4109,Toallitas Humedas Higienicas Infantiles Carrefour Soft 100 Ud,Sin categoría,1,True,False,False,False,False
CAT-4184,Supremas De Aguinaga Carrefour 250 G,Sin categoría,1,True,False,False,False,False
CAT-4163,Salmorejo Carrefour Classic 1 L,Conservas y Enlatados,1,True,False,False,False,False
CAT-4165,Leche Semidesnatada Carrefour Pack De 6 Briks De 200 Ml,Lácteos y Huevos,1,True,False,False,False,False
CAT-4166,Leche Entera Carrefour Pack De 6 Briks De 200 Ml,Lácteos y Huevos,1,True,False,False,False,False
CAT-4176,Bayeta Spontex N3,Hogar,1,True,False,False,False,False
CAT-4177,Duo  Estropajos Con Esponja Spontex Frotaspon ,Hogar,1,True,False,False,False,False
CAT-4174,Costilla De Cerdo Semicarnuda Carrefour 700 G Aprox,Carnicería y Charcutería,1,True,False,False,False,False
CAT-4447,Pate De Jamon Classic Carrefour Sin Gluten Y Sin Lactosa 160 G,Carnicería y Charcutería,1,True,False,False,False,False
CAT-4465,Picos Camperos Con Aceite De Oliva Virgen Extra Classic Carrefour 250 G,Despensa,1,True,False,False,False,False
CAT-4502,Jamon Cocido Extra En Finas Lonchas Carrefour El Mercado Sin Gluten 200 G,Carnicería y Charcutería,1,True,False,False,False,False
CAT-4508,Pechuga De Pollo Cocida En Finas Lonchas Carrefour El Mercado Sin Gluten 200 G,Carnicería y Charcutería,1,True,False,False,False,False
CAT-4638,Salmon Noruego Ahumado Reducido En Sal Carrefour Extra 100 G ,Pescadería,1,True,False,False,False,False
CAT-4724,Jamon Serrano Bodega En Lonchas Carrefour El Mercado 500 G Aprox,Carnicería y Charcutería,1,True,False,False,False,False
CAT-4954,Aceitunas Rellenas De Anchoas Del Cantabrico Extra Carrefour 150 G,Conservas y Enlatados,1,True,False,False,False,False
CAT-4200,Escalopines Vegetal Carrefour Sensation 270 G,Sin categoría,1,True,False,False,False,False
CAT-0116,Detergente ropa Frescura líquido,Hogar,1,True,False,False,False,False
CAT-0117,Suavizante ropa Violets concentrado,Hogar,1,True,False,False,False,False
CAT-0120,Salsa fresca Queso,Despensa,1,True,False,False,False,False
CAT-0121,Salsa fresca Pesto con albahaca,Despensa,1,True,False,False,False,False
CAT-0122,Agua mineral grande Bronchales,Bebidas,1,True,False,False,False,False
CAT-0166,Golosinas llaves super ácidas,"Azúcar, caramelos y chocolate",1,True,False,False,False,False
CAT-0126,Polvos voluminizador para el cabello Volum Fix mate fijación,Cuidado personal e Higiene,1,True,False,False,False,False
CAT-4199,Fingers Vegetal Sabor Mozzarella Sensation Carrefour 275 G,Lácteos y Huevos,1,True,False,False,False,False
CAT-0167,Rabo de cerdo,Carnicería y Charcutería,1,True,False,False,False,False
CAT-0188,Kit de viaje higiene dental 3 Action,Cuidado personal e Higiene,1,True,False,False,False,False
CAT-0359,Café soluble Espresso Creme,Desayuno y Snack,1,True,False,False,False,False
CAT-0101,Preparado para ahumar,Despensa,1,True,False,False,False,False
CAT-0105,Café molido natural Cafés Valiente,Desayuno y Snack,1,True,False,False,False,False
CAT-0106,Empanados de pollo picantes sin gluten,Carnicería y Charcutería,1,True,False,False,False,False
CAT-0107,Queso curado mezcla afrutado cortado en cuñitas,Lácteos y Huevos,1,True,False,False,False,False
CAT-0108,Toallitas íntimas monodosis,Cuidado personal e Higiene,1,True,False,False,False,False
CAT-0109,Molde de papel para freidora de aire 20 cm,Hogar,1,True,False,False,False,False
CAT-0111,Sombra de ojos Long Lasting Multi-Stick 06 bronce,Cuidado personal e Higiene,1,True,False,False,False,False
CAT-0112,Sombra de ojos Long Lasting Multi-Stick 07 cobre,Cuidado personal e Higiene,1,True,False,False,False,False
CAT-0113,Sombra de ojos Long Lasting Multi-Stick 08 chocolate,Cuidado personal e Higiene,1,True,False,False,False,False
CAT-0114,Patatas bravas con allioli y salsa picante,Platos preparados,1,True,False,False,False,False
CAT-0127,Crema facial Antiarrugas y Reafirmante Men care ácido hialurónico y matrixyl,Cuidado personal e Higiene,1,True,False,False,False,False
CAT-0128,Desodorante roll-on Invisible antitranspirante,Cuidado personal e Higiene,1,True,False,False,False,False
CAT-0129,Desodorante roll-on Invisible men antitranspirante,Cuidado personal e Higiene,1,True,False,False,False,False
CAT-0130,Bolsas de basura grande perfumadas 50L cubo grande,Hogar,1,True,False,False,False,False
CAT-0131,Mojama de atún extra lonchas,Pescadería,1,True,False,False,False,False
CAT-0132,Snack nuggets perro adulto 80% pollo,Mascotas,1,True,False,False,False,False
CAT-0133,Pasta tiburón Mac & Cheese con salsa de queso,Platos preparados,1,True,False,False,False,False
CAT-0134,Fruta + leche piña y coco sin azúcares añadidos,Bebidas,1,True,False,False,False,False
CAT-0135,Chicles fresa gragea,"Azúcar, caramelos y chocolate",1,True,False,False,False,False
CAT-0136,Vino blanco Chardonnay Mar de Uvas,Bebidas,1,True,False,False,False,False
CAT-0137,Desodorante roll-on Avena antitranspirante,Cuidado personal e Higiene,1,True,False,False,False,False
CAT-0141,Chorizo Pamplona extra lonchas,Carnicería y Charcutería,1,True,False,False,False,False
CAT-0144,Cacao en polvo a la taza Valor,Desayuno y Snack,1,True,False,False,False,False
CAT-0145,Salchichón extra lonchas,Carnicería y Charcutería,1,True,False,False,False,False
CAT-0147,Algodón hidrófilo 100% zig-zag hipoalergénico,Cuidado personal e Higiene,1,True,False,False,False,False
CAT-0148,Carbón vegetal,Hogar,1,True,False,False,False,False
CAT-0149,Paleta sombras de ojos 07 marrones,Cuidado personal e Higiene,1,True,False,False,False,False
CAT-0154,Lomo de pavo lonchas,Carnicería y Charcutería,1,True,False,False,False,False
CAT-0155,Sobrasada picante L'Illa especialidades,Carnicería y Charcutería,1,True,False,False,False,False
CAT-0156,Lavavajillas Todo en 1 Fairy en pastillas,Hogar,1,True,False,False,False,False
CAT-0158,Salsa de Trufa,Despensa,1,True,False,False,False,False
CAT-0160,Bebida energética Furious Energy drink,Bebidas,1,True,False,False,False,False
CAT-0161,Refresco Coca-Cola,Bebidas,1,True,False,False,False,False
CAT-0163,Refresco Coca-Cola Zero Zero,Bebidas,1,True,False,False,False,False
CAT-0165,"Golosinas Rega Pica Mix sabor fresa, frambuesa, manzana y cola ácida","Azúcar, caramelos y chocolate",1,True,False,False,False,False
CAT-0168,Solomillos de pollo,Carnicería y Charcutería,1,True,False,False,False,False
CAT-0169,Pechugas enteras familiar de pollo,Carnicería y Charcutería,1,True,False,False,False,False
CAT-0172,Tacos de vacuno marinado para guisar,Carnicería y Charcutería,1,True,False,False,False,False
CAT-0173,Sobrasada con miel L'Illa especialidades,Carnicería y Charcutería,1,True,False,False,False,False
CAT-0174,Arroz con verduras para microondas ultracongelado,Congelados,1,True,False,False,False,False
CAT-0175,Cuchillas para perfilar cejas y vello facial,Cuidado personal e Higiene,1,True,False,False,False,False
CAT-0176,"Bebida láctea desnatada sabor fresa y plátano +Proteínas 0% MG 0% azúcares añadidos 17,4 g proteínas",Lácteos y Huevos,1,True,False,False,False,False
CAT-0181,Refresco té sabor mango y piña,Bebidas,1,True,False,False,False,False
CAT-0182,Tacos de pavo,Carnicería y Charcutería,1,True,False,False,False,False
CAT-0184,Arroz marinera ultracongelado,Congelados,1,True,False,False,False,False
CAT-0185,Helado Duo Brownie de crema sabor vainilla y cacao,Congelados,1,True,False,False,False,False
CAT-0187,Gel de baño tiernos recuerdos piel normal,Cuidado personal e Higiene,1,True,False,False,False,False
CAT-0550,"Comida perro adulto con pollo, ternera, frutas y verduras",Mascotas,1,True,False,False,False,False
CAT-0302,Infusión Rooibos cítricos,Desayuno y Snack,1,True,False,False,False,False
CAT-0303,Rosquillas de chocolate con leche y coco,Desayuno y Snack,1,True,False,False,False,False
CAT-0304,Relleno para kebab con carne de pollo asado ultracongelado,Congelados,1,True,False,False,False,False
CAT-0313,Pollo asado,Platos preparados,1,True,False,False,False,False
CAT-0314,Roti de pollo relleno de jamón y queso,Platos preparados,1,True,False,False,False,False
CAT-0322,Galletas Roditas bañadas con chocolate blanco,Desayuno y Snack,1,True,False,False,False,False
CAT-0323,Alcachofa troceada ultracongelada,Congelados,1,True,False,False,False,False
CAT-0324,Maquinilla de afeitar recargable Precision System 6 hojas,Cuidado personal e Higiene,1,True,False,False,False,False
CAT-0360,Café con leche cappuccino,Desayuno y Snack,1,True,False,False,False,False
CAT-0363,Infusión Manzanilla sabor a miel,Desayuno y Snack,1,True,False,False,False,False
CAT-0364,Galletas mini cookies,Desayuno y Snack,1,True,False,False,False,False
CAT-0367,Jamón de cebo ibérico 50% raza ibérica La Hacienda del Ibérico,Carnicería y Charcutería,1,True,False,False,False,False
CAT-0376,Exfoliante corporal marino Sal Mar Muerto,Cuidado personal e Higiene,1,True,False,False,False,False
CAT-0377,Horchata de chufa sin azúcares añadidos,Lácteos y Huevos,1,True,False,False,False,False
CAT-0382,Pizza margarita,Congelados,1,True,False,False,False,False
CAT-0383,Pizza pollo y bacón,Congelados,1,True,False,False,False,False
CAT-4201,Fingers Vegetal Sabor Pollo Carrefour Sensation 275 G,Congelados,1,True,False,False,False,False
CAT-4202,Nuggets Vegetal Carrefour Sensation 275 G,Congelados,1,True,False,False,False,False
CAT-4210,Bol Multiusos De Vidrio Opal Simpl 16 Cm,Sin categoría,1,True,False,False,False,False
CAT-4207,Bebida De Arroz Ecologica Carrefour Bio Brik 1 L,Despensa,1,True,False,False,False,False
CAT-4206,Pepitos Con Crema De Cacao Carrefour Envase 4 Ud,Desayuno y Snack,1,True,False,False,False,False
CAT-4783,Zumo Tropical Carrefour Pack De 6 Briks De 20 Cl,Bebidas,1,True,False,False,False,False
CAT-0203,"Cerveza 0,0% sin alcohol tostada Falke",Bebidas,1,True,False,False,False,False
CAT-0281,Filetes de caballa del sur en tomate,Conservas y Enlatados,1,True,False,False,False,False
CAT-0243,Jalapeños picantes en vinagre,Despensa,1,True,False,False,False,False
CAT-0189,Eau de toilette hombre Capítulo Amaderado,Cuidado personal e Higiene,1,True,False,False,False,False
CAT-0190,Lote infantil Disney Stitch,Cuidado personal e Higiene,1,True,False,False,False,False
CAT-0191,Tiras adhesivas protectoras de poliuretano Aqua surtidas resistentes al agua,Cuidado personal e Higiene,1,True,False,False,False,False
CAT-0192,Trampa con cebo contra hormigas,Hogar,1,True,False,False,False,False
CAT-0193,Colorete fluido Blush mate 02 coral,Cuidado personal e Higiene,1,True,False,False,False,False
CAT-0194,Colorete fluido Blush mate 01 rosa amarronado,Cuidado personal e Higiene,1,True,False,False,False,False
CAT-0195,Bizcocho de cacao,Panadería y Pastelería,1,True,False,False,False,False
CAT-0196,Focaccia con tomates cherry,Congelados,1,True,False,False,False,False
CAT-0198,Tequila reposado Olmeca,Bebidas,1,True,False,False,False,False
CAT-0200,Azafrán molido,Despensa,1,True,False,False,False,False
CAT-0201,Golosinas tubos rellenos sabor nata y fresa,"Azúcar, caramelos y chocolate",1,True,False,False,False,False
CAT-0204,Dentífrico Encías Protect,Cuidado personal e Higiene,1,True,False,False,False,False
CAT-0205,Recambio ambientador eléctrico Coconut Cream,Hogar,1,True,False,False,False,False
CAT-0207,Colorete compacto Blush Satin 04 multicolor coral,Cuidado personal e Higiene,1,True,False,False,False,False
CAT-0208,Pintalabios mate 12h Lasting Lips 01 rosa nude,Cuidado personal e Higiene,1,True,False,False,False,False
CAT-0209,Pintalabios mate 12h Lasting Lips 02 beige nude,Cuidado personal e Higiene,1,True,False,False,False,False
CAT-0210,Paté gato adulto Delikuit con ternera,Mascotas,1,True,False,False,False,False
CAT-0211,Paté perro adulto Delikuit con pollo,Mascotas,1,True,False,False,False,False
CAT-0212,Susos relleno de crema,Panadería y Pastelería,1,True,False,False,False,False
CAT-0213,Smoothie mango y coco,Bebidas,1,True,False,False,False,False
CAT-0222,Desodorante en crema piel delicada antitranspirante,Cuidado personal e Higiene,1,True,False,False,False,False
CAT-0223,Eau de parfum mujer Como Tú Santal,Cuidado personal e Higiene,1,True,False,False,False,False
CAT-0224,Ambientador spray Red Elixir,Hogar,1,True,False,False,False,False
CAT-0225,Polvo compacto perfeccionador efecto seda 100 beige claro,Cuidado personal e Higiene,1,True,False,False,False,False
CAT-0226,Polvo compacto perfeccionador efecto seda 200 beige rosado,Cuidado personal e Higiene,1,True,False,False,False,False
CAT-0227,Polvo compacto perfeccionador efecto seda 210 almendra,Cuidado personal e Higiene,1,True,False,False,False,False
CAT-0228,Pintalabios mate 12h Lasting Lips 03 medio marrón,Cuidado personal e Higiene,1,True,False,False,False,False
CAT-0229,Pintalabios mate 12h Lasting Lips 04 rosa medio,Cuidado personal e Higiene,1,True,False,False,False,False
CAT-0230,Sémola de trigo,Despensa,1,True,False,False,False,False
CAT-0232,Gel corporal infantil,Bebes,1,True,False,False,False,False
CAT-0233,Sopa hortelana,Conservas y Enlatados,1,True,False,False,False,False
CAT-0234,Barritas de cereales con galleta animada,Desayuno y Snack,1,True,False,False,False,False
CAT-0240,Cayena molida,Despensa,1,True,False,False,False,False
CAT-0244,Maíz frito crujiente y tierno,Desayuno y Snack,1,True,False,False,False,False
CAT-0245,Almendra frita y salada pelada,Desayuno y Snack,1,True,False,False,False,False
CAT-0247,Semillas lino dorado,Desayuno y Snack,1,True,False,False,False,False
CAT-0248,Cerveza Pils Krombacher,Bebidas,1,True,False,False,False,False
CAT-0249,Cerveza doble malta 1897,Bebidas,1,True,False,False,False,False
CAT-0251,Gel de baño granada y frutos silvestres piel normal,Cuidado personal e Higiene,1,True,False,False,False,False
CAT-0252,Ensalada de pasta Listo para Comer,Frutas y Verduras,1,True,False,False,False,False
CAT-0253,Ambientador Talco armarios y cajones,Hogar,1,True,False,False,False,False
CAT-0254,Pollo teriyaki,Platos preparados,1,True,False,False,False,False
CAT-0256,Ñoras,Despensa,1,True,False,False,False,False
CAT-0257,Mermelada de fresa monodosis,Desayuno y Snack,1,True,False,False,False,False
CAT-0258,Pañales bebé talla 6 de 17-28 kg,Bebes,1,True,False,False,False,False
CAT-0260,Galletas María dorada 0% azúcares añadidos,Desayuno y Snack,1,True,False,False,False,False
CAT-0261,Tequeños de queso ultracongelados,Congelados,1,True,False,False,False,False
CAT-0262,Salteado de pollo ultracongelado,Congelados,1,True,False,False,False,False
CAT-0266,Alicate uñas,Cuidado personal e Higiene,1,True,False,False,False,False
CAT-0267,Eau de toilette hombre Gesto,Cuidado personal e Higiene,1,True,False,False,False,False
CAT-0268,Estropajo jabonoso,Hogar,1,True,False,False,False,False
CAT-0269,Rizador de pestañas,Cuidado personal e Higiene,1,True,False,False,False,False
CAT-0270,Huesos de cuero con pollo y zanahoria perro adulto,Mascotas,1,True,False,False,False,False
CAT-0272,Picos sin gluten,Desayuno y Snack,1,True,False,False,False,False
CAT-0274,Eau de parfum mujer My Soul Supreme,Cuidado personal e Higiene,1,True,False,False,False,False
CAT-0276,Sazonador para fajitas sabor tex-mex,Despensa,1,True,False,False,False,False
CAT-0278,Galletas Diverkao,Desayuno y Snack,1,True,False,False,False,False
CAT-0282,Maquinillas depilación desechables Body 2 hojas,Cuidado personal e Higiene,1,True,False,False,False,False
CAT-0283,Maquinillas depilación Body 3 hojas,Cuidado personal e Higiene,1,True,False,False,False,False
CAT-0284,Eau de parfum hombre Borealia Shine,Cuidado personal e Higiene,1,True,False,False,False,False
CAT-0286,Ensalada mezcla 4 estaciones lavada,Frutas y Verduras,1,True,False,False,False,False
CAT-0287,Lechugas corazón romana,Frutas y Verduras,1,True,False,False,False,False
CAT-0291,Lavavajillas Aloe concentrado,Hogar,1,True,False,False,False,False
CAT-0292,Limpiacristales con mango,Hogar,1,True,False,False,False,False
CAT-0293,Alimento completo para ninfa y agaporni Granzoo,Mascotas,1,True,False,False,False,False
CAT-0294,Picos saladitos,Desayuno y Snack,1,True,False,False,False,False
CAT-0295,Sazonador ajo y limón para carne y pescado,Despensa,1,True,False,False,False,False
CAT-0296,Sazonador hierbas provenzales para pollo y costillas,Despensa,1,True,False,False,False,False
CAT-0297,Sazonador barbacoa para pollo y costillas,Despensa,1,True,False,False,False,False
CAT-0298,Bebida energética Zero Katrine Energy drink,Bebidas,1,True,False,False,False,False
CAT-0299,Pasas moscatel sin semillas,Desayuno y Snack,1,True,False,False,False,False
CAT-0300,Piña deshidratada,Desayuno y Snack,1,True,False,False,False,False
CAT-0501,Salsa Yogur,Despensa,1,True,False,False,False,False
CAT-0396,Dúo frutas fresa y plátano congeladas,Congelados,1,True,False,False,False,False
CAT-0604,Avena molida,Desayuno y Snack,1,True,False,False,False,False
CAT-0612,Pasta fusilli sin gluten Felicia,Despensa,1,True,False,False,False,False
CAT-0617,Galantina con pistacho y trufa finas lonchas,Carnicería y Charcutería,1,True,False,False,False,False
CAT-0618,Queso añejo fuerte de oveja,Lácteos y Huevos,1,True,False,False,False,False
CAT-0626,Detergente ropa Ariel líquido,Hogar,1,True,False,False,False,False
CAT-0627,Absorbeolores Ropa Limpia,Hogar,1,True,False,False,False,False
CAT-0402,Bebida de soja sabor café 0% azúcar,Lácteos y Huevos,1,True,False,False,False,False
CAT-0403,Detergente ropa blanca y de color en polvo,Hogar,1,True,False,False,False,False
CAT-0405,"Comida gato adulto esterilizado light con pollo, frutas y verduras",Mascotas,1,True,False,False,False,False
CAT-0406,Pan de pita Mission,Panadería y Pastelería,1,True,False,False,False,False
CAT-0407,Mostaza clásica,Despensa,1,True,False,False,False,False
CAT-0408,Torreznos,Desayuno y Snack,1,True,False,False,False,False
CAT-0409,Bebida espirituosa centenario Terry,Bebidas,1,True,False,False,False,False
CAT-0410,Preparado lácteo crecimiento +1 año,Bebes,1,True,False,False,False,False
CAT-0411,Vino blanco espumoso sabor melón frizzante Piccolo Giovanni,Bebidas,1,True,False,False,False,False
CAT-0412,Churrasquito de vacuno añojo,Carnicería y Charcutería,1,True,False,False,False,False
CAT-0413,Galletas tradicionales,Desayuno y Snack,1,True,False,False,False,False
CAT-0414,Jamón cocido extra 50% raza ibérica Noel lonchas,Carnicería y Charcutería,1,True,False,False,False,False
CAT-0415,Cera cabello Mate fijación,Cuidado personal e Higiene,1,True,False,False,False,False
CAT-0416,Agua de colonia Citrus Classic,Cuidado personal e Higiene,1,True,False,False,False,False
CAT-0417,Agua de colonia Floral Infusion,Cuidado personal e Higiene,1,True,False,False,False,False
CAT-0418,Peras Conferencia,Frutas y Verduras,1,True,False,False,False,False
CAT-0419,Cebollas rojas,Frutas y Verduras,1,True,False,False,False,False
CAT-4213,Plato De Postre De Vidrio Opal Simpl 18 Cm,Sin categoría,1,True,False,False,False,False
CAT-0446,Vela perfumada Chai,Hogar,1,True,False,False,False,False
CAT-0601,Detergente ropa todo en 1 frescor floral Ariel Pods en cápsulas,Hogar,1,True,False,False,False,False
CAT-0385,Eau de toilette mujer Monogotas banana,Cuidado personal e Higiene,1,True,False,False,False,False
CAT-0602,Pastillas enciende fuegos La Golondrina,Hogar,1,True,False,False,False,False
CAT-0620,Queso añejo tostado mezcla,Lácteos y Huevos,1,True,False,False,False,False
CAT-0386,Fragancia Mist Amatista Glow,Cuidado personal e Higiene,1,True,False,False,False,False
CAT-0388,Salsa de tomate Zero sin azúcares añadidos,Despensa,1,True,False,False,False,False
CAT-0389,Café en cápsula sabor Caramel,Desayuno y Snack,1,True,False,False,False,False
CAT-0390,San Jacobos de cerdo sin gluten,Carnicería y Charcutería,1,True,False,False,False,False
CAT-0391,Lomo de cerdo marinado empanado sin gluten,Carnicería y Charcutería,1,True,False,False,False,False
CAT-0394,Mortadela italiana finas lonchas,Carnicería y Charcutería,1,True,False,False,False,False
CAT-0395,Tarta de la abuela congelada,Congelados,1,True,False,False,False,False
CAT-0397,Gel corporal aloe vera,Cuidado personal e Higiene,1,True,False,False,False,False
CAT-0400,Gominolas Regulación del sueño Melatonina Gummies Vitaldin,Cuidado personal e Higiene,1,True,False,False,False,False
CAT-0603,Filetes pechuga de pollo certificado alimentado con un 50% de maíz,Carnicería y Charcutería,1,True,False,False,False,False
CAT-0605,Torrijas fritas congeladas,Congelados,1,True,False,False,False,False
CAT-0608,Bruma facial multifuncional Make Up Fixer,Cuidado personal e Higiene,1,True,False,False,False,False
CAT-0609,Hélices,Despensa,1,True,False,False,False,False
CAT-0610,Macarrón,Despensa,1,True,False,False,False,False
CAT-0613,Crema de cacahuete 100%,"Azúcar, caramelos y chocolate",1,True,False,False,False,False
CAT-0614,Flautas de pollo y queso,Carnicería y Charcutería,1,True,False,False,False,False
CAT-0616,"Combinado frutos secos, frutas desecadas y semillas de calabaza",Desayuno y Snack,1,True,False,False,False,False
CAT-0619,Queso viejo intenso mezcla,Lácteos y Huevos,1,True,False,False,False,False
CAT-0621,Fritada pisto,Conservas y Enlatados,1,True,False,False,False,False
CAT-0625,Leche de coco,Lácteos y Huevos,1,True,False,False,False,False
CAT-0629,Agua mineral pequeña Bronchales,Bebidas,1,True,False,False,False,False
CAT-0630,Agua mineral pequeña Bronchales tapón infantil,Bebidas,1,True,False,False,False,False
CAT-0631,Agua mineral grande Cortes,Bebidas,1,True,False,False,False,False
CAT-0633,Fideos orientales Yakisoba sabor soja,Despensa,1,True,False,False,False,False
CAT-0634,Pechugas de pollo enteras congeladas,Carnicería y Charcutería,1,True,False,False,False,False
CAT-0636,Garreta paletilla de cordero congelada,Carnicería y Charcutería,1,True,False,False,False,False
CAT-0639,Agua de coco 100% natural,Bebidas,1,True,False,False,False,False
CAT-0640,Sucedáneo de caviar negro Ubago Caviartic,Pescadería,1,True,False,False,False,False
CAT-0642,Costillas de cerdo carnosas a tacos,Carnicería y Charcutería,1,True,False,False,False,False
CAT-0643,Filetes lomo de cerdo,Carnicería y Charcutería,1,True,False,False,False,False
CAT-0644,Filetes lomo de cerdo familiar,Carnicería y Charcutería,1,True,False,False,False,False
CAT-0645,Carrillada de cerdo,Carnicería y Charcutería,1,True,False,False,False,False
CAT-0646,Costilla de cerdo ibérico adobada,Carnicería y Charcutería,1,True,False,False,False,False
CAT-0647,Panceta de cerdo,Carnicería y Charcutería,1,True,False,False,False,False
CAT-0420,Ajo negro dientes pelados,Frutas y Verduras,1,True,False,False,False,False
CAT-0422,Bolsas de basura envases 30L cubo mediano,Hogar,1,True,False,False,False,False
CAT-0448,Mermelada de tomate,Desayuno y Snack,1,True,False,False,False,False
CAT-0449,Mermelada de albaricoque,Desayuno y Snack,1,True,False,False,False,False
CAT-0450,Confitura de fresa 0% azúcares añadidos,Desayuno y Snack,1,True,False,False,False,False
CAT-0451,Cerveza negra Ambar,Bebidas,1,True,False,False,False,False
CAT-0452,Cerveza especial sin gluten Falke,Bebidas,1,True,False,False,False,False
CAT-0454,Taquitos de cerdo,Carnicería y Charcutería,1,True,False,False,False,False
CAT-0648,Cerdo a tacos,Carnicería y Charcutería,1,True,False,False,False,False
CAT-0649,Filetes lomo de cerdo adobado,Carnicería y Charcutería,1,True,False,False,False,False
CAT-0650,Filetes lomo de cerdo adobado familiar,Carnicería y Charcutería,1,True,False,False,False,False
CAT-0651,Queso lonchas de oveja Entrepinares,Lácteos y Huevos,1,True,False,False,False,False
CAT-0657,Queso de cabra Montesinos,Lácteos y Huevos,1,True,False,False,False,False
CAT-0658,Arroz campestre con pollo ultracongelado,Congelados,1,True,False,False,False,False
CAT-0659,Tarta infantil Tesia and Friends congelada,Congelados,1,True,False,False,False,False
CAT-0660,Crema de manos Oriental Woods,Cuidado personal e Higiene,1,True,False,False,False,False
CAT-0661,Empanadilla de pollo 7% y queso de cabra 4%,Panadería y Pastelería,1,True,False,False,False,False
CAT-0664,Agua mineral con gas grande Cortes,Bebidas,1,True,False,False,False,False
CAT-0665,Agua mineral con gas pequeña Cortes,Bebidas,1,True,False,False,False,False
CAT-0666,Licor crema de pistacho Royal Swan,Bebidas,1,True,False,False,False,False
CAT-0667,Chuletas de cordero palo y riñonada,Carnicería y Charcutería,1,True,False,False,False,False
CAT-0668,Trozos de cordero para guisar,Carnicería y Charcutería,1,True,False,False,False,False
CAT-0670,Petit sabor fresa y plátano,Lácteos y Huevos,1,True,False,False,False,False
CAT-0671,Botifarrón de carne,Carnicería y Charcutería,1,True,False,False,False,False
CAT-0672,Burger de pollo,Carnicería y Charcutería,1,True,False,False,False,False
CAT-0673,Barrita con proteínas Enervit Sport sabor chocolate con leche,Desayuno y Snack,1,True,False,False,False,False
CAT-0674,Lasaña de atún ultracongelada,Congelados,1,True,False,False,False,False
CAT-0675,Petit sabor fresa,Lácteos y Huevos,1,True,False,False,False,False
CAT-0676,Café en grano fuerte,Desayuno y Snack,1,True,False,False,False,False
CAT-0677,Albóndigas de cerdo,Carnicería y Charcutería,1,True,False,False,False,False
CAT-0679,Fideos orientales sabor gamba,Despensa,1,True,False,False,False,False
CAT-0681,Steak Tartar de vacuno marinado,Carnicería y Charcutería,1,True,False,False,False,False
CAT-0682,Mini muslo de pollo 98% La Carloteña asado al horno,Carnicería y Charcutería,1,True,False,False,False,False
CAT-0683,Lote corporal mujer Vainilla Sunset,Cuidado personal e Higiene,1,True,False,False,False,False
CAT-0684,Eau de parfum mujer My Soul Crystal,Cuidado personal e Higiene,1,True,False,False,False,False
CAT-4233,Verduras Para Wok Mediterraneo Carrefour 400 G,Sin categoría,1,True,False,False,False,False
CAT-4220,Leche Fermentada Azucarada Natural Carrefour No Lactosa Sin Lactosa Pack De 4 Unidades De 125 G,Despensa,1,True,False,False,False,False
CAT-7354,Collar Repelente De Gato Carrefour Companino 1 Ud,Sin categoría,1,True,False,False,False,False
CAT-7360,Leche Fermentada Desnatada Natural Skyr Carrefour Sensation 150 G,Lácteos y Huevos,1,True,False,False,False,False
CAT-0982,Jamoncitos de pollo certificado alimentado con un 50% de maíz,Carnicería y Charcutería,1,True,False,False,False,False
CAT-0984,Paletillas de conejo,Carnicería y Charcutería,1,True,False,False,False,False
CAT-4223,Vino Blanco Joven Palomino Pazo Do Ribeiro 75 Cl,Bebidas,1,False,False,False,True,False
CAT-1028,Sticks longaniza extra,Carnicería y Charcutería,1,True,False,False,False,False
CAT-0985,Maxi pavo finas lonchas,Carnicería y Charcutería,1,True,False,False,False,False
CAT-0669,Chuletas de cordero paletilla,Carnicería y Charcutería,1,True,False,False,False,False
CAT-0977,Papilla sin gluten crema de arroz Hero Solo +4 meses,Bebes,1,True,False,False,False,False
CAT-0978,Alistado pequeño congelado,Congelados,1,True,False,False,False,False
CAT-0981,Pomada del pañal sin perfume,Bebes,1,True,False,False,False,False
CAT-0988,Calamar grande congelado,Congelados,1,True,False,False,False,False
CAT-0989,Solución fisiológica,Bebes,1,True,False,False,False,False
CAT-0990,Medallones de salmón cocinar congelados,Congelados,1,True,False,False,False,False
CAT-0991,Champiñones blancos,Frutas y Verduras,1,True,False,False,False,False
CAT-0992,Migas de bacalao desaladas,Pescadería,1,True,False,False,False,False
CAT-0993,Fabada,Platos preparados,1,True,False,False,False,False
CAT-0995,Migas de bacalao al estilo inglés,Pescadería,1,True,False,False,False,False
CAT-0997,Gasas para bebé no tejidas,Bebes,1,True,False,False,False,False
CAT-0998,Jamón cocido extra Noel lonchas,Carnicería y Charcutería,1,True,False,False,False,False
CAT-0999,Sopa de verduras cortada y lavada,Frutas y Verduras,1,True,False,False,False,False
CAT-1203,Espuma cabello Ondas Curly fijación,Cuidado personal e Higiene,1,True,False,False,False,False
CAT-1204,Mascarilla facial Hidra Boom Mask con Camelias de Jeju y ácido hialurónico,Cuidado personal e Higiene,1,True,False,False,False,False
CAT-1207,Eau de parfum mujer Rose Nude,Cuidado personal e Higiene,1,True,False,False,False,False
CAT-1208,Comprimidos efervescentes vitamina C y zinc sabor limón,Cuidado personal e Higiene,1,True,False,False,False,False
CAT-1209,Limpiador de Muebles Classic Pronto,Hogar,1,True,False,False,False,False
CAT-1210,Vaso mediano apto para bebida caliente,Hogar,1,True,False,False,False,False
CAT-1211,Pintalabios Fluido Mate 11 rosa medio,Cuidado personal e Higiene,1,True,False,False,False,False
CAT-1214,Alcaparras,Despensa,1,True,False,False,False,False
CAT-1215,Cebollitas,Despensa,1,True,False,False,False,False
CAT-1216,Preparado de carne picada pollo,Carnicería y Charcutería,1,True,False,False,False,False
CAT-1218,Migas de coliflor ultracongeladas,Congelados,1,True,False,False,False,False
CAT-1219,Mascarilla cabello negro Color Mask,Cuidado personal e Higiene,1,True,False,False,False,False
CAT-1221,Mascarilla cabello cobre Color Mask,Cuidado personal e Higiene,1,True,False,False,False,False
CAT-1222,Lote corporal mujer Nivea,Cuidado personal e Higiene,1,True,False,False,False,False
CAT-1223,Cepillos interdentales Extrafinos cónicos,Cuidado personal e Higiene,1,True,False,False,False,False
CAT-1224,Cepillos interdentales Finos cónicos,Cuidado personal e Higiene,1,True,False,False,False,False
CAT-1226,Apósitos hidrocoloides adhesivos para ampollas y rozaduras surtidos,Cuidado personal e Higiene,1,True,False,False,False,False
CAT-1229,"Gelatina 0% azúcar sabores fresa, mandarina y limón",Lácteos y Huevos,1,True,False,False,False,False
CAT-1230,Lasaña boloñesa familiar ultracongelada,Congelados,1,True,False,False,False,False
CAT-1234,Golosinas Mix con pica,"Azúcar, caramelos y chocolate",1,True,False,False,False,False
CAT-1235,Burger Crunchy Chicken,Carnicería y Charcutería,1,True,False,False,False,False
CAT-1236,Espinaca picada en porciones ultracongelada,Congelados,1,True,False,False,False,False
CAT-1237,Dulce de membrillo 0% azúcares añadidos,Conservas y Enlatados,1,True,False,False,False,False
CAT-1239,Crema de manos nutritiva Karité,Cuidado personal e Higiene,1,True,False,False,False,False
CAT-1241,Cápsulas Gases,Cuidado personal e Higiene,1,True,False,False,False,False
CAT-1242,Difusor ambientador spray manual con recambio,Hogar,1,True,False,False,False,False
CAT-1243,Limpiador de Muebles con ceras,Hogar,1,True,False,False,False,False
CAT-1244,Perfilador de labios Long Lasting 06 fucsia,Cuidado personal e Higiene,1,True,False,False,False,False
CAT-1246,Rosca jamón serrano y queso emmental,Congelados,1,True,False,False,False,False
CAT-1247,"Rosca lomo, bacón y queso emmental",Congelados,1,True,False,False,False,False
CAT-1248,Bebida láctea desnatada +Proteínas sabor açaí plátano 0% MG 20 g proteínas,Lácteos y Huevos,1,True,False,False,False,False
CAT-1250,"Brochetas de pollo, pimiento verde y tocino de cerdo con varilla",Carnicería y Charcutería,1,True,False,False,False,False
CAT-1254,Muesli Crunchy,Desayuno y Snack,1,True,False,False,False,False
CAT-1255,"Salteado de gambas, espárragos verdes, ajos tiernos, champiñón y cebolla ultracongelado",Congelados,1,True,False,False,False,False
CAT-1256,Tinte cabello hombre 0% amoníaco 3 moreno 4 castaño Colorcor,Cuidado personal e Higiene,1,True,False,False,False,False
CAT-1257,Tónico facial árbol de té y prebióticos Facial Clean,Cuidado personal e Higiene,1,True,False,False,False,False
CAT-1258,Cápsulas Memory Forte,Cuidado personal e Higiene,1,True,False,False,False,False
CAT-1260,Limpiador concentrado Las 3 Brujas,Hogar,1,True,False,False,False,False
CAT-1261,Limpiador de Ollas y Cacerolas,Hogar,1,True,False,False,False,False
CAT-1263,Cubo con ruedas,Hogar,1,True,False,False,False,False
CAT-1020,Refresco Fanta limón zero azúcares añadidos,Bebidas,1,True,False,False,False,False
CAT-1025,Limonada natural Don Simón light sin gas,Bebidas,1,True,False,False,False,False
CAT-1033,Longaniza de Pascua extra,Carnicería y Charcutería,1,True,False,False,False,False
CAT-1036,Anís seco Cassalla Cerveró,Bebidas,1,True,False,False,False,False
CAT-1037,Anís seco Tenis,Bebidas,1,True,False,False,False,False
CAT-1039,Cerveza especial Steinburg,Bebidas,1,True,False,False,False,False
CAT-1040,Vermouth blanco Martini,Bebidas,1,True,False,False,False,False
CAT-1043,Bebida isotónica sabor cítrico Iso drink,Bebidas,1,True,False,False,False,False
CAT-1044,"Yogur azucarado YogoMix variado de copos maíz, bolitas y disquitos chocolateados",Lácteos y Huevos,1,True,False,False,False,False
CAT-1046,Aperitivo de café Cerol,Bebidas,1,True,False,False,False,False
CAT-1047,Licor crema Royal Swan,Bebidas,1,True,False,False,False,False
CAT-1048,Licor crema de arroz Royal Swan,Bebidas,1,True,False,False,False,False
CAT-1049,Licor crema Puente Pazos,Bebidas,1,True,False,False,False,False
CAT-1052,Refresco té verde,Bebidas,1,True,False,False,False,False
CAT-1054,Salchichón de cebo ibérico cortado a máquina,Carnicería y Charcutería,1,True,False,False,False,False
CAT-1303,Codornices,Carnicería y Charcutería,1,True,False,False,False,False
CAT-1317,Queso untar de vaca con finas hierbas,Lácteos y Huevos,1,True,False,False,False,False
CAT-1325,Pintalabios Creamy 213 marsala,Cuidado personal e Higiene,1,True,False,False,False,False
CAT-1264,Escurridor para cubo ovalado escurrebien,Hogar,1,True,False,False,False,False
CAT-1265,Mini magdalenas con pepitas de chocolate con leche,Panadería y Pastelería,1,True,False,False,False,False
CAT-1268,Nuez natural pelada,Desayuno y Snack,1,True,False,False,False,False
CAT-1272,Tubitos,Desayuno y Snack,1,True,False,False,False,False
CAT-1273,Licor de anís dulce Dama Mayor,Bebidas,1,True,False,False,False,False
CAT-1274,Queso semicurado sin lactosa mezcla,Lácteos y Huevos,1,True,False,False,False,False
CAT-1276,Dentífrico 3 action,Cuidado personal e Higiene,1,True,False,False,False,False
CAT-1277,Dentífrico Anticaries,Cuidado personal e Higiene,1,True,False,False,False,False
CAT-1280,Lavavajillas Ultra concentrado,Hogar,1,True,False,False,False,False
CAT-1281,Pan Viena,Panadería y Pastelería,1,True,False,False,False,False
CAT-1287,Cereales solubles con achicoria,Desayuno y Snack,1,True,False,False,False,False
CAT-1288,Queso tierno de vaca cortado en cuñitas,Lácteos y Huevos,1,True,False,False,False,False
CAT-1289,Aguacates,Frutas y Verduras,1,True,False,False,False,False
CAT-1293,Bebida Bahamas,Bebidas,1,True,False,False,False,False
CAT-1295,Anacardo frito salado,Desayuno y Snack,1,True,False,False,False,False
CAT-1296,Avellana tostada 0% sal añadida,Desayuno y Snack,1,True,False,False,False,False
CAT-1297,Cacahuete frito y salado con piel,Desayuno y Snack,1,True,False,False,False,False
CAT-1298,Infusión Cúrcuma con manzana y canela,Desayuno y Snack,1,True,False,False,False,False
CAT-1504,Protegeslip y compresa 2 en 1 Suave,Cuidado personal e Higiene,1,True,False,False,False,False
CAT-1505,Compresa con alas normal Suave,Cuidado personal e Higiene,1,True,False,False,False,False
CAT-1507,Mini salchichón ibérico extra La Hacienda del ibérico,Carnicería y Charcutería,1,True,False,False,False,False
CAT-1509,Queso provolone de vaca,Lácteos y Huevos,1,True,False,False,False,False
CAT-1510,Picadillo de variantes,Despensa,1,True,False,False,False,False
CAT-4256,Agua De Colonia Lavanda Soft Carrefour 750 Ml,Cuidado personal e Higiene,1,True,False,False,False,False
CAT-1081,Limonada light sin gas,Bebidas,1,True,False,False,False,False
CAT-1082,Jamón de Trevélez lonchas extra finas Antonio Álvarez,Carnicería y Charcutería,1,True,False,False,False,False
CAT-1083,Taquitos de jamón Incarlopsa,Carnicería y Charcutería,1,True,False,False,False,False
CAT-1087,Piña,Frutas y Verduras,1,True,False,False,False,False
CAT-1088,Huevos,Lácteos y Huevos,1,True,False,False,False,False
CAT-1089,Preparado en polvo flan,Despensa,1,True,False,False,False,False
CAT-0685,Lote hombre Dj Mariio,Cuidado personal e Higiene,1,True,False,False,False,False
CAT-0686,Limpiador WC Aqua en gel antical,Hogar,1,True,False,False,False,False
CAT-0687,Colgador WC Dália,Hogar,1,True,False,False,False,False
CAT-0688,Multiusos cocina,Hogar,1,True,False,False,False,False
CAT-0689,Seitán Soria Natural lonchas,Platos preparados,1,True,False,False,False,False
CAT-0691,Patatas prefritas Crispy Pops congeladas,Congelados,1,True,False,False,False,False
CAT-0692,Eau de parfum mujer Como Tú Sakai,Cuidado personal e Higiene,1,True,False,False,False,False
CAT-0693,Agua de soda con sifón La Casa,Bebidas,1,True,False,False,False,False
CAT-0697,Chocolatinas de chocolate negro Royal Mints 49% rellenas de crema sabor a menta,"Azúcar, caramelos y chocolate",1,True,False,False,False,False
CAT-0699,Copos de avena integral con chocolate,Desayuno y Snack,1,True,False,False,False,False
CAT-0700,Postre de soja natural,Lácteos y Huevos,1,True,False,False,False,False
CAT-0761,Barritas de barquillo Kit-Kat bañadas de chocolate con leche,"Azúcar, caramelos y chocolate",1,True,False,False,False,False
CAT-0762,Carrilladas de cerdo al vino,Carnicería y Charcutería,1,True,False,False,False,False
CAT-1018,Pañales bebé talla 6 de 13-18 kg Dodot,Bebes,1,True,False,False,False,False
CAT-1055,Salchichón de bellota ibérico cortado a máquina,Carnicería y Charcutería,1,True,False,False,False,False
CAT-1057,Gasificante repostería casera,Despensa,1,True,False,False,False,False
CAT-1061,Vodka Knebep,Bebidas,1,True,False,False,False,False
CAT-1062,Licor de anís Ricard Pastis de Marseille,Bebidas,1,True,False,False,False,False
CAT-1063,Salami montañés extra El Pozo,Carnicería y Charcutería,1,True,False,False,False,False
CAT-1064,Salchichón cular ibérico extra La Hacienda del ibérico,Carnicería y Charcutería,1,True,False,False,False,False
CAT-1065,Longaniza de Aragón extra Cárnicas Gállego,Carnicería y Charcutería,1,True,False,False,False,False
CAT-1066,Cava semi seco Cabré & Sabaté Ice,Bebidas,1,True,False,False,False,False
CAT-1072,Refresco fusión de frutas cero sin gas,Bebidas,1,True,False,False,False,False
CAT-1073,Pepinillos pequeños,Despensa,1,True,False,False,False,False
CAT-1074,Tinto de verano zero limón Casón Histórico,Bebidas,1,True,False,False,False,False
CAT-1075,Panceta curada sin corteza La Selva lonchas,Carnicería y Charcutería,1,True,False,False,False,False
CAT-1079,Refresco piña-coco cero sin gas,Bebidas,1,True,False,False,False,False
CAT-1090,Preparado en polvo flanes y natillas Maizena Potax,Despensa,1,True,False,False,False,False
CAT-1091,Refresco Berry Lime sin gas,Bebidas,1,True,False,False,False,False
CAT-1094,Aroma de vainilla,Despensa,1,True,False,False,False,False
CAT-1095,Caramelo líquido,Bazar y Varios,1,True,False,False,False,False
CAT-1097,Azúcar vainillado,Bazar y Varios,1,True,False,False,False,False
CAT-1100,Vino tinto reserva Comportillo DO Rioja,Bebidas,1,True,False,False,False,False
CAT-1302,Bebida de pomelo sin azúcares añadidos,Bebidas,1,True,False,False,False,False
CAT-1304,Filetes pechuga de pavo marinados extra tiernos,Carnicería y Charcutería,1,True,False,False,False,False
CAT-1310,Cacahuete tostado 0% sal añadida,Desayuno y Snack,1,True,False,False,False,False
CAT-1319,Mascarilla sin aclarado Curl Perfect cabello rizado,Cuidado personal e Higiene,1,True,False,False,False,False
CAT-1320,Eau de parfum mujer Blue Shine,Cuidado personal e Higiene,1,True,False,False,False,False
CAT-1321,Eau de parfum hombre My Soul,Cuidado personal e Higiene,1,True,False,False,False,False
CAT-1333,Pasta con pollo al pesto ultracongelada,Congelados,1,True,False,False,False,False
CAT-1334,Laca de uñas alto brillo 15 perla rosada,Cuidado personal e Higiene,1,True,False,False,False,False
CAT-1508,Queso curado mezcla con trufa,Lácteos y Huevos,1,True,False,False,False,False
CAT-4245,Aperitivo De Maiz Sabor Queso Sensation Carrefour 100 G,Lácteos y Huevos,1,True,False,False,False,False
CAT-4288,Helado De Vainilla Con Nueces De Macadamia Carrefour Sensation Sin Gluten 300 G,Desayuno y Snack,1,True,False,False,False,False
CAT-4295,Helado De Chocolate Cookies Carrefour Sensation 300 G,Desayuno y Snack,1,True,False,False,False,False
CAT-4294,Set 2 Guantes Reutilizables De Latex Spontex Sensitive Talla M   Amarillo,Hogar,1,True,False,False,False,False
CAT-4293,Helado De Menta Y Chocolate Carrefour Sensation Sin Gluten 300 G,Congelados,1,True,False,False,False,False
CAT-4376,Mini Ensaimada De Azucar Carrefour 6 Ud,Despensa,1,True,False,False,False,False
CAT-7551,Comida Humeda Seleccion En Salsa De Carne Y Verduras Para Gatos Adultos Vitalive Carrefour 24 Sobres De 100 G,Despensa,1,True,False,False,False,False
CAT-1326,Ambientador spray de tejidos Elixir Floral,Hogar,1,True,False,False,False,False
CAT-1085,Jamón serrano gran reserva Costa Brava sin aditivos lonchas,Carnicería y Charcutería,1,True,False,False,False,False
CAT-1196,Polvos de talco,Bebes,1,True,False,False,False,False
CAT-1102,Cortezas de cerdo fritas sabor barbacoa,Desayuno y Snack,1,True,False,False,False,False
CAT-1104,Aceitunas verdes Chupadedos Huerta de Barros partidas aliñadas,Despensa,1,True,False,False,False,False
CAT-1105,Cocktail crunchy sabores,Desayuno y Snack,1,True,False,False,False,False
CAT-1106,Cuquis,Desayuno y Snack,1,True,False,False,False,False
CAT-1108,Trigo snack sabor ahumado,Desayuno y Snack,1,True,False,False,False,False
CAT-1110,Jamón de cebo ibérico 50% La Hacienda del Ibérico,Carnicería y Charcutería,1,True,False,False,False,False
CAT-1111,Jamón de bellota ibérico 100% Covap,Carnicería y Charcutería,1,True,False,False,False,False
CAT-1114,Coco rallado,Bazar y Varios,1,True,False,False,False,False
CAT-1098,Fideos de chocolate,"Azúcar, caramelos y chocolate",1,True,False,False,False,False
CAT-1301,"Néctar de maracuyá fruta de la pasión, mango, uva y manzana",Bebidas,1,True,False,False,False,False
CAT-1305,Queso tierno tronchón mezcla,Lácteos y Huevos,1,True,False,False,False,False
CAT-1312,Paletilla de lechal entera congelada,Carnicería y Charcutería,1,True,False,False,False,False
CAT-1313,Mortadela,Carnicería y Charcutería,1,True,False,False,False,False
CAT-1316,Mousse de queso de vaca con ajo y finas hierbas,Lácteos y Huevos,1,True,False,False,False,False
CAT-1323,Detergente ropa Blanca y de Color en gel concentrado,Hogar,1,True,False,False,False,False
CAT-1324,Prebase corrector Primer 02 tono melocotón,Cuidado personal e Higiene,1,True,False,False,False,False
CAT-1328,Burger de vacuno y cerdo con jamón y cebolla caramelizada,Carnicería y Charcutería,1,True,False,False,False,False
CAT-1329,Maíz palomitas,Desayuno y Snack,1,True,False,False,False,False
CAT-1332,Lagrimitas de pollo al limón empanadas sin gluten,Carnicería y Charcutería,1,True,False,False,False,False
CAT-1335,Tomates negros,Frutas y Verduras,1,True,False,False,False,False
CAT-1336,Limpiahogar Multiusos Pino líquido,Hogar,1,True,False,False,False,False
CAT-1116,Jamón de bellota ibérico 50% La Hacienda del Ibérico,Carnicería y Charcutería,1,True,False,False,False,False
CAT-1121,Vino tinto viticultura superior Montes Serenos,Bebidas,1,True,False,False,False,False
CAT-1124,Pipas calabaza tostadas aguasal,Desayuno y Snack,1,True,False,False,False,False
CAT-1128,Paleta de cebo ibérica La Hacienda del Ibérico,Carnicería y Charcutería,1,True,False,False,False,False
CAT-1129,Vino tinto Syrah Mar de Uvas,Bebidas,1,True,False,False,False,False
CAT-1131,Café en cápsula descafeinado espresso,Desayuno y Snack,1,True,False,False,False,False
CAT-1134,Café en cápsula extra forte,Desayuno y Snack,1,True,False,False,False,False
CAT-1137,Pistacho natural pelado,Desayuno y Snack,1,True,False,False,False,False
CAT-1138,Paté de cerdo con finas hierbas,Carnicería y Charcutería,1,True,False,False,False,False
CAT-1139,Empanada de atún,Panadería y Pastelería,1,True,False,False,False,False
CAT-1140,Palomitas de maíz dulces para microondas,Desayuno y Snack,1,True,False,False,False,False
CAT-1142,Palomitas caramelo,Desayuno y Snack,1,True,False,False,False,False
CAT-1148,Morcilla de cebolla oreada,Carnicería y Charcutería,1,True,False,False,False,False
CAT-1149,Embutido surtido oreado,Carnicería y Charcutería,1,True,False,False,False,False
CAT-1150,Pimiento rojo y verde ultracongelado,Congelados,1,True,False,False,False,False
CAT-1152,Pañal adulto talla M de 70-130 cm,Cuidado personal e Higiene,1,True,False,False,False,False
CAT-1153,Eau de parfum mujer My Soul Enchanted,Cuidado personal e Higiene,1,True,False,False,False,False
CAT-1155,Gelatina gato adulto selección de aves Quartett,Mascotas,1,True,False,False,False,False
CAT-1156,Gelatina gato adulto selección de pescado Quartett,Mascotas,1,True,False,False,False,False
CAT-1158,Pañal adulto talla L,Cuidado personal e Higiene,1,True,False,False,False,False
CAT-1163,Aceitunas verdes partidas Olives Garcia,Despensa,1,True,False,False,False,False
CAT-1164,Aceitunas verdes Picadedos sin hueso aliñadas,Despensa,1,True,False,False,False,False
CAT-1165,Aceitunas verdes rellenas de pepinillo,Despensa,1,True,False,False,False,False
CAT-1167,Paté de hígado de cerdo ibérico,Carnicería y Charcutería,1,True,False,False,False,False
CAT-1169,Bálsamo labial Color Balm 07 nude rosa,Cuidado personal e Higiene,1,True,False,False,False,False
CAT-1170,Perfilador de ojos Waterproof 06 marrón,Cuidado personal e Higiene,1,True,False,False,False,False
CAT-1171,Perfilador de ojos Waterproof 07 verde turquesa,Cuidado personal e Higiene,1,True,False,False,False,False
CAT-1174,Maquinillas de afeitar desechables Active 2 hojas,Cuidado personal e Higiene,1,True,False,False,False,False
CAT-1176,Bálsamo labial Color Balm 08 nude beige,Cuidado personal e Higiene,1,True,False,False,False,False
CAT-1178,Foie gras de pato fresco,Carnicería y Charcutería,1,True,False,False,False,False
CAT-1179,Café con leche en cápsula Tassimo,Desayuno y Snack,1,True,False,False,False,False
CAT-1180,Queso curado mezcla madurado en madera,Lácteos y Huevos,1,True,False,False,False,False
CAT-1181,Espárragos blancos gruesos cortos,Conservas y Enlatados,1,True,False,False,False,False
CAT-1182,Champú anticaspa Citric Ultrex cabello graso,Cuidado personal e Higiene,1,True,False,False,False,False
CAT-1185,Laca de uñas base brillo,Cuidado personal e Higiene,1,True,False,False,False,False
CAT-1186,Colágeno soluble sabor limón Colagen,Cuidado personal e Higiene,1,True,False,False,False,False
CAT-1188,Vela perfumada Fruta Tropical,Hogar,1,True,False,False,False,False
CAT-1190,Perfilador de labios Long Lasting 01 rosa nude,Cuidado personal e Higiene,1,True,False,False,False,False
CAT-1191,Perfilador de labios 08 rojo,Cuidado personal e Higiene,1,True,False,False,False,False
CAT-1193,Arroz negro ultracongelado,Congelados,1,True,False,False,False,False
CAT-1194,Aceitunas negras de Aragón Campo Nature,Despensa,1,True,False,False,False,False
CAT-1200,Crema de setas Starlux con champiñones,Conservas y Enlatados,1,True,False,False,False,False
CAT-1401,Granizado agua de cebada,Congelados,1,True,False,False,False,False
CAT-1402,Protector térmico cabello Termo Protect,Cuidado personal e Higiene,1,True,False,False,False,False
CAT-1404,Gel de higiene íntima hidratante,Cuidado personal e Higiene,1,True,False,False,False,False
CAT-1405,Agua para plancha perfume ropa limpia,Hogar,1,True,False,False,False,False
CAT-1407,Lasaña boloñesa familiar,Platos preparados,1,True,False,False,False,False
CAT-1416,Envase rellenable tamaño viaje,Cuidado personal e Higiene,1,True,False,False,False,False
CAT-1423,Helado sabor huevo de chocolate,Congelados,1,True,False,False,False,False
CAT-1424,Coloración permanente 7.1 rubio medio ceniza Colorcor,Cuidado personal e Higiene,1,True,False,False,False,False
CAT-1425,Coloración permanente 7 1/2.1 rubio medio ceniza Colorcor,Cuidado personal e Higiene,1,True,False,False,False,False
CAT-1426,Coloración permanente 0% amoníaco 7.13 rubio beige Colorcor,Cuidado personal e Higiene,1,True,False,False,False,False
CAT-1429,Esponjas de baño con jabón,Cuidado personal e Higiene,1,True,False,False,False,False
CAT-1435,Mascarilla Repair & Nutrition cabello seco y dañado,Cuidado personal e Higiene,1,True,False,False,False,False
CAT-4383,Antihumedad Aroma Neutro Aparato Y Recambio Carrefour 1 Ud,Hogar,1,True,False,False,False,False
CAT-8627,Termometro Digital Carrefour Soft 1 Ud,Cuidado personal e Higiene,1,True,False,False,False,False
CAT-8669,Desodorante En Spray Con Extracto De Algodon Soft Carrefour 200 Ml,Cuidado personal e Higiene,1,True,False,False,False,False
CAT-9229,Vino Blanco Con Crianza Pedro Ximenez Para Cocinar Aromatizado Con Hierbas Carrefour 75 Cl,Bebidas,1,True,False,False,False,False
CAT-9311,Refresco Lima Limon Zero Carrefour Classic 2 L,Bebidas,1,True,False,False,False,False
CAT-1366,Pipas girasol naturales peladas,Desayuno y Snack,1,True,False,False,False,False
CAT-1367,Nuez natural,Desayuno y Snack,1,True,False,False,False,False
CAT-0827,Yogur natural,Lácteos y Huevos,1,True,False,False,False,False
CAT-0828,Bebida energética Zero Full Tropic Energy drink,Bebidas,1,True,False,False,False,False
CAT-0829,Golosinas Rega Relli rellena con zumo de fruta,"Azúcar, caramelos y chocolate",1,True,False,False,False,False
CAT-0830,Bebida energética Zero Berries Energy drink,Bebidas,1,True,False,False,False,False
CAT-0832,Licor crema de fresa Royal Swan,Bebidas,1,True,False,False,False,False
CAT-0833,Galletas Divertidas con cereales,Desayuno y Snack,1,True,False,False,False,False
CAT-0834,Cacao puro en polvo La Chocolatera,Desayuno y Snack,1,True,False,False,False,False
CAT-0835,Galletas Divertidas chocolate con leche,Desayuno y Snack,1,True,False,False,False,False
CAT-0792,Bacón ahumado La Selva lonchas,Carnicería y Charcutería,1,True,False,False,False,False
CAT-0794,Papilla fresa y plátano +8 meses,Bebes,1,True,False,False,False,False
CAT-0795,Bebida isotónica sabor cítrico Iso drink zero,Bebidas,1,True,False,False,False,False
CAT-0796,Combinado de aperitivos,Desayuno y Snack,1,True,False,False,False,False
CAT-0797,Papilla fruta variada +6 meses,Bebes,1,True,False,False,False,False
CAT-0945,Dentífrico infantil +6 años menta suave,Cuidado personal e Higiene,1,True,False,False,False,False
CAT-0946,Tampones super Tampax Compak con aplicador,Cuidado personal e Higiene,1,True,False,False,False,False
CAT-0948,Eau de toilette mujer Monogotas coco,Cuidado personal e Higiene,1,True,False,False,False,False
CAT-0949,Eau de toilette mujer Monogotas vainilla,Cuidado personal e Higiene,1,True,False,False,False,False
CAT-0950,Recambio ambientador automático Delice,Hogar,1,True,False,False,False,False
CAT-0952,Stick dental perro adulto con menta,Mascotas,1,True,False,False,False,False
CAT-1337,Lavavajillas Ultra Original Fairy líquido,Hogar,1,True,False,False,False,False
CAT-1338,Pintalabios Creamy 204 rosa pétalo,Cuidado personal e Higiene,1,True,False,False,False,False
CAT-1339,Pintalabios Creamy 207 ciruela,Cuidado personal e Higiene,1,True,False,False,False,False
CAT-1340,Máscara de cejas marrón,Cuidado personal e Higiene,1,True,False,False,False,False
CAT-1342,Medallones preparado de solomillo cerdo provenzal,Carnicería y Charcutería,1,True,False,False,False,False
CAT-1345,Tratamiento para uñas base 9 en 1 vitaminada y alisadora,Cuidado personal e Higiene,1,True,False,False,False,False
CAT-1347,Lejía normal Tradicional,Hogar,1,True,False,False,False,False
CAT-1348,Mezcla semillas,Desayuno y Snack,1,True,False,False,False,False
CAT-1349,Pipas de calabaza natural peladas,Desayuno y Snack,1,True,False,False,False,False
CAT-1350,Castañas cocidas y peladas,Desayuno y Snack,1,True,False,False,False,False
CAT-1351,Cacahuete frito con miel,Desayuno y Snack,1,True,False,False,False,False
CAT-1352,Pipas de girasol fritas peladas,Desayuno y Snack,1,True,False,False,False,False
CAT-1353,Manteca de cerdo,Carnicería y Charcutería,1,True,False,False,False,False
CAT-1359,Lavavajillas a mano,Hogar,1,True,False,False,False,False
CAT-1360,Lavavajillas Todo en 1 en pastillas,Hogar,1,True,False,False,False,False
CAT-1409,Lasaña de espinacas y requesón,Platos preparados,1,True,False,False,False,False
CAT-1430,Esponja de baño doble acción suave masaje,Cuidado personal e Higiene,1,True,False,False,False,False
CAT-1365,Pipas girasol barbacoa,Desayuno y Snack,1,True,False,False,False,False
CAT-1368,Burger de pavo y espinacas,Carnicería y Charcutería,1,True,False,False,False,False
CAT-1369,Mini burgers de pollo,Carnicería y Charcutería,1,True,False,False,False,False
CAT-1371,Mini burgers de vacuno y cerdo,Carnicería y Charcutería,1,True,False,False,False,False
CAT-1372,Burger americana gruesas,Carnicería y Charcutería,1,True,False,False,False,False
CAT-1376,Champú Protect Triple Action preventivo y protector,Cuidado personal e Higiene,1,True,False,False,False,False
CAT-1378,Friegasuelos Pino líquido,Hogar,1,True,False,False,False,False
CAT-1379,Quitagrasas perfumado,Hogar,1,True,False,False,False,False
CAT-1382,Pistacho tostado pelado,Desayuno y Snack,1,True,False,False,False,False
CAT-1383,Cocktail mezcla,Desayuno y Snack,1,True,False,False,False,False
CAT-1384,Cocktail rodeo,Desayuno y Snack,1,True,False,False,False,False
CAT-1601,Helado blanco,Congelados,1,True,False,False,False,False
CAT-1603,Spaghetti fino,Despensa,1,True,False,False,False,False
CAT-1615,Snack gato aperitivo líquido,Mascotas,1,True,False,False,False,False
CAT-4414,Pechuga De Pavo Fileteada Carrefour 600 G Aprox,Carnicería y Charcutería,1,True,False,False,False,False
CAT-4415,Pechuga De Pavo Fileteada Carrefour 500 G Aprox,Carnicería y Charcutería,1,True,False,False,False,False
CAT-4416,Chuleta De Pavo Carrefour 500 G Aprox,Carnicería y Charcutería,1,True,False,False,False,False
CAT-4412,Carne De Pavo Para Estofado Carrefour 600 G Aprox,Carnicería y Charcutería,1,True,False,False,False,False
CAT-4453,Pimiento Rojo Ecologico Carrefour Bio 400 G,Sin categoría,1,True,False,False,False,False
CAT-4422,Panuelos Con Locion Suavizante Carrefour 200 Ud ,Hogar,1,True,False,False,False,False
CAT-4449,Pate A Las Finas Hierbas Classic Carrefour Sin Gluten Y Sin Lactosa 160 G,Carnicería y Charcutería,1,True,False,False,False,False
CAT-4473,Jamon De Cerdo Troceado Carrefour 600 G Aprox,Carnicería y Charcutería,1,True,False,False,False,False
CAT-5960,Bocas Y Pechos Cocidos Carrefour 540 G,Sin categoría,1,True,False,False,False,False
CAT-6008,Bolsas De Congelacion Medianas Carrefour Expert 75 Ud,Sin categoría,1,True,False,False,False,False
CAT-9531,Aceite De Oliva Virgen Carrefour Classic 1 L,Despensa,1,True,False,False,False,False
CAT-0837,Pizza Pepperoni barbacoa ultracongelada,Congelados,1,True,False,False,False,False
CAT-0838,Mascarilla Curl Perfect cabello rizado,Cuidado personal e Higiene,1,True,False,False,False,False
CAT-0839,Champú Curl Perfect cabello rizado,Cuidado personal e Higiene,1,True,False,False,False,False
CAT-0840,Coloración permanente 0% amoníaco 6.1 rubio oscuro ceniza Colorcor,Cuidado personal e Higiene,1,True,False,False,False,False
CAT-0843,Pintalabios Creamy 202 rosa cálido,Cuidado personal e Higiene,1,True,False,False,False,False
CAT-0844,Taquitos de salmón ahumado,Pescadería,1,True,False,False,False,False
CAT-0865,Pan Bretzel,Panadería y Pastelería,1,True,False,False,False,False
CAT-0866,Pan Brioche,Panadería y Pastelería,1,True,False,False,False,False
CAT-0872,Helado caramelo con salsa de caramelo salado y trozos de caramelo,Congelados,1,True,False,False,False,False
CAT-1439,Cigala cruda mediana ultracongelada,Congelados,1,True,False,False,False,False
CAT-1445,Jabón de manos tiernos recuerdos,Cuidado personal e Higiene,1,True,False,False,False,False
CAT-1446,Eau de toilette mujer Ikiru,Cuidado personal e Higiene,1,True,False,False,False,False
CAT-1447,Eau de toilette mujer Soplo,Cuidado personal e Higiene,1,True,False,False,False,False
CAT-1448,Eau de toilette hombre Ikiru,Cuidado personal e Higiene,1,True,False,False,False,False
CAT-1386,Champú Detox cabello graso,Cuidado personal e Higiene,1,True,False,False,False,False
CAT-1388,Friegasuelos Pétalos concentrado,Hogar,1,True,False,False,False,False
CAT-1389,Limpiador desincrustante y chimeneas,Hogar,1,True,False,False,False,False
CAT-1391,Toallitas limpiadoras de Muebles,Hogar,1,True,False,False,False,False
CAT-1392,Gel fijador cabello Forte fijación,Cuidado personal e Higiene,1,True,False,False,False,False
CAT-1395,Limpiador de Hornos,Hogar,1,True,False,False,False,False
CAT-1397,Cocktail tostado y ahumado,Desayuno y Snack,1,True,False,False,False,False
CAT-1398,Cocktail fruta deshidratada,Desayuno y Snack,1,True,False,False,False,False
CAT-1602,Croquetas de merluza ultracongelados,Congelados,1,True,False,False,False,False
CAT-1604,Queso curado cheddar,Lácteos y Huevos,1,True,False,False,False,False
CAT-1605,Nidos al huevo,Despensa,1,True,False,False,False,False
CAT-1607,Queso azul de vaca,Lácteos y Huevos,1,True,False,False,False,False
CAT-1609,Paté de cerdo con pimienta verde,Carnicería y Charcutería,1,True,False,False,False,False
CAT-1610,Helado mini sándwich choco cream,Congelados,1,True,False,False,False,False
CAT-1611,Helado Dochi Cheesecake de queso y masa galleta,Congelados,1,True,False,False,False,False
CAT-1613,Guisante muy tierno ultracongelado,Congelados,1,True,False,False,False,False
CAT-1614,Malta para gato Natura con queso,Mascotas,1,True,False,False,False,False
CAT-1616,Paté de cerdo y pollo con trufa y arándanos,Carnicería y Charcutería,1,True,False,False,False,False
CAT-1617,Mozzarella fresca light de vaca,Lácteos y Huevos,1,True,False,False,False,False
CAT-1618,Queso camembert de vaca Marcillat,Lácteos y Huevos,1,True,False,False,False,False
CAT-1619,Judía verde plana ultracongelada,Congelados,1,True,False,False,False,False
CAT-1620,Espinaca en porciones ultracongelada,Congelados,1,True,False,False,False,False
CAT-1623,Paté de cerdo con pimienta,Carnicería y Charcutería,1,True,False,False,False,False
CAT-1624,Paté de jamón,Carnicería y Charcutería,1,True,False,False,False,False
CAT-1625,Queso en porciones,Lácteos y Huevos,1,True,False,False,False,False
CAT-1633,Cepillo dental Sensitive encías y dientes sensibles,Cuidado personal e Higiene,1,True,False,False,False,False
CAT-1636,Pintalabios Fluido Mate 12 fucsia,Cuidado personal e Higiene,1,True,False,False,False,False
CAT-1637,Boquerones aliñados,Pescadería,1,True,False,False,False,False
CAT-1640,Salteado de verduras asadas ultracongeladas,Congelados,1,True,False,False,False,False
CAT-1464,Eau de toilette hombre Misty Wood Esencia vital,Cuidado personal e Higiene,1,True,False,False,False,False
CAT-1641,Helado vainilla praliné con nueces pecán,Congelados,1,True,False,False,False,False
CAT-1643,Barritas de cereales con frutos secos,Desayuno y Snack,1,True,False,False,False,False
CAT-1644,Menestra de verduras ultracongelada,Congelados,1,True,False,False,False,False
CAT-1645,Helado capuccino,Congelados,1,True,False,False,False,False
CAT-1646,Patatas prefritas corte fino ultracongeladas,Congelados,1,True,False,False,False,False
CAT-1647,Patatas prefritas corte grueso ultracongeladas,Congelados,1,True,False,False,False,False
CAT-1649,Desodorante stick Deo Bambú antimanchas,Cuidado personal e Higiene,1,True,False,False,False,False
CAT-1650,Enjuague bucal Blanqueador Bicarbonato zero alcohol,Cuidado personal e Higiene,1,True,False,False,False,False
CAT-1651,Eau de parfum mujer Soirée My Soul,Cuidado personal e Higiene,1,True,False,False,False,False
CAT-1652,Eau de parfum hombre My Soul Soirée,Cuidado personal e Higiene,1,True,False,False,False,False
CAT-1654,Detergente ropa todo en 1 Ariel Pods en cápsulas,Hogar,1,True,False,False,False,False
CAT-1655,Recambio ambientador eléctrico Sugar 6 fragancias,Hogar,1,True,False,False,False,False
CAT-1656,Recambios plumero,Hogar,1,True,False,False,False,False
CAT-1657,Delineador de ojos,Cuidado personal e Higiene,1,True,False,False,False,False
CAT-1658,Macarrones Mac & Cheese Bacon gratinados,Platos preparados,1,True,False,False,False,False
CAT-1659,Gelatina sabor a frutos silvestres +Proteínas 10 g proteínas 0% azúcar,Lácteos y Huevos,1,True,False,False,False,False
CAT-1664,Chicles eucalipto gragea,"Azúcar, caramelos y chocolate",1,True,False,False,False,False
CAT-1665,Infusión manzana y canela,Desayuno y Snack,1,True,False,False,False,False
CAT-1666,Burger de cerdo,Carnicería y Charcutería,1,True,False,False,False,False
CAT-1668,Helado cucurucho de nata,Congelados,1,True,False,False,False,False
CAT-1670,Patatas fritas horno y air fryer ultracongeladas,Congelados,1,True,False,False,False,False
CAT-1671,Laca cabello Normal fijación,Cuidado personal e Higiene,1,True,False,False,False,False
CAT-4529,Colgante Wc Tropical Power Carrefour Expert 2 Ud,Sin categoría,1,True,False,False,False,False
CAT-4533,Burgermeat Original De Vacuno Carrefour El Mercado 2X180 G,Carnicería y Charcutería,1,True,False,False,False,False
CAT-4542,Pan Payes Grande Hecho Aqui Carrefour 800 G,Panadería y Pastelería,1,True,False,False,False,False
CAT-4550,Pepino Ecologico Carrefour Bio 700 G,Frutas y Verduras,1,True,False,False,False,False
CAT-4602,Cuchillo Chuletero De Acero Inoxidable 18 Cm Simpl,Sin categoría,1,True,False,False,False,False
CAT-4603,Cuchillo Multiusos De Acero Inoxidable 21 Cm Simpl,Sin categoría,1,True,False,False,False,False
CAT-4631,Bocaditos Carrefour 370 G,Sin categoría,1,True,False,False,False,False
CAT-4612,Galletas De Mantequillas Con Tabletas De Chocolate Negro Carrefour Classic 150 G,Lácteos y Huevos,1,True,False,False,False,False
CAT-4600,Cacahuetes Tostados Con Cascara Original Carrefour 400 G,Desayuno y Snack,1,True,False,False,False,False
CAT-4618,Salchichas De Pollo Carrefour 400 G ,Carnicería y Charcutería,1,True,False,False,False,False
CAT-4597,Colines Integrales Classic Carrefour 250 G,Panadería y Pastelería,1,True,False,False,False,False
CAT-4599,Papel De Cocina Xxl 3 Capas Carrefour Expert 1 Rollo,Bazar y Varios,1,True,False,False,False,False
CAT-6498,Cocktail De Picos Carrefour El Mercado 500 G,Desayuno y Snack,1,True,False,False,False,False
CAT-9543,Escoba Para Moqueta Carrefour   Gris,Hogar,1,True,False,False,False,False
CAT-9672,Manzanilla En Bolsitas Carrefour Classic 50 Ud,Desayuno y Snack,1,True,False,False,False,False
CAT-9726,Cafe Latte Cappuccino Carrefour Sensation Sin Gluten 250 Ml,Desayuno y Snack,1,True,False,False,False,False
CAT-9831,Patatas Fritas Churreria En Aceite De Girasol Carrefour Pack De 2 Bolsas De 150 G,Despensa,1,True,False,False,False,False
CAT-9838,Bombon Helado Salsa De Chocolate Double Carrefour 4 Ud,Despensa,1,True,False,False,False,False
CAT-4619,Cepillo De Dientes Suave Carrefour 4 Ud,Cuidado personal e Higiene,1,True,False,False,False,False
CAT-9780,Tampones Con Aplicador Compact Super Soft Carrefour 20 Ud,Cuidado personal e Higiene,1,True,False,False,False,False
CAT-4528,Colgador Wc Antical Perfume Pino Carrefour Expert 2 Ud,Cuidado personal e Higiene,1,True,False,False,False,False
CAT-0922,Alubia pinta,Despensa,1,True,False,False,False,False
CAT-0923,Papilla plátano y manzana +6 meses,Bebes,1,True,False,False,False,False
CAT-0924,Almendra natural sin piel,Desayuno y Snack,1,True,False,False,False,False
CAT-0908,Chuletas de cerdo sajonia,Carnicería y Charcutería,1,True,False,False,False,False
CAT-0909,Fiambre de magro de cerdo adobado,Carnicería y Charcutería,1,True,False,False,False,False
CAT-0911,Gel de afeitar Sensitive,Cuidado personal e Higiene,1,True,False,False,False,False
CAT-0912,Cápsulas Valeriana,Cuidado personal e Higiene,1,True,False,False,False,False
CAT-0914,Rodillo quitapelusas,Hogar,1,True,False,False,False,False
CAT-0915,"Comida perro júnior Supreme con pollo fresco, frutas y verduras",Mascotas,1,True,False,False,False,False
CAT-0916,Napolitanas con relleno de cacao,Panadería y Pastelería,1,True,False,False,False,False
CAT-0918,Migas,Platos preparados,1,True,False,False,False,False
CAT-0921,Bizcochos de huevo,Panadería y Pastelería,1,True,False,False,False,False
CAT-0898,Aritos perro adulto y sénior,Mascotas,1,True,False,False,False,False
CAT-0925,Albóndigas de pollo,Carnicería y Charcutería,1,True,False,False,False,False
CAT-0927,Queso rallado especial fundir mezcla,Lácteos y Huevos,1,True,False,False,False,False
CAT-0928,Chipirones rellenos enteros en aceite de girasol,Conservas y Enlatados,1,True,False,False,False,False
CAT-0929,Desodorante aqua antimanchas,Cuidado personal e Higiene,1,True,False,False,False,False
CAT-0931,Limpiador fosas sépticas bolsitas solubles,Hogar,1,True,False,False,False,False
CAT-0932,Papel vegetal,Hogar,1,True,False,False,False,False
CAT-0933,Pajitas rectas reutilizables,Hogar,1,True,False,False,False,False
CAT-0934,Pintalabios mate 101 nude,Cuidado personal e Higiene,1,True,False,False,False,False
CAT-0935,Perfilador de cejas Long Lasting 01 claro,Cuidado personal e Higiene,1,True,False,False,False,False
CAT-0936,Perfilador de cejas 02 marrón medio,Cuidado personal e Higiene,1,True,False,False,False,False
CAT-0939,Paté de pollo asado,Carnicería y Charcutería,1,True,False,False,False,False
CAT-0941,Papilla cuatro frutas con avena +8 meses,Bebes,1,True,False,False,False,False
CAT-0942,Vino tinto Merlot Mar de Uvas,Bebidas,1,True,False,False,False,False
CAT-0954,Pan Bagel,Panadería y Pastelería,1,True,False,False,False,False
CAT-0956,Helado vegetal mini a base de anacardo con crema de pistacho,Congelados,1,True,False,False,False,False
CAT-0957,Refresco limón Schweppes original,Bebidas,1,True,False,False,False,False
CAT-0958,Refresco lima limón Sprite,Bebidas,1,True,False,False,False,False
CAT-0959,Refresco lima limón fresh gas,Bebidas,1,True,False,False,False,False
CAT-0960,Postre lácteo infantil de cereales y miel +12 meses,Bebes,1,True,False,False,False,False
CAT-0967,Napolitanas con relleno sabor crema,Panadería y Pastelería,1,True,False,False,False,False
CAT-0968,Tortas de aceite Inés Rosales,Panadería y Pastelería,1,True,False,False,False,False
CAT-0969,Tortas de aceite Inés Rosales sin azúcar,Panadería y Pastelería,1,True,False,False,False,False
CAT-1451,Tomate rosa,Frutas y Verduras,1,True,False,False,False,False
CAT-1452,Tomates Anhel,Frutas y Verduras,1,True,False,False,False,False
CAT-1453,Pañuelos de papel Aloe Vera,Hogar,1,True,False,False,False,False
CAT-1455,Patatas fritas corte ondulado,Desayuno y Snack,1,True,False,False,False,False
CAT-1456,Patatas light,Desayuno y Snack,1,True,False,False,False,False
CAT-1459,Contorno de ojos Men Care Regen Skin,Cuidado personal e Higiene,1,True,False,False,False,False
CAT-1460,Crema hidratante para pies anti-sequedad,Cuidado personal e Higiene,1,True,False,False,False,False
CAT-1461,Contorno de ojos Prevent Age Skin,Cuidado personal e Higiene,1,True,False,False,False,False
CAT-1462,Jamón cocido jugoso,Carnicería y Charcutería,1,True,False,False,False,False
CAT-1465,Eau de toilette hombre Misty Wood Bosque místico,Cuidado personal e Higiene,1,True,False,False,False,False
CAT-1466,Eau de toilette infantil Disney Minnie Mouse,Cuidado personal e Higiene,1,True,False,False,False,False
CAT-1467,Velote blanco Roura,Hogar,1,True,False,False,False,False
CAT-1468,Sérum facial Retinol Regen Skin,Cuidado personal e Higiene,1,True,False,False,False,False
CAT-1469,Jabón de manos en pastilla glicerina 100% natural,Cuidado personal e Higiene,1,True,False,False,False,False
CAT-1471,Enjuague bucal Explosion Action,Cuidado personal e Higiene,1,True,False,False,False,False
CAT-1473,Aperitivo de patata sabor crema agria y cebolla Pringles,Desayuno y Snack,1,True,False,False,False,False
CAT-1474,Patatas fritas sabor sal y vinagre,Desayuno y Snack,1,True,False,False,False,False
CAT-1475,Desodorante piedra de alumbre mineral Deonat,Cuidado personal e Higiene,1,True,False,False,False,False
CAT-1479,Jamón cocido braseado Noel lonchas,Carnicería y Charcutería,1,True,False,False,False,False
CAT-1481,Enjuague bucal Clorhexidina gingival zero alcohol,Cuidado personal e Higiene,1,True,False,False,False,False
CAT-1484,Compresa con alas normal Dry,Cuidado personal e Higiene,1,True,False,False,False,False
CAT-1485,Tampones regular con aplicador suave,Cuidado personal e Higiene,1,True,False,False,False,False
CAT-1486,Lacón al horno Noel lonchas,Carnicería y Charcutería,1,True,False,False,False,False
CAT-1487,Carne de mejillón de Chile cocido ultracongelado,Congelados,1,True,False,False,False,False
CAT-1489,Salchichas cocidas bocata,Carnicería y Charcutería,1,True,False,False,False,False
CAT-1490,Mejillón de Chile entero cocido ultracongelado,Congelados,1,True,False,False,False,False
CAT-1491,Aperitivo de patata con sabor a nata agria y cebolla,Desayuno y Snack,1,True,False,False,False,False
CAT-1493,Patatas fritas onduladas sabor campestre,Desayuno y Snack,1,True,False,False,False,False
CAT-1494,Aperitivo de patata sabor barbacoa,Desayuno y Snack,1,True,False,False,False,False
CAT-1496,Bacón ahumado sin corteza La Selva,Carnicería y Charcutería,1,True,False,False,False,False
CAT-1497,Salchichas cocidas estilo Frankfurt con queso de pollo y cerdo sabor ahumado,Carnicería y Charcutería,1,True,False,False,False,False
CAT-1498,Salchichas cocidas bocata gourmet de cerdo sabor ahumado,Carnicería y Charcutería,1,True,False,False,False,False
CAT-1499,Salchichas cocidas bocata queso,Carnicería y Charcutería,1,True,False,False,False,False
CAT-1500,Almeja congelada,Congelados,1,True,False,False,False,False
CAT-1742,Sobrasada selecta L'Illa especialidades,Carnicería y Charcutería,1,True,False,False,False,False
CAT-1743,Sobrasada ibérica L'Illa especialidades,Carnicería y Charcutería,1,True,False,False,False,False
CAT-1745,Flash popitos,Congelados,1,True,False,False,False,False
CAT-1751,Pasta fresca gnocchi,Despensa,1,True,False,False,False,False
CAT-1752,Cerveza con aguardiente de agave Desperados,Bebidas,1,True,False,False,False,False
CAT-1763,Fuet espetec,Carnicería y Charcutería,1,True,False,False,False,False
CAT-1766,Queso blando mezcla,Lácteos y Huevos,1,True,False,False,False,False
CAT-1767,Granizado de café,Congelados,1,True,False,False,False,False
CAT-4696,Bebida De Fruta De Arandano Rojo Carrefour Sensation Brik 1 L,Frutas y Verduras,1,True,False,False,False,False
CAT-5074,Apositos Impermeables Carrefour Soft 20 Ud,Cuidado personal e Higiene,1,True,False,False,False,False
CAT-5296,Molde Plumcake De Acero Antiadherente 25X6 Cm Carrefour Home,Sin categoría,1,True,False,False,False,False
CAT-5297,Molde Tarta Desmontable De Acero Antiadherente 24X6 Cm Carrefour Home,Sin categoría,1,True,False,False,False,False
CAT-5298,Cepillo De Fregar Carrefour   Gris,Sin categoría,1,True,False,False,False,False
CAT-5293,Aceite De Oliva Virgen Extra Spray Carrefour Extra 200 Ml,Despensa,1,True,False,False,False,False
CAT-1753,Pechuga de pavo al horno de leña Campofrío lonchas,Carnicería y Charcutería,1,True,False,False,False,False
CAT-1553,Bolsas de basura perfumadas 30L cubo mediano,Hogar,1,True,False,False,False,False
CAT-1527,Bolsas zip congelación medianas reutilizables,Hogar,1,True,False,False,False,False
CAT-1588,Tofu firme,Platos preparados,1,True,False,False,False,False
CAT-0336,Refresco de limón zero azúcar fresh gas,Bebidas,1,True,False,False,False,False
CAT-0337,Refresco té verde sabor maracuyá y mango zero,Bebidas,1,True,False,False,False,False
CAT-1513,Chuletas lomo de cerdo,Carnicería y Charcutería,1,True,False,False,False,False
CAT-1515,Recipiente de plástico redondo,Hogar,1,True,False,False,False,False
CAT-1516,Recipiente de plástico rectangular,Hogar,1,True,False,False,False,False
CAT-1518,"Cubo de basura mediano 30L 30,2 x 30,5 x 41,9 cm",Hogar,1,True,False,False,False,False
CAT-1519,Albóndigas guisadas,Platos preparados,1,True,False,False,False,False
CAT-1522,Rodaja de emperador ultracongelado,Congelados,1,True,False,False,False,False
CAT-1525,Vinagre de Limpieza concentrado,Hogar,1,True,False,False,False,False
CAT-1526,Bolsas congelación medianas reutilizables,Hogar,1,True,False,False,False,False
CAT-1528,Cuquitos sabor queso,Desayuno y Snack,1,True,False,False,False,False
CAT-1530,Quinoa cocida blanca y roja Sabroz,Despensa,1,True,False,False,False,False
CAT-1531,Chorizo ibérico extra La Hacienda del ibérico lonchas,Carnicería y Charcutería,1,True,False,False,False,False
CAT-1532,Chorizo de cebo ibérico cortado a máquina,Carnicería y Charcutería,1,True,False,False,False,False
CAT-1533,Chorizo de bellota ibérico cortado a máquina,Carnicería y Charcutería,1,True,False,False,False,False
CAT-1534,Queso precortado de cabra,Lácteos y Huevos,1,True,False,False,False,False
CAT-1535,Sepia faraónica limpia congelada,Congelados,1,True,False,False,False,False
CAT-1536,Empanadilla de pollo 10% y bechamel,Panadería y Pastelería,1,True,False,False,False,False
CAT-1704,Vino tinto Pieza Rey DO Rioja,Bebidas,1,True,False,False,False,False
CAT-1705,Pelota para cocido de cerdo,Carnicería y Charcutería,1,True,False,False,False,False
CAT-1708,Cachopo de vacuno con jamón y queso sin gluten,Carnicería y Charcutería,1,True,False,False,False,False
CAT-1709,Codillo de cerdo,Carnicería y Charcutería,1,True,False,False,False,False
CAT-1711,Galletas Cream Cookies,Desayuno y Snack,1,True,False,False,False,False
CAT-1712,Champú Color Vive Elvive cabello teñido o con mechas,Cuidado personal e Higiene,1,True,False,False,False,False
CAT-1713,Loción corporal Hidrata aloe vera y ácido hialurónico,Cuidado personal e Higiene,1,True,False,False,False,False
CAT-1714,Sérum facial reparador Micro Cápsulas,Cuidado personal e Higiene,1,True,False,False,False,False
CAT-1717,Difusor ambientador eléctrico,Hogar,1,True,False,False,False,False
CAT-1718,Perfilador de ojos 01 negro,Cuidado personal e Higiene,1,True,False,False,False,False
CAT-1719,Perfilador de ojos 02 marrón,Cuidado personal e Higiene,1,True,False,False,False,False
CAT-1720,Postre lácteo sabor coco +Proteínas 0% MG 10 g proteínas,Lácteos y Huevos,1,True,False,False,False,False
CAT-1722,Té negro PG tips,Desayuno y Snack,1,True,False,False,False,False
CAT-1724,Malta Maltín Polar,Bebidas,1,True,False,False,False,False
CAT-1726,"Salchichas cocidas con leche Campofrío de pollo, cerdo y pavo",Carnicería y Charcutería,1,True,False,False,False,False
CAT-1728,Macedonia mix de frutas en almíbar,Conservas y Enlatados,1,True,False,False,False,False
CAT-1729,Compango,Carnicería y Charcutería,1,True,False,False,False,False
CAT-1731,Comprimidos cabello y uñas,Cuidado personal e Higiene,1,True,False,False,False,False
CAT-1538,Galletas saladas salpicks Galbusera,Panadería y Pastelería,1,True,False,False,False,False
CAT-1539,Crackers 30% integral,Panadería y Pastelería,1,True,False,False,False,False
CAT-1540,Crackers con sal,Panadería y Pastelería,1,True,False,False,False,False
CAT-1541,Crackers sin gluten con romero,Panadería y Pastelería,1,True,False,False,False,False
CAT-1546,Paté de hígado de cerdo sabor intenso,Carnicería y Charcutería,1,True,False,False,False,False
CAT-1547,Queso lonchas de cabra,Lácteos y Huevos,1,True,False,False,False,False
CAT-1549,Crema facial Hidrata ácido hialurónico y aloe vera,Cuidado personal e Higiene,1,True,False,False,False,False
CAT-1550,"Molde de aluminio cuadrado 2,7L Alibérico",Hogar,1,True,False,False,False,False
CAT-1551,"Molde de aluminio rectangular 0,5L Alibérico",Hogar,1,True,False,False,False,False
CAT-1554,Bolsas de basura mini perfumadas 10L cubo pequeño,Hogar,1,True,False,False,False,False
CAT-1555,Bolsas de basura jardín 100L cubo industrial,Hogar,1,True,False,False,False,False
CAT-1556,Bolsas para residuos caninos Nuske Doggy bags,Mascotas,1,True,False,False,False,False
CAT-1559,Sepia faraónica troceada limpia congelada,Congelados,1,True,False,False,False,False
CAT-1560,Hidratante facial BB cream 01 claro FPS,Cuidado personal e Higiene,1,True,False,False,False,False
CAT-1562,Queso grana padano Zanetti,Lácteos y Huevos,1,True,False,False,False,False
CAT-1565,Hidratante facial BB cream 02 medio FPS,Cuidado personal e Higiene,1,True,False,False,False,False
CAT-1566,Queso brie marcillat de vaca Plaisir de Roy,Lácteos y Huevos,1,True,False,False,False,False
CAT-1569,Filetes de panga ultracongelados,Congelados,1,True,False,False,False,False
CAT-1570,Coloración permanente 0% amoníaco 8.66 rojo rubí Colorcor,Cuidado personal e Higiene,1,True,False,False,False,False
CAT-1571,Crema facial fluida hidratante Oil Free,Cuidado personal e Higiene,1,True,False,False,False,False
CAT-1572,Crema facial hidratante anti-rojeces Sensitive Vitamina K Ox,Cuidado personal e Higiene,1,True,False,False,False,False
CAT-1576,Queso tierno maasdam de vaca Holland Corona,Lácteos y Huevos,1,True,False,False,False,False
CAT-1584,Bases de pizza sin gluten sin lactosa ultracongeladas,Congelados,1,True,False,False,False,False
CAT-1589,Alubia cocida pinta,Despensa,1,True,False,False,False,False
CAT-1802,Jamón serrano Incarlopsa lonchas extrafinas,Carnicería y Charcutería,1,True,False,False,False,False
CAT-1808,Sorbete de açaí sabor guaraná,Congelados,1,True,False,False,False,False
CAT-1732,Polvo Compacto 24H Long Lasting 02 beige rosado,Cuidado personal e Higiene,1,True,False,False,False,False
CAT-1733,Polvo Compacto 24H Long Lasting 03 dorado,Cuidado personal e Higiene,1,True,False,False,False,False
CAT-1735,Gofres con chocolate,Panadería y Pastelería,1,True,False,False,False,False
CAT-1736,Almendra palitos,Bazar y Varios,1,True,False,False,False,False
CAT-1737,Cocido,Platos preparados,1,True,False,False,False,False
CAT-1738,Fruta + leche caribe sin azúcares añadidos,Bebidas,1,True,False,False,False,False
CAT-1740,Champú Hydra hyaluronic cabello de normal a seco,Cuidado personal e Higiene,1,True,False,False,False,False
CAT-1741,Bacón Oscar Mayer lonchas,Carnicería y Charcutería,1,True,False,False,False,False
CAT-1746,Mini helados,Congelados,1,True,False,False,False,False
CAT-1749,Salmón marinado,Pescadería,1,True,False,False,False,False
CAT-1750,Tortellini tres quesos Pagani,Despensa,1,True,False,False,False,False
CAT-1754,Salchichas cocidas estilo Frankfurt de pollo y cerdo sabor ahumado,Carnicería y Charcutería,1,True,False,False,False,False
CAT-1755,Chorizo de Tarancón Bricio,Carnicería y Charcutería,1,True,False,False,False,False
CAT-1756,Lomo,Carnicería y Charcutería,1,True,False,False,False,False
CAT-1757,Atún claro en escabeche blanco,Conservas y Enlatados,1,True,False,False,False,False
CAT-1761,Pasta fresca girasoles rellena de quesos,Despensa,1,True,False,False,False,False
CAT-1765,Queso añejo ibérico mezcla cortado en cuñitas,Lácteos y Huevos,1,True,False,False,False,False
CAT-1768,Longaniza clásica extra,Carnicería y Charcutería,1,True,False,False,False,False
CAT-1772,Ensaladilla rusa grande Listo para Comer,Platos preparados,1,True,False,False,False,False
CAT-1814,Snack de maíz Redes sabor barbacoa,Desayuno y Snack,1,True,False,False,False,False
CAT-1815,Cereales con salvado de trigo Fibra Sticks,Desayuno y Snack,1,True,False,False,False,False
CAT-1823,Pollo marinado rebozado Crispy American Style ultracongelado,Carnicería y Charcutería,1,True,False,False,False,False
CAT-1836,Mejillones de Chile en escabeche pequeños,Conservas y Enlatados,1,True,False,False,False,False
CAT-1840,Filtros de café para cafeteras tamaño 2 y,Desayuno y Snack,1,True,False,False,False,False
CAT-1841,Gel de baño marino y cedro piel normal,Cuidado personal e Higiene,1,True,False,False,False,False
CAT-5303,Lacon Cocido Al Horno En Lonchas Carrefour El Mercado Sin Gluten Y Sin Lactosa 200 G,Sin categoría,1,True,False,False,False,False
CAT-5304,Lacon Al Horno En Lascas En Lonchas Carrefour El Mercado Sin Gluten Y Sin Lactosa 250 G,Sin categoría,1,True,False,False,False,False
CAT-5324,Esparadrapo Microporoso Pieles Sensibles 5 M X 25 Cm Carrefour Soft 1 Ud,Sin categoría,1,True,False,False,False,False
CAT-5312,Refresco De Naranja Zero Carrefour Classic Botella 15 L,Bebidas,1,True,False,False,False,False
CAT-5315,Salsa Alioli Carrefour Classic Sin Gluten Y Sin Lactosa 300 G,Despensa,1,True,False,False,False,False
CAT-5803,Hilo Dental Carrefour Soft Pack De 2 Unidades De 50 M,Cuidado personal e Higiene,1,True,False,False,False,False
CAT-1695,Stick de árnica Cata Pum,Cuidado personal e Higiene,1,True,False,False,False,False
CAT-1697,Difusor multifragancia eléctrico,Hogar,1,True,False,False,False,False
CAT-1698,"Bocaditos en salsa gato adulto Lechat Excellence con pollo, pavo y verduras",Mascotas,1,True,False,False,False,False
CAT-1699,"Alimento completo para roedores Granzoo hámster, cobaya y chinchilla",Mascotas,1,True,False,False,False,False
CAT-1903,Eau de parfum mujer Éclant Shine,Cuidado personal e Higiene,1,True,False,False,False,False
CAT-1920,Garrofón ultracongelado,Congelados,1,True,False,False,False,False
CAT-1904,Pintalabios Mate 111 marrón,Cuidado personal e Higiene,1,True,False,False,False,False
CAT-1906,Maíz dulce ultracongelado,Congelados,1,True,False,False,False,False
CAT-1907,Edulcorante stevia en sobres,Despensa,1,True,False,False,False,False
CAT-5556,Gel De Ducha Leche Y Miel Carrefour 750 Ml ,Cuidado personal e Higiene,1,True,False,False,False,False
CAT-0151,Pan integral de trigo 100% rebanado,Panadería y Pastelería,1,True,False,False,False,False
CAT-0152,Pizza carnívora,Congelados,1,True,False,False,False,False
CAT-1575,Alubia cocida roja,Despensa,1,True,False,False,False,False
CAT-1580,Queso en polvo grana padano,Lácteos y Huevos,1,True,False,False,False,False
CAT-1583,Bases de pizza artesanas extrafinas y crujientes ultracongeladas,Congelados,1,True,False,False,False,False
CAT-1590,Alubia blanca,Despensa,1,True,False,False,False,False
CAT-1593,Pasta penne Armando,Despensa,1,True,False,False,False,False
CAT-1597,Queso fresco mascarpone de vaca,Lácteos y Huevos,1,True,False,False,False,False
CAT-1600,Queso fresco light de vaca,Lácteos y Huevos,1,True,False,False,False,False
CAT-1803,Gamba pelada cruda tamaño mediano ultracongelada,Congelados,1,True,False,False,False,False
CAT-1806,Filetes de melva en aceite de oliva,Conservas y Enlatados,1,True,False,False,False,False
CAT-1807,Filetes de melva canutera con pimientos del piquillo en aceite de oliva,Conservas y Enlatados,1,True,False,False,False,False
CAT-1673,Cápsulas Probiótico,Cuidado personal e Higiene,1,True,False,False,False,False
CAT-1674,Zanahorias,Frutas y Verduras,1,True,False,False,False,False
CAT-1677,Limpiador WC Polvo Activo,Hogar,1,True,False,False,False,False
CAT-1678,Multi corrector Rimmel London 20 fair,Cuidado personal e Higiene,1,True,False,False,False,False
CAT-1681,Multi corrector Rimmel London 50 sand,Cuidado personal e Higiene,1,True,False,False,False,False
CAT-1684,Café en cápsulas doble espresso,Desayuno y Snack,1,True,False,False,False,False
CAT-1685,Cereales copos tostados de trigo integral y arroz con chocolate,Desayuno y Snack,1,True,False,False,False,False
CAT-1686,Tortellini carne Pagani,Despensa,1,True,False,False,False,False
CAT-1687,Cereales avena Crunchy de cacao,Desayuno y Snack,1,True,False,False,False,False
CAT-1689,Helado mini cucurucho nata sin azúcares añadidos,Congelados,1,True,False,False,False,False
CAT-1691,Sopa de verduras,Conservas y Enlatados,1,True,False,False,False,False
CAT-1692,Laca cabello Forte fijación,Cuidado personal e Higiene,1,True,False,False,False,False
CAT-1693,Laca cabello Xtra Forte fijación,Cuidado personal e Higiene,1,True,False,False,False,False
CAT-1694,Laca de uñas alto brillo 78 rojo,Cuidado personal e Higiene,1,True,False,False,False,False
CAT-1908,Chicles menta fuerte gragea,"Azúcar, caramelos y chocolate",1,True,False,False,False,False
CAT-1909,Chicles hierbabuena gragea,"Azúcar, caramelos y chocolate",1,True,False,False,False,False
CAT-1910,Chicles menta suave gragea,"Azúcar, caramelos y chocolate",1,True,False,False,False,False
CAT-1912,Porciones de merluza del Cabo sin piel ultracongeladas,Congelados,1,True,False,False,False,False
CAT-1811,Helado Golden Pecan de vainilla,Congelados,1,True,False,False,False,False
CAT-1817,Camarón boreal cocido y pelado Royal Greenland ultracongelado,Congelados,1,True,False,False,False,False
CAT-1818,Gamba pelada cruda tamaño grande ultracongelada,Congelados,1,True,False,False,False,False
CAT-1820,Sérum reductor instantáneo de bolsas Sisbela Reafirm con péptidos,Cuidado personal e Higiene,1,True,False,False,False,False
CAT-1821,"Banderillas Gildas pinchos de aceituna, anchoa y guindilla",Despensa,1,True,False,False,False,False
CAT-1826,2 Baguettes para hornear,Panadería y Pastelería,1,True,False,False,False,False
CAT-1827,Tortilla de patata con calabacín Listo para Comer,Platos preparados,1,True,False,False,False,False
CAT-1828,Pan de hamburguesa Rústico 100% integral,Panadería y Pastelería,1,True,False,False,False,False
CAT-1830,Crema decolorante rostro y cuerpo piel sensible,Cuidado personal e Higiene,1,True,False,False,False,False
CAT-1838,Tratamiento Anti Frizz todo tipo de cabello,Cuidado personal e Higiene,1,True,False,False,False,False
CAT-1839,Toallitas refrescantes,Cuidado personal e Higiene,1,True,False,False,False,False
CAT-1842,Gel de baño vainilla y miel piel normal,Cuidado personal e Higiene,1,True,False,False,False,False
CAT-1843,Longaniza magro fresca,Carnicería y Charcutería,1,True,False,False,False,False
CAT-1845,Perfilador de ojos Waterproof 15 azul,Cuidado personal e Higiene,1,True,False,False,False,False
CAT-1847,Panes integrales 100% fino,Panadería y Pastelería,1,True,False,False,False,False
CAT-1916,Espárrago verde troceado ultracongelado,Congelados,1,True,False,False,False,False
CAT-1930,Lomo de bacalao MareDeus ultracongelado,Congelados,1,True,False,False,False,False
CAT-1946,Alistado mediano ultracongelado,Congelados,1,True,False,False,False,False
CAT-1968,Calamar patagónico pequeño ultracongelado,Congelados,1,True,False,False,False,False
CAT-1987,Pizzas tomate y queso ultracongeladas,Congelados,1,True,False,False,False,False
CAT-5325,Esparadrapo Textil Blanco 5 M X 25 Cm Carrefour Soft 1 Ud,Sin categoría,1,True,False,False,False,False
CAT-5506,Barritas Con Frutas Para Conejos Carrefour 2 Ud,Sin categoría,1,True,False,False,False,False
CAT-5504,Galletas Para Roedores Carrefour 6 Ud,Desayuno y Snack,1,True,False,False,False,False
CAT-5505,Hierba Para Gatos Carrefour ,Mascotas,1,True,False,False,False,False
CAT-5534,Pera Conferencia Carrefour Seleccion 4 Ud,Sin categoría,1,True,False,False,False,False
CAT-5531,3 Estropajos Salvaunas Carrefour   Verde,Hogar,1,True,False,False,False,False
CAT-5547,Helado De Vainilla De Madagascar Ecologico Carrefour Bio 450 G ,Congelados,1,True,False,False,False,False
CAT-5525,Jamon Serrano Gran Reserva En Lonchas Carrefour El Mercado Sin Gluten Y Sin Lactosa 90 G,Carnicería y Charcutería,1,True,False,False,False,False
CAT-5528,Toallitas Para Bebe Sensitive My Carrefour Baby 216 Ud,Bebes,1,True,False,False,False,False
CAT-5559,Medio Flautin Con Cereales Carrefour 1 Ud,Sin categoría,1,True,False,False,False,False
CAT-5573,Lejia Expert Carrefour 5 L,Hogar,1,True,False,False,False,False
CAT-5577,Pipetas Repelentes Contra Insectos Para Perros Pequenos Carrefour 3X1 Ml,Mascotas,1,True,False,False,False,False
CAT-5578,Gofre De Chocolate Negro Carrefour Classic Pack De 6 Unidades De 60 G,"Azúcar, caramelos y chocolate",1,True,False,False,False,False
CAT-5597,Centro De Jamon Serrano Gran Reserva En Lonchas Carrefour 170 G Aprox,Carnicería y Charcutería,1,True,False,False,False,False
CAT-5637,Pimientos Del Piquillo En Tiras Al Ajillo Classic Carrefour 225 G,Sin categoría,1,True,False,False,False,False
CAT-5806,Cinta Dental Carrefour Soft Pack De 2 Unidades De 50 M,Sin categoría,1,True,False,False,False,False
CAT-1913,Cola de rape del Cabo sin piel ultracongelada,Congelados,1,True,False,False,False,False
CAT-1784,Pasta fresca girasoles rellena de queso de cabra y cebolla caramelizada,Despensa,1,True,False,False,False,False
CAT-1969,Pizza masa fina 4 quesos ultracongelada,Congelados,1,True,False,False,False,False
CAT-1914,Tiras de potón del Pacífico congeladas,Congelados,1,True,False,False,False,False
CAT-1988,Pizza Americana ultracongelada,Congelados,1,True,False,False,False,False
CAT-1775,Pasta fresca medialunas rellenas de parmigiano reggiano y trufa,Despensa,1,True,False,False,False,False
CAT-1776,Mini chorizo ibérico extra La Hacienda del ibérico,Carnicería y Charcutería,1,True,False,False,False,False
CAT-1777,Pasta fresca ravioli rellena de calabaza con cebolla,Despensa,1,True,False,False,False,False
CAT-1785,Fideos orientales sabor pollo,Despensa,1,True,False,False,False,False
CAT-1786,Salchichas cocidas de cerdo estilo Bratwurst,Carnicería y Charcutería,1,True,False,False,False,False
CAT-1787,Chorizo cular ibérico extra La Hacienda del ibérico,Carnicería y Charcutería,1,True,False,False,False,False
CAT-1792,Panes de cristal redondos cortados 100 % natural,Panadería y Pastelería,1,True,False,False,False,False
CAT-1793,Sándwiches jamón y queso,Platos preparados,1,True,False,False,False,False
CAT-1794,Fideos orientales sabor picante,Despensa,1,True,False,False,False,False
CAT-1795,Noodles Ramen,Despensa,1,True,False,False,False,False
CAT-1798,Chopped cerdo lonchas,Carnicería y Charcutería,1,True,False,False,False,False
CAT-1799,Jamón serrano lonchas Incarlopsa,Carnicería y Charcutería,1,True,False,False,False,False
CAT-1800,Jamón serrano medias lonchas Jamcal,Carnicería y Charcutería,1,True,False,False,False,False
CAT-2002,Chocolate extrafino con leche 0% azúcares añadidos,"Azúcar, caramelos y chocolate",1,True,False,False,False,False
CAT-1921,Pimientos en tiras condimentados,Conservas y Enlatados,1,True,False,False,False,False
CAT-1922,Chicles jengibre gragea,"Azúcar, caramelos y chocolate",1,True,False,False,False,False
CAT-1923,"Chicles Melones ácidos sabor melón, fresa, melocotón y frambuesa","Azúcar, caramelos y chocolate",1,True,False,False,False,False
CAT-1924,Caramelos nata 0% azúcares,"Azúcar, caramelos y chocolate",1,True,False,False,False,False
CAT-1925,Caramelos café 0% azúcares,"Azúcar, caramelos y chocolate",1,True,False,False,False,False
CAT-1928,Puntilla de la Índia congelada,Congelados,1,True,False,False,False,False
CAT-1929,Migas de bacalao sin piel MareDeus ultracongeladas,Congelados,1,True,False,False,False,False
CAT-1931,Lenguado negro limpio ultracongelado,Congelados,1,True,False,False,False,False
CAT-1934,Ensalada china con mazorquitas,Conservas y Enlatados,1,True,False,False,False,False
CAT-1935,Mazorquitas de maíz agridulce,Conservas y Enlatados,1,True,False,False,False,False
CAT-1938,Caramelos blandos Fruits,"Azúcar, caramelos y chocolate",1,True,False,False,False,False
CAT-1939,Caramelos miel sabor limón Pifarré,"Azúcar, caramelos y chocolate",1,True,False,False,False,False
CAT-1940,Caramelos regaliz mentol Respiral Halls,"Azúcar, caramelos y chocolate",1,True,False,False,False,False
CAT-1941,Caramelos jengibre y própolis 0% azúcares,"Azúcar, caramelos y chocolate",1,True,False,False,False,False
CAT-1942,Caramelos sabor lima 0% azúcares,"Azúcar, caramelos y chocolate",1,True,False,False,False,False
CAT-1945,Chocolate negro 55% cacao con almendras,"Azúcar, caramelos y chocolate",1,True,False,False,False,False
CAT-1947,Aritos de surimi a la romana ultracongelados,Congelados,1,True,False,False,False,False
CAT-1948,Chucrut al estilo bávaro Hengstenberg,Conservas y Enlatados,1,True,False,False,False,False
CAT-1949,Acelgas troceadas,Conservas y Enlatados,1,True,False,False,False,False
CAT-1952,Desodorante power antimanchas,Cuidado personal e Higiene,1,True,False,False,False,False
CAT-1954,Desodorante Dark antimanchas,Cuidado personal e Higiene,1,True,False,False,False,False
CAT-1956,Fresas enteras ultracongeladas,Congelados,1,True,False,False,False,False
CAT-1957,Arándanos enteros ultracongelados,Congelados,1,True,False,False,False,False
CAT-1959,Porciones de Chocolate negro 85% cacao extrafino,"Azúcar, caramelos y chocolate",1,True,False,False,False,False
CAT-1960,Chocolate negro 72% cacao con trozos de naranja,"Azúcar, caramelos y chocolate",1,True,False,False,False,False
CAT-1961,Chocolate negro 85% cacao extrafino y edulcorante 0% azúcares añadidos,"Azúcar, caramelos y chocolate",1,True,False,False,False,False
CAT-1966,Chocolate negro 70% cacao fundir 0% azúcares añadidos,"Azúcar, caramelos y chocolate",1,True,False,False,False,False
CAT-1970,Rollitos primavera ultracongelados,Congelados,1,True,False,False,False,False
CAT-1971,Crepes ultracongelados,Congelados,1,True,False,False,False,False
CAT-1973,99% cacao negro,"Azúcar, caramelos y chocolate",1,True,False,False,False,False
CAT-1978,Puré de patatas en copos,Conservas y Enlatados,1,True,False,False,False,False
CAT-1989,Fingers de queso ultracongelados,Congelados,1,True,False,False,False,False
CAT-1993,Cebolla troceada ultracongelada,Congelados,1,True,False,False,False,False
CAT-1994,Judía verde redonda ultracongelada,Congelados,1,True,False,False,False,False
CAT-1996,Ajo tierno ultracongelado,Congelados,1,True,False,False,False,False
CAT-2000,Caldo de marisco o fideuá para paella con sofrito,Conservas y Enlatados,1,True,False,False,False,False
CAT-2202,Toallitas limpiadoras de suelo,Hogar,1,True,False,False,False,False
CAT-2206,Plumero de avestruz extensible,Hogar,1,True,False,False,False,False
CAT-2207,Picos,Desayuno y Snack,1,True,False,False,False,False
CAT-2009,"Barra de helado sabor vainilla, chocolate y nata",Congelados,1,True,False,False,False,False
CAT-2010,Hielo cocktail,Congelados,1,True,False,False,False,False
CAT-2013,Habas fina ultracongelada,Congelados,1,True,False,False,False,False
CAT-2015,Salteado de setas ultracongeladas,Congelados,1,True,False,False,False,False
CAT-2017,Ajo troceado ultracongelado,Congelados,1,True,False,False,False,False
CAT-2018,Alcachofa baby ultracongelada,Congelados,1,True,False,False,False,False
CAT-2021,Chocolate con leche Fussion relleno de crema de pistacho y masa filo tostada,"Azúcar, caramelos y chocolate",1,True,False,False,False,False
CAT-2022,Chocolate blanco fundir,"Azúcar, caramelos y chocolate",1,True,False,False,False,False
CAT-2023,Golosinas Moras,"Azúcar, caramelos y chocolate",1,True,False,False,False,False
CAT-2024,Golosinas Nubi Mallow,"Azúcar, caramelos y chocolate",1,True,False,False,False,False
CAT-2029,Barritas de barquillo Meivel rellenas de turrón Viena y cacahuete,"Azúcar, caramelos y chocolate",1,True,False,False,False,False
CAT-2030,Vino blanco semidulce Diamante DO Rioja,Bebidas,1,True,False,False,False,False
CAT-2033,Disquitos Pintarolas de chocolate con leche coloreados,"Azúcar, caramelos y chocolate",1,True,False,False,False,False
CAT-2034,Coles de Bruselas ultracongeladas,Congelados,1,True,False,False,False,False
CAT-2035,Coliflor ultracongelada,Congelados,1,True,False,False,False,False
CAT-2038,Vino blanco Casón Histórico,Bebidas,1,True,False,False,False,False
CAT-2039,Vino blanco Don Simón chardonnay airén,Bebidas,1,True,False,False,False,False
CAT-2040,Vino blanco Marina Alta DO Alicante,Bebidas,1,True,False,False,False,False
CAT-2042,Dentífrico Protección Caries Colgate,Cuidado personal e Higiene,1,True,False,False,False,False
CAT-2043,Cacahuetes chocolate con leche,"Azúcar, caramelos y chocolate",1,True,False,False,False,False
CAT-2045,Cacahuetes Chocoiris bañados de chocolate con leche coloreados,"Azúcar, caramelos y chocolate",1,True,False,False,False,False
CAT-2046,Huevos sorpresa de chocolate dibujo,"Azúcar, caramelos y chocolate",1,True,False,False,False,False
CAT-2048,Cerveza Radler Steinburg con zumo natural de limón,Bebidas,1,True,False,False,False,False
CAT-2050,Sangría Casón Histórico,Bebidas,1,True,False,False,False,False
CAT-2053,Vino rosado Clarete Arteso DO Rioja,Bebidas,1,True,False,False,False,False
CAT-2062,Edulcorante Eritritol y Sucralosa,Despensa,1,True,False,False,False,False
CAT-2077,Yogur azucarado YogoMix Discos con disquitos chocolateados,Lácteos y Huevos,1,True,False,False,False,False
CAT-2085,Lote Precision System 6 hojas,Cuidado personal e Higiene,1,True,False,False,False,False
CAT-2087,Jabón de manos en pastilla Beauty Cream Bar Dove,Cuidado personal e Higiene,1,True,False,False,False,False
CAT-2092,Vaso pequeño apto para bebida caliente,Hogar,1,True,False,False,False,False
CAT-2097,Petit de bolsillo de fresa,Lácteos y Huevos,1,True,False,False,False,False
CAT-2098,Petit Nesquik Nestlé,Lácteos y Huevos,1,True,False,False,False,False
CAT-2308,Cápsulas para ojos Regen Skin,Cuidado personal e Higiene,1,True,False,False,False,False
CAT-5810,Tinto De Verano Clasico Carrefour Sensation 15 L,Sin categoría,1,True,False,False,False,False
CAT-5813,Vino De Verano Con Limon Carrefour Sensation Botella 15 L,Bebidas,1,True,False,False,False,False
CAT-5814,Tinto De Verano Con Limon 00 Alcohol Sin Azucar Anadido Carrefour Sensation Botella 15 L,Despensa,1,True,False,False,False,False
CAT-5808,6 Bayetas Multiusos  Carrefour     Amarilla,Hogar,1,True,False,False,False,False
CAT-5809,2 Bayetas De Cristales  Carrefour     Beige,Hogar,1,True,False,False,False,False
CAT-1865,Bebida espirituosa Convidado de Baco,Bebidas,1,True,False,False,False,False
CAT-2110,Flan de huevo,Lácteos y Huevos,1,True,False,False,False,False
CAT-0423,Perfilador de labios Long Lasting 15 canela claro,Cuidado personal e Higiene,1,True,False,False,False,False
CAT-1849,Sazonador pasta,Despensa,1,True,False,False,False,False
CAT-1851,Pastas de aceite,Desayuno y Snack,1,True,False,False,False,False
CAT-1853,Bebida energética Zero Furious Energy drink,Bebidas,1,True,False,False,False,False
CAT-1854,Tarta Cookies & Cream congelada,Congelados,1,True,False,False,False,False
CAT-1856,Loción after shave Fresh con alcohol,Cuidado personal e Higiene,1,True,False,False,False,False
CAT-1858,Eau de parfum mujer Como Tú Amor,Cuidado personal e Higiene,1,True,False,False,False,False
CAT-1859,Eau de parfum mujer Como Tú Atracción,Cuidado personal e Higiene,1,True,False,False,False,False
CAT-1863,Patatas fritas con carne kebab y salsa,Platos preparados,1,True,False,False,False,False
CAT-1868,Salchichón ibérico extra La Hacienda del ibérico lonchas,Carnicería y Charcutería,1,True,False,False,False,False
CAT-1869,Piñones,Despensa,1,True,False,False,False,False
CAT-1870,Edulcorante en pastillas sacarina,Despensa,1,True,False,False,False,False
CAT-1872,Tubo de pota Argentina limpio congelado,Congelados,1,True,False,False,False,False
CAT-1873,Tarta infantil balón de fútbol congelada,Congelados,1,True,False,False,False,False
CAT-1874,Mejillones en escabeche medianos,Conservas y Enlatados,1,True,False,False,False,False
CAT-1875,Lote corporal hombre Axe Dark Temptation,Cuidado personal e Higiene,1,True,False,False,False,False
CAT-1880,Magdalenas,Panadería y Pastelería,1,True,False,False,False,False
CAT-1882,Mejillones al natural pequeños,Conservas y Enlatados,1,True,False,False,False,False
CAT-1883,Eau de parfum hombre Como Tú Fuerza,Cuidado personal e Higiene,1,True,False,False,False,False
CAT-1884,Eau de parfum hombre Como Tú Viento,Cuidado personal e Higiene,1,True,False,False,False,False
CAT-1885,Cardo ultracongelado,Congelados,1,True,False,False,False,False
CAT-1886,Pasta fusilli 100% lentejas rojas Felicia,Despensa,1,True,False,False,False,False
CAT-1887,Salteado de patata y salchicha ultracongelado,Congelados,1,True,False,False,False,False
CAT-1890,Sirope de agave,Despensa,1,True,False,False,False,False
CAT-1892,Edulcorante en pastillas stevia,Despensa,1,True,False,False,False,False
CAT-1893,Rodajas de emperador pequeñas ultracongeladas,Congelados,1,True,False,False,False,False
CAT-1894,Lote hombre Gesto,Cuidado personal e Higiene,1,True,False,False,False,False
CAT-1896,Pintalabios Mate 107 caldera,Cuidado personal e Higiene,1,True,False,False,False,False
CAT-1897,Yogur con frutas,Lácteos y Huevos,1,True,False,False,False,False
CAT-1898,Mix frutos rojos ultracongeladas,Congelados,1,True,False,False,False,False
CAT-1899,Parrillada de verduras ultracongeladas,Congelados,1,True,False,False,False,False
CAT-2105,Calamar en tinta,Conservas y Enlatados,1,True,False,False,False,False
CAT-2107,Sérum Plex Repair cabello muy dañado,Cuidado personal e Higiene,1,True,False,False,False,False
CAT-2111,Danonino sabor fresa Danone,Lácteos y Huevos,1,True,False,False,False,False
CAT-2132,Surtido de caramelos Diver Xuxes,"Azúcar, caramelos y chocolate",1,True,False,False,False,False
CAT-2133,Golosinas Mix azúcar,"Azúcar, caramelos y chocolate",1,True,False,False,False,False
CAT-2051,Vino blanco suave y afrutado El Pescaito,Bebidas,1,True,False,False,False,False
CAT-2052,Vino fino Corredera DO Montilla-Moriles,Bebidas,1,True,False,False,False,False
CAT-2055,Mascarilla Hydra hyaluronic cabello de normal a seco,Cuidado personal e Higiene,1,True,False,False,False,False
CAT-2056,Tostadas de arroz y maíz,Panadería y Pastelería,1,True,False,False,False,False
CAT-2059,Vino blanco dulce Finca La Malcriada DO Valencia,Bebidas,1,True,False,False,False,False
CAT-2064,Alubia roja,Despensa,1,True,False,False,False,False
CAT-2065,Golosinas Fresi Pink Mix,"Azúcar, caramelos y chocolate",1,True,False,False,False,False
CAT-2067,Salteado de verduras ultracongelado,Congelados,1,True,False,False,False,False
CAT-2068,"Mascarilla Ultra Platinum cabello gris, rubio y decolorado",Cuidado personal e Higiene,1,True,False,False,False,False
CAT-2070,Sérum facial Ácido Hialurónico y Ceramidas Hidrata,Cuidado personal e Higiene,1,True,False,False,False,False
CAT-2071,Perfilador de labios Long Lasting 10 canela,Cuidado personal e Higiene,1,True,False,False,False,False
CAT-2072,Perfilador de ojos Eyeliner waterproof negro,Cuidado personal e Higiene,1,True,False,False,False,False
CAT-2075,Flan de café,Lácteos y Huevos,1,True,False,False,False,False
CAT-2076,Flan de huevo +Proteínas 0% MG 0% azúcares añadidos 10 g proteínas,Lácteos y Huevos,1,True,False,False,False,False
CAT-2078,Sérum Be Radiant 10 en 1 cabello apagado,Cuidado personal e Higiene,1,True,False,False,False,False
CAT-2082,Mix mini barritas de chocolate,"Azúcar, caramelos y chocolate",1,True,False,False,False,False
CAT-2088,Hierbabuena,Frutas y Verduras,1,True,False,False,False,False
CAT-2090,Ambientador spray Sweet Blossom,Hogar,1,True,False,False,False,False
CAT-2091,Limpiagafas Spray con gamuza,Hogar,1,True,False,False,False,False
CAT-2094,Picos camperos,Desayuno y Snack,1,True,False,False,False,False
CAT-2100,Bombones delicias de avellana Delizze,"Azúcar, caramelos y chocolate",1,True,False,False,False,False
CAT-2301,"Lágrimas hidratantes para los ojos con hialuronato sódico 0,2%",Cuidado personal e Higiene,1,True,False,False,False,False
CAT-2302,Pintalabios Fluido Mate 13 nude beige,Cuidado personal e Higiene,1,True,False,False,False,False
CAT-2304,Sacapuntas doble lápiz fino y grueso,Cuidado personal e Higiene,1,True,False,False,False,False
CAT-2158,Coloración permanente 0% amoníaco 1 negro Colorcor,Cuidado personal e Higiene,1,True,False,False,False,False
CAT-2171,Preparado lácteo crecimiento Peques 3 Puleva,Bebes,1,True,False,False,False,False
CAT-2173,Coloración permanente 4 castaño Excellence Creme,Cuidado personal e Higiene,1,True,False,False,False,False
CAT-2174,Coloración permanente 4.15 chocolate helado Colorcor,Cuidado personal e Higiene,1,True,False,False,False,False
CAT-2176,Smoothie mango y naranja,Bebidas,1,True,False,False,False,False
CAT-2182,Guantes de nitrilo talla pequeña,Hogar,1,True,False,False,False,False
CAT-2184,Vino tinto Bobal Para Pecar,Bebidas,1,True,False,False,False,False
CAT-5836,Espinaca Troceada Carrefour El Mercado 300 G,Sin categoría,1,True,False,False,False,False
CAT-5838,Ensalada Gourmet Carrefour El Mercado 200 G,Sin categoría,1,True,False,False,False,False
CAT-5843,Baguette Carrefour 1 Ud,Panadería y Pastelería,1,True,False,False,False,False
CAT-5842,Suero Fisiologico Adulto Carrefour Soft Pack De 30 Unidades De 5 Ml,Cuidado personal e Higiene,1,True,False,False,False,False
CAT-5837,Canonigos Carrefour El Mercado 125 G,Frutas y Verduras,1,True,False,False,False,False
CAT-2470,5 Barras de pan 51% integral,Panadería y Pastelería,1,True,False,False,False,False
CAT-2115,Danonino sabor fresa y plátano Danone,Lácteos y Huevos,1,True,False,False,False,False
CAT-2116,Bombones de chocolate con leche Mini Peanut Cups relleno de crema y pedazos de cacahuete,"Azúcar, caramelos y chocolate",1,True,False,False,False,False
CAT-2118,Golosinas Xuxes Top Ten,"Azúcar, caramelos y chocolate",1,True,False,False,False,False
CAT-2120,Golosinas Boca Fruit,"Azúcar, caramelos y chocolate",1,True,False,False,False,False
CAT-2121,Grageas de regaliz,"Azúcar, caramelos y chocolate",1,True,False,False,False,False
CAT-2122,Sérum oil Curl Perfect cabello rizado,Cuidado personal e Higiene,1,True,False,False,False,False
CAT-2123,Sérum Liss Frizz Control iluminador,Cuidado personal e Higiene,1,True,False,False,False,False
CAT-2126,Champú Argan Oil cabello seco y dañado,Cuidado personal e Higiene,1,True,False,False,False,False
CAT-2128,Lechuga hoja roble,Frutas y Verduras,1,True,False,False,False,False
CAT-2130,Pimiento rojo,Frutas y Verduras,1,True,False,False,False,False
CAT-2131,Floretas de coliflor para microondas,Frutas y Verduras,1,True,False,False,False,False
CAT-2134,"Golosinas Rega Red Mix sabor fresa, nata y tutti frutti","Azúcar, caramelos y chocolate",1,True,False,False,False,False
CAT-2135,Golosinas tubos pica sabor fresa y nata,"Azúcar, caramelos y chocolate",1,True,False,False,False,False
CAT-2136,Golosinas Tropical Jelly,"Azúcar, caramelos y chocolate",1,True,False,False,False,False
CAT-2137,Golosinas Mega Dedo,"Azúcar, caramelos y chocolate",1,True,False,False,False,False
CAT-2139,Mermelada de melocotón monodosis,Desayuno y Snack,1,True,False,False,False,False
CAT-2141,Pimientos semipicantes,Frutas y Verduras,1,True,False,False,False,False
CAT-2142,Salteado de pimientos y cebolla cortado y lavado,Frutas y Verduras,1,True,False,False,False,False
CAT-2145,Batatas para microondas,Frutas y Verduras,1,True,False,False,False,False
CAT-2146,Salteado de verduras para microondas cortado y lavado,Frutas y Verduras,1,True,False,False,False,False
CAT-2148,Mermelada de higo,Desayuno y Snack,1,True,False,False,False,False
CAT-2150,Papilla zanahorias baby con ternera Hero Solo +6 meses,Bebes,1,True,False,False,False,False
CAT-2151,Papilla lentejas con verduritas Hero Solo recetas caseras +8 meses,Bebes,1,True,False,False,False,False
CAT-2152,Papilla fruta variada +4 meses,Bebes,1,True,False,False,False,False
CAT-2153,"Papilla plátano, mandarina y pera +4 meses",Bebes,1,True,False,False,False,False
CAT-2156,Instant conditioner Protect preventivo y sin aclarado,Cuidado personal e Higiene,1,True,False,False,False,False
CAT-2157,Coloración permanente 1 negro Colorcor,Cuidado personal e Higiene,1,True,False,False,False,False
CAT-2159,Coloración permanente 1.0 ultra negro Color Sensation,Cuidado personal e Higiene,1,True,False,False,False,False
CAT-2160,Coloración permanente 4 castaño 0% amoníaco Colorcor,Cuidado personal e Higiene,1,True,False,False,False,False
CAT-2161,Ensalada mezcla dúo canónigos y rúcula lavada,Frutas y Verduras,1,True,False,False,False,False
CAT-2165,Esponja facial desmaquillante vegetal,Cuidado personal e Higiene,1,True,False,False,False,False
CAT-2166,Papilla pera y manzana +4 meses,Bebes,1,True,False,False,False,False
CAT-2167,"Papilla plátano, fresa, arándanos y avena +8 meses",Bebes,1,True,False,False,False,False
CAT-2168,Bocaditos en gelatina gato adulto Delikuit,Mascotas,1,True,False,False,False,False
CAT-2170,Postre lácteo infantil de galleta +8 meses,Bebes,1,True,False,False,False,False
CAT-2172,Melocotón light sin azúcares añadidos,Conservas y Enlatados,1,True,False,False,False,False
CAT-2183,Fregona Resistente y Absorbente,Hogar,1,True,False,False,False,False
CAT-2187,Bacalao a rodajas,Pescadería,1,True,False,False,False,False
CAT-2188,Paté perro adulto Delikuit con salmón y verduras,Mascotas,1,True,False,False,False,False
CAT-2189,Trozos en salsa perro adulto Delikuit con salmón y verduras,Mascotas,1,True,False,False,False,False
CAT-2192,Coloración permanente 0% amoníaco 4.15 chocolate helado Colorcor,Cuidado personal e Higiene,1,True,False,False,False,False
CAT-2193,Recambio mopa microfibra pequeño,Hogar,1,True,False,False,False,False
CAT-2194,Preparado lácteo con cacao y cereales +1 año,Bebes,1,True,False,False,False,False
CAT-2198,Coloración permanente 5 castaño claro Colorcor,Cuidado personal e Higiene,1,True,False,False,False,False
CAT-2199,Guantes 100% nitrilo talla pequeña,Hogar,1,True,False,False,False,False
CAT-2401,Pan tostado classic,Panadería y Pastelería,1,True,False,False,False,False
CAT-2403,Panecillo tostado classic,Panadería y Pastelería,1,True,False,False,False,False
CAT-2404,Bollo con pepitas de chocolate Choco Buns,Panadería y Pastelería,1,True,False,False,False,False
CAT-2405,Bebida preparada de vodka sabor maracuyá Knebep Passion fruit,Bebidas,1,True,False,False,False,False
CAT-2406,Anís seco Limiñana,Bebidas,1,True,False,False,False,False
CAT-2407,Licor de hierbas Puente Pazos,Bebidas,1,True,False,False,False,False
CAT-2409,Loción corporal Bronz efecto bronceado,Cuidado personal e Higiene,1,True,False,False,False,False
CAT-2410,Eau de toilette infantil Marvel Spiderman,Cuidado personal e Higiene,1,True,False,False,False,False
CAT-2413,Crackers integrales de espelta Bachman,Panadería y Pastelería,1,True,False,False,False,False
CAT-2417,Crepes rellenos de chocolate,Panadería y Pastelería,1,True,False,False,False,False
CAT-2418,Pan campeón del mundo,Panadería y Pastelería,1,True,False,False,False,False
CAT-2419,Pan campeón del mundo rebanado,Panadería y Pastelería,1,True,False,False,False,False
CAT-2420,Panecillos tostados cereales y semillas,Panadería y Pastelería,1,True,False,False,False,False
CAT-2422,Bebida zumo de manzana El Lagar sin alcohol,Bebidas,1,True,False,False,False,False
CAT-2423,Cava brut Cabré & Sabaté,Bebidas,1,True,False,False,False,False
CAT-2424,Cava brut Señorío De Requena,Bebidas,1,True,False,False,False,False
CAT-2426,Fragancia Mist Pistacho Cream,Cuidado personal e Higiene,1,True,False,False,False,False
CAT-2427,Eau de parfum mujer My Soul Celestial Night,Cuidado personal e Higiene,1,True,False,False,False,False
CAT-2429,Barra de pan campesina masa madre rebanada,Panadería y Pastelería,1,True,False,False,False,False
CAT-2431,Barra de pan campesina masa madre,Panadería y Pastelería,1,True,False,False,False,False
CAT-2433,Pan tostado pasas,Panadería y Pastelería,1,True,False,False,False,False
CAT-2434,Pan tostado 100% espelta integral,Panadería y Pastelería,1,True,False,False,False,False
CAT-2439,Polvo Compacto 24H Long Lasting 05 bronceado,Cuidado personal e Higiene,1,True,False,False,False,False
CAT-2441,Cava semi seco Cabré & Sabaté,Bebidas,1,True,False,False,False,False
CAT-2442,Vino blanco Airén Sauvignon Blanc Fidencio DO La Mancha,Bebidas,1,True,False,False,False,False
CAT-2443,Pintalabios Mate 114 rosa medio,Cuidado personal e Higiene,1,True,False,False,False,False
CAT-2444,Maquinilla de afeitar recargable Gillette Fusion Sport 5 hojas,Cuidado personal e Higiene,1,True,False,False,False,False
CAT-2446,"Crema cara, cuerpo y manos Nivea Men",Cuidado personal e Higiene,1,True,False,False,False,False
CAT-2447,Gel facial limpiador Facial Clean,Cuidado personal e Higiene,1,True,False,False,False,False
CAT-2448,Crema facial noche antiarrugas renovadora Regen Skin con Bakuchiol,Cuidado personal e Higiene,1,True,False,False,False,False
CAT-2450,Barra de pan,Panadería y Pastelería,1,True,False,False,False,False
CAT-2451,Baguette masa madre,Panadería y Pastelería,1,True,False,False,False,False
CAT-2453,Pintalabios Mate 116 rojo intenso,Cuidado personal e Higiene,1,True,False,False,False,False
CAT-2456,Barra pan de aceite de oliva,Panadería y Pastelería,1,True,False,False,False,False
CAT-2457,Pan mini semillas,Panadería y Pastelería,1,True,False,False,False,False
CAT-2458,Pastel de crema 65%,Panadería y Pastelería,1,True,False,False,False,False
CAT-2459,3 Barras de pan aceite de oliva,Panadería y Pastelería,1,True,False,False,False,False
CAT-2460,Mosto tinto Casón Histórico,Bebidas,1,True,False,False,False,False
CAT-2461,Bebida refrescante aromatizada tinto sin alcohol light Castillo de Salobreña,Bebidas,1,True,False,False,False,False
CAT-2462,Lambrusco rosado frizzante dell'Emilia Piccolo Giovanni,Bebidas,1,True,False,False,False,False
CAT-2463,Vino rosado suave y goloso Alicia en el país de las uvas,Bebidas,1,True,False,False,False,False
CAT-2466,Pan 5 semillas,Panadería y Pastelería,1,True,False,False,False,False
CAT-2468,Gel de baño Dove 0% sulfato,Cuidado personal e Higiene,1,True,False,False,False,False
CAT-2473,Barra de pan tradicional,Panadería y Pastelería,1,True,False,False,False,False
CAT-2474,Pan Mini bocados,Panadería y Pastelería,1,True,False,False,False,False
CAT-2475,Pan tostado 100% integral bajo en sal y en azúcares,Panadería y Pastelería,1,True,False,False,False,False
CAT-2476,Mejillón vivo,Pescadería,1,True,False,False,False,False
CAT-2478,Vino tinto Casón Histórico,Bebidas,1,True,False,False,False,False
CAT-2480,Vino tinto Dominio de Borgia,Bebidas,1,True,False,False,False,False
CAT-2481,Sorbete corporal Posidonia,Cuidado personal e Higiene,1,True,False,False,False,False
CAT-2482,Crema corporal Olive,Cuidado personal e Higiene,1,True,False,False,False,False
CAT-2483,Manteca corporal Murumuru,Cuidado personal e Higiene,1,True,False,False,False,False
CAT-2484,Crema corporal Africa oil,Cuidado personal e Higiene,1,True,False,False,False,False
CAT-2485,Desodorante Lactovit anti irritaciones,Cuidado personal e Higiene,1,True,False,False,False,False
CAT-2487,Lote hombre My Soul Supreme,Cuidado personal e Higiene,1,True,False,False,False,False
CAT-2488,Protector solar bruma Sport Aqua Ecran FPS 50,Cuidado personal e Higiene,1,True,False,False,False,False
CAT-2489,Croissant de mantequilla 26%,Panadería y Pastelería,1,True,False,False,False,False
CAT-2493,Cocas de dacsa Susana congeladas,Congelados,1,True,False,False,False,False
CAT-2701,Café molido descafeinado Climent,Desayuno y Snack,1,True,False,False,False,False
CAT-2702,Tampones super 100% algodón,Cuidado personal e Higiene,1,True,False,False,False,False
CAT-2703,Bizcocho con azúcar moreno y nueces,Panadería y Pastelería,1,True,False,False,False,False
CAT-2718,Gel de baño argán piel muy seca,Cuidado personal e Higiene,1,True,False,False,False,False
CAT-2719,Café con leche light sin lactosa,Desayuno y Snack,1,True,False,False,False,False
CAT-2254,Coloración permanente 0% amoníaco 7.44 rubio cobrizo Colorcor,Cuidado personal e Higiene,1,True,False,False,False,False
CAT-2210,Maquinillas de afeitar desechables Gillette Blue Plus 2 hojas,Cuidado personal e Higiene,1,True,False,False,False,False
CAT-2490,Espiral al cacao,Panadería y Pastelería,1,True,False,False,False,False
CAT-2211,Preparado lácteo con cereales y frutas Peques 3 Puleva,Bebes,1,True,False,False,False,False
CAT-2212,Leche de continuación en polvo 2 Nativa Nestlé,Bebes,1,True,False,False,False,False
CAT-2214,Coloración permanente 2.10 negro azulado Colorcor,Cuidado personal e Higiene,1,True,False,False,False,False
CAT-2219,Ambientador perlas Tiernos Recuerdos,Hogar,1,True,False,False,False,False
CAT-2222,Coloración permanente 6.1 rubio oscuro ceniza Colorcor,Cuidado personal e Higiene,1,True,False,False,False,False
CAT-2223,Maquinillas de afeitar desechables Gillette Sensor Comfort 3 hojas,Cuidado personal e Higiene,1,True,False,False,False,False
CAT-2225,Tampones regular Tampax Compak con aplicador,Cuidado personal e Higiene,1,True,False,False,False,False
CAT-2226,Papilla 8 cereales Hero Solo +6 meses,Bebes,1,True,False,False,False,False
CAT-2228,Biberón 360 ml tetina silicona tres posiciones +1 mes,Bebes,1,True,False,False,False,False
CAT-2229,Agua de colonia bebé Nenuco,Bebes,1,True,False,False,False,False
CAT-2230,Agua perfumada bebé con notas florales,Bebes,1,True,False,False,False,False
CAT-2233,Champú seco O'lysee,Cuidado personal e Higiene,1,True,False,False,False,False
CAT-2234,Champú Dermo Sensitive cuero cabelludo sensible,Cuidado personal e Higiene,1,True,False,False,False,False
CAT-2235,Coloración permanente 8 rubio claro Excellence Creme,Cuidado personal e Higiene,1,True,False,False,False,False
CAT-2236,Coloración permanente 8.1 rubio claro ceniza Colorcor,Cuidado personal e Higiene,1,True,False,False,False,False
CAT-2238,Coloración permanente 6.60 rojo pasión Colorcor,Cuidado personal e Higiene,1,True,False,False,False,False
CAT-2239,Coloración permanente 0% amoníaco 6.6 rubio oscuro rojizo Colorcor,Cuidado personal e Higiene,1,True,False,False,False,False
CAT-2240,Coloración permanente 0% amoníaco 6.74 marrón cobrizo Colorcor,Cuidado personal e Higiene,1,True,False,False,False,False
CAT-2241,Esponja anatómica para bebés,Bebes,1,True,False,False,False,False
CAT-2242,Pañal bebé braguita talla L de 12-18 kg,Bebes,1,True,False,False,False,False
CAT-2244,Pañal junior braguita noche infantil de 17-30 kg,Bebes,1,True,False,False,False,False
CAT-2245,Pañal junior braguita noche infantil de 27-57 kg,Bebes,1,True,False,False,False,False
CAT-2246,Pañales bebé talla 2 de 3-6 kg,Bebes,1,True,False,False,False,False
CAT-2247,Coloración permanente 6 rubio oscuro Colorcor,Cuidado personal e Higiene,1,True,False,False,False,False
CAT-2249,Coloración permanente 0% amoníaco 6.0 rubio oscuro luminoso Colorcor,Cuidado personal e Higiene,1,True,False,False,False,False
CAT-2250,Coloración permanente 8 1/2.1 rubio claro ceniza Colorcor,Cuidado personal e Higiene,1,True,False,False,False,False
CAT-2251,Coloración permanente 8.3 rubio claro dorado Colorcor,Cuidado personal e Higiene,1,True,False,False,False,False
CAT-2252,Coloración permanente 8.31 nude arena Colorcor,Cuidado personal e Higiene,1,True,False,False,False,False
CAT-2253,Coloración permanente 9 rubio clarísimo Colorcor,Cuidado personal e Higiene,1,True,False,False,False,False
CAT-2309,Champú Liso Keratina TRESemmé cabello encrespado o dañado,Cuidado personal e Higiene,1,True,False,False,False,False
CAT-2310,Coloración permanente 7.77 rubio marrón intenso Colorcor,Cuidado personal e Higiene,1,True,False,False,False,False
CAT-2311,Recambios maquinilla depilación Wilkinson Hydro Silk 5 hojas,Cuidado personal e Higiene,1,True,False,False,False,False
CAT-2313,Cápsulas Quemagrasas,Cuidado personal e Higiene,1,True,False,False,False,False
CAT-2315,"Tiras adhesivas protectoras infantiles surtidas, elásticas y transpirables",Cuidado personal e Higiene,1,True,False,False,False,False
CAT-2317,Ambientador coche Bali,Hogar,1,True,False,False,False,False
CAT-2318,Hojaldre relleno de crema sin azúcar añadido,Panadería y Pastelería,1,True,False,False,False,False
CAT-2343,Colorete compacto Blush Mate 02 coral,Cuidado personal e Higiene,1,True,False,False,False,False
CAT-2255,Tinte cabello hombre 0% amoníaco 5 castaño natural Colorcor,Cuidado personal e Higiene,1,True,False,False,False,False
CAT-2257,Pañales bebé talla 3 de 6-10 kg Dodot,Bebes,1,True,False,False,False,False
CAT-2258,Pañales bebé talla 3 de 4-10 kg,Bebes,1,True,False,False,False,False
CAT-2259,Coloración permanente 6.15 marrón macadamia Colorcor,Cuidado personal e Higiene,1,True,False,False,False,False
CAT-2260,Coloración permanente 0% amoníaco 9.0 rubio muy claro luminoso Colorcor,Cuidado personal e Higiene,1,True,False,False,False,False
CAT-2262,Bandas de cera facial piel sensible,Cuidado personal e Higiene,1,True,False,False,False,False
CAT-2263,Dentífrico Triple Acción Colgate menta intensa,Cuidado personal e Higiene,1,True,False,False,False,False
CAT-2265,Toallitas íntimas cuidado diario,Cuidado personal e Higiene,1,True,False,False,False,False
CAT-2266,Eau de toilette mujer 9.60 Sport water,Cuidado personal e Higiene,1,True,False,False,False,False
CAT-2267,Eau de toilette hombre 9.60 Sport water,Cuidado personal e Higiene,1,True,False,False,False,False
CAT-2268,Eau de toilette hombre 9.60 Sport water acción,Cuidado personal e Higiene,1,True,False,False,False,False
CAT-2269,Perfilador de ojos Eyeliner 02 negro,Cuidado personal e Higiene,1,True,False,False,False,False
CAT-2270,Máscara de pestañas y cejas Transparente,Cuidado personal e Higiene,1,True,False,False,False,False
CAT-2272,Coloración permanente 9.1 rubio clarísimo ceniza Colorcor,Cuidado personal e Higiene,1,True,False,False,False,False
CAT-2273,Bandas de cera especial piernas piel sensible,Cuidado personal e Higiene,1,True,False,False,False,False
CAT-2274,Pañales bebé talla 4 de 9-15 kg,Bebes,1,True,False,False,False,False
CAT-2275,Laca cabello Nelly,Cuidado personal e Higiene,1,True,False,False,False,False
CAT-2276,Cuidado hidratante Hydra energetic L'Oréal men expert anti-fatiga 24h,Cuidado personal e Higiene,1,True,False,False,False,False
CAT-2279,Agua facial de avena,Cuidado personal e Higiene,1,True,False,False,False,False
CAT-2280,Coloración permanente 6 rubio oscuro Excellence Creme,Cuidado personal e Higiene,1,True,False,False,False,False
CAT-2281,Coloración permanente 9.3 rubio clarísimo dorado Colorcor,Cuidado personal e Higiene,1,True,False,False,False,False
CAT-2282,Gel de manos hidroalcohólico 80% alcohol antiséptico sin aclarado,Cuidado personal e Higiene,1,True,False,False,False,False
CAT-2285,Agua oxigenada desinfectante antiséptico,Cuidado personal e Higiene,1,True,False,False,False,False
CAT-2287,Coloración permanente 10 rubio extra claro Colorcor,Cuidado personal e Higiene,1,True,False,False,False,False
CAT-2288,Coloración permanente 10 rubio muy claro Excellence Creme,Cuidado personal e Higiene,1,True,False,False,False,False
CAT-2289,Cerveza especial Mahou,Bebidas,1,True,False,False,False,False
CAT-2291,Cerveza Suave Steinburg,Bebidas,1,True,False,False,False,False
CAT-2293,Pinza de cejas oblicua,Cuidado personal e Higiene,1,True,False,False,False,False
CAT-2294,Gel hidroalcohólico 80% alcohol antiséptico sin aclarado,Cuidado personal e Higiene,1,True,False,False,False,False
CAT-2295,Crema adhesiva para prótesis dentales Benfix sin sabor,Cuidado personal e Higiene,1,True,False,False,False,False
CAT-2297,Taco pulidor de uñas manos,Cuidado personal e Higiene,1,True,False,False,False,False
CAT-2298,Lima fibra de vidrio,Cuidado personal e Higiene,1,True,False,False,False,False
CAT-2299,Mini eau de parfum hombre Flor de Mayo Mistery intense,Cuidado personal e Higiene,1,True,False,False,False,False
CAT-2300,Vaselina hidratante,Cuidado personal e Higiene,1,True,False,False,False,False
CAT-2503,"Champú Silver Blond cabello rubio, decolorado y grises",Cuidado personal e Higiene,1,True,False,False,False,False
CAT-2504,Crema de manos intensiva Dove,Cuidado personal e Higiene,1,True,False,False,False,False
CAT-2507,Kit analizador de pH y cloro AquaChek para piscina y spa,Hogar,1,True,False,False,False,False
CAT-2510,Postre lácteo con fruta 0% MG 0% azúcares añadidos,Lácteos y Huevos,1,True,False,False,False,False
CAT-2513,Hueso vacuno,Carnicería y Charcutería,1,True,False,False,False,False
CAT-2514,"Cerveza Radler Falke 0,0% sin alcohol",Bebidas,1,True,False,False,False,False
CAT-2516,Vino tinto cosecha Fidencio DO La Mancha,Bebidas,1,True,False,False,False,False
CAT-2517,"Loción corporal Calm omega 3, 6, 9 y niacinamida",Cuidado personal e Higiene,1,True,False,False,False,False
CAT-2518,Esponja de baño dermo agua,Cuidado personal e Higiene,1,True,False,False,False,False
CAT-2520,Eau de parfum mujer Como Tú Soplo Intense,Cuidado personal e Higiene,1,True,False,False,False,False
CAT-2521,Eau de parfum mujer Como Tú The Rose,Cuidado personal e Higiene,1,True,False,False,False,False
CAT-2373,Ginebra London Dry Gin Beefeater,Bebidas,1,True,False,False,False,False
CAT-2495,Patatas fritas extra crujientes,Desayuno y Snack,1,True,False,False,False,False
CAT-2496,Golosinas Mix,"Azúcar, caramelos y chocolate",1,True,False,False,False,False
CAT-2704,Bebida láctea de frutas del bosque,Lácteos y Huevos,1,True,False,False,False,False
CAT-2705,Lote infantil Hot Wheels Let's Race,Cuidado personal e Higiene,1,True,False,False,False,False
CAT-2706,Bebida láctea natural azucarada,Lácteos y Huevos,1,True,False,False,False,False
CAT-2708,Hojaldre cabello de Ángel,Panadería y Pastelería,1,True,False,False,False,False
CAT-2709,Parches para ojos de hidrogel Regeneradores con péptidos y bakuchiol,Cuidado personal e Higiene,1,True,False,False,False,False
CAT-2710,Ampollas faciales Ácido Hialurónico Hidrata concentrado,Cuidado personal e Higiene,1,True,False,False,False,False
CAT-2711,Pinza de cejas recta,Cuidado personal e Higiene,1,True,False,False,False,False
CAT-2712,Maquinilla depilación recargable Body System 6 hojas,Cuidado personal e Higiene,1,True,False,False,False,False
CAT-2715,Desodorante roll-on Invisible Black & White Nivea antitranspirante,Cuidado personal e Higiene,1,True,False,False,False,False
CAT-2716,Coliflor,Frutas y Verduras,1,True,False,False,False,False
CAT-2717,Kiwis verdes,Frutas y Verduras,1,True,False,False,False,False
CAT-2523,Pimiento verde freír,Frutas y Verduras,1,True,False,False,False,False
CAT-2524,Pastillas cisterna,Hogar,1,True,False,False,False,False
CAT-2526,Snack gato crunchy con hierba gatera cuidado de dientes,Mascotas,1,True,False,False,False,False
CAT-2528,"Gelatina 0% azúcar sabor cereza, cola y sandía",Lácteos y Huevos,1,True,False,False,False,False
CAT-2530,Copos de avena Brüggen,Desayuno y Snack,1,True,False,False,False,False
CAT-2533,Vino tinto cosecha Comportillo DO Rioja,Bebidas,1,True,False,False,False,False
CAT-2537,Tortitas de legumbres y arroz,Desayuno y Snack,1,True,False,False,False,False
CAT-2538,Mix frutas tropical ultracongeladas,Congelados,1,True,False,False,False,False
CAT-2540,Coloración permanente 0% amoníaco 6.34 caramelo miel Colorcor,Cuidado personal e Higiene,1,True,False,False,False,False
CAT-2541,Toallitas refrescantes monodosis,Cuidado personal e Higiene,1,True,False,False,False,False
CAT-5907,Suero Fisiologico My Carrefour Baby Pack De 40 Unidades De 5 Ml,Cuidado personal e Higiene,1,True,False,False,False,False
CAT-2319,Coloración permanente 8 rubio claro Colorcor,Cuidado personal e Higiene,1,True,False,False,False,False
CAT-2388,Ron dominicano añejo Ron Barceló,Bebidas,1,True,False,False,False,False
CAT-2395,Valencianas,Panadería y Pastelería,1,True,False,False,False,False
CAT-2400,Pan de molde blanco familiar,Panadería y Pastelería,1,True,False,False,False,False
CAT-2340,Aceitunas verdes Gazpacha partidas,Despensa,1,True,False,False,False,False
CAT-2320,Mascarilla cabello rubio miel Color Mask,Cuidado personal e Higiene,1,True,False,False,False,False
CAT-2323,Cepillo limpiabiberón y tetina,Bebes,1,True,False,False,False,False
CAT-2324,Cápsulas Menopausia,Cuidado personal e Higiene,1,True,False,False,False,False
CAT-2326,Ambientador coche Exótico,Hogar,1,True,False,False,False,False
CAT-2327,Friegasuelos Floral líquido,Hogar,1,True,False,False,False,False
CAT-2328,Coloración permanente 0% amoníaco 8.0 rubio claro luminoso Colorcor,Cuidado personal e Higiene,1,True,False,False,False,False
CAT-2331,Laca de uñas alto brillo 18 suave peonia,Cuidado personal e Higiene,1,True,False,False,False,False
CAT-2332,Laca de uñas alto brillo 22 granate sublime,Cuidado personal e Higiene,1,True,False,False,False,False
CAT-2333,Quitaesmalte con acetona,Cuidado personal e Higiene,1,True,False,False,False,False
CAT-2334,Comprimidos Vitaminas y Minerales,Cuidado personal e Higiene,1,True,False,False,False,False
CAT-2335,Comprimidos efervescentes magnesio 300 mg sabor naranja,Cuidado personal e Higiene,1,True,False,False,False,False
CAT-2337,Coloración permanente 0% amoníaco 8.31 rubio miel Colorcor,Cuidado personal e Higiene,1,True,False,False,False,False
CAT-2338,Toallitas de manos hidroalcohólicas 75% Alcohol,Cuidado personal e Higiene,1,True,False,False,False,False
CAT-2339,Salsa fresca Setas,Despensa,1,True,False,False,False,False
CAT-2342,Multi corrector Rimmel London 40 ivory,Cuidado personal e Higiene,1,True,False,False,False,False
CAT-2344,Perfilador de labios 02 marsala,Cuidado personal e Higiene,1,True,False,False,False,False
CAT-2345,Delineador de ojos negro,Cuidado personal e Higiene,1,True,False,False,False,False
CAT-2348,Preparado para repostería y panificación,Despensa,1,True,False,False,False,False
CAT-2350,Mascarilla cabello rojo Color Mask,Cuidado personal e Higiene,1,True,False,False,False,False
CAT-2351,"Tiras adhesivas protectoras Classic color beige surtidas, elásticas y transpirables",Cuidado personal e Higiene,1,True,False,False,False,False
CAT-2353,Incrementador de pH para piscina,Hogar,1,True,False,False,False,False
CAT-2354,Corvina limpia con cabeza,Pescadería,1,True,False,False,False,False
CAT-2356,Almendra marcona frita con sal,Desayuno y Snack,1,True,False,False,False,False
CAT-2359,Cocktail rumba,Desayuno y Snack,1,True,False,False,False,False
CAT-2362,Ensaladilla americana,Platos preparados,1,True,False,False,False,False
CAT-2363,Cereales estrellas de maíz Stars con miel,Desayuno y Snack,1,True,False,False,False,False
CAT-2364,Coloración permanente 0% amoníaco 9.1 rubio muy claro ceniza Colorcor,Cuidado personal e Higiene,1,True,False,False,False,False
CAT-2366,Tortilla de patata,Platos preparados,1,True,False,False,False,False
CAT-2367,Ensaladilla Delicias del mar,Platos preparados,1,True,False,False,False,False
CAT-2368,Agua de peinado cabello Aqua Styling,Cuidado personal e Higiene,1,True,False,False,False,False
CAT-2371,Bitter Campari,Bebidas,1,True,False,False,False,False
CAT-2372,Ginebra London Dry Gin Larios,Bebidas,1,True,False,False,False,False
CAT-2376,Coloración permanente 7.40 rubio cobrizo intenso Colorcor,Cuidado personal e Higiene,1,True,False,False,False,False
CAT-2377,Coloración permanente 7.43 cobre cálido Colorcor,Cuidado personal e Higiene,1,True,False,False,False,False
CAT-2378,Coloración permanente 8.44 rubio claro cobrizo Colorcor,Cuidado personal e Higiene,1,True,False,False,False,False
CAT-2379,Lubina sin limpiar,Pescadería,1,True,False,False,False,False
CAT-2380,Coloración permanente 8.6 rojo intenso Colorcor,Cuidado personal e Higiene,1,True,False,False,False,False
CAT-2381,Spray cabello Ondas Surfing,Cuidado personal e Higiene,1,True,False,False,False,False
CAT-2382,Mousse fijador cabello fijación,Cuidado personal e Higiene,1,True,False,False,False,False
CAT-2383,Laca cabello Elnett fijación fuerte,Cuidado personal e Higiene,1,True,False,False,False,False
CAT-2384,Gel fijador cabello extra fuerte Giorgi fijación 3,Cuidado personal e Higiene,1,True,False,False,False,False
CAT-2389,Bebida preparada de ron sabor daiquiri fresa La Recompensa Ice,Bebidas,1,True,False,False,False,False
CAT-2390,Gel de afeitar piel sensible Gillette con aloe vera,Cuidado personal e Higiene,1,True,False,False,False,False
CAT-2392,Maquinillas de afeitar desechables Fix 2 hojas,Cuidado personal e Higiene,1,True,False,False,False,False
CAT-2393,Maquinillas de afeitar desechables Active 3 hojas,Cuidado personal e Higiene,1,True,False,False,False,False
CAT-2396,Recambios maquinilla de afeitar Precision System 3 hojas,Cuidado personal e Higiene,1,True,False,False,False,False
CAT-2397,Bocaditos bañados al cacao,Panadería y Pastelería,1,True,False,False,False,False
CAT-2398,Bizcochos,Panadería y Pastelería,1,True,False,False,False,False
CAT-2601,Bebida preparada de ron sabor mojito La Recompensa Ice,Bebidas,1,True,False,False,False,False
CAT-2604,Té negro,Desayuno y Snack,1,True,False,False,False,False
CAT-2605,Filetes de trucha Arco iris,Pescadería,1,True,False,False,False,False
CAT-2606,Levadura fresca Levital,Despensa,1,True,False,False,False,False
CAT-2608,Arreglo para paella con pollo y conejo,Carnicería y Charcutería,1,True,False,False,False,False
CAT-2609,Leche facial limpiadora Facial Clean,Cuidado personal e Higiene,1,True,False,False,False,False
CAT-2610,Súper Cuquis,Desayuno y Snack,1,True,False,False,False,False
CAT-2612,Whisky escocés Grand Old Parr 12 años,Bebidas,1,True,False,False,False,False
CAT-2613,Burger de cordero al romero,Carnicería y Charcutería,1,True,False,False,False,False
CAT-2615,Tiras faciales limpia poros,Cuidado personal e Higiene,1,True,False,False,False,False
CAT-2616,Mousse facial limpiadora purificante oil free,Cuidado personal e Higiene,1,True,False,False,False,False
CAT-2617,Gel de baño con sales minerales La Toja,Cuidado personal e Higiene,1,True,False,False,False,False
CAT-2547,Barreño ovalado,Hogar,1,True,False,False,False,False
CAT-2548,Palitos de pan 100% trigo espelta integral Anitin,Desayuno y Snack,1,True,False,False,False,False
CAT-2549,Mini burgers vegetales con espinacas y zanahoria,Platos preparados,1,True,False,False,False,False
CAT-2550,Sándwich pollo y queso,Platos preparados,1,True,False,False,False,False
CAT-2552,Fruta + leche mediterráneo sin azúcares añadidos,Bebidas,1,True,False,False,False,False
CAT-2554,Cocktail natural,Desayuno y Snack,1,True,False,False,False,False
CAT-2556,Ron viejo La Recompensa,Bebidas,1,True,False,False,False,False
CAT-2558,Infusión Yerba Mate Amanda,Desayuno y Snack,1,True,False,False,False,False
CAT-2560,Canelones de carne ultracongelados,Congelados,1,True,False,False,False,False
CAT-2561,Tarta carrot cake congelada,Congelados,1,True,False,False,False,False
CAT-2563,Dulce de membrillo taco,Conservas y Enlatados,1,True,False,False,False,False
CAT-2564,Agua micelar cara y ojos Facial Clean,Cuidado personal e Higiene,1,True,False,False,False,False
CAT-2566,Abrillantador lavavajillas líquido Finish,Hogar,1,True,False,False,False,False
CAT-2567,Mopa atrapa polvo multiusos,Hogar,1,True,False,False,False,False
CAT-2568,Barra de pan espiga,Panadería y Pastelería,1,True,False,False,False,False
CAT-2571,Regañá artesana,Desayuno y Snack,1,True,False,False,False,False
CAT-2572,Panes especiales pipas calabaza,Desayuno y Snack,1,True,False,False,False,False
CAT-2573,Galletas tostadas Animadas,Desayuno y Snack,1,True,False,False,False,False
CAT-2575,Cerveza especial mini Mahou,Bebidas,1,True,False,False,False,False
CAT-2577,Vino tinto crianza Torre Oria DO Utiel-Requena,Bebidas,1,True,False,False,False,False
CAT-2578,Tarta San Marcos congelada,Congelados,1,True,False,False,False,False
CAT-2579,Dentífrico Dental Pearl blanqueador,Cuidado personal e Higiene,1,True,False,False,False,False
CAT-2583,Pañales bebé talla 1 de 2-4 kg,Bebes,1,True,False,False,False,False
CAT-2585,Café en cápsula forte,Desayuno y Snack,1,True,False,False,False,False
CAT-2814,Brochetas de cerdo adobadas,Carnicería y Charcutería,1,True,False,False,False,False
CAT-2816,Tijera uñas,Cuidado personal e Higiene,1,True,False,False,False,False
CAT-2863,Eau de parfum hombre Como tú Eternal,Cuidado personal e Higiene,1,True,False,False,False,False
CAT-2619,Recambios cepillo dental eléctrico Sensitive tamaño medio,Cuidado personal e Higiene,1,True,False,False,False,False
CAT-2620,Eau de parfum mujer Ella,Cuidado personal e Higiene,1,True,False,False,False,False
CAT-2622,Limpiador abrillantador,Hogar,1,True,False,False,False,False
CAT-2623,Eau de toilette mujer 9.60 Bloom Sport water,Cuidado personal e Higiene,1,True,False,False,False,False
CAT-2624,Escoba para interiores,Hogar,1,True,False,False,False,False
CAT-2625,Burger de vaca madurada,Carnicería y Charcutería,1,True,False,False,False,False
CAT-2626,Champú perros y gatos con aloe vera Nuske efecto repelente,Mascotas,1,True,False,False,False,False
CAT-2627,Mantecadas,Panadería y Pastelería,1,True,False,False,False,False
CAT-2628,Lentejas Listo para Comer,Platos preparados,1,True,False,False,False,False
CAT-2630,Papilla verduritas con pollo y ternera Hero Solo +6 meses,Bebes,1,True,False,False,False,False
CAT-2631,Barritas de barquillo con relleno de avellana cubiertas de chocolate con leche,"Azúcar, caramelos y chocolate",1,True,False,False,False,False
CAT-2633,Agua de colonia fresca infantil con notas cítricas,Bebes,1,True,False,False,False,False
CAT-2634,Alas de pollo adobadas picantes,Carnicería y Charcutería,1,True,False,False,False,False
CAT-2636,Panceta fina sin corteza corte fino,Carnicería y Charcutería,1,True,False,False,False,False
CAT-2638,Tónico facial vitamina C y niacinamida Facial Clean iluminador y antioxidante,Cuidado personal e Higiene,1,True,False,False,False,False
CAT-2641,Mascarillas quirúrgicas no reutilizables,Cuidado personal e Higiene,1,True,False,False,False,False
CAT-2644,Eliminador de turbidez líquido para piscina,Hogar,1,True,False,False,False,False
CAT-2879,Jamón cocido extra cortado a mano Noel sabor ahumado,Carnicería y Charcutería,1,True,False,False,False,False
CAT-5910,Galletas Rellenas De Crema De Chocolate Mega Carrefour Classic 500 G,Desayuno y Snack,1,True,False,False,False,False
CAT-5913,Quitamanchas En Polvo Para Ropa Oxigen Power Expert Carrefour 1 Kg,Hogar,1,True,False,False,False,False
CAT-5916,Aceite De Girasol Carrefour Classic 1 L,Despensa,1,True,False,False,False,False
CAT-2587,Mascarilla facial peeling carbón Montagne Jeunesse,Cuidado personal e Higiene,1,True,False,False,False,False
CAT-2809,Presa de cerdo ibérico,Carnicería y Charcutería,1,True,False,False,False,False
CAT-2820,Garretas brazuelo de cordero,Carnicería y Charcutería,1,True,False,False,False,False
CAT-2861,Eau de parfum hombre My Soul Glacier,Cuidado personal e Higiene,1,True,False,False,False,False
CAT-2580,Recambios cepillo dental Eléctrico tamaño medio,Cuidado personal e Higiene,1,True,False,False,False,False
CAT-2586,Burger de pollo gruesa,Carnicería y Charcutería,1,True,False,False,False,False
CAT-2588,Filete de lubina,Pescadería,1,True,False,False,False,False
CAT-2594,Tarta Ferrer bombón crujiente congelada,Congelados,1,True,False,False,False,False
CAT-2595,Retoca raíces instantáneo negro Magic Retouch,Cuidado personal e Higiene,1,True,False,False,False,False
CAT-2597,Compresa sin alas de incontinencia Extra,Cuidado personal e Higiene,1,True,False,False,False,False
CAT-2598,Arreglo de marisco pelado,Pescadería,1,True,False,False,False,False
CAT-2600,Patas de pulpo cocido,Pescadería,1,True,False,False,False,False
CAT-2801,Contramuslos deshuesados y sin piel de pollo certificado alimentado con un 50% de maíz,Carnicería y Charcutería,1,True,False,False,False,False
CAT-2803,Medallones preparado de solomillo cerdo congelados marinados,Carnicería y Charcutería,1,True,False,False,False,False
CAT-2806,Molinillo mix pimientas,Despensa,1,True,False,False,False,False
CAT-2811,Filetes lomo de cerdo ibérico,Carnicería y Charcutería,1,True,False,False,False,False
CAT-2813,Pieza cabeza lomo de cerdo,Carnicería y Charcutería,1,True,False,False,False,False
CAT-2815,Laca de uñas alto brillo 140 blanco,Cuidado personal e Higiene,1,True,False,False,False,False
CAT-2821,Longaniza fresca sin tripa,Carnicería y Charcutería,1,True,False,False,False,False
CAT-2822,Longaniza fresca de pollo,Carnicería y Charcutería,1,True,False,False,False,False
CAT-2824,Longaniza roja fresca,Carnicería y Charcutería,1,True,False,False,False,False
CAT-2825,Longaniza fresca estilo criollo,Carnicería y Charcutería,1,True,False,False,False,False
CAT-2826,Butifarra fresca,Carnicería y Charcutería,1,True,False,False,False,False
CAT-2827,Morcilla de arroz y cebolla,Carnicería y Charcutería,1,True,False,False,False,False
CAT-2835,Salsa Pesto con albahaca,Despensa,1,True,False,False,False,False
CAT-2836,Salsa de tomate Boloñesa,Despensa,1,True,False,False,False,False
CAT-2837,Eau de toilette mujer Aqua Royale Verdant,Cuidado personal e Higiene,1,True,False,False,False,False
CAT-2839,Chorizo picante aperitivo,Carnicería y Charcutería,1,True,False,False,False,False
CAT-2840,Hamburguesa de lomo de vacuno,Carnicería y Charcutería,1,True,False,False,False,False
CAT-2841,Preparado de carne picada vacuno y cerdo,Carnicería y Charcutería,1,True,False,False,False,False
CAT-2843,Eau de parfum hombre Él,Cuidado personal e Higiene,1,True,False,False,False,False
CAT-2844,Eau de parfum hombre Como Tú Extratime A Day,Cuidado personal e Higiene,1,True,False,False,False,False
CAT-2845,Agua mineral pequeña Cortes tapón infantil,Bebidas,1,True,False,False,False,False
CAT-2847,Eau de parfum hombre My Soul Supreme,Cuidado personal e Higiene,1,True,False,False,False,False
CAT-2848,Cereales copos de trigo integral y arroz 0% azúcares añadidos,Desayuno y Snack,1,True,False,False,False,False
CAT-2849,Cereales copos de trigo espelta integral 0% azúcares añadidos,Desayuno y Snack,1,True,False,False,False,False
CAT-2850,Muesli Crunchy con fruta,Desayuno y Snack,1,True,False,False,False,False
CAT-2851,Muesli con frutas,Desayuno y Snack,1,True,False,False,False,False
CAT-2853,"Muesli con quinoa, chía y chocolate negro",Desayuno y Snack,1,True,False,False,False,False
CAT-2854,Cereales Cereal Mix 0% azúcares añadidos,Desayuno y Snack,1,True,False,False,False,False
CAT-2856,Galletas María,Desayuno y Snack,1,True,False,False,False,False
CAT-2858,Galletas de mantequilla Belgas,Desayuno y Snack,1,True,False,False,False,False
CAT-2862,Eau de parfum hombre My Soul Vert,Cuidado personal e Higiene,1,True,False,False,False,False
CAT-2864,Gel energético con cafeína Enervit Sport sabor cítricos,Bebidas,1,True,False,False,False,False
CAT-2645,Escobilla para WC,Hogar,1,True,False,False,False,False
CAT-2646,Arena para gato antibacterias Nuske,Mascotas,1,True,False,False,False,False
CAT-2647,Paté perro junior Delikuit con ternera y cordero,Mascotas,1,True,False,False,False,False
CAT-2650,Compresa con alas super Cotton,Cuidado personal e Higiene,1,True,False,False,False,False
CAT-2652,Panecillo sin sal añadida,Panadería y Pastelería,1,True,False,False,False,False
CAT-2653,"Media Hogaza integral de avena, semillas de girasol y sésamo rebanado",Panadería y Pastelería,1,True,False,False,False,False
CAT-2654,Papilla arroz con pollo Hero Solo +6 meses,Bebes,1,True,False,False,False,False
CAT-2655,Cortado en cápsula descafeinado,Desayuno y Snack,1,True,False,False,False,False
CAT-2658,Café en cápsula descafeinado Tassimo,Desayuno y Snack,1,True,False,False,False,False
CAT-2662,Muesli Crunchy con frutos secos,Desayuno y Snack,1,True,False,False,False,False
CAT-2664,Café en cápsula cortado Tassimo,Desayuno y Snack,1,True,False,False,False,False
CAT-2665,Discos impregnados ácido salicílico Oil Free purificantes y seborreguladores,Cuidado personal e Higiene,1,True,False,False,False,False
CAT-2666,Contorno de ojos Antiarrugas e Iluminador con silicio Sisbela Reafirm,Cuidado personal e Higiene,1,True,False,False,False,False
CAT-2672,Vaselina perfumada para labios frambuesa,Cuidado personal e Higiene,1,True,False,False,False,False
CAT-2673,Bizcocho con baño de cacao,Panadería y Pastelería,1,True,False,False,False,False
CAT-2674,Harina fina de maíz,Despensa,1,True,False,False,False,False
CAT-2676,Barra pan de agua,Panadería y Pastelería,1,True,False,False,False,False
CAT-2681,3 Bocadillos,Panadería y Pastelería,1,True,False,False,False,False
CAT-2683,Aceite facial doble limpieza Facial Clean desmaquillante y limpiador,Cuidado personal e Higiene,1,True,False,False,False,False
CAT-2684,Rosquilla al cacao,Panadería y Pastelería,1,True,False,False,False,False
CAT-2686,Snack de maíz Stars sabor mantequilla,Desayuno y Snack,1,True,False,False,False,False
CAT-2687,Chocolate blanco Fussion relleno de crema de galleta y cacao,"Azúcar, caramelos y chocolate",1,True,False,False,False,False
CAT-2688,Vino tinto Arc de Pedra DO València,Bebidas,1,True,False,False,False,False
CAT-2690,Lote corporal Nivea Men,Cuidado personal e Higiene,1,True,False,False,False,False
CAT-2692,Eau de parfum mujer Shine Special,Cuidado personal e Higiene,1,True,False,False,False,False
CAT-2693,Margarina Omega,Lácteos y Huevos,1,True,False,False,False,False
CAT-2694,Rasqueta Vitrocerámicas,Hogar,1,True,False,False,False,False
CAT-2695,Pinzas de ropa,Hogar,1,True,False,False,False,False
CAT-2696,Paté gato júnior Delikuit con pollo y ternera,Mascotas,1,True,False,False,False,False
CAT-2699,Bruma facial Mist Facial Clean con exosomas & cica,Cuidado personal e Higiene,1,True,False,False,False,False
CAT-2700,Eau de parfum mujer My Soul Rouge,Cuidado personal e Higiene,1,True,False,False,False,False
CAT-2901,Arroz redondo,Despensa,1,True,False,False,False,False
CAT-2904,Arroz cocido basmati Sabroz,Despensa,1,True,False,False,False,False
CAT-2906,Lenteja,Despensa,1,True,False,False,False,False
CAT-2910,Pasta maravilla,Despensa,1,True,False,False,False,False
CAT-2911,Fideo mediano,Despensa,1,True,False,False,False,False
CAT-2912,Pasta estrellas sin gluten Felicia,Despensa,1,True,False,False,False,False
CAT-2923,Pasta fresca girasoles rellena de tomate frito y queso mozarella,Despensa,1,True,False,False,False,False
CAT-2927,Jamón de cebo ibérico cortado a tapas,Carnicería y Charcutería,1,True,False,False,False,False
CAT-2933,Foie gras entero de pato,Carnicería y Charcutería,1,True,False,False,False,False
CAT-2936,Queso viejo ahumado de oveja,Lácteos y Huevos,1,True,False,False,False,False
CAT-2956,Guantes de látex talla mediana-grande,Hogar,1,True,False,False,False,False
CAT-2958,Bombones cereza al licor con chocolate negro,"Azúcar, caramelos y chocolate",1,True,False,False,False,False
CAT-2870,Barquillos rellenos de nata 0% azúcares añadidos,Desayuno y Snack,1,True,False,False,False,False
CAT-2871,Galletas cookies sin gluten y sin lactosa,Desayuno y Snack,1,True,False,False,False,False
CAT-2872,Refresco té sabor limón,Bebidas,1,True,False,False,False,False
CAT-2873,Refresco té sabor limón para diluir,Bebidas,1,True,False,False,False,False
CAT-2875,Refresco té sabor melocotón para diluir,Bebidas,1,True,False,False,False,False
CAT-2878,Pechuga 92% pavo lonchas,Carnicería y Charcutería,1,True,False,False,False,False
CAT-2880,Magro de cerdo cocido Coren,Carnicería y Charcutería,1,True,False,False,False,False
CAT-2965,Mozzarella fresca de vaca,Lácteos y Huevos,1,True,False,False,False,False
CAT-2970,Requesón mezcla,Lácteos y Huevos,1,True,False,False,False,False
CAT-5915,Fresas Carrefour Classic 650 G,Sin categoría,1,True,False,False,False,False
CAT-5918,Quitamanchas Ropa Oxi Blanco Expert Carrefour 1 Kg,Hogar,1,True,False,False,False,False
CAT-2925,Cabecero de lomo lonchas,Carnicería y Charcutería,1,True,False,False,False,False
CAT-2731,Eau de parfum mujer Como Tú Extratime A Day,Cuidado personal e Higiene,1,True,False,False,False,False
CAT-2794,Carcasa de pollo certificado alimentado con un 50% de maíz,Carnicería y Charcutería,1,True,False,False,False,False
CAT-2721,Quitaesmalte 0% acetona,Cuidado personal e Higiene,1,True,False,False,False,False
CAT-3005,Bálsamo oriental efecto calor con vitamina E,Cuidado personal e Higiene,1,True,False,False,False,False
CAT-2722,Café con leche espresso,Desayuno y Snack,1,True,False,False,False,False
CAT-2723,Café con leche descafeinado,Desayuno y Snack,1,True,False,False,False,False
CAT-2726,Conejo entero,Carnicería y Charcutería,1,True,False,False,False,False
CAT-2728,Gel aceite de baño piel atópica,Cuidado personal e Higiene,1,True,False,False,False,False
CAT-2729,Eau de toilette mujer Vuela,Cuidado personal e Higiene,1,True,False,False,False,False
CAT-2733,Infusión Tila,Desayuno y Snack,1,True,False,False,False,False
CAT-2735,Dentífrico Bicarbonato blanqueador,Cuidado personal e Higiene,1,True,False,False,False,False
CAT-2737,Alas de pollo adobadas,Carnicería y Charcutería,1,True,False,False,False,False
CAT-2738,Pinchos de cerdo adobado sin varilla,Carnicería y Charcutería,1,True,False,False,False,False
CAT-2741,Infusión Manzanilla con anís,Desayuno y Snack,1,True,False,False,False,False
CAT-2743,Infusión Laxsen sabor menta,Desayuno y Snack,1,True,False,False,False,False
CAT-2744,Infusión Tomillo,Desayuno y Snack,1,True,False,False,False,False
CAT-2746,Filetes hígado de cerdo,Carnicería y Charcutería,1,True,False,False,False,False
CAT-2747,Filetes hígado de cordero,Carnicería y Charcutería,1,True,False,False,False,False
CAT-2748,Chistorra,Carnicería y Charcutería,1,True,False,False,False,False
CAT-2749,Burger de vacuno y cerdo,Carnicería y Charcutería,1,True,False,False,False,False
CAT-2750,Burger de vacuno,Carnicería y Charcutería,1,True,False,False,False,False
CAT-2753,Dentífrico Fresh Gel menta extra refrescante,Cuidado personal e Higiene,1,True,False,False,False,False
CAT-2754,Dentífrico Sensitive con hidroxiapatita,Cuidado personal e Higiene,1,True,False,False,False,False
CAT-2755,Dentífrico infantil +6 años sabor gominola,Cuidado personal e Higiene,1,True,False,False,False,False
CAT-2757,Compresa sin alas normal plegada Classic,Cuidado personal e Higiene,1,True,False,False,False,False
CAT-2758,Compresa sin alas super plegada Classic,Cuidado personal e Higiene,1,True,False,False,False,False
CAT-2760,Compresa con alas super Evax cotton like fresh,Cuidado personal e Higiene,1,True,False,False,False,False
CAT-2762,Infusión frutos rojos,Desayuno y Snack,1,True,False,False,False,False
CAT-2763,Compresa con alas normal Ausonia,Cuidado personal e Higiene,1,True,False,False,False,False
CAT-2765,Tampones mini con aplicador suave,Cuidado personal e Higiene,1,True,False,False,False,False
CAT-2767,Medio repollo rizado,Frutas y Verduras,1,True,False,False,False,False
CAT-2671,Leche para lactantes en polvo 1 Nativa Nestlé,Bebes,1,True,False,False,False,False
CAT-2914,Pasta tortiglioni Armando,Despensa,1,True,False,False,False,False
CAT-2918,Eau de parfum hombre Como tú Labuan,Cuidado personal e Higiene,1,True,False,False,False,False
CAT-2919,Pasta fresca girasoles rellena de carrillera y puré de patata,Despensa,1,True,False,False,False,False
CAT-2921,Salami extra pimienta finas lonchas,Carnicería y Charcutería,1,True,False,False,False,False
CAT-2922,Pasta fresca gnocchi rellena de quesos,Despensa,1,True,False,False,False,False
CAT-2924,Chorizo extra lonchas,Carnicería y Charcutería,1,True,False,False,False,False
CAT-2926,Mini taquitos de jamón Incarlopsa,Carnicería y Charcutería,1,True,False,False,False,False
CAT-2929,Jamón de bellota ibérico 100% cortado a tapas,Carnicería y Charcutería,1,True,False,False,False,False
CAT-2930,Paleta curada lonchas Paletas Marpa,Carnicería y Charcutería,1,True,False,False,False,False
CAT-2931,Jamón serrano Incarlopsa,Carnicería y Charcutería,1,True,False,False,False,False
CAT-2934,Sobrasada de Mallorca Can Pere Joan,Carnicería y Charcutería,1,True,False,False,False,False
CAT-2937,Queso Arzúa-Ulloa de vaca Punteiro,Lácteos y Huevos,1,True,False,False,False,False
CAT-2938,Queso añejo de oveja al romero,Lácteos y Huevos,1,True,False,False,False,False
CAT-2939,Queso curado DOP manchego de oveja,Lácteos y Huevos,1,True,False,False,False,False
CAT-2941,Porciones de chocolate negro 72% cacao extrafino,"Azúcar, caramelos y chocolate",1,True,False,False,False,False
CAT-2942,Queso lonchas fundido suave mezcla,Lácteos y Huevos,1,True,False,False,False,False
CAT-2947,Queso untar suave de vaca,Lácteos y Huevos,1,True,False,False,False,False
CAT-2948,Huevos Minis Pascua de chocolate con leche relleno cremoso y cereales,"Azúcar, caramelos y chocolate",1,True,False,False,False,False
CAT-2952,Eau de parfum hombre My Soul Quartz,Cuidado personal e Higiene,1,True,False,False,False,False
CAT-2954,Bayeta grande microfibra,Hogar,1,True,False,False,False,False
CAT-2957,Huevos con disquitos Pascua de chocolate,"Azúcar, caramelos y chocolate",1,True,False,False,False,False
CAT-2960,Crema al cacao con avellanas,"Azúcar, caramelos y chocolate",1,True,False,False,False,False
CAT-2773,Burger de vacuno gruesas,Carnicería y Charcutería,1,True,False,False,False,False
CAT-2774,Protector solar bruma facial FPS,Cuidado personal e Higiene,1,True,False,False,False,False
CAT-2776,Rosquilla de cacao Caocream,Panadería y Pastelería,1,True,False,False,False,False
CAT-2777,Pañal adulto braguita talla M Pants plus,Cuidado personal e Higiene,1,True,False,False,False,False
CAT-2779,Compresa de incontinencia Tena masculina,Cuidado personal e Higiene,1,True,False,False,False,False
CAT-2780,Pulsera de citronela talla L,Cuidado personal e Higiene,1,True,False,False,False,False
CAT-2781,Fluido protección solar facial FPS 50+,Cuidado personal e Higiene,1,True,False,False,False,False
CAT-2782,Kiwi verde,Frutas y Verduras,1,True,False,False,False,False
CAT-2785,Tratamiento para uñas gel brillo top coat secado rápido,Cuidado personal e Higiene,1,True,False,False,False,False
CAT-2786,Tratamiento para uñas base blanqueante cálcio,Cuidado personal e Higiene,1,True,False,False,False,False
CAT-2787,Lima,Frutas y Verduras,1,True,False,False,False,False
CAT-2789,Bebida de avellana y arroz sin azúcares añadidos,Lácteos y Huevos,1,True,False,False,False,False
CAT-2791,Cuartos traseros de pollo certificado alimentado con un 50% de maíz,Carnicería y Charcutería,1,True,False,False,False,False
CAT-2792,Alas de pollo,Carnicería y Charcutería,1,True,False,False,False,False
CAT-2795,Pollo certificado entero alimentado con un 50% de maíz,Carnicería y Charcutería,1,True,False,False,False,False
CAT-2796,Mollejas de pollo,Carnicería y Charcutería,1,True,False,False,False,False
CAT-2797,Sangre hervida de pollo,Carnicería y Charcutería,1,True,False,False,False,False
CAT-2798,Solomillos de pollo certificado alimentado con un 50% de maíz,Carnicería y Charcutería,1,True,False,False,False,False
CAT-2800,Pincho Mexicano de pollo con varilla,Carnicería y Charcutería,1,True,False,False,False,False
CAT-3001,Helado Peanut Butter Cups de crema de cacahuete,Congelados,1,True,False,False,False,False
CAT-3002,Helado Cookie Dough de crema de vainilla con trozos de galletas,Congelados,1,True,False,False,False,False
CAT-3006,Spray repelente fuerte antimosquitos,Cuidado personal e Higiene,1,True,False,False,False,False
CAT-3007,Plátano macho,Frutas y Verduras,1,True,False,False,False,False
CAT-3009,Cacao soluble,Desayuno y Snack,1,True,False,False,False,False
CAT-3011,Colas de gambón crudo congelado,Congelados,1,True,False,False,False,False
CAT-3013,Mistela dulce de moscatel Mig Segle DO Valencia,Bebidas,1,True,False,False,False,False
CAT-3014,Bogavante americano mediano crudo,Congelados,1,True,False,False,False,False
CAT-3016,Fritura de pescado ultracongelada,Congelados,1,True,False,False,False,False
CAT-3017,Porciones de bacalao sin piel MareDeus ultracongeladas,Congelados,1,True,False,False,False,False
CAT-3018,Rodaja de tintorera sin piel ultracongelada,Congelados,1,True,False,False,False,False
CAT-3020,Pescadilla de merluza sin cabeza ultracongelada,Congelados,1,True,False,False,False,False
CAT-3023,Rodajas de merluza del Cabo ultracongeladas,Congelados,1,True,False,False,False,False
CAT-3028,Uva roja sin semillas,Frutas y Verduras,1,True,False,False,False,False
CAT-3034,Espinazo de cerdo,Carnicería y Charcutería,1,True,False,False,False,False
CAT-3041,Chuletas de pavo contramuslo,Carnicería y Charcutería,1,True,False,False,False,False
CAT-2963,Dulce de leche Chimbote,"Azúcar, caramelos y chocolate",1,True,False,False,False,False
CAT-2968,Papilla verduritas con merluza Hero Solo +6 meses,Bebes,1,True,False,False,False,False
CAT-2974,Helado bombón mango blanco con salsa de mango y cobertura de chocolate blanco con trozos de coco crujientes,Congelados,1,True,False,False,False,False
CAT-2975,Protector solar Sun Med FPS 30,Cuidado personal e Higiene,1,True,False,False,False,False
CAT-2977,Aceite bruma protectora Sunnique Ecran FPS 30,Cuidado personal e Higiene,1,True,False,False,False,False
CAT-2978,Aceite solar protector FPS,Cuidado personal e Higiene,1,True,False,False,False,False
CAT-2979,Perlas Omega,Cuidado personal e Higiene,1,True,False,False,False,False
CAT-2980,Sticks Jalea Real y Própolis,Cuidado personal e Higiene,1,True,False,False,False,False
CAT-3045,Pinchos de pollo sin varilla adobados,Carnicería y Charcutería,1,True,False,False,False,False
CAT-3051,Yemas de gallina congeladas,Carnicería y Charcutería,1,True,False,False,False,False
CAT-5924,Fregona Hilo Superabsorbente Kh7,Hogar,1,False,False,False,True,False
CAT-3049,Cuartos traseros de pollo congelados,Carnicería y Charcutería,1,True,False,False,False,False
CAT-3037,Costilla de vacuno,Carnicería y Charcutería,1,True,False,False,False,False
CAT-3024,Café molido natural Espresso,Desayuno y Snack,1,True,False,False,False,False
CAT-3054,Carrillada de cerdo congelada,Carnicería y Charcutería,1,True,False,False,False,False
CAT-3029,"Arreglo para puchero vacuno, cerdo y pollo",Carnicería y Charcutería,1,True,False,False,False,False
CAT-3030,Arreglo para arroz al horno,Carnicería y Charcutería,1,True,False,False,False,False
CAT-3032,Hueso garrón,Carnicería y Charcutería,1,True,False,False,False,False
CAT-3033,Osobuco de cerdo,Carnicería y Charcutería,1,True,False,False,False,False
CAT-3035,Gallina,Carnicería y Charcutería,1,True,False,False,False,False
CAT-3036,Manos de cerdo,Carnicería y Charcutería,1,True,False,False,False,False
CAT-3039,Hueso blanco de cerdo salado,Carnicería y Charcutería,1,True,False,False,False,False
CAT-3043,Alas partidas de pollo certificado alimentado con un 50% de maíz,Carnicería y Charcutería,1,True,False,False,False,False
CAT-2882,Panceta salada ibérica La Hacienda del ibérico,Carnicería y Charcutería,1,True,False,False,False,False
CAT-2887,Chopped,Carnicería y Charcutería,1,True,False,False,False,False
CAT-2892,Guindillas picantes,Despensa,1,True,False,False,False,False
CAT-2893,Pipas girasol tostadas 0% sal añadida,Desayuno y Snack,1,True,False,False,False,False
CAT-2895,Aros de maíz,Desayuno y Snack,1,True,False,False,False,False
CAT-2896,Snack de maíz Crunchy sabor agridulce picante,Desayuno y Snack,1,True,False,False,False,False
CAT-2897,Sticks vegetales,Desayuno y Snack,1,True,False,False,False,False
CAT-2898,Snack frito Binkies sabor queso,Desayuno y Snack,1,True,False,False,False,False
CAT-2899,Snack frito Rolls sabor queso y chili picante,Desayuno y Snack,1,True,False,False,False,False
CAT-2900,Snack de lentejas horneado Lentils,Desayuno y Snack,1,True,False,False,False,False
CAT-3102,Jamón serrano reserva cortado a tapas,Carnicería y Charcutería,1,True,False,False,False,False
CAT-3103,Figuritas de merluza empanadas ultracongeladas,Congelados,1,True,False,False,False,False
CAT-3104,Chipirones enharinados ultracongelado,Congelados,1,True,False,False,False,False
CAT-3105,Langostino caballitos rebozados ultracongelados,Congelados,1,True,False,False,False,False
CAT-3106,Filetes de boquerón en tempura ultracongelado,Congelados,1,True,False,False,False,False
CAT-3109,Canónigos lavados,Frutas y Verduras,1,True,False,False,False,False
CAT-3110,Salchichas cocidas Schara de cerdo ahumadas,Carnicería y Charcutería,1,True,False,False,False,False
CAT-3112,Salchichas cocidas hot dog bocadillo Oscar Mayer Classic de pollo y cerdo sabor ahumado,Carnicería y Charcutería,1,True,False,False,False,False
CAT-3113,Salchichas cocidas bocata de pollo y pavo sabor ahumado,Carnicería y Charcutería,1,True,False,False,False,False
CAT-3115,Lomo de bellota ibérico 50% raza ibérica cortado a máquina,Carnicería y Charcutería,1,True,False,False,False,False
CAT-3116,Surtido de ibéricos La Hacienda del ibérico,Carnicería y Charcutería,1,True,False,False,False,False
CAT-3117,Lechuga iceberg cortada y lavada,Frutas y Verduras,1,True,False,False,False,False
CAT-3118,Ensalada mezcla gourmet lavada,Frutas y Verduras,1,True,False,False,False,False
CAT-3122,Queso viejo tostado mezcla,Lácteos y Huevos,1,True,False,False,False,False
CAT-3123,Queso curado y cheddar en dados,Lácteos y Huevos,1,True,False,False,False,False
CAT-3127,Queso tierno bola edam de vaca Holland Corona,Lácteos y Huevos,1,True,False,False,False,False
CAT-3128,Queso lonchas cremoso de vaca,Lácteos y Huevos,1,True,False,False,False,False
CAT-3129,Queso lonchas tierno mezcla Entrepinares,Lácteos y Huevos,1,True,False,False,False,False
CAT-3131,Queso lonchas fundido sándwich mezcla,Lácteos y Huevos,1,True,False,False,False,False
CAT-3133,Queso lonchas tierno de vaca Entrepinares,Lácteos y Huevos,1,True,False,False,False,False
CAT-3136,Medios cocos helados,Congelados,1,True,False,False,False,False
CAT-3137,Helado vegetal mini triple chocolate a base de anacardo,Congelados,1,True,False,False,False,False
CAT-3138,Croquetas caprichos de camembert ultracongelados,Congelados,1,True,False,False,False,False
CAT-2983,Insecticida barrera antimosquitos,Hogar,1,True,False,False,False,False
CAT-2985,Gel-champú bebé para pieles atópicas,Bebes,1,True,False,False,False,False
CAT-2986,"Helado bombón pistacho con cobertura, salsa y granillo de pistacho",Congelados,1,True,False,False,False,False
CAT-2987,Helado Dochi tarta de la abuela de vainilla y masa de galleta,Congelados,1,True,False,False,False,False
CAT-2988,Helado cucurucho fresa nata,Congelados,1,True,False,False,False,False
CAT-2990,Limpiador bebé para biberones y tetinas,Bebes,1,True,False,False,False,False
CAT-2991,Chupete silicona reversible +0 a 6 meses,Bebes,1,True,False,False,False,False
CAT-2992,Chupete silicona reversible +6 a 18 meses luminiscente,Bebes,1,True,False,False,False,False
CAT-2993,Chupete silicona reversible +18 meses,Bebes,1,True,False,False,False,False
CAT-3226,Rabanitos,Frutas y Verduras,1,True,False,False,False,False
CAT-3230,Servilleta papel,Hogar,1,True,False,False,False,False
CAT-3044,Filetes pechuga de pollo extra tiernos,Carnicería y Charcutería,1,True,False,False,False,False
CAT-3046,Filetes de pechuga de pollo adobada,Carnicería y Charcutería,1,True,False,False,False,False
CAT-3052,Pierna de lechal entera congelada,Carnicería y Charcutería,1,True,False,False,False,False
CAT-3053,Chuletas cordero de lechal congeladas,Carnicería y Charcutería,1,True,False,False,False,False
CAT-3056,Filetes hígado de vacuno,Carnicería y Charcutería,1,True,False,False,False,False
CAT-3139,Ensalada mezcla tierna lavada,Frutas y Verduras,1,True,False,False,False,False
CAT-3140,Rúcula lavada,Frutas y Verduras,1,True,False,False,False,False
CAT-3143,Helado mini Boom con cobertura blanda de pasta de avellana y galleta troceada,Congelados,1,True,False,False,False,False
CAT-3144,Helado crocan choc vainilla con lengua sabor chocolate,Congelados,1,True,False,False,False,False
CAT-3147,Castañas heladas de nata,Congelados,1,True,False,False,False,False
CAT-3149,Helado bombón negro,Congelados,1,True,False,False,False,False
CAT-3151,Escarola rizada cortada y lavada,Frutas y Verduras,1,True,False,False,False,False
CAT-3152,Tempura de verduras ultracongelada,Congelados,1,True,False,False,False,False
CAT-3153,Edamame soja verde ultracongelada,Congelados,1,True,False,False,False,False
CAT-3157,Gambón congelado,Congelados,1,True,False,False,False,False
CAT-3158,Salmón al natural,Conservas y Enlatados,1,True,False,False,False,False
CAT-3161,Helado menta choco con trocitos sabor chocolate,Congelados,1,True,False,False,False,False
CAT-3163,Helado Biscuit sabor galleta caramelizada,Congelados,1,True,False,False,False,False
CAT-3166,Tarta selva negra congelada,Congelados,1,True,False,False,False,False
CAT-3167,Trenza hojaldre de mantequilla congelada,Congelados,1,True,False,False,False,False
CAT-3168,Tarta infantil animales congelada,Congelados,1,True,False,False,False,False
CAT-3171,Apio verde,Frutas y Verduras,1,True,False,False,False,False
CAT-3172,Morralla,Pescadería,1,True,False,False,False,False
CAT-3173,Caballa Verdel sin tripa,Pescadería,1,True,False,False,False,False
CAT-3174,Caballa Verdel sin cabeza y sin tripa,Pescadería,1,True,False,False,False,False
CAT-3175,Caballa Verdel a rodajas sin cabeza y sin tripa,Pescadería,1,True,False,False,False,False
CAT-3176,Caballa Verdel a filetes sin cabeza y sin tripa,Pescadería,1,True,False,False,False,False
CAT-3177,Caballa Verdel abierta a la espalda con espinas y con cabeza,Pescadería,1,True,False,False,False,False
CAT-3178,Pizza 4 quesos sin gluten y sin lactosa ultracongelada,Congelados,1,True,False,False,False,False
CAT-3179,Champiñones laminados limpios,Frutas y Verduras,1,True,False,False,False,False
CAT-3184,Pimientos asados en tiras,Conservas y Enlatados,1,True,False,False,False,False
CAT-3187,Palmito al natural entero,Conservas y Enlatados,1,True,False,False,False,False
CAT-3189,Perejil troceado lavado,Frutas y Verduras,1,True,False,False,False,False
CAT-3190,Salmorejo al estilo cordobés,Conservas y Enlatados,1,True,False,False,False,False
CAT-3191,Gazpacho fresco,Conservas y Enlatados,1,True,False,False,False,False
CAT-3192,Emperador marinado aromatizado,Pescadería,1,True,False,False,False,False
CAT-3193,Doble caldo sabor clásico carne Knorr en pastillas,Conservas y Enlatados,1,True,False,False,False,False
CAT-3196,Tomate tamizado sin piel,Conservas y Enlatados,1,True,False,False,False,False
CAT-3198,Acondicionador Suavidad y Brillo todo tipo de cabello,Cuidado personal e Higiene,1,True,False,False,False,False
CAT-3200,Acondicionador instantáneo Kids,Cuidado personal e Higiene,1,True,False,False,False,False
CAT-3405,Tampones super plus con aplicador suave,Cuidado personal e Higiene,1,True,False,False,False,False
CAT-3406,Laca de uñas manicura francesa 01 blanco punta,Cuidado personal e Higiene,1,True,False,False,False,False
CAT-3407,Laca de uñas manicura francesa 03 rosa,Cuidado personal e Higiene,1,True,False,False,False,False
CAT-3408,Tratamiento para uñas y cutículas Sérum SOS,Cuidado personal e Higiene,1,True,False,False,False,False
CAT-3409,Laca de uñas alto brillo 20 rosa magnético,Cuidado personal e Higiene,1,True,False,False,False,False
CAT-3410,Laca de uñas alto brillo 31 negro místico,Cuidado personal e Higiene,1,True,False,False,False,False
CAT-3411,Laca de uñas alto brillo 39 dulce fresa,Cuidado personal e Higiene,1,True,False,False,False,False
CAT-3259,Coloración permanente 0% amoníaco 5.1 castaño claro ceniza Colorcor,Cuidado personal e Higiene,1,True,False,False,False,False
CAT-3413,Piedra pómez,Cuidado personal e Higiene,1,True,False,False,False,False
CAT-3414,Body spray citronela,Cuidado personal e Higiene,1,True,False,False,False,False
CAT-3415,Eau de parfum mujer Boem Shine,Cuidado personal e Higiene,1,True,False,False,False,False
CAT-3416,Raticida cebo fresco,Hogar,1,True,False,False,False,False
CAT-5925,Colgador Wc Fresh Ocean Carrefour Expert 2 Ud,Sin categoría,1,True,False,False,False,False
CAT-3228,Fósforos de madera largos Tres Estrellas,Hogar,1,True,False,False,False,False
CAT-2995,Helado sabor chocolate,Congelados,1,True,False,False,False,False
CAT-2997,Vermouth rojo Maronti reserva,Bebidas,1,True,False,False,False,False
CAT-3119,Bloc foie gras de pato,Carnicería y Charcutería,1,True,False,False,False,False
CAT-2998,Ginebra London Dry Gin Tanqueray,Bebidas,1,True,False,False,False,False
CAT-3201,Acondicionador instantáneo Repair & Nutrition cabello seco y dañado,Cuidado personal e Higiene,1,True,False,False,False,False
CAT-3202,Acondicionador Protector Color Vive Elvive cabello teñido o con mechas,Cuidado personal e Higiene,1,True,False,False,False,False
CAT-3203,Cilantro,Frutas y Verduras,1,True,False,False,False,False
CAT-3204,Acondicionador instantáneo Hydra hyaluronic cabello de normal a seco,Cuidado personal e Higiene,1,True,False,False,False,False
CAT-3205,Acondicionador Liso Keratina TRESemmé cabello encrespado o dañado,Cuidado personal e Higiene,1,True,False,False,False,False
CAT-3207,Mascarilla Liss Frizz Control cabello rebelde,Cuidado personal e Higiene,1,True,False,False,False,False
CAT-3208,Mascarilla sin aclarado Repair & Nutrition cabello seco y dañado,Cuidado personal e Higiene,1,True,False,False,False,False
CAT-3210,"Mascarilla Silver Blond cabello rubio, decolorado y grises",Cuidado personal e Higiene,1,True,False,False,False,False
CAT-3211,Mascarilla Protectora Color Vive Elvive cabello teñido o con mechas,Cuidado personal e Higiene,1,True,False,False,False,False
CAT-3212,Ensaimada,Panadería y Pastelería,1,True,False,False,False,False
CAT-3213,Mascarilla intensiva Liso Keratina 1 Minute Wow! TRESemmé cabello encrespado o dañado,Cuidado personal e Higiene,1,True,False,False,False,False
CAT-3214,Mascarilla Color Protect cabello teñido,Cuidado personal e Higiene,1,True,False,False,False,False
CAT-3223,Apio cortado lavado,Frutas y Verduras,1,True,False,False,False,False
CAT-3224,Preparado de verdura para cocido,Frutas y Verduras,1,True,False,False,False,False
CAT-3229,Encendedor cocina largo Clipper,Hogar,1,True,False,False,False,False
CAT-3057,Entrecot de vacuno añojo,Carnicería y Charcutería,1,True,False,False,False,False
CAT-3059,Solomillo de vacuno,Carnicería y Charcutería,1,True,False,False,False,False
CAT-3060,Filetes de vacuno añojo para plancha,Carnicería y Charcutería,1,True,False,False,False,False
CAT-3064,Pizza masa fina jamón ultracongelada,Congelados,1,True,False,False,False,False
CAT-3066,Merluza empanada pan fino ultracongelada,Congelados,1,True,False,False,False,False
CAT-3071,Flautas de bacón y queso,Carnicería y Charcutería,1,True,False,False,False,False
CAT-3072,Barritas de galleta bañadas en chocolate con leche Chips Ahoy,Desayuno y Snack,1,True,False,False,False,False
CAT-3073,Galletas con chocolate y crema de leche,Desayuno y Snack,1,True,False,False,False,False
CAT-3076,Muslitos de surimi ultracongelados,Congelados,1,True,False,False,False,False
CAT-3077,Palitos de merluza a la romana ultracongelados,Congelados,1,True,False,False,False,False
CAT-3080,Ambientador coche Marine,Hogar,1,True,False,False,False,False
CAT-3082,Galletas Digestive 0% azúcares añadidos,Desayuno y Snack,1,True,False,False,False,False
CAT-3083,Galletas de espelta,Desayuno y Snack,1,True,False,False,False,False
CAT-3087,Galletas Chocominis sabor chocolate,Desayuno y Snack,1,True,False,False,False,False
CAT-3089,Galletas mini caritas con crema de cacao,Desayuno y Snack,1,True,False,False,False,False
CAT-3091,Longaniza de pavo extra lonchas,Carnicería y Charcutería,1,True,False,False,False,False
CAT-3094,Pechuga de pavo Noel lonchas muy finas,Carnicería y Charcutería,1,True,False,False,False,False
CAT-3096,Jamón de pavo,Carnicería y Charcutería,1,True,False,False,False,False
CAT-3098,Cabeza de cerdo finas lonchas,Carnicería y Charcutería,1,True,False,False,False,False
CAT-3100,Maxi york finas lonchas,Carnicería y Charcutería,1,True,False,False,False,False
CAT-3302,Colorete compacto Blush Luminoso 03 dorado,Cuidado personal e Higiene,1,True,False,False,False,False
CAT-3304,Coloración permanente 101 rubio platino ceniza Colorcor,Cuidado personal e Higiene,1,True,False,False,False,False
CAT-3307,Coloración permanente 4.5 caoba oscuro Colorcor,Cuidado personal e Higiene,1,True,False,False,False,False
CAT-3310,Coloración permanente 6.4 rubio oscuro cobrizo Colorcor,Cuidado personal e Higiene,1,True,False,False,False,False
CAT-3311,Retoca raíces instantáneo castaño Magic Retouch,Cuidado personal e Higiene,1,True,False,False,False,False
CAT-3312,Retoca raíces instantáneo castaño caoba Magic retouch,Cuidado personal e Higiene,1,True,False,False,False,False
CAT-3313,Retoca raíces instantáneo rubio Magic Retouch,Cuidado personal e Higiene,1,True,False,False,False,False
CAT-3164,Tarta tres chocolates congelada,Congelados,1,True,False,False,False,False
CAT-3233,Champú infantil Kids 3 en,Cuidado personal e Higiene,1,True,False,False,False,False
CAT-3234,Mascarilla cabello violín Color Mask,Cuidado personal e Higiene,1,True,False,False,False,False
CAT-3235,Maquinilla de afeitar recargable Gillette Mach Sport 3 hojas,Cuidado personal e Higiene,1,True,False,False,False,False
CAT-3236,Crema de manos anti-manchas FPS,Cuidado personal e Higiene,1,True,False,False,False,False
CAT-3237,Crema para pies 10% urea pura,Cuidado personal e Higiene,1,True,False,False,False,False
CAT-3239,Trenza con nueces 4%,Panadería y Pastelería,1,True,False,False,False,False
CAT-3240,Recambios maquinilla de afeitar Gillette Fusion Sport 5 hojas,Cuidado personal e Higiene,1,True,False,False,False,False
CAT-3241,Recambios maquinilla de afeitar Gillette Mach Sport 3 hojas,Cuidado personal e Higiene,1,True,False,False,False,False
CAT-3243,Lote mujer Como tú Extratime,Cuidado personal e Higiene,1,True,False,False,False,False
CAT-3245,Coloración permanente 0% amoníaco 1.88 negro azulado intenso Colorcor,Cuidado personal e Higiene,1,True,False,False,False,False
CAT-3246,Coloración permanente 3 castaño oscuro Colorcor,Cuidado personal e Higiene,1,True,False,False,False,False
CAT-3247,Coloración permanente 0% amoníaco 3 castaño oscuro Colorcor,Cuidado personal e Higiene,1,True,False,False,False,False
CAT-3248,Coloración permanente 3 castaño oscuro Excellence Creme,Cuidado personal e Higiene,1,True,False,False,False,False
CAT-3250,Desodorante roll-on Invisible Black & White Nivea Men antitranspirante,Cuidado personal e Higiene,1,True,False,False,False,False
CAT-3252,Desodorante stick original Tulipán Negro,Cuidado personal e Higiene,1,True,False,False,False,False
CAT-3257,Coloración permanente 5 castaño claro Excellence Creme,Cuidado personal e Higiene,1,True,False,False,False,False
CAT-3261,Protegeslip ultrafino Fresh,Cuidado personal e Higiene,1,True,False,False,False,False
CAT-3262,Coloración permanente 5.35 castaño canela Color Sensatión,Cuidado personal e Higiene,1,True,False,False,False,False
CAT-3263,Coloración permanente 5.77 castaño claro marrón intenso Colorcor,Cuidado personal e Higiene,1,True,False,False,False,False
CAT-3264,Coloración permanente 5.79 marrón chocolate Colorcor,Cuidado personal e Higiene,1,True,False,False,False,False
CAT-3265,Coloración permanente 6.25 marrón avellana Colorcor,Cuidado personal e Higiene,1,True,False,False,False,False
CAT-3269,Compresa sin alas normal Evax cotton like,Cuidado personal e Higiene,1,True,False,False,False,False
CAT-3270,Protegeslip Cotton flexiform Carefree regular + tanga,Cuidado personal e Higiene,1,True,False,False,False,False
CAT-3271,Coloración permanente 6.35 rubio caramelo Color Sensation,Cuidado personal e Higiene,1,True,False,False,False,False
CAT-3272,Coloración permanente 7 rubio medio Colorcor,Cuidado personal e Higiene,1,True,False,False,False,False
CAT-3274,Coloración permanente 7 rubio Excellence Creme,Cuidado personal e Higiene,1,True,False,False,False,False
CAT-3275,Coloración permanente 0% amoníaco 7.0 rubio medio luminoso Colorcor,Cuidado personal e Higiene,1,True,False,False,False,False
CAT-3276,Coloración permanente 7.1 rubio ceniza Excellence Creme,Cuidado personal e Higiene,1,True,False,False,False,False
CAT-3277,Eau de toilette mujer Aqua Royale Amber,Cuidado personal e Higiene,1,True,False,False,False,False
CAT-3278,Lote mujer Elección,Cuidado personal e Higiene,1,True,False,False,False,False
CAT-3279,Eau de parfum hombre Como Tú Rebel,Cuidado personal e Higiene,1,True,False,False,False,False
CAT-3280,Eau de parfum hombre Como Tú Enciende,Cuidado personal e Higiene,1,True,False,False,False,False
CAT-3282,Maquillaje serum camomila 100 beige muy claro,Cuidado personal e Higiene,1,True,False,False,False,False
CAT-3283,Maquillaje fluido Hydra 200 beige medio,Cuidado personal e Higiene,1,True,False,False,False,False
CAT-3284,Maquillaje fluido Hydra 300 arena,Cuidado personal e Higiene,1,True,False,False,False,False
CAT-3285,Maquillaje fluido Hydra 310 caramelo,Cuidado personal e Higiene,1,True,False,False,False,False
CAT-3287,Coloración permanente 7.31 nude beige Colorcor,Cuidado personal e Higiene,1,True,False,False,False,False
CAT-3288,Eau de toilette hombre Aqua Royale Woods,Cuidado personal e Higiene,1,True,False,False,False,False
CAT-3289,Perlas Sol,Cuidado personal e Higiene,1,True,False,False,False,False
CAT-3290,Corrector Mate Stick 100 beige rosado,Cuidado personal e Higiene,1,True,False,False,False,False
CAT-3291,Corrector Mate Stick 200 vainilla,Cuidado personal e Higiene,1,True,False,False,False,False
CAT-3293,Corrector fluido multiusos Long Lasting mate 210 arena,Cuidado personal e Higiene,1,True,False,False,False,False
CAT-3294,Corrector fluido multiusos Long Lasting mate 300 cappuccino,Cuidado personal e Higiene,1,True,False,False,False,False
CAT-3295,Corrector fluido Hydra 100 porcelana,Cuidado personal e Higiene,1,True,False,False,False,False
CAT-3296,Corrector fluido Hydra 200 vainilla,Cuidado personal e Higiene,1,True,False,False,False,False
CAT-3297,Corrector fluido Hydra 300 arena,Cuidado personal e Higiene,1,True,False,False,False,False
CAT-3299,Bronceador facial fluido Bronzer luminoso 01 terracota,Cuidado personal e Higiene,1,True,False,False,False,False
CAT-3300,Prebase facial Active Glow Primer Denim Blossom efecto luminoso,Cuidado personal e Higiene,1,True,False,False,False,False
CAT-3501,Desatascador Turbo en gel,Hogar,1,True,False,False,False,False
CAT-3502,Amoníaco concentrado con detergente,Hogar,1,True,False,False,False,False
CAT-3504,Alguicida sin espuma líquido para piscina,Hogar,1,True,False,False,False,False
CAT-3505,Reductor de pH para piscina,Hogar,1,True,False,False,False,False
CAT-3506,Dosificador flotante para piscina,Hogar,1,True,False,False,False,False
CAT-3509,Cuajada,Lácteos y Huevos,1,True,False,False,False,False
CAT-3510,Patatas rojas,Frutas y Verduras,1,True,False,False,False,False
CAT-3515,Cebollas tiernas,Frutas y Verduras,1,True,False,False,False,False
CAT-3516,Ajo tierno,Frutas y Verduras,1,True,False,False,False,False
CAT-3345,Disuelve manchas,Hogar,1,True,False,False,False,False
CAT-3391,Difusor insecticida antimosquitos eléctrico,Hogar,1,True,False,False,False,False
CAT-5927,Patatas Corte Para Bravas Carrefour 750 G,Sin categoría,1,True,False,False,False,False
CAT-3392,Insecticida antimosquitos eléctrico recambio pastillas,Hogar,1,True,False,False,False,False
CAT-3301,Colorete compacto Blush Luminoso 01 rosa,Cuidado personal e Higiene,1,True,False,False,False,False
CAT-3657,Aceite labial Jelly Lip Oil 01 rosa,Cuidado personal e Higiene,1,True,False,False,False,False
CAT-3058,Lomo de vacuno añojo,Carnicería y Charcutería,1,True,False,False,False,False
CAT-3070,Manzanas Golden,Frutas y Verduras,1,True,False,False,False,False
CAT-3099,Jamón cocido lonchas,Carnicería y Charcutería,1,True,False,False,False,False
CAT-3305,Coloración permanente 0% amoníaco 101 rubio platino ceniza Colorcor,Cuidado personal e Higiene,1,True,False,False,False,False
CAT-3306,Coloración permanente 110 rubio extra claro ceniza Color Sensation,Cuidado personal e Higiene,1,True,False,False,False,False
CAT-3308,Coloración permanente 5.20 violín Colorcor,Cuidado personal e Higiene,1,True,False,False,False,False
CAT-3309,Coloración permanente 0% amoníaco 5.69 violín Colorcor,Cuidado personal e Higiene,1,True,False,False,False,False
CAT-3319,Espuma cabello Xtra Forte fijación,Cuidado personal e Higiene,1,True,False,False,False,False
CAT-3320,Gel fijador cabello X-trem fijación,Cuidado personal e Higiene,1,True,False,False,False,False
CAT-3322,Cera cabello Brillo fijación,Cuidado personal e Higiene,1,True,False,False,False,False
CAT-3323,Recambios maquinilla de afeitar Precision System 6 hojas,Cuidado personal e Higiene,1,True,False,False,False,False
CAT-3325,Crema facial gel revitalizante e hidratante Men Care Vital,Cuidado personal e Higiene,1,True,False,False,False,False
CAT-3326,Aceite corporal de romero 100% natural,Cuidado personal e Higiene,1,True,False,False,False,False
CAT-3331,Gel refrescante mentol para pies y piernas,Cuidado personal e Higiene,1,True,False,False,False,False
CAT-3332,Loción corporal Nutre almendras y cica,Cuidado personal e Higiene,1,True,False,False,False,False
CAT-3335,Stick para pies anti-rozaduras,Cuidado personal e Higiene,1,True,False,False,False,False
CAT-3336,Mascarilla de pies hidratante con centella asiática & mentol,Cuidado personal e Higiene,1,True,False,False,False,False
CAT-3337,Toallitas rostro y cuerpo autobronceadoras monodosis,Cuidado personal e Higiene,1,True,False,False,False,False
CAT-3340,Crema facial día antiarrugas Regen Skin con células madre vegetales,Cuidado personal e Higiene,1,True,False,False,False,False
CAT-3341,Crema facial Retinal primeras arrugas Prevent Age Skin,Cuidado personal e Higiene,1,True,False,False,False,False
CAT-3342,Crema facial nutritiva redensificadora Prevent Age Ski Green Caviar y colágeno,Cuidado personal e Higiene,1,True,False,False,False,False
CAT-3343,Lote facial Sisbela Reafirm,Cuidado personal e Higiene,1,True,False,False,False,False
CAT-3346,Crema facial hidratante con color Skiny Glow Tint con pigmentos encapsulados,Cuidado personal e Higiene,1,True,False,False,False,False
CAT-3351,Desinfectante Tejidos y Lavadora sin lejía,Hogar,1,True,False,False,False,False
CAT-3352,Eliminador de olores tejidos,Hogar,1,True,False,False,False,False
CAT-3353,Activador Quitamanchas ropa de color Oxi Active en polvo,Hogar,1,True,False,False,False,False
CAT-3356,Cera caliente en tarro piel sensible,Cuidado personal e Higiene,1,True,False,False,False,False
CAT-3357,Crema depilatoria facial piel sensible,Cuidado personal e Higiene,1,True,False,False,False,False
CAT-3359,Recambios maquinilla depilación Body System 6 hojas,Cuidado personal e Higiene,1,True,False,False,False,False
CAT-3361,Desodorante roll-on Fashion Seda antitranspirante,Cuidado personal e Higiene,1,True,False,False,False,False
CAT-3363,Desodorante perfume Fashion antitranspirante,Cuidado personal e Higiene,1,True,False,False,False,False
CAT-3366,Insecticida ácaros especial tejidos,Hogar,1,True,False,False,False,False
CAT-3368,Desodorante Zero Sanex,Cuidado personal e Higiene,1,True,False,False,False,False
CAT-3369,Desodorante para pies en polvo antitranspirante,Cuidado personal e Higiene,1,True,False,False,False,False
CAT-3370,Desodorante para pies fresh & dry antitranspirante,Cuidado personal e Higiene,1,True,False,False,False,False
CAT-3371,Gel de baño oliva piel seca,Cuidado personal e Higiene,1,True,False,False,False,False
CAT-3372,Gel de baño frescor azul piel normal,Cuidado personal e Higiene,1,True,False,False,False,False
CAT-3374,Limpiahogar Oxi Active sin lejía,Hogar,1,True,False,False,False,False
CAT-3375,Multiusos Desinfectante antibacterias,Hogar,1,True,False,False,False,False
CAT-3379,Lavavajillas Ultra Todo en 1 Fairy en pastillas,Hogar,1,True,False,False,False,False
CAT-3380,Gel de baño coco y lichi piel normal,Cuidado personal e Higiene,1,True,False,False,False,False
CAT-3381,Gel de baño ambar y vetiver piel normal,Cuidado personal e Higiene,1,True,False,False,False,False
CAT-3382,Jabón de manos kids líquido,Cuidado personal e Higiene,1,True,False,False,False,False
CAT-3384,Guante de Crin exfoliante,Cuidado personal e Higiene,1,True,False,False,False,False
CAT-3385,Toalla turbante seca pelo microfibra,Cuidado personal e Higiene,1,True,False,False,False,False
CAT-3386,Dentífrico Max White One Colgate,Cuidado personal e Higiene,1,True,False,False,False,False
CAT-3388,Cepillo dental Eléctrico Oral-B Vitality Pro Precision Clean,Cuidado personal e Higiene,1,True,False,False,False,False
CAT-3394,Trampa matacucarachas,Hogar,1,True,False,False,False,False
CAT-3396,Bolsas de basura saco 100L cubo industrial,Hogar,1,True,False,False,False,False
CAT-3399,Protegeslip tanga Fresh,Cuidado personal e Higiene,1,True,False,False,False,False
CAT-3400,Protegeslip micro Fresh,Cuidado personal e Higiene,1,True,False,False,False,False
CAT-3602,Bolsa de rafia,Hogar,1,True,False,False,False,False
CAT-3603,Plato postre biodegradable,Hogar,1,True,False,False,False,False
CAT-3604,Cucharas postre de plástico reutilizables,Hogar,1,True,False,False,False,False
CAT-3605,Tenedores de plástico reutilizables,Hogar,1,True,False,False,False,False
CAT-3607,Mini mechero Clipper,Hogar,1,True,False,False,False,False
CAT-3608,Servilleta papel decorada Resistente,Hogar,1,True,False,False,False,False
CAT-3609,Servilleta papel Cocktail,Hogar,1,True,False,False,False,False
CAT-3611,Papel hogar Compacto Absorbente,Hogar,1,True,False,False,False,False
CAT-3612,Papel Multiusos Resistente,Hogar,1,True,False,False,False,False
CAT-3613,Papel cocina Gigante Absorbente,Hogar,1,True,False,False,False,False
CAT-3615,Papel higiénico doble hoja,Hogar,1,True,False,False,False,False
CAT-3617,Pañuelos de papel Mentol,Hogar,1,True,False,False,False,False
CAT-3618,Pila alcalina AAA LR03,Hogar,1,True,False,False,False,False
CAT-3619,Bolsas de basura extra perfumadas 30L cubo mediano,Hogar,1,True,False,False,False,False
CAT-3620,Bolsas de basura compostables 10L cubo pequeño,Hogar,1,True,False,False,False,False
CAT-3623,Maquillaje Mate Stick multiusos 220 almendra,Cuidado personal e Higiene,1,True,False,False,False,False
CAT-3624,Maquillaje Mate Stick multiusos 300 mocca,Cuidado personal e Higiene,1,True,False,False,False,False
CAT-3625,Maquillaje Mate Stick multiusos bronzer 400 chocolate,Cuidado personal e Higiene,1,True,False,False,False,False
CAT-3626,Corrector serum luminoso 100 beige claro,Cuidado personal e Higiene,1,True,False,False,False,False
CAT-3627,Corrector serum luminoso 200 beige oscuro,Cuidado personal e Higiene,1,True,False,False,False,False
CAT-3628,Colorete fluido Blush luminoso,Cuidado personal e Higiene,1,True,False,False,False,False
CAT-3630,Colorete fluido Blush mate 04 rojo,Cuidado personal e Higiene,1,True,False,False,False,False
CAT-3631,Colorete Cream Blush 01 nude rosado,Cuidado personal e Higiene,1,True,False,False,False,False
CAT-3632,Colorete Cream Blush 02 rosa intenso,Cuidado personal e Higiene,1,True,False,False,False,False
CAT-3633,Polvo compacto Sol claro,Cuidado personal e Higiene,1,True,False,False,False,False
CAT-3635,Polvo compacto Matificante,Cuidado personal e Higiene,1,True,False,False,False,False
CAT-3636,Polvo suelto Translúcido,Cuidado personal e Higiene,1,True,False,False,False,False
CAT-3637,Polvo Compacto 24H Long Lasting 04 dorado oscuro,Cuidado personal e Higiene,1,True,False,False,False,False
CAT-3638,Perfilador de labios Long Lasting 08 granate,Cuidado personal e Higiene,1,True,False,False,False,False
CAT-3639,Perfilador de labios Long Lasting 11 nude,Cuidado personal e Higiene,1,True,False,False,False,False
CAT-3641,Mejillón selección,Pescadería,1,True,False,False,False,False
CAT-3642,Pintalabios Creamy 212 marrón crema,Cuidado personal e Higiene,1,True,False,False,False,False
CAT-3643,Pintalabios Creamy 215 malva suave,Cuidado personal e Higiene,1,True,False,False,False,False
CAT-3644,Pintalabios Creamy 218 granate suave,Cuidado personal e Higiene,1,True,False,False,False,False
CAT-3645,Pintalabios Creamy 219 marrón chocolate,Cuidado personal e Higiene,1,True,False,False,False,False
CAT-3647,Bálsamo labial Color Balm 10 coral,Cuidado personal e Higiene,1,True,False,False,False,False
CAT-3648,Bálsamo labial Color Balm 11 rosa,Cuidado personal e Higiene,1,True,False,False,False,False
CAT-3649,Brillo de labios Volumizer gloss 03 nude rosa,Cuidado personal e Higiene,1,True,False,False,False,False
CAT-3650,Brillo de labios Volumizer gloss 05 rosa,Cuidado personal e Higiene,1,True,False,False,False,False
CAT-3652,Brillo de labios Volumizer gloss 07 transparente con destellos,Cuidado personal e Higiene,1,True,False,False,False,False
CAT-3654,Berberechos,Pescadería,1,True,False,False,False,False
CAT-3655,Navajas,Pescadería,1,True,False,False,False,False
CAT-3659,Pintalabios dúo Ink & Gloss 01 nude rosado,Cuidado personal e Higiene,1,True,False,False,False,False
CAT-3662,Pintalabios Fluido Mate 01 nude beige,Cuidado personal e Higiene,1,True,False,False,False,False
CAT-3663,Pintalabios Fluido Mate 02 nude rosado,Cuidado personal e Higiene,1,True,False,False,False,False
CAT-3699,Dorada limpia con cabeza,Pescadería,1,True,False,False,False,False
CAT-3902,Ensalada de marisco Listo para Comer,Platos preparados,1,True,False,False,False,False
CAT-3908,Tsatsiki,Platos preparados,1,True,False,False,False,False
CAT-3910,Yogur líquido desnatado Frutos Silvestres 0% MG 0% azúcares añadidos,Lácteos y Huevos,1,True,False,False,False,False
CAT-3911,Bebida láctea desnatada sabor fresa +Proteínas 0% MG 20 g proteínas,Lácteos y Huevos,1,True,False,False,False,False
CAT-3925,Bebida multivitaminas sin azúcares añadidos,Bebidas,1,True,False,False,False,False
CAT-5931,Seta Shii Take Carrefour 300 G Aprox,Sin categoría,1,True,False,False,False,False
CAT-5932,Hongo Portobello Carrefour 300 G Aprox,Sin categoría,1,True,False,False,False,False
CAT-3417,Vela citronela antimosquitos y moscas,Hogar,1,True,False,False,False,False
CAT-3913,Bebida láctea desnatada sabor tropical +Proteínas 0% MG 20 g proteínas,Lácteos y Huevos,1,True,False,False,False,False
CAT-3901,Ensaladilla de marisco Listo para Comer,Platos preparados,1,True,False,False,False,False
CAT-3653,Mejillón,Pescadería,1,True,False,False,False,False
CAT-3418,Pintalabios mate 12h Lasting Lips 08 rojo,Cuidado personal e Higiene,1,True,False,False,False,False
CAT-3419,Merluza media pieza sin aletas y sin escamas,Pescadería,1,True,False,False,False,False
CAT-3420,Eau de parfum mujer Como Tú Sinfonía,Cuidado personal e Higiene,1,True,False,False,False,False
CAT-3421,Eau de parfum mujer Como Tú Gold,Cuidado personal e Higiene,1,True,False,False,False,False
CAT-3422,Eau de parfum mujer Como Tú Extratime Likes,Cuidado personal e Higiene,1,True,False,False,False,False
CAT-3424,Eau de parfum mujer Como tú Cerise,Cuidado personal e Higiene,1,True,False,False,False,False
CAT-3425,Fragancia Mist Vainilla Sunset,Cuidado personal e Higiene,1,True,False,False,False,False
CAT-3426,Eau de toilette hombre Aqua Royale Vitae,Cuidado personal e Higiene,1,True,False,False,False,False
CAT-3427,Lote infantil maquillaje Color Up Unicorn Power,Cuidado personal e Higiene,1,True,False,False,False,False
CAT-3428,Protector solar Sun Med FPS 50+,Cuidado personal e Higiene,1,True,False,False,False,False
CAT-3431,Recambio ambientador mini spray Brisa Azul,Hogar,1,True,False,False,False,False
CAT-3432,Ambientador spray de tejidos,Hogar,1,True,False,False,False,False
CAT-3433,Recambio ambientador eléctrico Brisa Azul,Hogar,1,True,False,False,False,False
CAT-3434,Recambio ambientador eléctrico Orquídea,Hogar,1,True,False,False,False,False
CAT-3435,Recambio ambientador eléctrico Spa 6 fragancias,Hogar,1,True,False,False,False,False
CAT-3437,Recambio ambientador eléctrico Mundo 6 fragancias,Hogar,1,True,False,False,False,False
CAT-3438,Mini aritos perro adulto y sénior,Mascotas,1,True,False,False,False,False
CAT-3439,Crema protección solar FPS 50+,Cuidado personal e Higiene,1,True,False,False,False,False
CAT-3440,Crema protección solar infantil FPS 50 para pieles sensibles,Cuidado personal e Higiene,1,True,False,False,False,False
CAT-3442,Stick protector solar facial & zonas sensibles FPS,Cuidado personal e Higiene,1,True,False,False,False,False
CAT-3444,Protector solar niños bruma Denenes Ecran FPS 50,Cuidado personal e Higiene,1,True,False,False,False,False
CAT-3446,Mona de Pascua bañada de chocolate con huevo sorpresa,Panadería y Pastelería,1,True,False,False,False,False
CAT-3449,Cápsulas Alcachofa,Cuidado personal e Higiene,1,True,False,False,False,False
CAT-3450,Cápsulas Colagen Antiox piel,Cuidado personal e Higiene,1,True,False,False,False,False
CAT-3451,Cápsulas Articular Forte,Cuidado personal e Higiene,1,True,False,False,False,False
CAT-3452,Pulsera de citronela talla S,Cuidado personal e Higiene,1,True,False,False,False,False
CAT-3453,Bandas adhesivas fijación fuerte color beige para cortar,Cuidado personal e Higiene,1,True,False,False,False,False
CAT-3455,Esparadrapo de papel adhesivo microporoso color blanco,Cuidado personal e Higiene,1,True,False,False,False,False
CAT-3456,Venda elástica cohesiva fijación fuerte,Cuidado personal e Higiene,1,True,False,False,False,False
CAT-3458,Difusor ambientador automático,Hogar,1,True,False,False,False,False
CAT-3459,Muffin chocolate 3%,Panadería y Pastelería,1,True,False,False,False,False
CAT-3462,Spray desinfectante antiséptico transparente contiene clorhexidina y digluconato 2%,Cuidado personal e Higiene,1,True,False,False,False,False
CAT-3466,Banana,Frutas y Verduras,1,True,False,False,False,False
CAT-3467,Manzanas rojas dulces,Frutas y Verduras,1,True,False,False,False,False
CAT-3468,Manzanas rojas acidulces,Frutas y Verduras,1,True,False,False,False,False
CAT-3469,Recambio ambientador automático Flower,Hogar,1,True,False,False,False,False
CAT-3470,Kit de pinceles rostro,Cuidado personal e Higiene,1,True,False,False,False,False
CAT-3471,Kit de pinceles ojos,Cuidado personal e Higiene,1,True,False,False,False,False
CAT-3473,Salmón media pieza abierto en libro sin cabeza y sin espina,Pescadería,1,True,False,False,False,False
CAT-3474,Salmón sin aletas y sin escamas,Pescadería,1,True,False,False,False,False
CAT-3475,Salmón media pieza sin aletas y sin escamas,Pescadería,1,True,False,False,False,False
CAT-3476,Bizcocho de chocolate sin gluten,Panadería y Pastelería,1,True,False,False,False,False
CAT-3477,Pan de molde con 55% centeno,Panadería y Pastelería,1,True,False,False,False,False
CAT-3484,Papaya,Frutas y Verduras,1,True,False,False,False,False
CAT-3485,Fresón,Frutas y Verduras,1,True,False,False,False,False
CAT-3486,Media tortilla de patata con cebolla Listo para Comer,Platos preparados,1,True,False,False,False,False
CAT-3487,Pincho tortilla de patata con cebolla Listo para Comer,Platos preparados,1,True,False,False,False,False
CAT-3489,Ensaladilla rusa pequeña Listo para Comer,Platos preparados,1,True,False,False,False,False
CAT-3490,Muslo de pato confitado,Platos preparados,1,True,False,False,False,False
CAT-3491,Cogollos de lechuga,Frutas y Verduras,1,True,False,False,False,False
CAT-3495,Ensalada mezcla brotes tiernos maxi lavada,Frutas y Verduras,1,True,False,False,False,False
CAT-3496,Ensalada mezcla gourmet maxi lavada,Frutas y Verduras,1,True,False,False,False,False
CAT-3497,Lechuga romana cortada y lavada,Frutas y Verduras,1,True,False,False,False,False
CAT-3498,Ensalada de pasta,Frutas y Verduras,1,True,False,False,False,False
CAT-3499,Panna Cotta con caramelo,Lácteos y Huevos,1,True,False,False,False,False
CAT-3701,Dorada a filetes sin cabeza y sin espina,Pescadería,1,True,False,False,False,False
CAT-3702,Dorada abierta en libro sin cabeza y sin espina,Pescadería,1,True,False,False,False,False
CAT-3703,Dorada sin limpiar,Pescadería,1,True,False,False,False,False
CAT-3705,Lubina limpia con cabeza,Pescadería,1,True,False,False,False,False
CAT-3706,Lubina abierta a la espalda con espinas y con cabeza,Pescadería,1,True,False,False,False,False
CAT-3707,Lubina a filetes sin cabeza y sin espina,Pescadería,1,True,False,False,False,False
CAT-3708,Lubina abierta en libro sin cabeza y sin espina,Pescadería,1,True,False,False,False,False
CAT-3709,Merluza media pieza a rodajas,Pescadería,1,True,False,False,False,False
CAT-3710,Merluza abierta en libro sin cabeza y sin espina,Pescadería,1,True,False,False,False,False
CAT-3712,Merluza sin aletas y sin escamas,Pescadería,1,True,False,False,False,False
CAT-3713,Mona de Pascua con huevo sorpresa,Panadería y Pastelería,1,True,False,False,False,False
CAT-3714,Masa fresca hojaldre con mantequilla,Despensa,1,True,False,False,False,False
CAT-3715,Panquemao Pascua,Panadería y Pastelería,1,True,False,False,False,False
CAT-3716,Torta pasas y nueces Pascua,Panadería y Pastelería,1,True,False,False,False,False
CAT-3718,Rodajas de atún de aleta amarilla,Pescadería,1,True,False,False,False,False
CAT-3719,Filetes de Gallineta descongelada,Pescadería,1,True,False,False,False,False
CAT-3720,Merluza rebozada,Pescadería,1,True,False,False,False,False
CAT-3724,6 Panes pulguitas sin aditivos,Panadería y Pastelería,1,True,False,False,False,False
CAT-3730,Mini tostadas de trigo extra finas,Panadería y Pastelería,1,True,False,False,False,False
CAT-3731,Mini biscotes de trigo Diatosta,Panadería y Pastelería,1,True,False,False,False,False
CAT-3739,"Comida gato adulto Supreme con salmón, frutas y verduras",Mascotas,1,True,False,False,False,False
CAT-3660,Pintalabios dúo Ink & Gloss 02 rosa intenso,Cuidado personal e Higiene,1,True,False,False,False,False
CAT-3661,Pintalabios Mate 102 caramelo,Cuidado personal e Higiene,1,True,False,False,False,False
CAT-3664,Bacalao al punto de sal descongelado,Pescadería,1,True,False,False,False,False
CAT-3665,Corvina abierta a la espalda con espinas y con cabeza,Pescadería,1,True,False,False,False,False
CAT-3667,Preparado para repostería con impulsor incorporado,Despensa,1,True,False,False,False,False
CAT-3669,Impulsor gasificante en polvo Royal uso alimentario,Despensa,1,True,False,False,False,False
CAT-3670,Preparado en polvo cuajada azucarada Royal sabor lácteo,Despensa,1,True,False,False,False,False
CAT-3672,Preparado en polvo gelatina frutos rojos 0% azúcares,Despensa,1,True,False,False,False,False
CAT-3673,Preparado en polvo gelatina cereza,Despensa,1,True,False,False,False,False
CAT-3675,Preparado en polvo gelatina maracuyá,Despensa,1,True,False,False,False,False
CAT-3676,Pintalabios mate 12h Lasting Lips 05 rosa pétalo,Cuidado personal e Higiene,1,True,False,False,False,False
CAT-3681,Perfilador de ojos Waterproof 12 verde oliva,Cuidado personal e Higiene,1,True,False,False,False,False
CAT-3682,Perfilador de ojos Waterproof 13 gris,Cuidado personal e Higiene,1,True,False,False,False,False
CAT-3684,Perfilador de ojos Waterproof 107 azul,Cuidado personal e Higiene,1,True,False,False,False,False
CAT-3685,Perfilador de cejas Long Lasting 03 oscuro,Cuidado personal e Higiene,1,True,False,False,False,False
CAT-3686,Perfilador de cejas micro 01 claro,Cuidado personal e Higiene,1,True,False,False,False,False
CAT-3687,Perfilador de cejas micro 02 oscuro,Cuidado personal e Higiene,1,True,False,False,False,False
CAT-3689,Máscara de pestañas Drama Lashes efecto volumen y longitud negro,Cuidado personal e Higiene,1,True,False,False,False,False
CAT-3690,Máscara de pestañas Curve XL efecto lifting negro,Cuidado personal e Higiene,1,True,False,False,False,False
CAT-3691,"Sérum de pestañas y cejas Revival cuida, nutre y fortalece transparente",Cuidado personal e Higiene,1,True,False,False,False,False
CAT-3692,Paleta sombras de ojos 10 rosados,Cuidado personal e Higiene,1,True,False,False,False,False
CAT-3693,Paleta sombras de ojos 11 verdes,Cuidado personal e Higiene,1,True,False,False,False,False
CAT-3695,Medio salmón,Pescadería,1,True,False,False,False,False
CAT-3697,Escalopin de salmón,Pescadería,1,True,False,False,False,False
CAT-3903,Brioche Listo para Comer,Platos preparados,1,True,False,False,False,False
CAT-3904,Pizza barbacoa familiar,Congelados,1,True,False,False,False,False
CAT-3909,Bífidus desnatado probióticos con kiwi 0% MG 0% azúcares añadidos,Lácteos y Huevos,1,True,False,False,False,False
CAT-3914,Bebida láctea de fresa L-casei,Lácteos y Huevos,1,True,False,False,False,False
CAT-3915,24 Mini saladas surtidas,Panadería y Pastelería,1,True,False,False,False,False
CAT-3918,Empanadilla de tomate 22%,Panadería y Pastelería,1,True,False,False,False,False
CAT-3919,Empanadilla de espinacas 26%,Panadería y Pastelería,1,True,False,False,False,False
CAT-3920,Empanadilla de guisantes 13%,Panadería y Pastelería,1,True,False,False,False,False
CAT-3921,Fartons tradicionales Polo,Panadería y Pastelería,1,True,False,False,False,False
CAT-3922,Ensaimadas,Panadería y Pastelería,1,True,False,False,False,False
CAT-3926,Zumo de manzana selección,Bebidas,1,True,False,False,False,False
CAT-3927,Palitos con frutos secos,Desayuno y Snack,1,True,False,False,False,False
CAT-3928,Palitos de pan con chocolate Anitin,Desayuno y Snack,1,True,False,False,False,False
CAT-3533,Acelgas cortadas y lavadas,Frutas y Verduras,1,True,False,False,False,False
CAT-3725,6 Panes de centeno 51%,Panadería y Pastelería,1,True,False,False,False,False
CAT-3735,Tortas cenceñas para gazpacho manchego Ruiz,Panadería y Pastelería,1,True,False,False,False,False
CAT-3517,Calabacín blanco,Frutas y Verduras,1,True,False,False,False,False
CAT-3482,Piña natural a rodajas,Frutas y Verduras,1,True,False,False,False,False
CAT-3519,Albahaca,Frutas y Verduras,1,True,False,False,False,False
CAT-3523,Berenjena,Frutas y Verduras,1,True,False,False,False,False
CAT-3546,Huevos super grandes XL,Lácteos y Huevos,1,True,False,False,False,False
CAT-3525,Cloro disolución lenta tabletas para piscina,Hogar,1,True,False,False,False,False
CAT-3528,Manzana Granny Smith,Frutas y Verduras,1,True,False,False,False,False
CAT-3529,Esparadrapo textil adhesivo resistente color beige,Cuidado personal e Higiene,1,True,False,False,False,False
CAT-3530,Povidona yodada 10%,Cuidado personal e Higiene,1,True,False,False,False,False
CAT-3810,Activador Blanqueante ropa blanca Oxi Active en polvo,Hogar,1,True,False,False,False,False
CAT-3536,Judía verde redonda,Frutas y Verduras,1,True,False,False,False,False
CAT-3538,Ensalada California,Frutas y Verduras,1,True,False,False,False,False
CAT-3539,Wraps Texas,Frutas y Verduras,1,True,False,False,False,False
CAT-3542,"Ensalada de pollo, queso y frutos secos Listo para Comer",Frutas y Verduras,1,True,False,False,False,False
CAT-3543,Cebollas,Frutas y Verduras,1,True,False,False,False,False
CAT-3544,Ajos morados,Frutas y Verduras,1,True,False,False,False,False
CAT-3547,Huevos grandes L,Lácteos y Huevos,1,True,False,False,False,False
CAT-3550,Colgador WC Azul perfume marino,Hogar,1,True,False,False,False,False
CAT-3552,Limpiador WC Flor de Cerezo en gel,Hogar,1,True,False,False,False,False
CAT-3553,Toallitas limpiadoras de baños,Hogar,1,True,False,False,False,False
CAT-3554,Limpiador Potente cal y suciedad,Hogar,1,True,False,False,False,False
CAT-3555,Limpiador Ducha,Hogar,1,True,False,False,False,False
CAT-3556,Discos WC de gel Aqua,Hogar,1,True,False,False,False,False
CAT-3565,Jabón Natural con glicerina,Hogar,1,True,False,False,False,False
CAT-3566,Activador Quitamanchas ropa de color Oxi Active líquido,Hogar,1,True,False,False,False,False
CAT-3567,Activador Blanqueante ropa blanca Oxi Active líquido,Hogar,1,True,False,False,False,False
CAT-3570,Estropajo acero inoxidable limpieza muy fuerte,Hogar,1,True,False,False,False,False
CAT-3571,Estropajo inox limpieza muy fuerte,Hogar,1,True,False,False,False,False
CAT-3572,Toallitas limpiadoras desengrasantes de Cocina,Hogar,1,True,False,False,False,False
CAT-3726,Filetes de sardina ahumada en aceite de girasol,Pescadería,1,True,False,False,False,False
CAT-3727,Masa fresca quebrada brisa,Despensa,1,True,False,False,False,False
CAT-3729,Tortillas de avena 51%,Panadería y Pastelería,1,True,False,False,False,False
CAT-3733,Pan tostado con tomate,Panadería y Pastelería,1,True,False,False,False,False
CAT-3737,Pan de fibra y sésamo,Panadería y Pastelería,1,True,False,False,False,False
CAT-3738,"Comida gato adulto con salmón, atún, frutas y verduras",Mascotas,1,True,False,False,False,False
CAT-3745,"Trozos en salsa perro adulto Delikuit con ternera, pavo y verduras",Mascotas,1,True,False,False,False,False
CAT-3746,"Bocaditos en salsa perro adulto Special Dog Excellence con ternera, hígado y verduras",Mascotas,1,True,False,False,False,False
CAT-3747,Pincho tortilla de patata con calabacín Listo para Comer,Platos preparados,1,True,False,False,False,False
CAT-3748,Costillas de cerdo a la barbacoa cortadas,Platos preparados,1,True,False,False,False,False
CAT-3750,Garbanzos a la jardinera,Platos preparados,1,True,False,False,False,False
CAT-3751,Alubias con tomate Heinz,Platos preparados,1,True,False,False,False,False
CAT-3752,Hummus de garbanzos receta clásica,Platos preparados,1,True,False,False,False,False
CAT-3574,Paté gato adulto Delikuit con pollo y ternera,Mascotas,1,True,False,False,False,False
CAT-3575,Guantes 100% nitrilo talla mediana,Hogar,1,True,False,False,False,False
CAT-3576,Ambientador varitas Bambú,Hogar,1,True,False,False,False,False
CAT-3577,Ambientador varitas Magnolia,Hogar,1,True,False,False,False,False
CAT-3578,Ambientador varitas Pistacho,Hogar,1,True,False,False,False,False
CAT-3579,Vela perfumada Matcha,Hogar,1,True,False,False,False,False
CAT-3580,Vela perfumada Crème Brûlée,Hogar,1,True,False,False,False,False
CAT-3582,Set antihumedad con aromas cítricos,Hogar,1,True,False,False,False,False
CAT-3583,Recambio antihumedad con aromas cítricos,Hogar,1,True,False,False,False,False
CAT-3584,Toallitas limpiadoras de Cristales y Espejos,Hogar,1,True,False,False,False,False
CAT-3585,Lavaparabrisas,Hogar,1,True,False,False,False,False
CAT-3586,Friegasuelos Spa líquido,Hogar,1,True,False,False,False,False
CAT-3588,Friegasuelos Insecticida Krisul líquido,Hogar,1,True,False,False,False,False
CAT-3590,Limpiahogar PH Neutro delicado,Hogar,1,True,False,False,False,False
CAT-3591,Limpiahogar con lejía en gel,Hogar,1,True,False,False,False,False
CAT-3593,Multiusos pH Neutro Las 3 Brujas,Hogar,1,True,False,False,False,False
CAT-3594,Limpia Mopas,Hogar,1,True,False,False,False,False
CAT-3595,"Molde de aluminio rectangular 1,5L Alibérico",Hogar,1,True,False,False,False,False
CAT-3597,Comida perro adulto Supreme salmón fresco con frutas y verduras,Mascotas,1,True,False,False,False,False
CAT-3598,Comida perro adulto Supreme pollo fresco con frutas y verduras,Mascotas,1,True,False,False,False,False
CAT-3599,Ministick dental perro adulto,Mascotas,1,True,False,False,False,False
CAT-3600,Hueso dental perro adulto sabor menta y perejil,Mascotas,1,True,False,False,False,False
CAT-3802,Bebida de arroz sin azúcares añadidos,Lácteos y Huevos,1,True,False,False,False,False
CAT-3804,Caracola con pasas 10%,Panadería y Pastelería,1,True,False,False,False,False
CAT-3807,Nata fresca para cocinar,Lácteos y Huevos,1,True,False,False,False,False
CAT-3808,Crema de soja,Lácteos y Huevos,1,True,False,False,False,False
CAT-3809,Detergente ropa oscura líquido,Hogar,1,True,False,False,False,False
CAT-3815,Guantes 100% nitrilo talla grande,Hogar,1,True,False,False,False,False
CAT-3816,Guantes de nitrilo talla mediana,Hogar,1,True,False,False,False,False
CAT-3817,Guantes de nitrilo talla grande,Hogar,1,True,False,False,False,False
CAT-3819,Lejía ropa blanca denso,Hogar,1,True,False,False,False,False
CAT-3822,Salfumant,Hogar,1,True,False,False,False,False
CAT-3823,Cloro 5 acciones disolución lenta tabletas para piscina,Hogar,1,True,False,False,False,False
CAT-3824,70% Alcohol limpieza hogar,Hogar,1,True,False,False,False,False
CAT-3825,Limpiador WC con lejía en gel,Hogar,1,True,False,False,False,False
CAT-3826,Desincrustante de Cementos y Limpiajuntas,Hogar,1,True,False,False,False,False
CAT-3827,Algodón mágico Aladdin,Hogar,1,True,False,False,False,False
CAT-3830,Limpiamáquinas lavavajillas Finish líquido,Hogar,1,True,False,False,False,False
CAT-3831,Lavavajillas Power Essential limón Finish en pastillas,Hogar,1,True,False,False,False,False
CAT-3832,Recipiente de plástico cuadrado bajo,Hogar,1,True,False,False,False,False
CAT-3833,Bol biodegradable,Hogar,1,True,False,False,False,False
CAT-3836,Bandeja de cartón rectangular,Hogar,1,True,False,False,False,False
CAT-3838,Palo extensible antideslizante 88 - 150 cm,Hogar,1,True,False,False,False,False
CAT-3839,"Cubo de basura pequeño 10L 24,1 x 25 x 24,7 cm",Hogar,1,True,False,False,False,False
CAT-3840,Plumero atrapa polvo,Hogar,1,True,False,False,False,False
CAT-3841,Maquillaje fluido Long Lasting mate 200 beige medio,Cuidado personal e Higiene,1,True,False,False,False,False
CAT-3842,Maquillaje fluido Long Lasting mate 210 beige neutro,Cuidado personal e Higiene,1,True,False,False,False,False
CAT-3844,Maquillaje fluido Long Lasting mate 310 caramelo,Cuidado personal e Higiene,1,True,False,False,False,False
CAT-3845,Maquillaje fluido Hydra 210 cappuccino,Cuidado personal e Higiene,1,True,False,False,False,False
CAT-3846,Maquillaje fluido Hydra 110 beige rosado,Cuidado personal e Higiene,1,True,False,False,False,False
CAT-3847,Corrector fluido multiusos Long Lasting mate 100 beige rosado,Cuidado personal e Higiene,1,True,False,False,False,False
CAT-3761,Pan rallado de arroz,Panadería y Pastelería,1,True,False,False,False,False
CAT-3762,Preparado crujiente,Panadería y Pastelería,1,True,False,False,False,False
CAT-3763,Palitos de pan con pipas Anitin,Desayuno y Snack,1,True,False,False,False,False
CAT-3764,Rosquilletas de horno Anitin,Desayuno y Snack,1,True,False,False,False,False
CAT-3765,Palitos de pan con cacahuete Anitin,Desayuno y Snack,1,True,False,False,False,False
CAT-3766,Snack palitos perro adulto con pollo y ternera,Mascotas,1,True,False,False,False,False
CAT-4005,Zumo pura naranja,Bebidas,1,True,False,False,False,False
CAT-3848,Colorete compacto Blush Mate 03 rojo,Cuidado personal e Higiene,1,True,False,False,False,False
CAT-3850,Perfilador de labios Long Lasting 07 rojo,Cuidado personal e Higiene,1,True,False,False,False,False
CAT-3851,Bálsamo labial Color Balm 12 frambuesa,Cuidado personal e Higiene,1,True,False,False,False,False
CAT-3852,Brillo de labios Volumizer gloss 01 transparente,Cuidado personal e Higiene,1,True,False,False,False,False
CAT-6000,Lavavajillas A Mano Para Pieles Sensibles 0 Perfume Ecologico Carrefour Eco Planet 500 Ml,Cuidado personal e Higiene,1,True,False,False,False,False
CAT-3947,Bífidus desnatado probióticos con frutos silvestres 0% MG 0% azúcares añadidos,Lácteos y Huevos,1,True,False,False,False,False
CAT-3948,Bífidus probióticos con cereales y fibras,Lácteos y Huevos,1,True,False,False,False,False
CAT-3949,Bífidus desnatado probióticos con piña 0% MG 0% azúcares añadidos,Lácteos y Huevos,1,True,False,False,False,False
CAT-5992,Edulcorante Climatos Y Sacarinas En Polvo Carrefour 60 Ud,Despensa,1,True,False,False,False,False
CAT-3753,Hummus de garbanzos con pimiento del piquillo asado,Platos preparados,1,True,False,False,False,False
CAT-3754,Bocaditos en salsa perro adulto Special Dog Excellence con salmón y verduras,Mascotas,1,True,False,False,False,False
CAT-3755,"Comida perro júnior con pollo, arroz, frutas y verduras",Mascotas,1,True,False,False,False,False
CAT-3756,"Comida perro adulto con ternera, pollo, verduras y arroz",Mascotas,1,True,False,False,False,False
CAT-3757,Barra pan de aceite de oliva rebanada,Panadería y Pastelería,1,True,False,False,False,False
CAT-3758,Barra pan de agua rebanada,Panadería y Pastelería,1,True,False,False,False,False
CAT-3759,Barra pan integral de espelta 100% rebanado,Panadería y Pastelería,1,True,False,False,False,False
CAT-3768,Snack barritas perro adulto de ternera y cordero,Mascotas,1,True,False,False,False,False
CAT-3769,Alimento completo para periquitos Granzoo,Mascotas,1,True,False,False,False,False
CAT-3770,Barritas de fruta y miel para periquitos Natura,Mascotas,1,True,False,False,False,False
CAT-3786,Nabicol,Frutas y Verduras,1,True,False,False,False,False
CAT-3795,Huevos cocidos,Lácteos y Huevos,1,True,False,False,False,False
CAT-3796,Huevos de codorniz,Lácteos y Huevos,1,True,False,False,False,False
CAT-3797,Croissants surtidos rellenos de crema de cacao y crema con leche sabor a chocolate blanco,Panadería y Pastelería,1,True,False,False,False,False
CAT-3798,Empanada rellena de pollo y setas con crema de queso,Panadería y Pastelería,1,True,False,False,False,False
CAT-3799,12 Mini saladas surtidas,Panadería y Pastelería,1,True,False,False,False,False
CAT-4001,Zumo de piña y uva,Bebidas,1,True,False,False,False,False
CAT-4004,Néctar de piña La Verja,Bebidas,1,True,False,False,False,False
CAT-4007,Bebida Florida,Bebidas,1,True,False,False,False,False
CAT-3853,Brillo de labios Volumizer gloss 02 nude,Cuidado personal e Higiene,1,True,False,False,False,False
CAT-3854,Pintalabios Fluido Mate 03 terracota,Cuidado personal e Higiene,1,True,False,False,False,False
CAT-3855,Pintalabios Fluido Mate 05 rojo,Cuidado personal e Higiene,1,True,False,False,False,False
CAT-3856,Perfilador de ojos Waterproof 101 negro,Cuidado personal e Higiene,1,True,False,False,False,False
CAT-3857,Perfilador de ojos Waterproof 108 beige,Cuidado personal e Higiene,1,True,False,False,False,False
CAT-3858,Sombra de ojos Long Lasting Multi-Stick 05 champagne,Cuidado personal e Higiene,1,True,False,False,False,False
CAT-3859,Sombra de ojos Long Lasting Multi-Stick 03 rose oscuro,Cuidado personal e Higiene,1,True,False,False,False,False
CAT-3860,Sombra de ojos Long Lasting Multi-Stick 04 borgoña,Cuidado personal e Higiene,1,True,False,False,False,False
CAT-3861,Sombra de ojos Long Lasting Multi-Stick 10 verde,Cuidado personal e Higiene,1,True,False,False,False,False
CAT-3862,Salmón a rodajas,Pescadería,1,True,False,False,False,False
CAT-3863,Salmón media pieza a rodajas,Pescadería,1,True,False,False,False,False
CAT-3950,Bífidus desnatado probióticos con pera 0% MG 0% azúcares añadidos,Lácteos y Huevos,1,True,False,False,False,False
CAT-3952,Bífidus probióticos con ciruelas pasas,Lácteos y Huevos,1,True,False,False,False,False
CAT-3953,Bífidus cremoso probiótico con coco,Lácteos y Huevos,1,True,False,False,False,False
CAT-3954,Bífidus cremoso desnatado probióticos natural edulcorado 0% MG 0% azúcares añadidos,Lácteos y Huevos,1,True,False,False,False,False
CAT-3955,Bífidus probióticos natural,Lácteos y Huevos,1,True,False,False,False,False
CAT-3963,"Gelatina sabores mango, maracuyá y piña",Lácteos y Huevos,1,True,False,False,False,False
CAT-3964,Yogur azucarado YogoMix Bolitas con bolitas chocolateadas,Lácteos y Huevos,1,True,False,False,False,False
CAT-3965,Cheesecake con arándanos,Lácteos y Huevos,1,True,False,False,False,False
CAT-3967,Yogur natural edulcorado 0% MG 0% azúcares añadidos,Lácteos y Huevos,1,True,False,False,False,False
CAT-3968,Postre lácteo cremoso natural edulcorado 0% MG 0% azúcares añadidos,Lácteos y Huevos,1,True,False,False,False,False
CAT-3969,Yogur natural 0% MG 0% azúcares añadidos,Lácteos y Huevos,1,True,False,False,False,False
CAT-3970,Postre lácteo con arándanos +Proteínas 0% MG 10 g proteínas,Lácteos y Huevos,1,True,False,False,False,False
CAT-3971,Postre lácteo con puré mango y maracuya +Proteínas 0% MG 10 g proteínas,Lácteos y Huevos,1,True,False,False,False,False
CAT-3972,Postre lácteo natural +Proteínas 0% MG 12 g proteínas,Lácteos y Huevos,1,True,False,False,False,False
CAT-3974,Yogur griego con mango,Lácteos y Huevos,1,True,False,False,False,False
CAT-3977,Bebida láctea de fresa y plátano,Lácteos y Huevos,1,True,False,False,False,False
CAT-3979,Bebida láctea de piña y coco,Lácteos y Huevos,1,True,False,False,False,False
CAT-3980,Batido lácteo sabor café +Proteínas 30 g proteínas,Lácteos y Huevos,1,True,False,False,False,False
CAT-3981,Bebida láctea sabores L-casei,Lácteos y Huevos,1,True,False,False,False,False
CAT-5944,Jamon Curado En Taquitos Carrefour El Mercado Sin Gluten Y Sin Latosa Pack 2 Unidades De 100 G,Carnicería y Charcutería,1,True,False,False,False,False
CAT-5959,Gamba Blanca Cruda Congelado Carrefour Extra 400 G,Pescadería,1,True,False,False,False,False
CAT-5963,Langostino Vannamei Cocido 3240 Carrefour Classic 800 G,Pescadería,1,True,False,False,False,False
CAT-5954,Protegecamas Infantil Carrefour Baby 10 Ud,Bebes,1,True,False,False,False,False
CAT-5975,Gel Wc Eucalipto Carrefour Expert 1 L,Sin categoría,1,True,False,False,False,False
CAT-6015,Chipiron En Trozos Congelado Carrefour Classic 450 G,Bebidas,1,True,False,False,False,False
CAT-6010,Film Transparente Profesional Carrefour Expert 300 Metros,Hogar,1,True,False,False,False,False
CAT-5983,Bombon Helado Chocolate Blanco Con Almendras Carrefour 4 Ud,Congelados,1,True,False,False,False,False
CAT-5987,Empapadores Para Perros Carrefour 60X60 Cm ,Mascotas,1,True,False,False,False,False
CAT-6003,Torreznos Classic Carrefour Sin Gluten 100 G,Desayuno y Snack,1,True,False,False,False,False
CAT-6030,Impregnador Mopas Spray Carrefour Expert 750 Ml,Sin categoría,1,True,False,False,False,False
CAT-6032,Pan De Molde 100 Integral De Trigo Sin Corteza Carrefour Classic Sin Lactosa Y Sin Azucar Anadido 450 G,Despensa,1,True,False,False,False,False
CAT-0110,Bálsamo labial Color Balm 13 perlado,Cuidado personal e Higiene,1,True,False,False,False,False
CAT-0171,Cuartos traseros familiar de pollo,Carnicería y Charcutería,1,True,False,False,False,False
CAT-0275,Licor mora sin alcohol Pi.omka,Bebidas,1,True,False,False,False,False
CAT-0538,Yogur líquido desnatado Piña y Coco 0% MG 0% azúcares añadidos,Lácteos y Huevos,1,True,False,False,False,False
CAT-0541,Aliño de aceite con perejil y ajo,Despensa,1,True,False,False,False,False
CAT-0556,Mousse con ternera y pollo gato adulto Delikuit,Mascotas,1,True,False,False,False,False
CAT-0393,Muslito de pollo 97% La Carloteña asado al horno lonchas,Carnicería y Charcutería,1,True,False,False,False,False
CAT-0492,Barritas de espelta sabor manzana,Desayuno y Snack,1,True,False,False,False,False
CAT-0783,Pizza Kebab con pollo asado ultracongelada,Congelados,1,True,False,False,False,False
CAT-0784,Sérum facial iluminador Anti Ox con 15% vitamina C,Cuidado personal e Higiene,1,True,False,False,False,False
CAT-0846,Yogur griego sabor limón,Lácteos y Huevos,1,True,False,False,False,False
CAT-1286,Crema de leche para café Campina,Desayuno y Snack,1,True,False,False,False,False
CAT-2640,Recambios cepillo dental eléctrico Oral-B Pro Precision Clean,Cuidado personal e Higiene,1,True,False,False,False,False
CAT-2885,Cacahuete +Proteínas en polvo desgrasado 14 g proteínas 70% reducido en grasa,Desayuno y Snack,1,True,False,False,False,False
CAT-3206,Mascarilla Argan Oil cabello seco y dañado,Cuidado personal e Higiene,1,True,False,False,False,False
CAT-3640,Pintalabios Creamy 210 rojo,Cuidado personal e Higiene,1,True,False,False,False,False
CAT-3679,Perfilador de ojos Waterproof 01 negro,Cuidado personal e Higiene,1,True,False,False,False,False
CAT-3865,Boquerón limpio sin cabeza,Pescadería,1,True,False,False,False,False
CAT-3866,Bacalao media pieza a rodajas,Pescadería,1,True,False,False,False,False
CAT-3867,Bacalao abierto en libro sin cabeza y sin espina,Pescadería,1,True,False,False,False,False
CAT-3868,Bacalao media pieza abierto en libro sin cabeza y sin espina,Pescadería,1,True,False,False,False,False
CAT-3869,Trucha abierta en libro con cabeza,Pescadería,1,True,False,False,False,False
CAT-3870,Trucha abierta en libro sin cabeza y sin espina,Pescadería,1,True,False,False,False,False
CAT-3871,Trucha sin aletas,Pescadería,1,True,False,False,False,False
CAT-3872,Lenguado sin cabeza y sin piel,Pescadería,1,True,False,False,False,False
CAT-3873,Lenguado sin limpiar,Pescadería,1,True,False,False,False,False
CAT-3874,Filete de rodaballo,Pescadería,1,True,False,False,False,False
CAT-3875,Tira de rodaballo,Pescadería,1,True,False,False,False,False
CAT-3876,Sardina sin limpiar,Pescadería,1,True,False,False,False,False
CAT-3877,"Bocaditos en salsa gato adulto Lechat Excellence con salmón, trucha  y verduras",Mascotas,1,True,False,False,False,False
CAT-3878,Paté gato adulto Delikuit con salmón y atún,Mascotas,1,True,False,False,False,False
CAT-3880,Snack gato barritas de salmón y trucha,Mascotas,1,True,False,False,False,False
CAT-3881,"Comida perro adulto con salmón, atún, frutas y verduras",Mascotas,1,True,False,False,False,False
CAT-3882,"Comida perro sénior y adultos esterilizados Supreme con pollo, frutas y verduras",Mascotas,1,True,False,False,False,False
CAT-3883,Comida perro sénior esterilizados Supreme pollo fresco con frutas y verduras,Mascotas,1,True,False,False,False,False
CAT-3884,Empanada de atún grande,Panadería y Pastelería,1,True,False,False,False,False
CAT-3889,Harina de arroz,Despensa,1,True,False,False,False,False
CAT-3891,3 Barras de pan rebanadas,Panadería y Pastelería,1,True,False,False,False,False
CAT-3892,Barra de pan rebanada,Panadería y Pastelería,1,True,False,False,False,False
CAT-3894,Pan de molde semillas y pipas de calabaza,Panadería y Pastelería,1,True,False,False,False,False
CAT-3896,Hogaza sin gluten,Panadería y Pastelería,1,True,False,False,False,False
CAT-3897,Piquitos con salvado San Roque,Desayuno y Snack,1,True,False,False,False,False
CAT-3898,Rosquilletas tradicionales,Desayuno y Snack,1,True,False,False,False,False
CAT-3899,Rosquilletas de horno saladitas Anitin,Desayuno y Snack,1,True,False,False,False,False
CAT-3929,Palitos de pan con queso Anitin,Desayuno y Snack,1,True,False,False,False,False
CAT-3930,Velas de cumpleaños,Bazar y Varios,1,True,False,False,False,False
CAT-3931,Almendra laminada,Bazar y Varios,1,True,False,False,False,False
CAT-3956,Bífidus natural probióticos azucarado con cereales y fresas deshidratadas,Lácteos y Huevos,1,True,False,False,False,False
CAT-3957,"Bífidus natural probióticos con coco, almendras y chocolate",Lácteos y Huevos,1,True,False,False,False,False
CAT-3958,Flan de vainilla con caramelo,Lácteos y Huevos,1,True,False,False,False,False
CAT-3982,Bebida láctea natural Actimel,Lácteos y Huevos,1,True,False,False,False,False
CAT-3983,Bebida láctea natural Actimel 0% MG 0% azúcares añadidos,Lácteos y Huevos,1,True,False,False,False,False
CAT-3984,Bebida láctea de fresa Cuidacol 0% azúcares añadidos,Lácteos y Huevos,1,True,False,False,False,False
CAT-3987,Bebida láctea natural Cuidacol 0% azúcares añadidos,Lácteos y Huevos,1,True,False,False,False,False
CAT-3988,Bebida Kéfir de coco,Lácteos y Huevos,1,True,False,False,False,False
CAT-3990,Bebida láctea sabor avena y nueces Cuidacol 0% azúcares añadidos,Lácteos y Huevos,1,True,False,False,False,False
CAT-5277,Crema De Verduras De La Huerta Classic Carrefour Sin Gluten 500 Ml,Conservas y Enlatados,1,True,False,False,False,False
CAT-6035,Tijeras Simetricas De Acero Inoxidable 18 Cm Carrefour Home,Sin categoría,1,True,False,False,False,False
CAT-6036,Filete De Bacalao Procedente De Pesca Sostenible Al Punto De Sal Ultracongelado Carrefour 400 G,Pescadería,1,True,False,False,False,False
CAT-6074,Zumo De Naranja Carrefour Extra Sin Pulpa Pack 6 Briks 20 Cl,Bebidas,1,True,False,False,False,False
CAT-6082,Carrefour Sensation Isofresh Bebida Isotonica Sabor Limon Botella 15 L,Bebidas,1,True,False,False,False,False
CAT-6072,Huevos Frescos Carrefour El Mercado 12 Ud,Lácteos y Huevos,1,True,False,False,False,False
CAT-6073,Huevos Frescos Carrefour El Mercado 12 Ud,Lácteos y Huevos,1,True,False,False,False,False
CAT-6078,Queso Edam Carrefour 455 G,Lácteos y Huevos,1,True,False,False,False,False
CAT-6070,Toallitas Para Bebe Delicate Carrefour Baby 64 Ud,Bebes,1,True,False,False,False,False
CAT-6064,Arena Absorbente Perfumada Para Gatos Carrefour 5 Kg,Mascotas,1,True,False,False,False,False
CAT-6066,Arena Absorbente Perfumada Para Gatos Carrefour 10 Kg,Mascotas,1,True,False,False,False,False
CAT-6084,Comida Humeda De Pescado Para Gatos Pescado Carrefour 12X100 G,Mascotas,1,True,False,False,False,False
CAT-6134,Lomos De Bacalao Sin Sal Carrefour El Mercado 300 G,Pescadería,1,True,False,False,False,False
CAT-6797,Queso Fresco Carrefour Classic 250 G,Lácteos y Huevos,1,True,False,False,False,False
CAT-6888,Papel Higienico Humedo Sensitive Carrefour 70 Ud,Bazar y Varios,1,True,False,False,False,False
CAT-7290,Cebolla Laminada Ecologica Congelada Carrefour Bio 450 G,Frutas y Verduras,1,True,False,False,False,False
CAT-7617,Espuma De Peinado Para Rizos Carrefour Soft 200 Ml,Sin categoría,1,True,False,False,False,False
CAT-8590,Judia Troceada Carrefour 1 Kg,Sin categoría,1,True,False,False,False,False
CAT-8757,Queso Comte Dop 5 Meses Curacion Carrefour Cuna 250 G,Lácteos y Huevos,1,True,False,False,False,False
CAT-9697,Bebida De Pina Carrefour Classic Sin Azucar Pack De 6 Briks De 20 Cl,Despensa,1,True,False,False,False,False
CAT-9855,Panecillo Gran Reserva Carrefour 1 Ud,Sin categoría,1,True,False,False,False,False
CAT-9856,Orejas Con Crema Carrefour 4 Ud,Sin categoría,1,True,False,False,False,False
CAT-9966,Galletas Safari Carrefour Classic Pack De 3 Unidades De 200 G,Desayuno y Snack,1,True,False,False,False,False
CAT-6080,Champu Citricos Y Romero Para Cabello Normal Y Graso Soft Carrefour 400 Ml,Cuidado personal e Higiene,1,True,False,False,False,False
CAT-6081,Champu Camomila Trigo Cabello Rubio Carrefour Soft 400 Ml,Cuidado personal e Higiene,1,True,False,False,False,False
CAT-5539,Toallitas Para Bebe Dodot Basico 54 Ud,Bebes,2,True,False,False,True,False
CAT-7771,Empanada Rectangular De Pollo Con Champinones El Mercado 700 G,Carnicería y Charcutería,2,True,False,False,True,False
CAT-7792,Gel Lubricante Intimo Vagisil 30 G,Sin categoría,2,True,False,False,True,False
CAT-5540,Cerveza El Aguila Dorada Lata 50 Cl,Bebidas,2,False,True,False,True,False
CAT-0277,Café molido descafeinado,Desayuno y Snack,2,True,False,False,False,True
CAT-8037,Cerveza Alhambra Reserva 1925 Pack De 12 Botellas De 33 Cl,Bebidas,2,True,False,False,True,False
CAT-2411,Pan de molde 100% integral,Panadería y Pastelería,2,True,False,False,True,False
CAT-3907,Tabulé oriental,Platos preparados,2,True,False,False,True,False
CAT-4249,Vino Blanco Moscatel De Alejandria Ecologico Vina Esmeralda Do Penedes 75 Cl,Bebidas,2,True,False,False,True,False
CAT-4250,Cava Freixenet Premiun Carta Nevada Brut 75 Cl,Bebidas,2,True,False,False,True,False
CAT-4290,Vitamin Well Boost Sabor A Arandanos Y Frambuesa Sanmy Botella 50 Cl ,Frutas y Verduras,2,True,False,False,True,False
CAT-4594,Manzana Ambrosia Seleccion 4 Ud 1 Kg Aprox,Sin categoría,2,True,False,False,True,False
CAT-4561,Margarina Con Sal Tulipan Sin Gluten Y Sin Lactosa 400 G,Lácteos y Huevos,2,True,False,False,True,False
CAT-4659,Queso Mozzarella Galbani 150 G,Lácteos y Huevos,2,True,False,False,True,False
CAT-4925,Mix Berlinas Dots 4 Ud,Sin categoría,2,True,False,False,True,False
CAT-5314,Leche Entera Brik 1 L,Lácteos y Huevos,2,True,False,False,True,False
CAT-5669,Cafe Capsulas Espresso Descafeinado Ristretto Lor Compatible Con Nespresso 20 Ud,Desayuno y Snack,2,True,False,False,True,False
CAT-5670,Bacalao 3 Kg Aprox,Pescadería,2,True,False,False,True,False
CAT-5822,Ensalada De Queso De Cabra Diquesi 145 G,Lácteos y Huevos,2,True,False,False,True,False
CAT-5856,Salchichas King El Pozo Sin Gluten 330 G,Carnicería y Charcutería,2,True,False,False,True,False
CAT-5929,Nct Saz Nja Disf Dsimon 15,Sin categoría,2,True,False,False,True,False
CAT-6098,Aquarius Bebida Isotonica Sabor Limon Pack De 2 Botellas De 15 L,Bebidas,2,True,False,False,True,False
CAT-6249,Vino Tinto Tempranillo Vina Espolon  Doca Rioja 75 Cl,Bebidas,2,True,False,False,True,False
CAT-6305,Bebida De Fruta Mango Y Maracuya Capri Sun Bolsita De 33 Cl ,Sin categoría,2,True,False,False,True,False
CAT-6369,Crema Reparadora De Urea Extra Hidratante Para Piel Seca Instituto Espanol 400 Ml,Sin categoría,2,True,False,False,True,False
CAT-6803,Sidra El Gaiter Sin Gluten 75 Cl,Sin categoría,2,True,False,False,True,False
CAT-6694,Empanada Rectangular De Atun 700 G,Sin categoría,2,True,False,False,True,False
CAT-6785,Bebida De Frutas Naranja Y Mandarina Florida Juver 2 L,Sin categoría,2,True,False,False,True,False
CAT-7034,Roscos De Pan Almontenos 130 G,Panadería y Pastelería,2,True,False,False,True,False
CAT-7475,Patatas Fritas Wavy Original Gourmet Lays Sin Gluten 150 G,Desayuno y Snack,2,True,False,False,True,False
CAT-8115,Powerade Bebida Isotonica Sabor Golden Mango Botella 50 Cl,Bebidas,2,True,False,False,True,False
CAT-8164,Pechuga De Pavo Cocida Asada Al Horno En Lonchas Natur Rte Campofrio Sin Gluten Y Sin Lactosa 90 G,Carnicería y Charcutería,2,True,False,False,True,False
CAT-8233,Cerveza Alhambra Tradicional Pack 12 Latas 33 Cl,Bebidas,2,True,False,False,True,False
CAT-8234,Crema De Queso Cheddar President 125 G,Lácteos y Huevos,2,True,False,False,True,False
CAT-8317,Rosado De Verano Penascal Lata 33 Cl,Sin categoría,2,True,False,False,True,False
CAT-8350,Leche Fermentada Liquida Sabor Fresa Danone   Actimel Kids Pack De 14 Unidades De 100 G,Lácteos y Huevos,2,True,False,False,True,False
CAT-8380,Loncheado De Jamon De Cebo 50 Raza Iberica Altorreal 150 G,Carnicería y Charcutería,2,True,False,False,True,False
CAT-8396,Vino Tinto Crianza Tempranillo Altos De Penalen Doca Rioja 75 Cl,Bebidas,2,True,False,False,True,False
CAT-8649,Cerveza El Alcazar Lata 33 Cl,Bebidas,2,True,False,False,True,False
CAT-8679,Panuelo Hot Dog 1 Ud,Sin categoría,2,True,False,False,True,False
CAT-8750,Refeel Bebida Energetica Tropical Lata 33 Cl,Sin categoría,2,True,False,False,True,False
CAT-9231,Monster Energy Bebida Energetica Ultra Watermelon Sin Azucar Lata 500 Ml,Bebidas,2,True,False,False,True,False
CAT-9234,Mantequilla Facil De Untar Ligeramente Salada Lurpak 200 G,Lácteos y Huevos,2,True,False,False,True,False
CAT-9383,Tinto De Verano Clasico Sin Alcohol La Casera Botella 15 L,Bebidas,2,True,False,False,True,False
CAT-9941,Vino Blanco Joven Fuentevina 75 Cl,Bebidas,2,True,False,False,True,False
CAT-5868,Acondicionador Reparador Para Cabello Danado Total Repair 5 Elvive Loreal Paris 300 Ml,Cuidado personal e Higiene,2,True,False,False,True,False
CAT-6639,Champu Fortificante Nutri Rizos Contouring Para Cabello Rizado U Ondulado Garnier Fructis 690 Ml,Cuidado personal e Higiene,2,True,False,False,True,False
CAT-7242,Mascarilla Capilar 72H De Hidratacion Intensiva Hidra Hialuronico Elvive Loreal Paris 300 Ml,Cuidado personal e Higiene,2,True,False,False,True,False
CAT-6932,Desodorante En Spray Dermo Invisible Sanex 200 Ml,Cuidado personal e Higiene,2,True,False,False,True,False
CAT-4649,Enjuague Bucal Menta Fresca Listerine 500 Ml,Cuidado personal e Higiene,2,True,False,False,True,False
CAT-7557,Enjuague Bucal Proteccion Dientes Y Encias Menta Fresca Listerine 500 Ml,Cuidado personal e Higiene,2,True,False,False,True,False
CAT-8589,Gel De Ducha Hidratante Aloe Vera Instituto Espanol 1250 Ml,Cuidado personal e Higiene,2,True,False,False,True,False
CAT-9775,Gel De Ducha Aloe Vera Hidrotermal La Toja 550 Ml,Cuidado personal e Higiene,2,True,False,False,True,False
CAT-9779,Gel De Ducha Piel Sana Instituto Espanol 1250 Ml,Cuidado personal e Higiene,2,True,False,False,True,False
CAT-5181,Compresas Con Alas Para Noche Ultrafina Ausonia 24 Ud,Cuidado personal e Higiene,2,True,False,False,True,False
CAT-6293,Compresas Para Incontinencia De Orina Mini Discreet Ausonia 24 Ud,Cuidado personal e Higiene,2,True,False,False,True,False
CAT-4437,Balsamo Labial Fp15 Hydro Care Liposan 48 G,Cuidado personal e Higiene,2,False,False,True,True,False
CAT-5154,Crema Corporal Reafirmante Piel Seca Q10 Nivea 400 Ml,Cuidado personal e Higiene,2,False,False,True,True,False
CAT-7828,Rosquillas Fritas 400 G,Panadería y Pastelería,2,True,False,False,True,False
CAT-8043,Quitagrasas En Pistola Ecologico Ecobel Agatha Ruiz De La Prada 750 Ml,Sin categoría,2,True,False,False,True,False
CAT-8052,Tarrito De Verduritas Con Pollo Desde 6 Meses Hero Solo Buenas Noches Sin Gluten Pack De 6 Unidades 190 G,Carnicería y Charcutería,2,True,False,False,True,False
CAT-8165,Jamon Cocido Extra En Lonchas Naturarte Campofrio Sin Gluten Y Sin Lactosa 110 G,Carnicería y Charcutería,2,True,False,False,True,False
CAT-8266,Pizza Fresca Bianca 4 Quesos De Lenta Fermentacion Casa Tarradellas 400 G,Lácteos y Huevos,2,True,False,False,True,False
CAT-0250,Cerveza especial Estrella Galicia,Bebidas,2,True,True,False,False,False
CAT-0732,Cacao soluble instantáneo,Desayuno y Snack,2,True,True,False,False,False
CAT-0877,Bebida de avena Alitey,Lácteos y Huevos,2,True,True,False,False,False
CAT-1629,Queso fresco Burgos sin lactosa,Lácteos y Huevos,2,True,True,False,False,False
CAT-2996,"Cerveza 0,0% sin alcohol Falke",Bebidas,2,True,True,False,False,False
CAT-3180,Sardinillas picantes en aceite de girasol,Conservas y Enlatados,2,True,True,False,False,False
CAT-4650,Tinte 40 Castano Garnier Olia 1 Ud,Sin categoría,2,True,False,False,True,False
CAT-5691,Bayeta Microfibra Spontex Collection Xxl 4 Ud,Hogar,2,True,True,False,False,False
CAT-6644,Lavavajillas A Mano Ultra Poder Fairy 900 Ml,Hogar,2,True,False,False,True,False
CAT-6922,Colgador Wc Poder Activo Natura Bref 2 Ud,Sin categoría,2,True,False,False,True,False
CAT-8415,Bolsita De Manzana Platano Y Melocoton Goodies Pack 4 Unidades 100 G,Frutas y Verduras,2,True,False,False,True,False
CAT-9199,Quitagrasas Recambio Kh 7 780 Ml,Sin categoría,2,True,False,False,True,False
CAT-9843,Quitamanchas Asevi 750 Ml,Hogar,2,True,False,False,True,False
CAT-4592,Champu Anticaspa Hidratante Para Cuero Cabelludo Seco Derma X Pro Hs 300 Ml,Cuidado personal e Higiene,2,True,False,False,True,False
CAT-8039,Champu Equilibrante Para Pelo Graso En Raiz Y Seco En Puntas Carbon Magnetico Original Remedies Garnier 400 Ml,Cuidado personal e Higiene,2,True,False,False,True,False
CAT-8663,Desodorante En Spray Marine Axe Pack De 2 Unidades De 150 Ml,Cuidado personal e Higiene,2,True,False,False,True,False
CAT-9560,Desodorante En Spray Antitranspirante Cotton Dry Rexona 200 Ml,Cuidado personal e Higiene,2,True,False,False,True,False
CAT-9917,Desodorante En Spray Con Perfume Floral 200 Ml,Cuidado personal e Higiene,2,True,False,False,True,False
CAT-7867,Arena Aglomerante De Bentonita Blanca Mycat 4L,Mascotas,2,True,False,False,True,False
CAT-2574,Arroz tres delicias ultracongelado,Congelados,2,True,False,False,True,False
CAT-8082,Lavavajillas A Maquina En Pastillas Fresh Ultimate Plus Finish 72 Ud,Hogar,2,True,False,False,True,False
CAT-8117,Mayonesa Hellmanns Sin Gluten Y Sin Lactosa Tarro 650 Ml,Despensa,2,True,False,False,True,False
CAT-8159,Piccolinis 3 Quesos Buitoni 270 G,Lácteos y Huevos,2,True,False,False,True,False
CAT-9623,Detergente Liquido Delicado A Mano Norit 45 Lavados,Hogar,2,True,False,False,True,False
CAT-8279,Ambientador Automatico Flor De Cerezo  Frambuesa Recambio Air Wick 1 Ud,Hogar,2,True,False,False,True,False
CAT-0351,Mayonesa Hellmann's,Despensa,2,True,True,False,False,False
CAT-4194,Limpiador Multiusos Cocina Aroma Limon Don Limpio 15 L,Hogar,2,True,False,False,True,False
CAT-4189,Palo Para Fregona De Acero Vileda   Rojo,Hogar,2,True,False,False,True,False
CAT-4190,Palo Universal Para Fregona O Cepillo De Acero Vileda,Hogar,2,True,False,False,True,False
CAT-4260,Limpiacristales Multiusos Cristasol 750 Ml,Hogar,2,True,False,False,True,False
CAT-4268,Limpia Salpicaderos Krafft  520Ml  Bayeta,Hogar,2,True,False,False,True,False
CAT-4423,Corazones De Filete De Merluza Congelados Pescanova 500 G,Pescadería,2,True,False,False,True,False
CAT-4653,Recambio Cepillo Antichoque Vileda 3Action,Hogar,2,True,False,False,True,False
CAT-4661,Helado De Fresas Y Crema Hagen Dazs Sin Gluten 460 Ml,Congelados,2,True,False,False,True,False
CAT-4744,Cuchillo Multiusos De Acero Inoxidable 125 Cm San Ignacio Resa,Sin categoría,2,True,False,False,True,False
CAT-4759,Cubo De Basura Con Pedal 21L Tatay Ecohome   Beige,Sin categoría,2,True,False,False,True,False
CAT-4812,Tapa Microondas De Plastico Curver 27Cm   Transparente,Sin categoría,2,True,False,False,True,False
CAT-4839,Langostino Crudo Congelado 3040 Ud Pescatrade 900 G,Pescadería,2,True,False,False,True,False
CAT-5163,Pegamento Loctite Super Glue 3 Minitrio 3X1Gr,Sin categoría,2,True,False,False,True,False
CAT-5328,Detergente Liquido Marsella Flota 100 Lavados,Hogar,2,True,False,False,True,False
CAT-5354,Gel Wc Accion Total Oceano Pato Pack De 2 Unidades De 750 Ml,Sin categoría,2,True,False,False,True,False
CAT-5535,Patatas Original Tradition Mccain 1 Kg,Sin categoría,2,True,False,False,True,False
CAT-5567,Pegamento De Barra,Sin categoría,2,True,False,False,True,False
CAT-5571,Palitos Rebozados De Merluza Pescanova 300 G,Pescadería,2,True,False,False,True,False
CAT-5923,Fregona Ultra Resistente Kh7,Hogar,2,True,False,False,True,False
CAT-6093,Cafetera De Aluminio Idealcasa Nero 9 Tazas   Negro,Sin categoría,2,True,False,False,True,False
CAT-6122,Pizza De Jamon Prosciutto Italpizza 560 G,Congelados,2,True,False,False,True,False
CAT-6289,Helado Bombon De Caramelo Y Nueces De Macadamia Australianas Nuii Sin Gluten 4 Ud,Desayuno y Snack,2,True,False,False,True,False
CAT-6360,Lavavajillas A Maquina Original Pastillas Aroma Limon Todo En Uno Fairy 41 Ud,Hogar,2,True,False,False,True,False
CAT-6457,Lavavajillas A Maquina En Pastillas Quantum Finish Powerball 34 Ud,Hogar,2,True,False,False,True,False
CAT-6528,Pegamento Loctite Con Pince Super Glue 3  5 Gr,Sin categoría,2,True,False,False,True,False
CAT-6647,Albondigas Vegetarianas Veggie Balls Garden Gourmet 200 G,Carnicería y Charcutería,2,True,False,False,True,False
CAT-6897,Patatas Corte Juliana Mccain 600 G,Sin categoría,2,True,False,False,True,False
CAT-6920,Friegasuelos Aroma Lavanda Xanpa 1 L,Sin categoría,2,True,False,False,True,False
CAT-6934,Film Transparente Albal 50 Metros,Hogar,2,True,False,False,True,False
CAT-7027,Helado Chocolate Fudge Brownie Ben  Jerrys 465 Ml,Congelados,2,True,False,False,True,False
CAT-7121,Ambientador Para El Armario Clasico Don Algodon 1 Ud,Hogar,2,True,False,False,True,False
CAT-7157,Cachito De Jamon Pan 340 G,Carnicería y Charcutería,2,True,False,False,True,False
CAT-7487,Cigarrillos De Tolosa De Nuestra Tierra 160 G,Sin categoría,2,True,False,False,True,False
CAT-7529,Ambientador Electrico Aroma Lavanda Recambio Ambi Pur 1 Ud,Hogar,2,True,False,False,True,False
CAT-7599,Cola De Rape Del Cabo Ultracongelado 350 G Aprox,Pescadería,2,True,False,False,True,False
CAT-7635,Pizza Margherita Italpizza 410 G,Congelados,2,True,False,False,True,False
CAT-7779,Sandwich De Queso Galleta Y Frambuesa Maxibon Nestle 4 Ud,Lácteos y Huevos,2,True,False,False,True,False
CAT-8333,Gel Para Lavavajillas Duo Gel Excellence Somat 70 Lavados,Hogar,2,True,False,False,True,False
CAT-8383,Ensalada De Algas Wakame 125 G,Sin categoría,2,True,False,False,True,False
CAT-8417,Cebolla Granel Carrefour 1 Kg Aprox,Frutas y Verduras,2,True,True,False,False,False
CAT-8609,Ambientador Para Lavavajillas Aroma Limon Finish 60 Lavados,Hogar,2,True,False,False,True,False
CAT-8719,Discos Wc Hibiscus Hyperspace Pato 36 Ml,Sin categoría,2,True,False,False,True,False
CAT-8743,Minipizza De Atun Buitoni 270 G,Congelados,2,True,False,False,True,False
CAT-8735,Cereza Dulce Deshuesada Congelada La Cuerva 300 G,Frutas y Verduras,2,True,False,False,True,False
CAT-8937,Cono Helado Blueberry Cheesecake Extreme 6 Ud,Congelados,2,True,False,False,True,False
CAT-9147,Suavizante Concentrado Frutos Rojos Y Exoticos Flor Twist 78 Lavados,Hogar,2,True,False,False,True,False
CAT-9220,Masa Hojaldre Rectangular Buitoni 230 G,Despensa,2,True,False,False,True,False
CAT-9301,Pinzas Ambientadoras Antipolillas Para Armarios Aroma Ropa Limpia Orion Fragance 2 Ud,Hogar,2,True,False,False,True,False
CAT-9319,Helado Bombon Magnum Collection Frac Sin Gluten 3 Uds,Congelados,2,True,False,False,True,False
CAT-9395,Piedra Blanca De Limpieza Chubb 500 G,Sin categoría,2,True,False,False,True,False
CAT-9465,Limpiador Especifico Para Placas De Vitroceramica Vitroclen 450 Ml,Hogar,2,True,False,False,True,False
CAT-9624,Quitamanchas Accidentales Aplicador Nodulos Cebralin 150 Ml,Hogar,2,True,False,False,True,False
CAT-9621,Fregona Microfibra Poliester Vileda Premium 2 En 1 ,Hogar,2,True,False,False,True,False
CAT-9669,Porciones Vegetarianas A Base De Espinacas Arroz Y Queso Garden Gourmet 180 G,Despensa,2,True,False,False,True,False
CAT-9769,Gel Para Lavavajillas Anti Grasa Excellence Duo Gel Somat 50 Lavados,Hogar,2,True,False,False,True,False
CAT-9820,Helado De Chocolate Con Leche Con Salsa De Chocolate Y Trocitos De Brownie Carte Dor 825 Ml,Despensa,2,True,False,False,True,False
CAT-9889,Detergente Liquido Para La Ropa De Bebe Frosch Baby 21 Lavados,Hogar,2,True,False,False,True,False
CAT-8432,Perfumador Para La Ropa Floral Blue Jasmine Vernel 30 Lavados,Cuidado personal e Higiene,2,True,False,False,True,False
CAT-7773,Toallitas Humedas Para Bebe Ecologicas Natur Aqua Salustar 60 Ud,Bebes,2,True,False,False,True,False
CAT-4115,Tarrito De Verduritas Con Merluza Desde 6 Meses Hero Solo Sin Gluten 235 G,Pescadería,2,True,False,False,True,False
CAT-4156,Pechuga Empanada Recetas Crujientes La Cocinera 330 G,Carnicería y Charcutería,2,True,False,False,True,False
CAT-7831,Tortilla De Patatas La Cocina De Senen Sin Gluten 400 G,Platos preparados,2,True,False,False,True,False
CAT-4409,Tarrito De Guisantes Tiernos Con Jamon Desde 6 Meses Hero Solo Sin Gluten 235 G,Carnicería y Charcutería,2,True,False,False,True,False
CAT-4587,Snacks De Cereales Con Frambuesa Desde 8 Meses Ecologico Gerber Sin Azucar Anadido 35 G,Despensa,2,True,False,False,True,False
CAT-4609,Nachos Crujientes Cheddar Pickers By Mccain 230 G,Lácteos y Huevos,2,True,False,False,True,False
CAT-4717,Ambientador Electrico Campos De Lavanda Recambio Ambi Pur 1 Ud,Hogar,2,True,False,False,True,False
CAT-4688,Panales Dodot Sensitive T6 14 Kg 41 Ud,Bebes,2,True,False,False,True,False
CAT-4897,Carne Zamburina Congelado Delfin 270 G,Sin categoría,2,True,False,False,True,False
CAT-4891,Comida Humeda De Cordero Y Pollo Para Perro Pedigree 300 G,Carnicería y Charcutería,2,True,False,False,True,False
CAT-4944,Papilla Infantil Desde 12 Meses 8 Cereales Con Cacao Nestle Sin Azucar Anadido 725 G,Despensa,2,True,False,False,True,False
CAT-4988,Ambientador Spray Automatico Sin Aerosol Aroma Flor De Jazmin Active Fresh Recambio Air Wick 1 Ud,Hogar,2,True,False,False,True,False
CAT-4993,Almeja Blanca Del Pacifico Cocida 450 G,Pescadería,2,True,False,False,True,False
CAT-4977,Locion Cara Y Cuerpo 24H De Hidratacion Cottontouch Johnsons Baby 500 Ml,Bebes,2,True,False,False,True,False
CAT-5280,Bolsita De Manzana Platano Y Zanahoria Ecologico Hero Solo Sin Gluten 100 G,Frutas y Verduras,2,True,False,False,True,False
CAT-5513,Snack Para Gato Purina Felix Party Mix Grill 60 G,Mascotas,2,True,False,False,True,False
CAT-5899,Tarrito De Pera Y Platano Desde 4 Meses Ecologico Hero Solo Sin Gluten 190 G,Frutas y Verduras,2,True,False,False,True,False
CAT-5979,Empanada De Carne De Vacuno Pukka Pies 210 G,Carnicería y Charcutería,2,True,False,False,True,False
CAT-6103,Yogur Infantil Platano Y Fresas Desde 6 Meses Hero Baby Sin Gluten Y Azucar Anadido Pack De 2 Unidades De 120 G,Despensa,2,True,False,False,True,False
CAT-6277,Helado De Crema De Te Verde Hagen Dazs 460 Ml,Desayuno y Snack,2,True,False,False,True,False
CAT-6407,Preparado Lacteo Infantil Con Triptofano Desde 12 Meses Puleva Peques Sin Gluten Sin Lactosa Y Sin Azucar Anadido Brik 1 L,Despensa,2,True,False,False,True,False
CAT-6397,Pienso De Pollo Para Perros Yorkshire Terrier Ultima 15 Kg,Carnicería y Charcutería,2,True,False,False,True,False
CAT-6389,Leche Infantil De Continuacion Desde 6 Meses En Polvo Nestle Nativa 2 Pack De 2 Unidades De 600 G,Bebes,2,True,False,False,True,False
CAT-6433,Kebab Fusion Fripozo 320 G,Sin categoría,2,True,False,False,True,False
CAT-6748,Coquina 250 G,Sin categoría,2,True,False,False,True,False
CAT-6721,Tarrito De Crema De Verduras Con Rape Desde 8 Meses Buenas Noches Hero Baby Pack De 2 Unidades De 190 G,Conservas y Enlatados,2,True,False,False,True,False
CAT-6909,Tiramisu Schr Sin Gluten 200 G,Sin categoría,2,True,False,False,True,False
CAT-7011,Pure De Acai Berry Sin Azucar Ecologico Sambazon Pack De 4 Sobres De 100 G,Despensa,2,True,False,False,True,False
CAT-7067,Galletas Infantiles Ecologico Hero Solo 160 G,Desayuno y Snack,2,True,False,False,True,False
CAT-7042,Comida Humeda Pescado Del Oceano Para Gato Adulto Purina Gourmet Natures Creations 85 G,Mascotas,2,True,False,False,True,False
CAT-7162,Albondigas De Proteinas De Guisantes Green Cuisine Findus 240 G,Carnicería y Charcutería,2,True,False,False,True,False
CAT-7326,Panales Bebe Seco Dodot T7 15 Kg 60 Ud,Bebes,2,True,False,False,True,False
CAT-7351,Papilla Infantil Desde 6 Meses Hero 8 Cereales Galleta Sin Azucar Anadido 550 G,Despensa,2,True,False,False,True,False
CAT-7348,Muffins Relleno Nutella 4 Ud,Desayuno y Snack,2,True,False,False,True,False
CAT-7505,Tarrito Cocidito Con Ternera Y Jamon Desde 6 Meses Ecologico Smileat Sin Gluten 230 G,Carnicería y Charcutería,2,True,False,False,True,False
CAT-7787,Helado Bombon Crunchy Cookies  Cream Hagen Dazs 3 Uds,Desayuno y Snack,2,True,False,False,True,False
CAT-7905,Steamed Dumplings Vegetales Itsu 168 G,Sin categoría,2,True,False,False,True,False
CAT-8103,Tarrito De Multifrutas Con Mango Desde 6 Meses Ecologico Hero Solo 120 G,Sin categoría,2,True,False,False,True,False
CAT-8299,Chicken Bites La Cocinera 250 G,Sin categoría,2,True,False,False,True,False
CAT-8273,Bolsita De Frutas Variadas Nestle Happy Fruits Sin Azucar Anadido 110 G,Despensa,2,True,False,False,True,False
CAT-8352,Panales Extra Care Huggies T3 6 10 Kg 72 Ud,Bebes,2,True,False,False,True,False
CAT-8404,Tarta Helada Al Whisky Nestle Helados 580 G,Bebidas,2,True,False,False,True,False
CAT-8462,Panales Dodot Activity T6 14 19 Kg 117 Ud,Bebes,2,True,False,False,True,False
CAT-8587,Pizza Salame Buitoni 195 G,Congelados,2,True,False,False,True,False
CAT-8633,Gnocchi Caprese Findus 550 G,Sin categoría,2,True,False,False,True,False
CAT-8634,Tequenos De Chocolate Pan 600 G,Panadería y Pastelería,2,True,False,False,True,False
CAT-8652,Crackers De Zanahoria Desde 12 Meses Ecologico Nestle 100 G,Frutas y Verduras,2,True,False,False,True,False
CAT-8774,Papilla Infantil Desde 6 Meses Nestle 8 Cereales Con Fruta Sin Azucar Anadido 330 G,Despensa,2,True,False,False,True,False
CAT-8828,Sopa Liquida Con Pollo Para Gato Soup Royale Purina Gourmet 45 G,Conservas y Enlatados,2,True,False,False,True,False
CAT-9174,Pants Huggies T4 9 14 Kg 36 Ud,Sin categoría,2,True,False,False,True,False
CAT-9817,Patatas Original Tradition Mccain 25 Kg,Sin categoría,2,True,False,False,True,False
CAT-9969,Preparado Para Paella Capitan Findus 400 G,Despensa,2,True,False,False,True,False
CAT-5784,Gel Dermatologico Ph 55 Con Colageno Y Lipo Proteinas Inibsa Pack De 4 Unidades De 1 L,Cuidado personal e Higiene,2,False,False,True,True,False
CAT-8053,Tarrito De Verduras Con Pescadilla A La Crema Desde 8 Meses Hero Solo Sin Gluten Pack De 6 Unidades De 190 G,Sin categoría,2,True,False,False,True,False
CAT-8549,Snack De Atun Para Gato Churu 20X14 G,Mascotas,2,True,False,False,True,False
CAT-7084,Comida Semihumeda De Pescado Para Perro Cocosi 3 Kg,Mascotas,2,True,False,False,True,False
CAT-5522,Tetinas Liquidos Espesos 6M Flujo 6 Natural Response Philips Avent 2 Ud,Sin categoría,2,True,False,False,True,False
CAT-7105,Comida Humeda Seleccion Carnes Mixtas En Gelatina Para Perro Senior Cesar Pack De 4 Unidades De 100 G,Mascotas,2,True,False,False,True,False
CAT-4608,Aros De Cebolla Pickers By Mccain 350 G,Frutas y Verduras,2,True,False,False,True,False
CAT-4801,Pienso De Pollo Y Arroz Para Perro Adulto Mini Purina One Active 15 Kg,Despensa,2,True,False,False,True,False
CAT-4776,Mechero Fuego Rigide Curve,Bazar y Varios,2,True,False,False,True,False
CAT-4904,Pienso De Pavo Y Arroz Para Gatos Sensitive Purina One 28 Kg,Despensa,2,True,False,False,True,False
CAT-4907,Pienso De Pollo Para Gatos Esterilizado Bolas De Pelo Purina One  28 Kg,Carnicería y Charcutería,2,True,False,False,True,False
CAT-5038,Comida Humeda Con Pollo Para Perro Junior Companino 400 G,Carnicería y Charcutería,2,True,False,False,True,False
CAT-5020,Bombon After Dinner Classic Magnun Sin Gluten 8 Ud,"Azúcar, caramelos y chocolate",2,True,False,False,True,False
CAT-5232,Snack Natural De Panza Seca Para Perro Adulto Vitakraft Natural Chews 100 G,Mascotas,2,True,False,False,True,False
CAT-5309,Pienso De Pollo Y Arroz Para Perro Medium Maxi Junior Ultima 3 Kg ,Despensa,2,True,False,False,True,False
CAT-5473,Comida Humeda De Pescado Para Gato Whiskas 12X85 G,Bebidas,2,True,False,False,True,False
CAT-5845,Leche Infantil De Continuacion Desde 6 Meses En Polvo Evolution2 Blemil Optimum Lata De 1200 G,Bebes,2,True,False,False,True,False
CAT-5821,Pienso De Buey Para Perro Adulto Purina Friskies Vitafit Active 15 Kg,Mascotas,2,True,False,False,True,False
CAT-5847,Leche Infantil Para Lactantes En Polvo Blemil Optimum Evolution 1 Lata 800 G,Bebes,2,True,False,False,True,False
CAT-5956,Snack Bacon Y Queso Para Perro Purina Friskies Funtastix 500 G,Lácteos y Huevos,2,True,False,False,True,False
CAT-6137,Reptosafe 100 Ml,Sin categoría,2,True,False,False,True,False
CAT-6144,Pienso De Pollo Para Perro Junior Purina Friskies 3 Kg,Carnicería y Charcutería,2,True,False,False,True,False
CAT-6425,Comida Para Hamster Vitakraft 400 G,Mascotas,2,True,False,False,True,False
CAT-6605,Comida Humeda Surtido De Pescadodel Oceano Para Gato Purina Gourmet Gold 12X85 G,Mascotas,2,True,False,False,True,False
CAT-6709,Snack Bastones De Zanahoria Para Conejos Enanos Carotties Vitakraft 50 G,Mascotas,2,True,False,False,True,False
CAT-6914,Leche Infantil De Crecimiento Desde Los 12 Meses Almiron Advance 1200 G,Bebidas,2,True,False,False,True,False
CAT-7267,Perlas Absorbentes Higienicas Para Gato Magic Clean Vitakraft 84L  37 Kg,Mascotas,2,True,False,False,True,False
CAT-7346,Comedero Plegable Silicona Para Mascotas Sandimas 15 Cm,Sin categoría,2,True,False,False,True,False
CAT-7793,Pienso De Buey Y Pollo Con Verduras Para Gato Adulto Purina Friskies 15 Kg,Carnicería y Charcutería,2,True,False,False,True,False
CAT-7911,Colorante En Gel Bigote Y Barba Negro Just For Men 15 Ml,Sin categoría,2,True,False,False,True,False
CAT-7880,Comida Para Conejos Enanos Menu Vital Vitakraft  3Kg,Mascotas,2,True,False,False,True,False
CAT-7941,Guanciale En Tiras Ferrarini Sin Gluten 100 G,Sin categoría,2,True,False,False,True,False
CAT-8029,Pienso De Buey Para Perro Adulto Mini Ultima 125 Kg,Mascotas,2,True,False,False,True,False
CAT-8086,Pomada Para Proteccion Almohadillas De Perro Kimbo Move 100 Ml,Sin categoría,2,True,False,False,True,False
CAT-8097,Comida Humeda En Gelatina Con Pollo Para Gatos Adulto Purina Gourmet Revelations 4X57 G,Carnicería y Charcutería,2,True,False,False,True,False
CAT-8163,Set 30 Cucharitas Reutilizables Nupik,Sin categoría,2,True,False,False,True,False
CAT-8226,Papilla Infantil Gerber Arroz Y Avena Con Manzana Sin Gluten Sin Lactosa Y Sin Azucar Anadido 250 G,Despensa,2,True,False,False,True,False
CAT-8315,Pienso De Pollo Para Perro Mini Dream Excellence 15 Kg,Carnicería y Charcutería,2,True,False,False,True,False
CAT-8362,Pienso Esterilizado De Salmon Para Gatos Perfect Fit 14 Kg,Pescadería,2,True,False,False,True,False
CAT-8365,Comida Humeda Esterilizada De Pescado Y Verduras Para Gatos Perfect Fit Pack De 4 Unidades De 85 G,Mascotas,2,True,False,False,True,False
CAT-8398,Cerveza Polar Premium Botella 33 Cl,Bebidas,2,True,False,False,True,False
CAT-8473,Snack Nuggets De Jabali Para Perros Purina Adventuros 300 G,Congelados,2,True,False,False,True,False
CAT-8565,Pienso De Pollo Sin Cereales Con Frutas Y Verduras Para Perro Junior Miguau 15 Kg,Carnicería y Charcutería,2,True,False,False,True,False
CAT-8573,Pienso De Salmon Sin Cereales Con Frutas Y Verduras Para Perro Adulto Miguau 3 Kg,Pescadería,2,True,False,False,True,False
CAT-8763,Mascarillas Filtrante Ffp2 Nr Tecsania 2 Ud,Sin categoría,2,True,False,False,True,False
CAT-8815,Alcachofa Pronutri Sin Gluten 30 Ud,Bebidas,2,True,False,False,True,False
CAT-8825,Detox Pronutri Sin Gluten 16 Ud,Bebidas,2,True,False,False,True,False
CAT-8856,Comida Humeda En Salsa Seleccion Mixta Para Gatos Sheba Kitten 4X85 G,Despensa,2,True,False,False,True,False
CAT-8877,Vitakraft Vegetal Clean Corn Lecho Higienico 8L,Mascotas,2,True,False,False,True,False
CAT-9210,Collar Insectifugo Para Perro Negro Dixie,Mascotas,2,True,False,False,True,False
CAT-9339,Leche Infantil Para Lactantes En Polvo Blemil Confort Protech 1 Lata 800 G,Bebes,2,True,False,False,True,False
CAT-9336,Purina One Pienso Para Gato Senior 11Anos 15Kg,Mascotas,2,True,False,False,True,False
CAT-9808,Lasana De Espinacas Y Crema De Queso Fundido De Cabra El Mercado 350 G,Lácteos y Huevos,2,True,False,False,True,False
CAT-9847,Pienso De Pavo Para Gatos Delicate One Delicate Purina One  800 G,Carnicería y Charcutería,2,True,False,False,True,False
CAT-9883,Bloque De Calcio Para Tortugas,Sin categoría,2,True,False,False,True,False
CAT-7050,Dentifrico Herbal Original Parodontax 75 Ml,Cuidado personal e Higiene,2,True,False,False,True,False
CAT-7750,Cepillo Dental Interdental Plus Mini Interprox 6 Ud,Cuidado personal e Higiene,2,True,False,False,True,False
CAT-7775,Colutorio Antiseptico Oraldine 400 Ml,Cuidado personal e Higiene,2,True,False,False,True,False
CAT-4601,Cerveza Saer Brau Clasica Lata 33 Cl,Bebidas,2,True,False,False,True,False
CAT-1151,Crema de manos hidratante con aloe vera,Cuidado personal e Higiene,2,True,False,False,True,False
CAT-1635,Bolsitas antipolillas Lavanda,Hogar,2,True,False,False,True,False
CAT-1833,Caracoles precocidos ultracongelados,Congelados,2,True,False,False,True,False
CAT-2186,Escoba para exteriores,Hogar,2,True,False,False,True,False
CAT-4403,Gafa Presbicia Rectangular Circular 300 Colores Varios 1 Ud,Sin categoría,2,True,False,False,True,False
CAT-4417,Gafa Presbicia Redonda Circular 200 Colores Varios 1 Ud,Sin categoría,2,True,False,False,True,False
CAT-4418,Gafa Presbicia Redonda Circular 100 Colores Varios 1 Ud,Sin categoría,2,True,False,False,True,False
CAT-4563,Crema Facial Xhekpon 40 Ml,Cuidado personal e Higiene,2,True,False,False,True,False
CAT-4636,Supradyn Energy Adultos Sin Gluten Y Sin Lactosa 70 Ud,Sin categoría,2,True,False,False,True,False
CAT-4837,Gel Aceite De Coco Essentials Hipoalergenico Mussvital 750 Ml,Sin categoría,2,True,False,False,True,False
CAT-5416,Cerveza Coronita Pack De 6 Botellas De 21 Cl,Bebidas,2,True,False,False,True,False
CAT-5609,Agua Mineral Font Vella Tapon Deportivo 33 Cl,Bebidas,2,False,True,False,True,False
CAT-5509,Gazpacho Fresco Garcia Millan Sin Gluten 1 L,Conservas y Enlatados,2,True,False,False,True,False
CAT-8170,Tratamiento Para Hongos Fortalecedor De Unas Nailner 5 Ml,Sin categoría,2,True,False,False,True,False
CAT-5346,Crema Antiedad Hidratante Y Reafirmante Retinol Boost Neutrogena 50 Ml,Cuidado personal e Higiene,2,True,False,False,True,False
CAT-7384,Coca Cola Zero Mini Pack 10 Latas 20 Cl,Bebidas,2,True,False,False,True,False
CAT-5544,Leche Infantil Para Lactantes Desde El Primer Dia En Polvo Nutriben Innova Toprotein 1 Sin Aceite De Palma Lata 800 G,Bebes,2,True,False,False,True,False
CAT-5565,Kombucha De Jengibre Y Limon Ecologico Komvida Sin Gluten Botella 25 Cl,Sin categoría,2,True,False,False,True,False
CAT-9277,Crema Balsamica Para Proteger La Zona Del Panal Sebamed 300 Ml,Bebes,2,True,False,False,True,False
CAT-9631,Cider Ladron De Manzanas Lata 33 Cl,Bebidas,2,False,True,False,True,False
CAT-5574,Locion Talquistina 200 Ml,Sin categoría,2,True,False,False,True,False
CAT-7589,Tinte Classic 5N Castano Claro Farmatint 1 Ud,Sin categoría,2,True,False,False,True,False
CAT-9120,Cerveza San Miguel Especial Lager Pack De 28 Latas De 33 Cl,Bebidas,2,True,False,False,True,False
CAT-5575,Whisky Loch Castle Escoces 70 Cl ,Bebidas,2,True,False,False,True,False
CAT-5661,Crema Fijadora Para Protesis Dentales Maximo Sellado Corega 40 G,Sin categoría,2,True,False,False,True,False
CAT-7569,Cerveza Cruzcampo Pilsen Pack 12 Latas 33 Cl,Bebidas,2,True,False,False,True,False
CAT-5696,Apositos Sensitive Con Aloe Vera Salvelox 20 Ud,Cuidado personal e Higiene,2,True,False,False,True,False
CAT-5824,Gel Dermo Limpiador Mustela 750 Ml,Hogar,2,True,False,False,True,False
CAT-9068,Cerveza Mahou Mixta Shandy Con Limon Pack 12 Latas 33 Cl,Bebidas,2,False,True,False,True,False
CAT-7422,Agua Mineral Font Vella Tapon Deportivo 33 Cl,Bebidas,2,False,True,False,True,False
CAT-8555,Chupete De Silicona Anatomico Ultra Air Nighttime Philips Avent 2 Ud,Sin categoría,2,True,False,False,True,False
CAT-6106,Leche Infantil Para Lactantes Con Regurgitaciones Nan Ar Lata 800 G,Bebes,2,True,False,False,True,False
CAT-9796,Multivitaminico Y Multimineral En Comprimidos Hombre 50 Multicentrum Sin Gluten 30 Ud,Sin categoría,2,True,False,False,True,False
CAT-7995,Cerveza Negra Saer Brau Lata 33 Cl,Bebidas,2,True,False,False,True,False
CAT-7703,Complemento Alimenticio Para El Transito Intestinal Roha Max 130 G,Cuidado personal e Higiene,2,False,False,True,True,False
CAT-6329,Pienso Para Perro Adulto Bon Menu Receta Mediterranea 10 Kg,Mascotas,2,True,False,False,True,False
CAT-9235,Gel Hidratante Intimo Efecto Calor Vagisil 30 G,Sin categoría,2,True,False,False,True,False
CAT-4035,Vino Tinto Crianza Marques De Caceres Doca Rioja 75 Cl,Bebidas,2,False,True,False,True,False
CAT-7154,Cerveza Saer Brau Extra Malta Lata 33 Cl,Bebidas,2,True,False,False,True,False
CAT-7618,Apositos Callos Entre Dedos Compeed 10 Ud,Cuidado personal e Higiene,2,True,False,False,True,False
CAT-9634,Vino Tinto Joven Tempranillo Tres Reinos Doca Rioja 75 Cl,Bebidas,2,True,False,False,True,False
CAT-6147,Agua Mineral Zero Sodio Fontarel 15 L,Bebidas,2,True,False,False,True,False
CAT-6464,Kit Blanqueamiento Dental White Flash Lacer Blanc 1 Ud,Sin categoría,2,True,False,False,True,False
CAT-6654,Lazos Cebra 6 Ud,Sin categoría,2,True,False,False,True,False
CAT-6722,Crema Para Pieles Sensibles E Irritadas Talquistina 50 G,Sin categoría,2,True,False,False,True,False
CAT-6741,Cerveza El Leon Clasica Lata 33 Cl,Bebidas,2,True,False,False,True,False
CAT-6944,Vino Moscatel Cortijo De Ceret Do Valencia 75 Cl,Bebidas,2,True,False,False,True,False
CAT-7643,Gel De Bano Suave Cuerpo Y Cabello Mustella 500 Ml,Sin categoría,2,True,False,False,True,False
CAT-7623,Apositos Callos Medianos Compeed 10 Ud,Cuidado personal e Higiene,2,True,False,False,True,False
CAT-7723,Agua Termal Vaporizador Facial Piel Sensible Avne 300 Ml,Cuidado personal e Higiene,2,True,False,False,True,False
CAT-8264,Leche Infantil Para Lactantes En Polvo Nutriben Ar Lata 800 G,Bebes,2,True,False,False,True,False
CAT-8460,Fuze Tea Te Verde Y Maracuya Botella 500 Ml,Desayuno y Snack,2,True,False,False,True,False
CAT-8558,Chupete De Silicona Anatomico Ultra Start Philips Avent 2 Ud,Sin categoría,2,True,False,False,True,False
CAT-8559,Chupete De Silicona Anatomico Ultra Air Philips Avent 2 Ud,Sin categoría,2,True,False,False,True,False
CAT-8594,Solucion Unica Pharmaset 60 Ml,Sin categoría,2,True,False,False,True,False
CAT-8821,Solar Pronutri Sin Gluten 30 Ud,Bebidas,2,True,False,False,True,False
CAT-9333,Cerveza 1906 Reserva Especial Pack 12 Botellas 33 Cl,Bebidas,2,True,False,False,True,False
CAT-4276,Acondicionador Con Mango Klorane 200 Ml,Cuidado personal e Higiene,2,True,False,False,True,False
CAT-7646,Champu Bebe Suave Piel Normal Mustela 200 Ml,Cuidado personal e Higiene,2,True,False,False,True,False
CAT-7913,Colorante En Champu Castano Just For Men 30 Ml,Cuidado personal e Higiene,2,True,False,False,True,False
CAT-7920,Colorante En Champu Castano Medio Just For Men 30 Ml,Cuidado personal e Higiene,2,True,False,False,True,False
CAT-7561,Dentifrico Para Un Refuerzo Intensivo Del Esmalte Expert Protect Sensodyne 75 Cl,Cuidado personal e Higiene,2,True,False,False,True,False
CAT-7756,Colutorio Diario Fluor Fluor Aid 500 Ml,Cuidado personal e Higiene,2,True,False,False,True,False
CAT-8221,Colutorio Dientes Sensibles Anticaries Uso Diario Accion Progresiva Desensin 500 Ml,Cuidado personal e Higiene,2,True,False,False,True,False
CAT-8368,Cepillo De Dientes Proteccion Caries Medio Interx Elmex 1 Ud,Cuidado personal e Higiene,2,True,False,False,True,False
CAT-9432,Seda Dental Con Cera Vitis 2 X 50 M,Cuidado personal e Higiene,2,True,False,False,True,False
CAT-6598,Locion Corporal Cica Reparacion Intensa Para Piel Seca Neutrogena 2 Unidades 750 Ml ,Cuidado personal e Higiene,2,True,False,False,True,False
CAT-7735,Jabon Liquido Germisdin 1000 Ml,Cuidado personal e Higiene,2,True,False,False,True,False
CAT-8394,Dermojabon Neutro Hipoalergico Grisi 100 G,Cuidado personal e Higiene,2,True,False,False,True,False
CAT-8837,Gel De Ducha Protectora Y Duradera De La Piel Multidermol 750 Ml,Cuidado personal e Higiene,2,True,False,False,True,False
CAT-8325,Botella De Aceite 2 En 1 De Vidrio 47 Cl Masterpro Foodies,Sin categoría,2,True,False,False,True,False
CAT-8356,Brotes Tiernos Xxl El Mercado 175 G,Sin categoría,2,True,False,False,True,False
CAT-8421,Vino Tinto Envejecido Roble Tempranillo La Planta Do Ribera Del Duero 75 Cl,Bebidas,2,True,False,False,True,False
CAT-1045,Bitter Kas sin alcohol,Bebidas,2,True,False,False,True,False
CAT-1476,Patatas fritas sabor chili y lima,Desayuno y Snack,2,True,False,False,True,False
CAT-1561,Garbanzo cocido Pedrosillano,Despensa,2,True,False,False,True,False
CAT-2314,Bastoncillos de algodón 100%,Cuidado personal e Higiene,2,True,False,False,True,False
CAT-2316,Toallitas lavadora anti-transferencia de color,Hogar,2,True,False,False,True,False
CAT-2452,Coulant de chocolate,Lácteos y Huevos,2,True,False,False,True,False
CAT-2639,Dentífrico Herbal,Cuidado personal e Higiene,2,True,False,False,True,False
CAT-3095,Pollo 97% relleno La Carloteña asado al horno lonchas,Carnicería y Charcutería,2,True,False,False,True,False
CAT-5294, Detergente En Liquido Azul Wipp Express 43 Lavados,Hogar,2,True,False,False,True,False
CAT-5947,Sidra De Nuestra Tierra Dop Asturias Natural 70 Cl,Sin categoría,2,True,False,False,True,False
CAT-7090,Sandwich De Nata Nordwik 5 Uds,Platos preparados,2,True,False,False,True,False
CAT-8522,Crema Solar Spf50 Fusion Water Magic Medium Isdin 50 Ml,Sin categoría,2,True,False,False,True,False
CAT-8544,Snack Para Perros Purina Friskies Funtastix 175 G,Mascotas,2,True,False,False,True,False
CAT-7330,Pants Dodot T7 17 Kg 44 Ud,Bebes,2,True,False,False,True,False
CAT-5639,Cono Kinder Bueno 4 Ud,"Azúcar, caramelos y chocolate",2,True,False,False,True,False
CAT-5920,Croquetas De Jamon Iberico La Cocinera 400 G,Congelados,2,True,False,False,True,False
CAT-9327,San Jacobos Recetas Crujientes La Cocinera 388 G,Congelados,2,True,False,False,True,False
CAT-7804,Helado Sabor Nata Con Salsa De Caramelo Salado Y Trocitos De Caramelo Frigo 499 G,Despensa,2,True,False,False,True,False
CAT-5997,Bao Buns De Pato Itsu 180 G,Congelados,2,True,False,False,True,False
CAT-8990,Calamar De La India Limpio400 G,Pescadería,2,True,False,False,True,False
CAT-6199,Bombon Helado Classico Blanco Y Almendras Magnun Sin Gluten 6 Ud,Congelados,2,True,False,False,True,False
CAT-7811,Helado De Galleta Y Chocolate Frigo 454 G,Desayuno y Snack,2,True,False,False,True,False
CAT-7806,Helado De Chocolate Carte Dor 500 G,Congelados,2,True,False,False,True,False
CAT-8614,Pisto Con Tomate Findus 450 G,Sin categoría,2,True,False,False,True,False
CAT-6276,Helado De Crema De Cafe Hagen Dazs Sin Gluten 460 Ml,Desayuno y Snack,2,True,False,False,True,False
CAT-8613,Limpiamaquinas Finish Pack De 2 Unidades De 250 Ml,Hogar,2,True,False,False,True,False
CAT-9833,Helado Pirulo Watermelon Nestle Sin Gluten 4 Ud,Congelados,2,True,False,False,True,False
CAT-8659,Uva Roja Sin Pepitas El Mercado 500 G Aprox,Sin categoría,2,True,False,False,True,False
CAT-7479,Platano Maduro En Tajadas Congeladas Goya 311 G,Frutas y Verduras,2,True,False,False,True,False
CAT-7509,Set 50 Moldes De Papel Para Freidora De Aire 26X45 Cm Masterpro Foodies,Sin categoría,2,True,False,False,True,False
CAT-9108,Barritas Krissia 300 G,Sin categoría,2,True,False,False,True,False
CAT-8683,Bombon Helado De Cereza Con Chocolate Blanco Schofrulade 130 G,Congelados,2,True,False,False,True,False
CAT-8736,Granada Natural Congelada La Cuerva 300 G,Sin categoría,2,True,False,False,True,False
CAT-7807,Helado Bombon Utopia Double Nociola Magnum 3 Uds,Congelados,2,True,False,False,True,False
CAT-6489,Porras Prefritas Maheso Sin Aceite De Palma 320 G,Sin categoría,2,True,False,False,True,False
CAT-8759,Burger Meat Mixta Xxl El Mercado Sin Gluten Y Sin Lactosa Pack De 8 Unidades De 90 G,Sin categoría,2,True,False,False,True,False
CAT-7875,Pizza Con Tomate Salsa Pesto Y Queso Creazione Buitoni 435 G,Despensa,2,True,False,False,True,False
CAT-9183,Bombon Helado De Pistacho Gruvi Sammontana 4 Ud,Desayuno y Snack,2,True,False,False,True,False
CAT-7879,Helado Con Caramelo Y Cobertura De Cacao Mars 5 Uds,Desayuno y Snack,2,True,False,False,True,False
CAT-6513,Patatas Original Steakhouse Mccain 1 Kg,Sin categoría,2,True,False,False,True,False
CAT-7887,Pescadinos De Merluza Empanados Congelados Pescanova 800 G,Pescadería,2,True,False,False,True,False
CAT-4138,Arroz Tres Delicias Tradicional Findus Salto 500 G,Despensa,2,True,False,False,True,False
CAT-4431,Gambon Salvaje 2 Kg,Sin categoría,2,True,False,False,True,False
CAT-4454,Cerveza Saer Brau Sin Alcohol Lata 33 Cl,Bebidas,2,True,False,False,True,False
CAT-4544,Helado De Cola Calippo Sin Gluten 5 Ud,Congelados,2,True,False,False,True,False
CAT-4625,Pulverizador De Aceite 200 Ml Masterpro Foodies,Sin categoría,2,True,False,False,True,False
CAT-4693,Comida Humeda En Salsa De Pollo Y Buey Para Perro Adulto Mini Ultima 4X100 G,Despensa,2,True,False,False,True,False
CAT-4747,Pizza Diavola Picante Forno Di Pietra Buitoni 350 G,Congelados,2,True,False,False,True,False
CAT-4888,Bogavante Crudo Chef Del Mar 400 G Aprox,Pescadería,2,True,False,False,True,False
CAT-5015,Mini Calzone Bites Sin Gluten Schr 250 G,Sin categoría,2,True,False,False,True,False
CAT-5329,Helado De Pistacho Hagen Dazs Sin Gluten 347 G,Desayuno y Snack,2,True,False,False,True,False
CAT-5520,Croquetas De Cocido Estilo Ropa Vieja La Cocinera 340 G,Congelados,2,True,False,False,True,False
CAT-6516,Boqueron Mariposa En Tempura Delfin 350 G,Bebidas,2,True,False,False,True,False
CAT-6609,Falafel A Base De Garbanzos Y Hortalizas Vegano Garden Gourmet 190 G,Despensa,2,True,False,False,True,False
CAT-6623,Gyozas De Cerdo Vici 400 G,Congelados,2,True,False,False,True,False
CAT-6801,Peskitos De Salmon Pescanova 400 G,Pescadería,2,True,False,False,True,False
CAT-6872,Espinacas En Hojas Findus 1 Kg,Sin categoría,2,True,False,False,True,False
CAT-7012,Helado De Galleta Y Pepitas De Chocolate Hagen Dazs 460 Ml,Desayuno y Snack,2,True,False,False,True,False
CAT-7026,Helado Chunky Monkey Ben  Jerrys 465 Ml,Congelados,2,True,False,False,True,False
CAT-7031,Helado Peanut Butter Cup Benjerrus 465 Ml,Congelados,2,True,False,False,True,False
CAT-7108,Conos Con Helado De Anacardos Con Sirope De Guindas Valsoia Sin Gluten 4 Ud,Desayuno y Snack,2,True,False,False,True,False
CAT-7977,Bombon Helado De Chocolate Doble Cobertura Gely 6 Uds,Congelados,2,True,False,False,True,False
CAT-7963,Pizza Margherita La Bomba Italpizza 440 G,Congelados,2,True,False,False,True,False
CAT-8081,Sepia Faraonica Limpia Grande Pescanova 350 G,Pescadería,2,True,False,False,True,False
CAT-8228,Helado Bombom Magnum After Dinner Frac Sin Gluten 8 Ud,Congelados,2,True,False,False,True,False
CAT-8471,Comida Humeda Sabor Carne Para Gato Adulto Purina Gourmet 4X57 G,Mascotas,2,True,False,False,True,False
CAT-8834,Helado Bombon Ferrero Rocher 3 Ud,Congelados,2,True,False,False,True,False
CAT-8851,Pepsi Pack 2 Botellas 175 L,Bebidas,2,True,False,False,True,False
CAT-8922,Helado Mini Bombn Pistacho Signature Magnum 6 Ud,Desayuno y Snack,2,True,False,False,True,False
CAT-9216,Filete De Pescado Crujiente Con Limon Congelado Findus 225 G,Pescadería,2,True,False,False,True,False
CAT-8916,Fresas Congeladas Banadas En Chocolate Blanco Y Chocolate Con Leche Sin Gluten Tr Fr 6 Uds,"Azúcar, caramelos y chocolate",2,True,False,False,True,False
CAT-9317,Helado Mini Classic Cornetto 6 Uds,Congelados,2,True,False,False,True,False
CAT-9490,Panales Bebe Seco Dodot T3 6 10 Kg 176 Ud,Bebes,2,True,False,False,True,False
CAT-9578,Friegasuelos Insecticida Aroma Lavanda Desic Kh 7 750 Ml,Sin categoría,2,True,False,False,True,False
CAT-9683,Comida Humeda De Oollo Para Gato Adulto Gourmet Gold Fondant 85 G,Mascotas,2,True,False,False,True,False
CAT-5270,Red Bull Bebida Energetica Coco Y Arandanos Lata 25 Cl,Bebidas,2,False,True,False,True,False
CAT-5541,Cerveza El Aguila Sin Filtrar Lata 50 Cl,Bebidas,2,False,True,False,True,False
CAT-8504,Red Bull Bebida Energetica Sandia Lata 25 Cl,Bebidas,2,True,False,False,True,False
CAT-8955,Bacon En Cintas Casa Tarradellas Sin Gluten 150 G,Carnicería y Charcutería,2,True,False,False,True,False
CAT-7063,Postre Lacteo De Platano Desde 6 Meses Nestle Yogolino Sin Gluten Pack De 4 Unidades De 100 G,Lácteos y Huevos,2,False,True,False,True,False
CAT-8987,Helado Clasisco Cornetto 8 Uds,Congelados,2,True,False,False,True,False
CAT-9118,Cerveza Mahou Clasica Pack De 28 Latas De 33 Cl,Bebidas,2,True,False,False,True,False
CAT-6752,Langostinos Blancos Cocidos Congelados Gambafresh 750 G,Pescadería,2,True,False,False,True,False
CAT-2374,Whisky escocés Ballantine's,Bebidas,2,True,False,False,True,False
CAT-4124,Pate De Atun Casa Tarradellas Sin Gluten 125 G,Carnicería y Charcutería,2,True,False,False,True,False
CAT-9670,Queso Fresco De Cabra Burgo De Arias Sin Gluten Pack De 3 Unidades De 70 G,Lácteos y Huevos,2,False,False,False,True,True
CAT-0730,Bebida isotónica limón Aquarius,Bebidas,2,True,False,False,False,True
CAT-6400,Cerveza Estrella Galicia 00 Sin Alcohol Lata 33 Cl,Bebidas,2,True,False,False,True,False
CAT-6204,Bombon Helado Mini Magnum Classic 6 Ud,Congelados,2,True,False,False,True,False
CAT-0288,Nata montada azucarada,Lácteos y Huevos,2,True,False,False,True,False
CAT-1314,Queso untar light de vaca,Lácteos y Huevos,2,True,False,False,False,True
CAT-4863,Queso Rallado Mozzarella Arla 150 G,Lácteos y Huevos,2,True,False,False,True,False
CAT-9434,Base De Pizza La Cocinera Pack De 4 Bases De 130 G,Congelados,2,False,False,False,True,True
CAT-9778,Vino Tinto Tempranillo Vina Lobon Do Mancha 75 Cl,Bebidas,2,False,False,False,True,True
CAT-0504,Miel de flores,Desayuno y Snack,2,True,False,False,False,True
CAT-6482,Croquetas De Jamon Iberico 295 G,Congelados,2,True,False,False,True,False
CAT-9864,Pienso Esterilizado De Pollo Para Gato Adulto Ultima 15 Kg,Carnicería y Charcutería,2,True,False,False,True,False
CAT-2435,Picatostes fritos,Desayuno y Snack,2,True,True,False,False,False
CAT-1023,Cerveza Heineken,Bebidas,2,True,True,False,False,False
CAT-8152,Panales Dodot Sensitive T1 2 5 Kg 168 Ud,Bebes,2,True,False,False,True,False
CAT-8301,Pienso De Salmon Y Verduras Para Gato Adulto Purina Friskies 4 Kg,Pescadería,2,True,False,False,True,False
CAT-8761,Manzana Ambrosia 1 Kg Aprox,Sin categoría,2,True,False,False,True,False
CAT-8900,Fuet Mini Campofrio Snackin 50 G,Carnicería y Charcutería,2,True,False,False,True,False
CAT-9125,Comida Humeda En Gelatina Seleccion Pescado Para Gato Purina Felix Sensations 4X85 G,Mascotas,2,True,False,False,True,False
CAT-9249,La Gula Del Norte 430 G,Sin categoría,2,True,False,False,True,False
CAT-4470,Tonica Schweppes Zero Botella 20 Cl,Bebidas,2,False,True,False,True,False
CAT-4374,Hogaza Integral 84 The Rustik Bakery 400 G,Sin categoría,2,True,False,False,True,False
CAT-0370,Tónica original Schweppes,Bebidas,2,True,False,False,False,True
CAT-7258,Cerveza Ambar Pack 9 Latas 33 Cl,Bebidas,2,True,False,False,True,False
CAT-0103,Orégano,Despensa,2,True,True,False,False,False
CAT-0028,Leche desnatada Asturiana,Lácteos y Huevos,2,True,False,False,False,True
CAT-6201,Bombon Helado Magnum Classic 3 Ud,Congelados,2,True,False,False,True,False
CAT-5828,Cerveza Mahou Cinco Estrellas Pack 6 Botellas 20 Cl,Bebidas,2,True,False,False,True,False
CAT-4480,Vino Tinto Tempranillo Campo Viejo Doca Rioja  75 Cl,Bebidas,2,False,False,False,True,True
CAT-4678,Chicharron Frito Frial Al Corte 150 G Aprox,Bebidas,2,True,False,False,True,False
CAT-5713,Cider Ladron De Manzanas Sabor Manzana Verde Botella 25 Cl,Bebidas,2,False,False,False,True,True
CAT-7308,Bolsita De Fresa Y Platano Desde 6 Meses Ecologico Smileat Sin Gluten 100 G,Frutas y Verduras,2,True,False,False,True,False
CAT-6789,Crema Pieles Sensibles E Irritadas Piel En Calma Talquistina 100 Ml,Sin categoría,2,True,False,False,True,False
CAT-4757,Pizza Prosciutto Ristorante Dr Oetker Sin Gluten Y Sin Lactosa 345 G,Congelados,2,True,False,False,True,False
CAT-2101,Sardinillas reducidas en sal en aceite de oliva,Conservas y Enlatados,2,True,True,False,False,False
CAT-5203,Vino Tinto Crianza Tempranillo Duron Do Ribera Del Duero 75 Cl,Bebidas,2,True,False,False,True,False
CAT-6410,Cerveza La Rubia 1870 Lager Especial Lata 33 Cl,Bebidas,2,False,False,False,True,True
CAT-3121,Queso curado mezcla cortado en cuñitas,Lácteos y Huevos,2,True,False,False,False,True
CAT-6813,Croquetas De Queso Azul Y Nueces Para Freidora De Aire Y Horno La Cocina De Senen Sin Gluten 250 G,Lácteos y Huevos,2,True,False,False,True,False
CAT-0826,Natillas sabor vainilla +Proteínas 12 g proteínas,Lácteos y Huevos,2,True,True,False,False,False
CAT-0656,Filetes de anchoa en aceite de oliva,Pescadería,2,True,False,False,True,False
CAT-0892,Tomates cherry pera kumato,Frutas y Verduras,2,True,True,False,False,False
CAT-1032,Bebida energética Energy Monster,Bebidas,2,True,False,False,False,True
CAT-4264,Nectar De Pera Granini Seleccion Botella 1 L,Bebidas,2,True,False,False,True,False
CAT-4267,Zumo De Tomate 100 Premium Granini Botella 1 L,Bebidas,2,True,False,False,True,False
CAT-4700,Tarrito De Cazuela De Merluza A La Marinera Desde 8 Meses Hero Baby Sin Gluten Pack De 2 Unidades De 190 G,Pescadería,2,True,False,False,True,False
CAT-5291,Detergente Liquido Limpieza Profunda Higiene  Antiolores Wipp Express 43 Lavados,Hogar,2,True,False,False,True,False
CAT-6321,Cerveza Estrella Galicia Especial Pack 24 Latas 33 Cl,Bebidas,2,True,False,False,True,False
CAT-6322,Cerveza Estrella Galicia Especial Pack 24 Botellas 25 Cl,Bebidas,2,True,False,False,True,False
CAT-6362,Lavavajillas A Maquina Platinum Plus Pastillas Todo En Uno Fairy 30 Ud,Hogar,2,True,False,False,True,False
CAT-6395,Pienso Esterilizado Bolas De Pelo De Pavo Para Gato Ultima 15 Kg,Carnicería y Charcutería,2,True,False,False,True,False
CAT-6396,Pienso Esterilizado De Salmon Para Gato Adulto Ultima 15 Kg,Pescadería,2,True,False,False,True,False
CAT-6841,Fanta De Naranja Mini Pack 6 Latas 20 Cl,Bebidas,2,True,False,False,True,False
CAT-7005,Red Bull Bebida Energetica Pack 4 Latas 25 Cl,Bebidas,2,True,False,False,True,False
CAT-7019,Galletas Chip Choco Zero Gullon Sin Azucar 125 G,Despensa,2,True,False,False,True,False
CAT-7633,Limpiador De Bano Don Limpio 800 Ml,Hogar,2,True,False,False,True,False
CAT-7990,Parches Termicos Terapeuticos Thermacare 2 Ud,Pescadería,2,True,False,False,True,False
CAT-8061,Pomada Protectora Bepanthol Bayer 100 G,Sin categoría,2,True,False,False,True,False
CAT-8369,Enjuage Bucal Caries Elmex 400 Ml,Sin categoría,2,True,False,False,True,False
CAT-8444,Tetina Fisiologicas Sx Pro De Silicona De Flujo Medio 3M Suavinex 2 Ud,Sin categoría,2,True,False,False,True,False
CAT-8654,Agua De Mar Hipertonica En Spray Fuerza 1 Suave Rhinomer Plus 125 Ml,Bebidas,2,True,False,False,True,False
CAT-8768,Parche Para Espinillas Ultra Garnier Pure Active 22 Ud,Sin categoría,2,True,False,False,True,False
CAT-4411,Gafa Presbicia Cuadrada Circular 350 Colores Varios 1 Ud,Sin categoría,2,True,False,False,True,False
CAT-4815,Meritene Fuerza Y Vitalidad Fresa Sin Gluten Pack De 15 Unidades De 30 G,Sin categoría,2,True,False,False,True,False
CAT-5787,Repelente Anti Mosquitos Zz 100 Ml,Cuidado personal e Higiene,2,True,False,False,True,False
CAT-5970,Crema Anti Estrias Trofolastin 400 Ml,Sin categoría,2,True,False,False,True,False
CAT-6596,Locion Visiblemente Reafirmante Para Todo Tipo De Pieles Neutrogena 2 Unidades De 750 Ml,Cuidado personal e Higiene,2,True,False,False,True,False
CAT-6806,Pechuga De Pavo En Lonchas Elpozo 1954 Sin Gluten Y Sin Lactosa 130 G,Carnicería y Charcutería,2,True,False,False,True,False
CAT-6947,Classic Bebida Energetica Lata 50 Cl,Sin categoría,2,True,False,False,True,False
CAT-7245,Fuze Tea Te Sabor Limon Sin Azucar Lata 33 Cl,Bebidas,2,True,False,False,True,False
CAT-7292,Detergente Lliquido Original Ariel 80 Lavados,Hogar,2,True,False,False,True,False
CAT-7342,Snacks Dental Para Perros Pequenos Pedigree Dentastix Pack De 7 Unidades,Mascotas,2,True,False,False,True,False
CAT-7400,Spray Nasal Descongestion Nasal Natura Vicks 20 Ml,Sin categoría,2,True,False,False,True,False
CAT-7386,Coca Cola Zero Azucar Zero Cafeina Mini Pack 10 Latas 20 Cl,Bebidas,2,True,False,False,True,False
CAT-7562,Carbon Weber De Lena Vegetal  5 Kg ,Sin categoría,2,True,False,False,True,False
CAT-7592,Tinte Classic 7D Rubio Dorado Farmatint 1 Ud,Sin categoría,2,True,False,False,True,False
CAT-7598,Protector Absorbente Maxi 60X90 Cm Sabanindas Extra 20 Ud,Sin categoría,2,True,False,False,True,False
CAT-7740,Crema Anti Estrias Trofolastin 250 Ml,Sin categoría,2,True,False,False,True,False
CAT-7762,Cera Protectora Para Ortodoncia Vitis 1 Ud,Sin categoría,2,True,False,False,True,False
CAT-8826,Sopa Liquida Seleccion Carnes Para Gato Soup Time Purina Felix 6X48 G,Conservas y Enlatados,2,True,False,False,True,False
CAT-9042,Leche Infantil De Crecimiento Desde Los 12 Meses En Polvo Nestle Nan Optipro 3 1200 G,Bebes,2,True,False,False,True,False
CAT-9123,Patatas Fritas Onduladas Sabor York Queso Ruffles Sin Gluten 150 G,Lácteos y Huevos,2,True,False,False,True,False
CAT-9221,Lomo De Cerdo Adobado Al Horno El Pozo 330 G,Carnicería y Charcutería,2,True,False,False,True,False
CAT-9305,Limpiador Multisuperficies Desinfectante Sin Lejia Sanicentro 750 Ml,Hogar,2,True,False,False,True,False
CAT-9326,Apositos Grandes Maxicover Esteril 76 X 54 Mm Salvelox 5 Ud,Cuidado personal e Higiene,2,True,False,False,True,False
CAT-9515,Fuet Extra Dolot En Canitas Espuna 50 G,Carnicería y Charcutería,2,True,False,False,True,False
CAT-9608,Pomada Reparadora Nariz Y Labios Aquaphor Eucerin 7 G,Sin categoría,2,True,False,False,True,False
CAT-9633,Vino Blanco Viura 3 Reinos Doca Rioja 75 Cl,Bebidas,2,True,False,False,True,False
CAT-9799,Multivitaminico Y Multimineral En Comprimidos Select 50 Multicentrum Sin Gluten 90 Ud,Sin categoría,2,True,False,False,True,False
CAT-4278,Champu Menta Klorane 400 Ml,Cuidado personal e Higiene,2,True,False,False,True,False
CAT-4284,Champu Pulpa De Cidra Klorane 400 Ml,Cuidado personal e Higiene,2,True,False,False,True,False
CAT-6832,Champu Suave Ph5 Eucerin Pack 2 Unidades 250 Ml,Cuidado personal e Higiene,2,True,False,False,True,False
CAT-7795,Gel Y Champu Para La Higiene De La Piel Y Cabellos Delicados Pon Emo Colageno 1000 Ml,Cuidado personal e Higiene,2,True,False,False,True,False
CAT-4909,Emulsion Sin Jabon Pieles Sensibles Sebamed Pack 2 Unidades 750 Ml,Cuidado personal e Higiene,2,True,False,False,True,False
CAT-9047,Sobrasada De Mallorca El Zagal 200 G,Carnicería y Charcutería,2,True,False,False,True,False
CAT-9096,Queso De Mezcla Semicurado Gran Capitan Cuna Cortada De 230 G Aprox,Lácteos y Huevos,2,True,False,False,True,False
CAT-7020,Alitas De Pollo Estilo Americano La Cocinera 400 G,Carnicería y Charcutería,2,True,False,False,True,False
CAT-9122,Patatas Fritas Onduladas Sabor Jamon Ruffles Sin Gluten 150 G,Desayuno y Snack,2,True,False,False,True,False
CAT-8936,Helado De Nata Classic Maxibon 6 Ud,Congelados,2,True,False,False,True,False
CAT-7362,Ron Dorado Lupe 70 Cl,Bebidas,2,True,False,False,True,False
CAT-7829,Barrita De Barquillo Cubierta De Chocolate Huesitos Valor 12 Ud,"Azúcar, caramelos y chocolate",2,True,False,False,True,False
CAT-4118,Tomate Triturado Cidacos 800 G,Conservas y Enlatados,2,True,False,False,True,False
CAT-9121,Patatas Fritas Original Gourmet Lays Sin Gluten 170 G,Desayuno y Snack,2,True,False,False,True,False
CAT-9115,Cubre Escoba De Microfibra  Rozenbal    Azul,Hogar,2,True,False,False,True,False
CAT-4489,Nata Para Montar Central Lechera Asturiana 500 Ml,Lácteos y Huevos,2,False,True,False,True,False
CAT-8645,Tapones Para Los Oidos Espuma Senti2 6 Ud,Cuidado personal e Higiene,2,True,False,False,True,False
CAT-9124,Patatas Fritas Campesinas Lays Sin Gluten 150 G,Desayuno y Snack,2,True,False,False,True,False
CAT-9112,Champu Fortificante Para Pelo Fragil Vitamin Force Fructis Garnier 380 Ml,Cuidado personal e Higiene,2,True,False,False,True,False
CAT-7335,Menu Premium Para Canarios Vitakraft 1Kg,Mascotas,2,True,False,False,True,False
CAT-7494,Mini Hamburguesa De Espinaca Garden Gourmet 160 G,Carnicería y Charcutería,2,True,False,False,True,False
CAT-7602,Filete De Salmon Dimar 360 G,Pescadería,2,True,False,False,True,False
CAT-8392,Galletas Mini The Simpson Siro 275 G,Desayuno y Snack,2,True,False,False,True,False
CAT-9008,Mayonesa Heinz Envase 400 Ml,Despensa,2,True,False,False,True,False
CAT-9046,Chorizo Casero Extra Sarta Palacios 250 G,Carnicería y Charcutería,2,True,False,False,True,False
CAT-8581,Pasta Spaguetti N3 Gallo 1 Kg,Despensa,2,True,False,False,True,False
CAT-9093,Tarrito De Manzana Platano Y Zanahoria Desde 6 Meses Nutriben Potitos 235 G,Bebes,2,True,False,False,True,False
CAT-9072,Jamon Cocido Extra En Finas Lonchas Bienstar Elpozo Sin Gluten Y Sin Lactosa 65 G,Carnicería y Charcutería,2,True,False,False,True,False
CAT-9009,Gamba Cruda Pequena Pelada Pescatrade 400 G,Pescadería,2,True,False,False,True,False
CAT-4225,Preparado De Soja De Arandanos Alpro Sin Gluten Y Sin Lactosa 400 G,Frutas y Verduras,2,True,False,False,True,False
CAT-9030,Pila 8 Ud  Slimp Lr03 Nn ,Bazar y Varios,2,True,False,False,True,False
CAT-9129,Gelatina Seleccion De Carnes Para Gatos Felix Original Purina 12X85 G,Mascotas,2,True,False,False,True,False
CAT-9099,Tarrito De Cocido Desde 6 Meses Hero Solo Sin Gluten 235 G,Sin categoría,2,True,False,False,True,False
CAT-9043,Leche Infantil De Continuacion Desde 6 Meses En Polvo Nestle Nan Optipro 2 1200 G,Bebes,2,True,False,False,True,False
CAT-9067,Tinto De Verano Clasico Don Simon Botella 15 L,Sin categoría,2,True,False,False,True,False
CAT-9128,Gelatina Seleccion De Carnes Para Gatos Felix Original Purina 4X85 G,Mascotas,2,True,False,False,True,False
CAT-9066,Chorizo De Pavo El Pozo 80 G,Carnicería y Charcutería,2,True,False,False,True,False
CAT-9070,Fuet Casero Pieza Elpozo Sin Gluten 150 G,Carnicería y Charcutería,2,True,False,False,True,False
CAT-9010,Cafe Latte Proteina Sin Azucar Anadido Mr Big Kaiku Sin Gluten Sin Lactosa 370 Ml,Despensa,2,True,False,False,True,False
CAT-9033,Schweppes Limon Botella 15 L,Bebidas,2,True,False,False,True,False
CAT-9109,Mayonesa Hellmanns Sin Gluten Y Sin Lactosa Envase 430 Ml,Despensa,2,True,False,False,True,False
CAT-9038,Salteado De Ajo Tierno Esparragos Verdes Y Gamba Congelados De Navarra 1 Kg,Conservas y Enlatados,2,True,False,False,True,False
CAT-9083,Pechuga De Pavo Cocida En Lonchas 1954 Elpozo Sin Gluten Y Sin Lactosa 120 G,Carnicería y Charcutería,2,False,False,False,True,True
CAT-9098,Manzana Opal 1 Kg Aprox,Sin categoría,2,True,False,False,True,False
CAT-4549,Huevos Camperos Circulo De Calidad 12 Ud,Lácteos y Huevos,2,True,False,False,True,False
CAT-8789,Toallitas Cara Y Manos Peppa Pig 20 Ud,Sin categoría,2,True,False,False,True,False
CAT-5991,Compresas Normal Con Alas Liberty Evax 12 Ud,Cuidado personal e Higiene,2,True,False,False,True,False
CAT-9114,Mascarilla Capilar De Keratina Repara  Protege Para Cabello Danado Y Fragil Pantene Pro V 300 Ml,Cuidado personal e Higiene,2,True,False,False,True,False
CAT-9113,Mascarilla Capilar De Keratina Suave  Liso Para Cabello Apagado Y Encrespado Pantene Pro V 300 Ml,Cuidado personal e Higiene,2,True,False,False,True,False
CAT-9064,Chopped Tipo Lata En Lonchas Elpozo Sin Gluten 250 G,Sin categoría,2,True,False,False,True,False
CAT-9110,Hamburguesa De Vacuno Wagyu Santa Rosalia 2X150 G,Carnicería y Charcutería,2,True,False,False,True,False
CAT-9002,Pipeta Repelente Parasito Para Gato Dixie,Mascotas,2,True,False,False,True,False
CAT-5207,Cerveza Tostada Amstel Oro 00 Alcohol Pack 6 Botellas 25 Cl,Bebidas,2,True,False,False,True,False
CAT-9012,Mollete Mediano De Nuestra Tierra Sin Lactosa 4 Ud,Sin categoría,2,True,False,False,True,False
CAT-0263,Zanahoria en tiras,Conservas y Enlatados,2,True,True,False,False,False
CAT-9040,Leche Semidesnatada Fresca Puleva Botella 1 L,Lácteos y Huevos,2,True,False,False,True,False
CAT-9117,Cerveza Alhambra Especial Pack 12 Latas 33 Cl,Bebidas,2,True,False,False,True,False
CAT-9101,Bolsita De Manzana Y Albaricoque Goodies 100 G,Sin categoría,2,True,False,False,True,False
CAT-9148,Detergente En Capsulas Adios Al Separar Micolor 30 Ud,Hogar,2,True,False,False,True,False
CAT-9032,Panales Bebe Seco Dodot T7 15 Kg 89 Ud,Bebes,2,True,False,False,True,False
CAT-6017,Pelotazos Sabor Queso Cheetos Sin Gluten 130 G,Lácteos y Huevos,2,True,False,False,True,False
CAT-9006,Mortadela Iberica Legado El Pozo 180 G Aprox,Carnicería y Charcutería,2,True,False,False,True,False
CAT-6875,Judias Verdes Troceadas Findus 1 Kg,Sin categoría,2,True,False,False,True,False
CAT-7021,Cerveza Estrella Damm Mediterranea Pack 12 Latas 33 Cl,Bebidas,2,True,False,False,True,False
CAT-8939,Cono Helado Peanut Caramel Extreme 6 Ud,Congelados,2,True,False,False,True,False
CAT-9021,Cerveza Koenigsbier Fuerte Lata 50 Cl,Bebidas,2,True,False,False,True,False
CAT-8833,Helado Bombon Rafaello 3 Ud,Congelados,2,True,False,False,True,False
CAT-8885,Papilla Infantil Desde 6 Meses Galleta Maria Liquida Nestle Pack De 2 Unidades De 250 Ml,Desayuno y Snack,2,True,False,False,True,False
CAT-8884,Mochi Helado Sabor Coco Little Moons Sin Gluten 6 Ud,Congelados,2,True,False,False,True,False
CAT-8919,Helado De Limon Cornetto 4 Ud,Congelados,2,True,False,False,True,False
CAT-8952,Comida Humeda Mousse Pescado Para Gato Adulto Purina Gourmet Gold 8X85 G,Lácteos y Huevos,2,True,False,False,True,False
CAT-9041,Fuetis Snacks Original Casademont Sin Gluten 50 G,Carnicería y Charcutería,2,True,False,False,True,False
CAT-3494,Endibias,Frutas y Verduras,2,True,True,False,False,False
CAT-2455,Pan de leche,Panadería y Pastelería,2,True,False,False,True,False
CAT-9031,Champu Anticaida Triple Protec Pilexil 900 Ml,Cuidado personal e Higiene,2,True,False,False,True,False
CAT-4224,Preparado De Soja Con Vainilla Alpro Sin Gluten Y Sin Lactosa 400 G,Sin categoría,2,True,False,False,True,False
CAT-0576,Judías verdes redondas,Conservas y Enlatados,2,True,True,False,False,False
CAT-2907,Fideuá,Despensa,2,True,False,False,True,False
CAT-0014,Batido de chocolate 90% leche Puleva,Lácteos y Huevos,2,True,True,False,False,False
CAT-1010,Torrezno precocinado,Carnicería y Charcutería,2,True,False,True,False,False
CAT-1701,Cerveza de trigo Paulaner,Bebidas,2,True,True,False,False,False
CAT-3186,Macedonia de verduras,Conservas y Enlatados,2,True,True,False,False,False
CAT-3534,Puerros,Frutas y Verduras,2,True,True,False,False,False
CAT-3480,Pomelo,Frutas y Verduras,2,True,True,False,False,False
CAT-4208,Queso Fundido En Porciones Light La Vaca Que Rie Sin Gluten 375 G,Lácteos y Huevos,2,True,False,False,True,False
CAT-4562,Margarina Original Tulipan Sin Gluten Y Sin Lactosa 400 G,Lácteos y Huevos,2,True,False,False,True,False
CAT-4567,Bacaladilla 600 G Aprox,Pescadería,2,True,False,False,True,False
CAT-4920,Empanada Hojaldre De Atun El Mercado 300 G,Sin categoría,2,True,False,False,True,False
CAT-5019,Naranja Selecta Bandeja 1 Kg,Sin categoría,2,True,False,False,True,False
CAT-5367,Paleta De Cebo Iberica 50  Raza Iberica En Lonchas Sanchez Alcaraz Sin Gluten Y Sin Lactosa 200 G,Sin categoría,2,True,False,False,True,False
CAT-5909,Pizza De Jamon Y Bacon Con Salsa De Cebolla Caramelizada Pizza  Salsa Campofrio 360 G,Despensa,2,True,False,False,True,False
CAT-5971,Higado De Ternera Fileteado Carnicas Meca 550 G,Carnicería y Charcutería,2,True,False,False,True,False
CAT-6152,Jamon Cocido Extra En Lonchas Ferrarini Sin Gluten Y Sin Lactosa 100 G,Carnicería y Charcutería,2,True,False,False,True,False
CAT-6336,Trucha Asalmonada Circulo De Calidad 600 G Aprox,Pescadería,2,True,False,False,True,False
CAT-6399,Queso Lonchas Garcia Baquero Sin Lactosa 150 G,Lácteos y Huevos,2,True,False,False,True,False
CAT-6514,Mejillones De Chile En Escabeche Picante 1520 Dani 69 G,Sin categoría,2,True,False,False,True,False
CAT-6579,Filetes De Lomo Bajo De Anojo Circulo De Calidad 500 G Aprox,Frutas y Verduras,2,True,False,False,True,False
CAT-6746,Fideu De Marisco 350 G,Pescadería,2,True,False,False,True,False
CAT-6800,Barra Rustica 1 Ud,Sin categoría,2,True,False,False,True,False
CAT-6768,Kefir Liquido Natural Nestle Sin Gluten Pack De 6 Unidades De 100 G,Lácteos y Huevos,2,True,False,False,True,False
CAT-8782,Arroz A Banda Socarraet 280 G,Despensa,2,True,False,False,True,False
CAT-7334,Torrezno De Soria De Nuestra Tierra 230 G,Sin categoría,2,True,False,False,True,False
CAT-7453,Barra De Espiga Candela Especial 1 Ud,Sin categoría,2,True,False,False,True,False
CAT-7629,Queso Mozzarella En Lonchas Galbani 100 G,Lácteos y Huevos,2,True,False,False,True,False
CAT-8205,Pan Con Pasas Y Nueces 1 Ud,Desayuno y Snack,2,True,False,False,True,False
CAT-8335,Galleta Chocowafer Milka 150 G,Desayuno y Snack,2,True,False,False,True,False
CAT-8400,Jamon Serrano Gran Reserva Ibersierra Sin Gluten Y Sin Lactosa 120 G,Carnicería y Charcutería,2,True,False,False,True,False
CAT-9252,Natillas De Chocolate Danone Danet Sin Gluten Pack De 4 Unidades De 120 G,Lácteos y Huevos,2,True,False,False,True,False
CAT-9130,Gelatina Seleccion De Carnes Para Gatos Felix Sensations Purina 4 Sobres,Mascotas,2,True,False,False,True,False
CAT-8397,Croissant Relleno Con Chocolate Milka 50 G,Panadería y Pastelería,2,True,False,False,True,False
CAT-9269,Sidra Ecologica Maeloc Achampanada Dulce Sin Gluten Botella 75 Cl,Sin categoría,2,True,False,False,True,False
CAT-8678,Hinojo Circulo De Calidad 500 G Aprox,Sin categoría,2,True,False,False,True,False
CAT-8862,Mini Brioche 6 Ud,Panadería y Pastelería,2,True,False,False,True,False
CAT-9257,Gusanitos Con Fresa Y Platano Ecologicos Smileat Sin Gluten 25 G,Desayuno y Snack,2,True,False,False,True,False
CAT-8895,Mini Fuet Al Brie Snackin Campofrio 50 G,Lácteos y Huevos,2,True,False,False,True,False
CAT-8896,Pechuga De Pavo Braseada En Lonchas Campofrio Finissimas Sin Gluten Y Sin Lactosa 110 G,Carnicería y Charcutería,2,True,False,False,True,False
CAT-9318,Bombon Helado De Vainilla Con Almendras Magnum Sin Gluten 6 Ud,Congelados,2,True,False,False,True,False
CAT-9180,Helado De Cookie Vermont Ster Sundae Ben  Jerrys 427 Ml,Desayuno y Snack,2,True,False,False,True,False
CAT-9003,Crema Solar Ultra Serum Spf50 Avene 30 Ml,Cuidado personal e Higiene,2,True,False,False,True,False
CAT-9004,Crema Solar Ultra Serum Rellenador Spf50 Avene 30 Ml,Cuidado personal e Higiene,2,True,False,False,True,False
CAT-9078,Chopped En Lonchas El Mercado Sin Gluten 250 G,Sin categoría,2,True,False,False,True,False
CAT-9065,Salchichon De Pavo En Lonchas Elpozo Sin Gluten 65 G,Carnicería y Charcutería,2,True,False,False,True,False
CAT-9107,Palomitas Sabor Ketchup Y Mostaza Risi Sin Gluten 90 G,Despensa,2,True,False,False,True,False
CAT-9175,Pants Huggies T6 15 25 Kg 27 Ud,Sin categoría,2,True,False,False,True,False
CAT-9161,Cerveza Paulaner Weissbier Lata 50 Cl,Bebidas,2,True,False,False,True,False
CAT-9149,Bebida De Zumo De Frutas Y Avena Via Nature Botella 75 Cl,Bebidas,2,True,False,False,True,False
CAT-9165,Limonnada Sin Gas Minute Maid Botella 1 L,Bebidas,2,True,False,False,True,False
CAT-9163,Helado Sandwich Maxibon Jungly Nestle 4 Uds,Congelados,2,True,False,False,True,False
CAT-9166,Pienso De Conejo Pollo Y Verduras Para Gato Adulto Purina Friskies 4 Kg,Carnicería y Charcutería,2,True,False,False,True,False
CAT-9172,Panales Huggies Ultra Comfort T5 11 25 Kg 42 Ud,Bebes,2,True,False,False,True,False
CAT-9154,Leche Corporal Hidratante Con Aguacate Hydra Bebe Mustela 500 Ml,Frutas y Verduras,2,True,False,False,True,False
CAT-9194,Bebida De Avena Sin Azucar Anadido Alpro Sin Lactosa Brik 1 L,Despensa,2,True,False,False,True,False
CAT-9253,Bifidus Desnatado Con Trozos De Melocoton Danone Activia Sin Azucar Anadido Pack De 4 Unidades De 120 G,Despensa,2,True,False,False,True,False
CAT-9287,Refresco De Manzana Trina Sin Gas Lata 33 Cl,Bebidas,2,True,False,False,True,False
CAT-9316,Natillas De Vainilla Nestle La Lechera Pack De 4 Unidades De 115 G,Lácteos y Huevos,2,True,False,False,True,False
CAT-9332,Sidra Kopparberg Sabor Fresa Y Lima Lata 50 Cl,Frutas y Verduras,2,True,False,False,True,False
CAT-9642,Mortadela Di Bologna Igp Ferrarini Espana 100 G,Carnicería y Charcutería,2,True,False,False,True,False
CAT-9658,Orujo Blanco Puntemino 70 Cl,Bebidas,2,True,False,False,True,False
CAT-9159,Gel Fijador Efecto Mojado Giorgi 170 Ml,Cuidado personal e Higiene,2,True,False,False,True,False
CAT-9299,Enjuague Bucal Combate Las Bacterias Aliento Fresco Triple Action Colgate 500 Ml,Cuidado personal e Higiene,2,True,False,False,True,False
CAT-9660,Kefir Liquido Natural Nestle 500 G,Lácteos y Huevos,2,True,False,False,True,False
CAT-9251,Langostino Extra Crudo Pescanova 800 G,Pescadería,2,True,False,False,True,False
CAT-9760,Mini Palmerita De Mantequilla 175 G,Lácteos y Huevos,2,True,False,False,True,False
CAT-4173,Chorizo Iberico En Lonchas Nico Sin Gluten 90 G,Carnicería y Charcutería,2,True,False,False,True,False
CAT-9227,Lejia Neutrex Futura 19 L,Hogar,2,True,False,False,True,False
CAT-9228,Lejia Frescor Verde Neutrex 19 L,Hogar,2,True,False,False,True,False
CAT-9207,Blanqueador Liquido Azulete Calimp 250 Ml,Sin categoría,2,True,False,False,True,False
CAT-9198,Quitagrasas Citrico Kh 7 780 Ml  Crema Limpiadora De Superficies Cif 250 Ml,Hogar,2,True,False,False,True,False
CAT-9201,Gamba Cocida Gambafresh 750 G,Pescadería,2,True,False,False,True,False
CAT-9206,Langostino Vannamei Congelado Pescanova 180 G,Pescadería,2,True,False,False,True,False
CAT-9200,Leche Infantil De Continuacion Desde 6 Meses Liquida Nestle Nativa 2 Brik 1 L,Bebes,2,True,False,False,True,False
CAT-9215,Filete De Pescado Crujiente Clasicos Congelado Findus Sin Gluten 250 G,Pescadería,2,True,False,False,True,False
CAT-9217,Cepillo Interdental Super Micro Interprox 6 Ud,Cuidado personal e Higiene,2,True,False,False,True,False
CAT-9259,Pelador Transversal Tescoma Expert   Verde,Sin categoría,2,True,False,False,True,False
CAT-9261,Bolsita De Fruta Tropical Hero Mi Fruta Sin Gluten 100 G,Sin categoría,2,True,False,False,True,False
CAT-9262,Bolsita Con Yogur Platano Y Fresa Hero Solo Sin Gluten Y Sin Azucar Anadido 100 G,Despensa,2,True,False,False,True,False
CAT-9263,Bolsita De Yogur Manzana Y Fresa Desde 6 Meses Hero Solo Sin Gluten Y Sin Azucar Anadido 100 G,Despensa,2,True,False,False,True,False
CAT-9255,Lejia Hogar Con Detergente Frescor Limon Estrella 287 L ,Hogar,2,True,False,False,True,False
CAT-9248,Taco De Bacalao Extra Al Punto De Sal Congelado 400 G,Pescadería,2,True,False,False,True,False
CAT-9250,Langostino Cocido Extra Pescanova 800 G,Pescadería,2,True,False,False,True,False
CAT-9507,Pizza Speciale Tradizionale Dr Oetker 400 G,Congelados,2,True,False,False,True,False
CAT-9239,Pan Mollete Panceliac Sin Gluten Y Sin Lactosa 80 G,Panadería y Pastelería,2,True,False,False,True,False
CAT-9587,Ensaladilla Rusa El Mercado 250 G,Sin categoría,2,True,False,False,True,False
CAT-9632,Vino Rosado Joven Tres Reinos Doca Rioja 75 Cl,Bebidas,2,True,False,False,True,False
CAT-9240,Pan Pepito Panceliac Sin Gluten Y Sin Lactosa 50 G,Panadería y Pastelería,2,True,False,False,True,False
CAT-9247,Pack De 2 Pilas Especiales 2032 De Litio,Bazar y Varios,2,True,False,False,True,False
CAT-9274,Discos De Lactancia Suavinex 60 Ud,Sin categoría,2,True,False,False,True,False
CAT-9663,Champu Reconstructor Para Pelo Largo Y Danado Dream Long Elvive Loreal 400 Ml,Cuidado personal e Higiene,2,True,False,False,True,False
CAT-9505,Varitas Popcorn De Merluza Pescanova Sin Gluten 300 G,Pescadería,2,True,False,False,True,False
CAT-9746,Salchichas Big Classic El Pozo Sin Gluten Pack De 3 Unidades De 200 G,Carnicería y Charcutería,2,True,False,False,True,False
CAT-9278,Higiene Intima Calmante Eucerin Pack De 2 Unidades De 250 Ml,Sin categoría,2,True,False,False,True,False
CAT-9295,Esparrago Verde Barbacoa Selecta Manojo De  500 G,Conservas y Enlatados,2,True,False,False,True,False
CAT-9296,Preparado Lacteo Infantil De Crecimiento Desde 12 Meses Sabor Galleta Maria Nestle Nativa 3 Brik 1 L,Desayuno y Snack,2,True,False,False,True,False
CAT-9297,Detergente Liquido Frescor Alpino Ariel 40  Lavados,Hogar,2,True,False,False,True,False
CAT-9590,Set 100 Tealights Roura   Blanco,Sin categoría,2,True,False,False,True,False
CAT-9304,Detergente En Polvo Original Ariel 80 Lavados,Hogar,2,True,False,False,True,False
CAT-9620,Limpiador Facial 2 Acido Salicilico Neutrogena 200 Ml,Hogar,2,True,False,False,True,False
CAT-9275,Papilla Infantil Desde Los 5 Meses  8 Cereales Damira Sin Lactosa 600 G,Bebes,2,True,False,False,True,False
CAT-9630,Cider Ladron De Manzanas Botella 25 Cl,Bebidas,2,True,False,False,True,False
CAT-9276,Papilla Infantil Desde Los 5 6 Meses Multicereales Fos Damira Sin Lactosa 600 G,Bebes,2,True,False,False,True,False
CAT-9600,Croqueta De Jamon Y Pan Crujiente La Cocina De Senen Sin Gluten 200 G,Congelados,2,True,False,False,True,False
CAT-9673,Monster Energy Ultra Bebida Energetica Sin Azucar Pack 4 Latas 500 Ml,Bebidas,2,True,False,False,True,False
CAT-9629,Crema Balsamo Panal Bebe Instituto Espanol Sin Gluten Y Sin Lactosa 150 Ml,Bebes,2,True,False,False,True,False
CAT-9513,Leche Entera Ecologica Puleva Brik 1 L,Lácteos y Huevos,2,True,False,False,True,False
CAT-9293,Snacks Dental Para Perros Medianos Pedigree Dentastix Fresh Pack De 28 Unidades,Mascotas,2,True,False,False,True,False
CAT-9686,Comida Humeda En Salsa Salmon Y Atun Para Gato Adulto Purina Gourmet Perle 4X85 G,Despensa,2,True,False,False,True,False
CAT-9593,Biberon De Cristal Anticolicos 0 Meses Tetina Inclinada De Silicona Naturalfeeling Chicco 250 Ml,Bebidas,2,True,False,False,True,False
CAT-9303,Agua Micelar Clasica Para Pieles Normales Todo En Uno Garnier Skin Active 400 Ml,Cuidado personal e Higiene,2,False,True,False,True,False
CAT-9582,Colutorio De Uso Diario Sin Alcohol Previene Caries Dental Lacer 1000 Ml,Cuidado personal e Higiene,2,True,False,False,True,False
CAT-9628,Gel Suave Sin Jabon Bebe Instituto Espanol 500 Ml,Cuidado personal e Higiene,2,True,False,False,True,False
CAT-9265,Dentifrico Blancura Revitalizante 3D White Oral B 75 Ml,Cuidado personal e Higiene,2,True,False,False,True,False
CAT-9264,Dentifrico Blancura Artica 3D White Oral B 75 Ml,Cuidado personal e Higiene,2,True,False,False,True,False
CAT-9271,Colutorio Orthodontic Sin Alcohol Sabor Manzana Menta Vitis 500 Ml,Cuidado personal e Higiene,2,True,False,False,True,False
CAT-9365,Dentifrico Para Dientes Sensibles Blanqueante Sensodyne Pack De 2 Unidades De 75 Ml,Cuidado personal e Higiene,2,True,False,False,True,False
CAT-9664,Mascarilla Reconstructora Para Pelo Largo Y Danado Dream Long Loreal Elvive 310 Ml,Cuidado personal e Higiene,2,True,False,False,True,False
CAT-9665,Mascarilla Capilar 3 En 1 Hair Food Banana Ultra Nutritiva Para Cabello Seco Garnier Fructis 390 Ml,Cuidado personal e Higiene,2,True,False,False,True,False
CAT-9325,Polvos Para Los Pies Funsol 60 G,Sin categoría,2,True,False,False,True,False
CAT-9331,Crema Anticelulitica Con Activos Reductores Thiomucase 1 Ud,Sin categoría,2,True,False,False,True,False
CAT-9338,Pienso De Salmon Y Arroz Digestion Delicada Para Perro Mini Purina One Mini Sensitive 15 Kg,Despensa,2,True,False,False,True,False
CAT-9421,Crema Fijadora Para Protesis Dentales Sin Sabor Corega 70 G,Sin categoría,2,True,False,False,True,False
CAT-9340,Pienso De Pavo Y Arroz Para Perro Mini Purina One Weigth 15 Kg,Despensa,2,True,False,False,True,False
CAT-9330,Pienso De Pollo Y Verduras Para Perro Adulto Purina Friskies Vitafit Complete 15 Kg,Carnicería y Charcutería,2,True,False,False,True,False
CAT-9657,Licor De Hierbas Puntemino 70 Cl,Bebidas,2,True,False,False,True,False
CAT-9596,Cepillo Interproximinal Nano Interprox 6 Ud,Sin categoría,2,True,False,False,True,False
CAT-9334,Comida Humeda De Pollo Y Verduras Para Perro Cesar Recetas De La Huerta 150 G,Carnicería y Charcutería,2,True,False,False,True,False
CAT-9335,Comida Humeda Seleccion Recetas De La Huerta Para Perro Cesar Pack De 4 Unidades De 150 G,Mascotas,2,True,False,False,True,False
CAT-9343,Snacks Dental Para Perros Pequenos Pedigree Dentastix Pack De 56 Unidades,Mascotas,2,True,False,False,True,False
CAT-9342,Snacks De Buey Para Gatos Catisfactions 60 G,Mascotas,2,True,False,False,True,False
CAT-9405,Pizza Quattro Formaggi Casa Di Mama Dr Oetker 410 G,Congelados,2,True,False,False,True,False
CAT-9344,Papel De Cocina Para Todo Colhogar 1 Rollo,Bazar y Varios,2,True,False,False,True,False
CAT-9677,Toallitas Captura Colores Protect Iberia 15 Ud,Sin categoría,2,True,False,False,True,False
CAT-9399,Detergente Liquido Extra Cuidado Del Color Ariel 40 Lavados,Hogar,2,True,False,False,True,False
CAT-9510,Pomada Reparadora Aquaphor Eucerin 40 G,Sin categoría,2,True,False,False,True,False
CAT-9522,Cerveza Franziskaner Weissbier Sin Alcohol Botella 50 Cl,Bebidas,2,True,False,False,True,False
CAT-9524,2 Bolas De Plastico Y 2 Bolas De Goma Para Gato Vitalkraft,Mascotas,2,True,False,False,True,False
CAT-9501,Baguettina Congelada Sin Gluten 1 Ud,Panadería y Pastelería,2,True,False,False,True,False
CAT-9597,Cepillo Interproximal Conico Interprox 6 Ud,Sin categoría,2,True,False,False,True,False
CAT-9598,Vino Dulce Joven Porto Cruz Do Oporto 75 Cl,Bebidas,2,True,False,False,True,False
CAT-9655,Crema De Orujo Puntemino 70 Cl,Bebidas,2,True,False,False,True,False
CAT-9585,Pienso De Pollo Para Gato Esterilizado Brekkies Excel 15 Kg,Carnicería y Charcutería,2,True,False,False,True,False
CAT-9671,Gel Limpiador Facial Dermopure Eucerin 400 Ml,Hogar,2,True,False,False,True,False
CAT-9687,Comida Humeda De Pollobuey Atun Y Salmon Para Gato Adulto Purina Gourmet Gold Fondant 12X85 G,Carnicería y Charcutería,2,True,False,False,True,False
CAT-9614,Papayon A Granel 12 Kg Aprox,Sin categoría,2,True,False,False,True,False
CAT-9627,Bolsita De Pera Platano Y Kiwi Desde 6 Meses Ecologica Hipp Sin Gluten 100 G,Frutas y Verduras,2,True,False,False,True,False
CAT-9667,Carbon Vegetal Carcoa 5 Kg,Sin categoría,2,True,False,False,True,False
CAT-9680,Mini Huevos De Chocolate Rellenos De Leche Y Avellanas Kinder Schokobons 200 G,Lácteos y Huevos,2,True,False,False,True,False
CAT-9688,Helado Sabor A Vainilla Con Relleno Al Cacao Pirulo Mikolapiz Sin Gluten 5 Ud,Desayuno y Snack,2,True,False,False,True,False
CAT-9675,Mini Bombon Helado De Chocolate Double Magnum 6 Ud,Congelados,2,True,False,False,True,False
CAT-9674,Preparado De Paella De Marisco Congelado 600 G,Pescadería,2,True,False,False,True,False
CAT-9308,Gel De Ducha Puro 0 Termal Hidrogenesse 800 Ml,Cuidado personal e Higiene,2,True,False,False,True,False
CAT-9138,Comida Humeda En Gelatina Festin De Sabores Para Gatos Purina Felix Duo 4X85 G,Mascotas,2,False,False,True,True,False
CAT-9840,Suavizante Concentrado Flor Azul 78 Lavados,Hogar,2,True,False,False,True,False
CAT-9787,Nata Para Cocinar Central Lechera Asturiana Sin Lactosa 200 Ml,Lácteos y Huevos,2,True,False,False,True,False
CAT-9806,Pasta Espaguetis Garofalo 500 G,Despensa,2,True,False,False,True,False
CAT-9768,Velon Ilumnacion 15X57 Cm   Blanco,Sin categoría,2,True,False,False,True,False
CAT-9656,Pacharan Andui 1 L,Bebidas,2,True,False,False,True,False
CAT-4749,Vino Tinto Reserva Vina Lobon Do La Mancha 75 Cl,Bebidas,2,True,False,False,True,False
CAT-5322,Vino Lambrusco Rosato Signoria Dei Duchi 75 Cl,Bebidas,2,True,False,False,True,False
CAT-5875,Cerveza Grimbergen Blonde Botella 33 Cl,Bebidas,2,True,False,False,True,False
CAT-6450,Vino Frizzante Blanco Verdejo Yllera 55 75 Cl,Bebidas,2,True,False,False,True,False
CAT-6842,Licor Aperitivo Aperol 70 Cl,Bebidas,2,True,False,False,True,False
CAT-7274,Vino Rosado Sabasan Donavarra 75 Cl,Bebidas,2,True,False,False,True,False
CAT-7344,Vino Fino Cortijo De Ceret Dojerez Xeres Sherry 75 Cl,Bebidas,2,True,False,False,True,False
CAT-7338,Zumo De Melocoton Manzana Y Uva Don Simon Pack De 6 Briks De 20 Cl,Bebidas,2,True,False,False,True,False
CAT-7350,Smoothie Verde Greatest Hits Botella 25 Cl,Bebidas,2,True,False,False,True,False
CAT-8495,Licor Crema Estilo Chocolate Dubai Regidor 70 Cl,Bebidas,2,True,False,False,True,False
CAT-8539,Vino Frances Rosado Joven La Cave Daugustin Florent Cotes Provence 75 Cl,Bebidas,2,True,False,False,True,False
CAT-8729,Vino Blanco Joven Verdejo Jose Pariente Do Rueda 75 Cl,Bebidas,2,True,False,False,True,False
CAT-8779,Queso Brie Snacking President 180 G,Lácteos y Huevos,2,True,False,False,True,False
CAT-9150,Zumo De Mango Maracuya Y Ginseng Via Nature Botella 75 Cl,Bebidas,2,True,False,False,True,False
CAT-9223,Espuma Rizo Marcado Giorgi 250 Ml,Sin categoría,2,True,False,False,True,False
CAT-9691,Queso Tierno Enrollado Minirolls Babybel 85 G,Lácteos y Huevos,2,True,False,False,True,False
CAT-9668,Pienso Esterilizado De Salmon Para Gato Adulto 75 Kg,Pescadería,2,True,False,False,True,False
CAT-9692,Pienso Esterilizado Digestivo De Trucha Para Gato Ultima 15 Kg,Pescadería,2,True,False,False,True,False
CAT-9708,Vitamin Well Awake Sabor Frambuesa Botella 50 Cl,Sin categoría,2,True,False,False,True,False
CAT-9818,Limpia Hogar Spray Mousse Accion Lejia Blanqueador Y Desengrasante Spray Ace 700 Ml,Lácteos y Huevos,2,True,False,False,True,False
CAT-9715,Snack Delicias De Leche Para Gato Purina Felix 60 G,Mascotas,2,True,False,False,True,False
CAT-9785,Solomillo De Pollo Marinado Al Ajillo Coren 300 G Aprox,Carnicería y Charcutería,2,True,False,False,True,False
CAT-9707,Queso En Lonchas Protein Arla 150 G,Lácteos y Huevos,2,True,False,False,True,False
CAT-9719,Comida Humeda Mousses Para Gato Adulto Purina Gourmet Gold  24X85 G,Lácteos y Huevos,2,True,False,False,True,False
CAT-9793,Traseros De Pollo Certificado 1 Kg Aprox,Carnicería y Charcutería,2,True,False,False,True,False
CAT-9788,Leche Infantil De Continuacion Desde 6 Meses Blemil Forte 2 Lata 1200 G,Bebes,2,True,False,False,True,False
CAT-9706,Pechuga De Pollo Estilo Kentucky Maheso 250 G,Carnicería y Charcutería,2,True,False,False,True,False
CAT-9722,Comida Humeda De Ternera Y Atun Para Gato Purina One Indoor 4X85 G,Carnicería y Charcutería,2,True,False,False,True,False
CAT-9716,Comida Humeda De Salmon Y Pavo Para Gatos Purina One Esterilizados 4X85 G,Carnicería y Charcutería,2,True,False,False,True,False
CAT-9837,Pannini Bacon Crispy Dr Oetker 250 G,Carnicería y Charcutería,2,True,False,False,True,False
CAT-9720,Comida Humeda De Salmon Para Gato Junior Purina One Junior 4X85 G,Pescadería,2,True,False,False,True,False
CAT-9795,Multivitaminico Y Multimineral En Comprimidos Mujer 50 Multicentrum Sin Gluten 30 Ud,Sin categoría,2,True,False,False,True,False
CAT-9712,Pan Pannier Plus Mediana 300 G,Panadería y Pastelería,2,True,False,False,True,False
CAT-9721,Comida Humeda Tartalette Surtido Para Gato Adulto Purina Gourmet Gold 12X85 G,Mascotas,2,True,False,False,True,False
CAT-9747,Vino Frizzante Amabile Rosado Bollicina 75 Cl,Bebidas,2,True,False,False,True,False
CAT-9704,Preparado De Soja Sabor Arandanos Y Frutos Rojos Alpro Sin Gluten Sin Lactosa Pack De 4 Unidades De 125 G,Frutas y Verduras,2,True,False,False,True,False
CAT-9755,Cerveza Saer Brau 00 Alcohol Lata 33 Cl,Bebidas,2,True,False,False,True,False
CAT-9756,Vino Tinto Reserva Dehesas Del Rey Do Ribera Del Duero 75 Cl,Bebidas,2,True,False,False,True,False
CAT-9815,Vino Rosado Clarete Carrizal Doca Rioja 75 Cl,Bebidas,2,True,False,False,True,False
CAT-9748,Desinfectante Para La Colada Elimina Olores Sin Lejia Sanytol 500 Ml,Hogar,2,True,False,False,True,False
CAT-9765,Snacks De Pollo Para Perro Querico 5 Unidades,Carnicería y Charcutería,2,True,False,False,True,False
CAT-9740,Careta De Cerdo Elpozo 350 G Aprox,Carnicería y Charcutería,2,True,False,False,True,False
CAT-9798,Multivitaminico Y Multimineral En Comprimidos Adultos Multicentrum Sin Gluten 90 Ud,Sin categoría,2,True,False,False,True,False
CAT-9800,Vino Blanco Dulce Barrica Sauvignon Blanc Arabe Vt Extemadura 75 Cl,Bebidas,2,True,False,False,True,False
CAT-9819,Vermut Zarro Rojo De Grifo 15 L,Bebidas,2,True,False,False,True,False
CAT-9810,Jamon Cocido Extra Campofrio Al Corte 150 G Aprox,Carnicería y Charcutería,2,True,False,False,True,False
CAT-4488,Fanta De Limon Pack 9 Latas 33 Cl,Bebidas,2,False,True,False,True,False
CAT-9807,Cigarrillos De Tolosa De Chocolate De Nuestra Tierra 200 G,"Azúcar, caramelos y chocolate",2,True,False,False,True,False
CAT-9821,Pizza Salame Mozzarella Pesto Ristorante Dr Oetker 360 G,Despensa,2,True,False,False,True,False
CAT-9842,Suavizante Concentrado Zen Sensations Asevi 60 Lavados,Hogar,2,True,False,False,True,False
CAT-9827,Ambientador De Varillas Dama De Noche Cristalinas 35 Ml,Hogar,2,True,False,False,True,False
CAT-9836,Pizza De Jamon Y Champinones Fina Y Crujiente Forno Di Pietra Buitoni 340 G,Congelados,2,True,False,False,True,False
CAT-9835,Jamon Cocido Extra Sin Fosfatos En Lonchas Circulo De Calidad 155 G,Carnicería y Charcutería,2,True,False,False,True,False
CAT-6143,Champu Para Cabello Con Raices Grasas Y Puntas Secas Hialuronico Pure Elvive Loreal Paris 400 Ml,Cuidado personal e Higiene,2,True,False,False,True,False
CAT-7371,Champu Repara Y Protege Para Pelo Seco Y Danado Pantene  Pro V 625 Ml,Cuidado personal e Higiene,2,True,False,False,True,False
CAT-8666,Champu Anticaida Triple Pilexil 450 Ml,Cuidado personal e Higiene,2,True,False,False,True,False
CAT-5440,Desodorante Roll On Antitranspirante Tropical Rexona 50 Ml,Cuidado personal e Higiene,2,True,False,False,True,False
CAT-4089,Enjuague Bucal Mentol Listerine 500 Ml,Cuidado personal e Higiene,2,True,False,False,True,False
CAT-4257,Dentifrico 2 En 1 Junior Sabor Fresa Licor Del Polo 75 Ml,Cuidado personal e Higiene,2,True,False,False,True,False
CAT-4646,Dentifrico Complete Con Enjuague Bucal  Blanqueante Oral B 75 Ml,Cuidado personal e Higiene,2,True,False,False,True,False
CAT-7871,Dentifrico Blanqueador Para Dientes Sensibles Sensitive Con Sensi Espuma Colgate 75 Ml,Cuidado personal e Higiene,2,True,False,False,True,False
CAT-9690,Dentifrico Complete Protection Extra Fresh Parodontax 75 Ml,Cuidado personal e Higiene,2,True,False,False,True,False
CAT-9770,Recambio Pro Precision Clean Oral B Pro 4 Ud ,Cuidado personal e Higiene,2,True,False,False,True,False
CAT-9789,Enjuague Bucal Diario Herbal Parodontax 500 Ml,Cuidado personal e Higiene,2,True,False,False,True,False
CAT-6314,Pepsi Pack 12 Latas 33 Cl,Bebidas,2,False,True,False,True,False
CAT-9825,Dentifrico Optic Max White Colgate 75 Ml,Cuidado personal e Higiene,2,True,False,False,True,False
CAT-4400,Gel De Ducha Sweet Melon Tulipan Negro 650 Ml,Cuidado personal e Higiene,2,True,False,False,True,False
CAT-6012,Gel Intimo Formula Fresca Chilly 250 Ml,Cuidado personal e Higiene,2,True,False,False,True,False
CAT-8740,Gel De Ducha Original Tulipan Negro 650 Ml,Cuidado personal e Higiene,2,True,False,False,True,False
CAT-9823,Espuma De Afeitar Con Sales Minerales Y Aloe De Vera Para Piel Sensible La Toja 300 Ml,Cuidado personal e Higiene,2,True,False,False,True,False
CAT-5767,Compresas Super Fina Y Segura Evax 13 Ud,Cuidado personal e Higiene,2,True,False,False,True,False
CAT-6292,Compresas Para Incontinencia De Orina Normal Discreet Ausonia 14 Ud,Cuidado personal e Higiene,2,True,False,False,True,False
CAT-9822,Compresas Con Alas Para Noche Cottonlike Evax 18 Ud,Cuidado personal e Higiene,2,True,False,False,True,False
CAT-9948,Compresas Para Incontinencia De Orina Proteccion Completa Normal Discreet Ausonia 24 Ud,Cuidado personal e Higiene,2,True,False,False,True,False
CAT-4753,Desodorante Talco Para Pies Eudermin 150 G,Cuidado personal e Higiene,2,True,False,False,True,False
CAT-4171,Pegamento Super Glue Loctite 5 Gr,Sin categoría,2,True,False,False,True,False
CAT-9935,Chocolate Con Leche Extrafino Nestle Sin Gluten Pack De 3 Tabletas De 125 G,"Azúcar, caramelos y chocolate",2,True,False,False,True,False
CAT-2802,Alas de pollo congeladas,Carnicería y Charcutería,2,True,False,False,True,False
CAT-3090,Amoníaco con detergente,Hogar,2,True,True,False,False,False
CAT-4191,Fregona Super 30 Microfibras Vileda ,Hogar,2,True,False,False,True,False
CAT-4248,Blanqueador Ropa En Sobres Blanco Nuclear Pack De 6 Unidades De 20 G,Sin categoría,2,True,False,False,True,False
CAT-4270,Tarrito De Verdura Con Merluza Desde 6 Meses Ecologico Smileat Sin Gluten 230 G,Pescadería,2,True,False,False,True,False
CAT-4385,Friegasuelos Concentrado Cian Avevi 950 Ml,Sin categoría,2,True,False,False,True,False
CAT-4458,Bastoncillos Johnsons Baby 100 Ud,Bebes,2,True,False,False,True,False
CAT-4610,Servilletas De Papel 2 Capas 39X39 Cm Renova 75 Unid   Blancas,Bazar y Varios,2,True,False,False,True,False
CAT-4651,Coloracion Permanente Sin Amoniaco Para Un Olor Agradable Tono 60 Rubio Oscuro Garnier Olia 1 Ud,Sin categoría,2,True,False,False,True,False
CAT-4669,Helado De Nueces De Macadamia Hagen Dazs Sin Gluten 460 Ml,Desayuno y Snack,2,True,False,False,True,False
CAT-4640,Toallitas De Bebe Dodot Sensitive Pack De 4 Paquetes De 54 Ud,Bebes,2,True,False,False,True,False
CAT-4761,Papel De Cocina Tornado Strong Foxy 1 Rollo,Bebidas,2,True,False,False,True,False
CAT-4790,Detergente En Polvo Limpieza Profunda Skip 75 Lavados,Hogar,2,True,False,False,True,False
CAT-4965,Suavizante Concentrado Original Flor 89 Lavados,Hogar,2,True,False,False,True,False
CAT-5255,Detergente Liquido Coladas Mixtas Limpia Y Protege Adios Al Separar Micolor 52 Lavados,Hogar,2,True,False,False,True,False
CAT-5558,Papel De Aluminio Albal 50 Metros,Sin categoría,2,True,False,False,True,False
CAT-5561,Postre Lacteo Melocoton Y Platano Desde 6 Meses Nestle Yogolino Sin Gluten Y Sin Azucar Anadido Pack De 4 Unidades De 100 G,Despensa,2,True,False,False,True,False
CAT-5835,Servilletas Color 1 Capa 30X32 Cm 70 Uds Renova,Bazar y Varios,2,True,False,False,True,False
CAT-5926,Friegasuelos Multi Superficies Frescor Intenso Higieniza Y Perfuma Aroma Lavanda Disiclin 1000 Ml,Sin categoría,2,True,False,False,True,False
CAT-5921,Fregona Secado Rapido Microfibra Kh7,Hogar,2,True,False,False,True,False
CAT-5922,Fregona Tiras Doble Cara De Microfibra Kh7 ,Hogar,2,True,False,False,True,False
CAT-6023,Set De 10 Vasos De Sidra De Plastico Reutilizable 600 Cl Smart,Sin categoría,2,True,False,False,True,False
CAT-6121,Encendedor Recargable Fuegonet,Sin categoría,2,True,False,False,True,False
CAT-5258,Champu Gotas De Brillo Para Cabellos Mas Brillantes Suaves Y Sedosos Johnsons Baby 500 Ml,Cuidado personal e Higiene,2,True,False,False,True,False
CAT-9538,Agua Mineral Ursu 9 Alcalina 50 Cl,Bebidas,2,False,True,False,True,False
CAT-8040,Champu Purificante Para Pelo Graso Arcilla Suave Y Limon Original Remedies Garnier 400 Ml,Cuidado personal e Higiene,2,True,False,False,True,False
CAT-8256,Gel De Ducha Cuidado Experto  Atopiderm Nutri Repair Sanex 600 Ml,Cuidado personal e Higiene,2,True,False,False,True,False
CAT-6252,Papel De Cocina Tornado Azul Foxy 1 Rollo,Bazar y Varios,2,True,False,False,True,False
CAT-6307,Colgador Wc Gel Brillante Todo En 1 Frescor De Primavera Bref 2 Ud,Sin categoría,2,True,False,False,True,False
CAT-6315,Canita Flexible Papel Rayado Unic Bioproducts 21 Cm  25 Ud,Sin categoría,2,True,False,False,True,False
CAT-7630,Desodorante Cherry Fizz Axe 150 Ml,Cuidado personal e Higiene,2,True,False,False,True,False
CAT-6358,Lavavajillas A Maquina Original Pastillas Aroma Limon Todo En Uno Fairy 71 Ud,Hogar,2,True,False,False,True,False
CAT-7130,Gel De Ducha Neutro Nutritivo Sanex 600 Ml,Cuidado personal e Higiene,2,True,False,False,True,False
CAT-5793,Ambientador Automatico Freshmatic Fragancia Nenuco Recambio Air Wick 1 Ud,Cuidado personal e Higiene,2,True,False,False,True,False
CAT-8886,Papilla Infantil Desde 6 Meses Con Miel Nestle Pijama Pack De 2 Unidades De 250 Ml,Desayuno y Snack,2,True,False,False,True,False
CAT-9829,Vino Tinto Habla De La Tierra Vt Extremadura 75 Cl,Bebidas,2,True,False,False,True,False
CAT-6510,Dentifrico White Anti Manchas Clinical Sensodyne 75 Ml,Cuidado personal e Higiene,2,True,False,False,True,False
CAT-6517,Gel De Ducha Hidratacion Profunda Advanced Care Dove 400 Ml,Cuidado personal e Higiene,2,True,False,False,True,False
CAT-6913,Pilas Alcalinas D Duracell Plus Paquete De 2,Bazar y Varios,2,True,False,False,True,False
CAT-6677,Set De 2 Fregonas Tiras Kerkom   Estampadas,Hogar,2,True,False,False,True,False
CAT-9678,Toallitas Captura Colores Iberia Protect 25 Ud,Sin categoría,2,True,False,False,True,False
CAT-7805,Helado Sabor Galleta Con Caramelo Magnum 4 Ud,Desayuno y Snack,2,True,False,False,True,False
CAT-6742,Desinfectate Para La Colada Elimina Olores Sanytol 12 L,Sin categoría,2,True,False,False,True,False
CAT-6998,Friegasuelos Para Madera Con Aceite De Cascara De Naranja Don Limpio 15 L,Hogar,2,True,False,False,True,False
CAT-7117,Ambientador Mango Y Lima Decosphere Air Wick 1 Ud,Hogar,2,True,False,False,True,False
CAT-7323,Panales Bebe Seco Dodot T6 13 18 Kg 66 Ud,Bebes,2,True,False,False,True,False
CAT-8970,Limpiador Antical Liquido Viakal 700 Ml,Hogar,2,False,True,False,True,False
CAT-7146,Set De 3 Bayetas Microfibra  Pequenas Rozenbal 32X32 Cm   Surtido,Hogar,2,True,False,False,True,False
CAT-7270,Perlas Perfumadas Blue Fresh Detersolin 1 Ud,Sin categoría,2,True,False,False,True,False
CAT-8433,Perfumador Para La Ropa Floral Diamond Orchid Vernel 30 Lavados,Hogar,2,True,False,False,True,False
CAT-9811,Laca Fijadora Fuerte Satin Loreal Elnett 300 Ml,Sin categoría,2,True,False,False,True,False
CAT-7464,Bolsa Basura Autocierre De Plastico Reciclado 30L 15 Ud Alfapac   Amarillo,Hogar,2,True,False,False,True,False
CAT-9256,Lejia Hogar Con Detergente Frescor Azul Estrella 287 L,Hogar,2,True,False,False,True,False
CAT-7508,Set 50 Moldes De Papel Para Freidora De Aire Cuadrado 20X20X45 Cm Masterpro Foodies,Sin categoría,2,True,False,False,True,False
CAT-8144,Preparado 7 Frutas Desde 6 Meses Nestle Sin Gluten Sin Lactosa Y Sin Azucar Anadido Pack De 4 Unidades De 100 G,Despensa,2,True,False,False,True,False
CAT-7514,Limpiador Antical Liquido Viakal Clasico 750 Ml,Hogar,2,True,False,False,True,False
CAT-7608,Lavavajillas A Mano Poder 3En1 Limon Fairy 500 Ml,Hogar,2,True,False,False,True,False
CAT-7874,Takitos Crazy Burrito Fripozo 250 G,Sin categoría,2,True,False,False,True,False
CAT-7906,Bolsita De Cacao Y Platano Nesquik 110 G,Desayuno y Snack,2,True,False,False,True,False
CAT-7957,Detergente Liquido Para Lana Y Prendas Delicadas Renueva Perlan 41 Lavados,Hogar,2,True,False,False,True,False
CAT-7978,Suavizante Aromatico Concentrado Ayurveda Tesori Doriente 42 Lavados ,Hogar,2,True,False,False,True,False
CAT-8036,Bolsas De Basura Perfumada De Bano 100 Reciclado 10L 12 Ud Handy Bag,Hogar,2,True,False,False,True,False
CAT-8200,Escobilla Wc De Polipropileno Msv   Blanca,Sin categoría,2,True,False,False,True,False
CAT-9625,Detergente Liquido Para Ropa De Bebe Sin Alergenos Norit 32 Lavados,Hogar,2,True,False,False,True,False
CAT-8231,Ropa Interior Absorbente Nino Noche Drynites 4 7 Anos 17 30 Kg 16 Ud,Sin categoría,2,True,False,False,True,False
CAT-8282,Pizza De Espinacas Ristorante Dr Oetker 390 G,Congelados,2,True,False,False,True,False
CAT-8382,Suavizante Concentrado Frescor Alpino Aire Fresco Lenor 76 Lavados,Hogar,2,True,False,False,True,False
CAT-8505,Quitamanchas Sin Manchas Sin Olores Kh 7 750 Ml,Hogar,2,True,False,False,True,False
CAT-8718,Discos Wc Hibiscus Hyperspace Recambio Pato 2 Ud,Sin categoría,2,True,False,False,True,False
CAT-8739,Minipizza Cremosa Al Jamon Buitoni 270 G ,Congelados,2,True,False,False,True,False
CAT-8803,Filete De Panga Sin Piel Exkimo 480 G,Sin categoría,2,True,False,False,True,False
CAT-8868,Crema Intensiva Anti Edad Loreal Revitalift 50 Ml,Sin categoría,2,True,False,False,True,False
CAT-9197,Quitagrasas Citrico Recambio Kh 7 780 Ml,Sin categoría,2,True,False,False,True,False
CAT-9361,Bolsas Multiusos Con Cierre Cremallera Zipper 3L Albal 8 Ud,Sin categoría,2,True,False,False,True,False
CAT-9437,Conos Con Helado Kit Kat Nestle 4 Ud,Congelados,2,True,False,False,True,False
CAT-9512,Papel Para Envolver Alimentos Fliss 30 M,Sin categoría,2,True,False,False,True,False
CAT-9826,Ambientador De Varillas Azahar Y Mandarina Cristalinas 35 Ml,Hogar,2,True,False,False,True,False
CAT-9952,Coca Cola Zero Azucar Sin Cafeina Pack 2 Botellas 2 L,Bebidas,2,False,True,False,True,False
CAT-4313,Pienso De Salmon Para Perro Mini Ultima 125 Kg,Pescadería,2,True,False,False,True,False
CAT-9866,Comida Humeda Seleccion Carnes Mixtas En Salsa Para Perro Cesar Pack De 4 Unidades De 100 G,Despensa,2,True,False,False,True,False
CAT-9874,Abrillantador Para Lavavajillas Aroma Limon Finish Powerball 500 Ml,Hogar,2,True,False,False,True,False
CAT-9912,Pizza 4 Quesos Rustica Dr Oetker 555 G,Lácteos y Huevos,2,True,False,False,True,False
CAT-2805,Molinillo pimienta negra,Despensa,2,True,True,False,False,False
CAT-4452,Chupete Fusion Con Tetina Fisiologica De Silicona  2 4 Meses Suavinex 2 Ud,Sin categoría,2,True,False,False,True,False
CAT-4535,Comida Humeda En Delicada Gelatina Para Perro Senior Cesar Pack De 4 Unidades De 150 G,Mascotas,2,True,False,False,True,False
CAT-4814,Snack Para Gato Purina Felix Party Mix Cheezy 60 G,Mascotas,2,True,False,False,True,False
CAT-5530,Empapador Para Cachorros 60X90 Cm Cocosi Pack De 10 Uds,Sin categoría,2,True,False,False,True,False
CAT-5511,Comida Humeda Seleccion Clasicos Para Perro Cesar Pack De 8 Unidades De 150 G,Mascotas,2,True,False,False,True,False
CAT-5685,Pala Para Arenero Higienica,Sin categoría,2,True,False,False,True,False
CAT-5819,Collar Con Cascabeles Decorado Para Gato Vitakraft 1 Ud,Mascotas,2,True,False,False,True,False
CAT-5882,Comida Humeda Delicias Del Oceano Para Gato Adulto Purina Gourmet Perle 4X85 G,Mascotas,2,True,False,False,True,False
CAT-6330,Leche Infantil De Continuacion Desde 6 Meses En Polvo Nestle Nidina 2 Pack De 2 Unidades De 600 G,Bebes,2,True,False,False,True,False
CAT-6375,Comida Humeda Seleccion Clasicos Para Perro Cesar Pack De 4 Unidades De 150 G,Mascotas,2,True,False,False,True,False
CAT-6536,Pienso Esterilizado De Pollo Para Gatos Adultos Ultima Pro  11 Kg,Carnicería y Charcutería,2,True,False,False,True,False
CAT-6703,Hierba Para Gato Vitakraft,Mascotas,2,True,False,False,True,False
CAT-6732,Banador Panal Agatha Ruiz De La Prada Ts 7 Kg 13 Kg 12 Ud,Bebes,2,True,False,False,True,False
CAT-6896,Barritas De Miel Para Agapornis Vitakraft ,Desayuno y Snack,2,True,False,False,True,False
CAT-7107,Snacks De Pollo Para Perros Cachorros Pedigree Tasty Minis Junior 125 G,Carnicería y Charcutería,2,True,False,False,True,False
CAT-7358,Pienso De Buey Para Perro Frolic 15 Kg,Mascotas,2,True,False,False,True,False
CAT-7488,Comida Humeda Mousse Surtido Para Gato Adulto Purina Gourmet Gold  8X85 G,Lácteos y Huevos,2,True,False,False,True,False
CAT-9905,Papilla Infantil Desde 6 Meses 8 Cereales Galletas Maria Nutriben Sin Aceite De Palma 600 G,Desayuno y Snack,2,True,False,False,True,False
CAT-7634,Toallitas Para Bebe Pure Aqua Dodot Pack 3 Paquetes 48 Ud,Bebes,2,True,False,False,True,False
CAT-9921,Pan De Molde Integral Warburtons 800 G,Panadería y Pastelería,2,True,False,False,True,False
CAT-9848,Vino Blanco Verdejo Marques De Caceres Do Rueda 75 Cl,Bebidas,2,True,False,False,True,False
CAT-9968,Perejil Liso Fresco Manojo De 20 G,Frutas y Verduras,2,True,False,False,True,False
CAT-9863,Pienso De Pollo Para Gato Junior Ultima 15 Kg,Carnicería y Charcutería,2,True,False,False,True,False
CAT-9993,Cerveza Ambar Lager Especial Sin Gluten Lata 33 Cl,Bebidas,2,True,False,False,True,False
CAT-9962,Cerveza San Miguel Especial Sin Gluten Botella 33 Cl,Bebidas,2,True,False,False,True,False
CAT-7794,Pienso De Pescado Del Oceano Y Verduras Para Gato Adulto Purina Friskies 15 Kg,Mascotas,2,True,False,False,True,False
CAT-9037,Schweppes De Limon Zero Lata 33 Cl,Bebidas,2,False,True,False,True,False
CAT-9992,Gamba Pelada Grande Pescatrade 400 G,Pescadería,2,True,False,False,True,False
CAT-9895,Coca Cola Zero Azucar Zero Cafeina Pack 12 Latas 33 Cl,Bebidas,2,False,True,False,True,False
CAT-9897,Fanta De Naranja Zero Pack 2 Botellas 2 L,Bebidas,2,False,True,False,True,False
CAT-9956,Ambientador Electrico Flores Elegantes 3Volution Recambio Ambi Pur 1 Ud,Hogar,2,True,False,False,True,False
CAT-9943,Vino Blanco Frizzante Moscato Barbadillo Vi 75 Cl,Bebidas,2,True,False,False,True,False
CAT-9896,Vino Semidulce Joven Verdejo Esencia 27 Vt Castilla Y Leon 75 Cl,Bebidas,2,True,False,False,True,False
CAT-9944,Monster Energy Bebida Energetica Absolutely Zero Azucar Lata 50 Cl,Bebidas,2,True,False,False,True,False
CAT-9947,Friegasuelos Flor Delicada Don Limpio 15 L ,Hogar,2,True,False,False,True,False
CAT-9937,Gel De Ducha Fresa Y Nata Tulipan Negro 650 Ml,Cuidado personal e Higiene,2,True,False,False,True,False
CAT-9949,Compresas Para Incontinencia De Orina Proteccion Completa Extra Discreet Ausonia 20 Ud,Cuidado personal e Higiene,2,True,False,False,True,False
CAT-9828,Panales Dodot Sensitive T0 Hasta 3 Kg 24 Ud,Bebes,2,True,False,False,True,False
CAT-9890,Cerveza Daura Marzen Lager Sin Gluten Botella 33 Cl,Bebidas,2,True,False,False,True,False
CAT-9928,Palitos Trenzpollo 8 Ud Crf P,Carnicería y Charcutería,2,True,False,False,True,False
CAT-9914,Desinfectante En Spray Hogar Y Tejidos Sanytol 300 Ml,Hogar,2,True,False,False,True,False
CAT-9892,Salchichas Big Pollo El Pozo Sin Gluten Pack De 3 Unidades De 200 G,Carnicería y Charcutería,2,True,False,False,True,False
CAT-9964,Vegetal Clean Papel Vitakraft  25 Litros,Mascotas,2,True,False,False,True,False
CAT-9865,Comida Humeda Seleccion Carnes Mixtas En Gelatina Para Perro Cesar Pack De 4 Unidades De 100 G,Mascotas,2,True,False,False,True,False
CAT-9891,Detergente Gel Activo Formula Higiene Colon 74 Lavados,Hogar,2,True,False,False,True,False
CAT-7103,Snacks De Pollo Y Bacon Para Perro Pedigree Rodeo Duos 123 G,Cuidado personal e Higiene,2,True,False,False,True,False
CAT-9909,Detergente En Polvo Activo Profesional Colon 135 Lavados,Hogar,2,True,False,False,True,False
CAT-9967,Boniato Ecologico 650 G,Frutas y Verduras,2,True,False,False,True,False
CAT-9910,Pipetas Permetrina Para Perro Grande 15 60Kg Dixie 3X2 Ml,Mascotas,2,True,False,False,True,False
CAT-8101,Comida Humeda En Salsa De Aves Para Gatos Delices Du Jour Sheba 6 Sobres De 50 G,Despensa,2,True,False,False,True,False
CAT-8309,Comida Humeda Para Gato Esterilizado Ultima  85X4 G,Mascotas,2,True,False,False,True,False
CAT-8470,Comida Humeda Sabor Pollo Para Gato Adulto Purina Gourmet 4X57 G,Carnicería y Charcutería,2,True,False,False,True,False
CAT-8151,Panales Dodot Sensitive T3 6 10 Kg 148 Ud,Bebes,2,True,False,False,True,False
CAT-8311,Pienso De Pollo Para Perro Mediano Grande Dream Excellence 3 Kg,Carnicería y Charcutería,2,True,False,False,True,False
CAT-8353,Panales Extra Care Huggies T4 8 16 Kg 60 Ud,Bebes,2,True,False,False,True,False
CAT-9923,Croissant Frankfurt Campofrio 1 Ud,Panadería y Pastelería,2,True,False,False,True,False
CAT-8887,Comida Semihumeda Para Cachorros Cocosi 1 Kg,Sin categoría,2,True,False,False,True,False
CAT-9084,Snacks Dental Para Perros Medianos Pedigree Dentastix Pack De 28 Unidades,Mascotas,2,True,False,False,True,False
CAT-9173,Pants Huggies T5 12 17 Kg 32 Ud,Sin categoría,2,True,False,False,True,False
CAT-9337,Pienso De Buey Para Perro Adulto Mini Purina Friskies Menu 3 Kg,Mascotas,2,True,False,False,True,False
CAT-5477,Comida Humeda En Gelatina Seleccion Pescados Para Gato Adulto Whiskas 4X85 G,Bebidas,2,False,True,False,True,False
CAT-9879,Spray Elimina Piojos Y Liendres Fullmarks 150 Ml,Sin categoría,2,True,False,False,True,False
CAT-9881,Cinta Dental Con Fluor Y Menta Vitis 2 Ud,Sin categoría,2,True,False,False,True,False
CAT-9867,Comida Humeda Seleccion Recetas Campesinas Para Perro Cesar Pack De 8 Unidades De 150 G,Mascotas,2,True,False,False,True,False
CAT-9887,Fosforos Medianos Tres Estrellas Pack De 3 Ud,Sin categoría,2,True,False,False,True,False
CAT-9870,Snack Crema De Leche Con Queso Para Gatos Pequenos Vitakraft 70 G,Lácteos y Huevos,2,True,False,False,True,False
CAT-9942,Vino Tinto Joven Fuentevina Tirilla Vendimia Seleccionada 75 Cl,Bebidas,2,True,False,False,True,False
CAT-9970,Supremas De Atun Congelado Findus 230 G,Sin categoría,2,True,False,False,True,False
CAT-4802,Pienso De Buey Y Arroz Para Perro Adulto Mini Purina One 15 Kg,Despensa,2,False,True,False,True,False
CAT-1683,Cerveza Corona,Bebidas,2,True,True,False,False,False
CAT-1543,Quinoa,Despensa,2,True,True,False,False,False
CAT-2667,Protegeslip maxi Suave,Cuidado personal e Higiene,2,True,False,False,True,False
CAT-0565,Tomate triturado,Conservas y Enlatados,2,True,True,False,False,False
CAT-0060,Sal gruesa,Despensa,2,True,True,False,False,False
CAT-0065,Tomate frito,Despensa,2,True,True,False,False,False
CAT-0214,Aceitunas verdes con hueso,Despensa,2,True,True,False,False,False
CAT-0725,Yogur griego natural,Lácteos y Huevos,2,True,False,False,True,False
CAT-0655,Filetes de anchoa en aceite de girasol,Pescadería,2,True,True,False,False,False
CAT-0874,Enjuague bucal cuidado total Listerine menta,Cuidado personal e Higiene,2,True,False,False,True,False
CAT-0944,Esponja de baño rizo suave,Cuidado personal e Higiene,2,True,False,False,True,False
CAT-1206,Dentífrico reparación activa de encías Parodontax menta fresca,Cuidado personal e Higiene,2,True,False,False,True,False
CAT-1311,Filetes pechuga de pollo corte fino,Carnicería y Charcutería,2,True,False,False,True,False
CAT-1177,Aceitunas negras sin hueso,Despensa,2,True,True,False,False,False
CAT-1279,Pastillas antical para lavadora,Hogar,2,True,False,False,True,False
CAT-1578,Queso rallado mozzarella pizza-Roma de vaca,Lácteos y Huevos,2,True,True,False,False,False
CAT-8804,Control De Las Grasas Pronutri Sin Gluten 30 Ud,Bebidas,2,True,False,False,True,False
CAT-1967,Pizza pollo,Congelados,2,True,False,False,True,False
CAT-6182,Roll On Arnica Para Golpes Topeto 15 Ml,Sin categoría,2,True,False,False,True,False
CAT-7390,Leche Infantil Para Lactantes En Polvo Nestle Nan Expert Pro Sin Lactosa 400 G,Bebes,2,True,False,False,True,False
CAT-8289,Papilla Infantil Desde 6 Meses Avena Integral Con Ciruela Gerber Sin Azucar Anadido 250 G ,Despensa,2,False,False,True,True,False
CAT-5378,Cepillo Dental Suave Lacer 2 Ud,Cuidado personal e Higiene,2,True,False,False,True,False
CAT-7758,Colutorio Bucal Mantenimiento Periodontal Perio Aid 500 Ml,Cuidado personal e Higiene,2,True,False,False,True,False
CAT-7916,Colorante En Gel Bigote Y Barba Castano Claro Just For Men 15 Ml,Sin categoría,2,True,False,False,True,False
CAT-9015,Limpiadora Crema Espuma Hidratante Cerave 236 Ml,Hogar,2,True,False,False,True,False
CAT-8141,Colutorio Diario Formula De Accion Blanqueadora Con Fluor Sin Alcohol Sabor Menta Lacer Blanc 500 Ml,Cuidado personal e Higiene,2,True,False,False,True,False
CAT-9873,Valeriana Forte En Comprimidos Kneipp Sin Gluten Sin Lactosa 30 Ud,Sin categoría,2,True,False,False,True,False
CAT-8836,Suero Fisiologico Pack De 2 Unidades 30 Monodosis De 5 Ml,Cuidado personal e Higiene,2,True,False,False,True,False
CAT-7889,Dentifrico Proteccion Bucodental Integral De Dientes Y Encias Triple Accion Lacer Oros Pack De 2 Unidades De 125 Ml,Cuidado personal e Higiene,2,True,False,False,True,False
CAT-5816,Almohadillas Adhesivas Para Dentadura Inferior Algasiv 30 Ud,Cuidado personal e Higiene,2,True,False,False,True,False
CAT-6280,Cepillo De Dientes Medio Phb 2 Ud,Cuidado personal e Higiene,2,True,False,False,True,False
CAT-7797,Infusion Instantanea Blevit Noches Felices 150 G,Desayuno y Snack,2,True,False,False,True,False
CAT-8805,Pelo Piel Y Unas Pronutri Sin Gluten 30 Ud,Bebidas,2,True,False,False,True,False
CAT-9764,Solucion Unica Con Antideposito De Proteinas Para Lentes De Contacto Blandas Novalens 500 Ml,Sin categoría,2,True,False,False,True,False
CAT-5073,Limpiadora Hidratante Cerave 236 Ml,Hogar,2,True,False,False,True,False
CAT-8225,Papilla Infantil Desde 6 Meses Gerber Multicereales Galleta Sin Azucar Anadido 510 G,Despensa,2,True,False,False,True,False
CAT-7900,Suero Fisiologico Senti2 Pack 30 Monodosis De 5 Ml,Cuidado personal e Higiene,2,True,False,False,True,False
CAT-8538,Fluido Facial Dermopure Eucerin 40 Ml,Sin categoría,2,True,False,False,True,False
CAT-6571,Leche Infantil De Continuacion Desde 6 Meses Nestle Nan Supreme Pro 2 Lata 800 G,Bebes,2,True,False,False,True,False
CAT-5782,Cepillo Interdental Super Micro Interprox 6 Ud,Cuidado personal e Higiene,2,True,False,False,True,False
CAT-7749,Cepillo Interdental Conico Interprox 6 Ud,Cuidado personal e Higiene,2,True,False,False,True,False
CAT-9290,Enjuague Bucal Fluor Kin Infantil 500 Ml,Cuidado personal e Higiene,2,True,False,False,True,False
CAT-9689,Cepillo De Dientes Suave Complete Protection Parodontax 1 Ud,Cuidado personal e Higiene,2,True,False,False,True,False
CAT-7760,Limpiador Lingual Halita 1 Ud,Hogar,2,True,False,False,True,False
CAT-7161,Set Higiene Bebe Chicco Natural Sensation Gel  Champu 200 Ml Crema Corporal 150 Ml Y Agua Perfumada 100 Ml,Cuidado personal e Higiene,2,True,False,False,True,False
CAT-7791,Polvos Desodorantes Para Pies Devor Olor 100 G,Cuidado personal e Higiene,2,True,False,False,True,False
CAT-6723,Dentifrico De Uso Diario Formula De Accion Blanqueadora Con Fluor Sin Alcohol Sabor Citrus Lacer Blanc 125 Ml,Cuidado personal e Higiene,2,True,False,False,True,False
CAT-8064,Te Manasul Seal 25 Ud,Sin categoría,2,True,False,False,True,False
CAT-8566,Pienso De Pollo Sin Cereales Con Frutas Y Verduras Para Perro Junior Miguau 3 Kg,Carnicería y Charcutería,2,True,False,False,True,False
CAT-5804,Recambios Blandos Para Aspirador Nasal Desechables Narhinel Confort Rhinomer Baby 10 Ud,Sin categoría,2,True,False,False,True,False
CAT-5226,Dentifrico Control Duplo Parogencyl Pack De 2 Unidades De 125 Ml,Cuidado personal e Higiene,2,True,False,False,True,False
CAT-7391,Leche Infantil Desde El Primer Dia En Polvo Nestle Nan Expert Pro Total Confort 1 Lata 800 G,Bebes,2,True,False,False,True,False
CAT-8551,Chupete De Silicona Anatomico Ultra Air Nighttime Philips Avent 2 Ud,Sin categoría,2,True,False,False,True,False
CAT-5802,Cepillo De Dientes Plus Petit Phb 1 Ud,Cuidado personal e Higiene,2,True,False,False,True,False
CAT-9282,Leche Infantil Desde 12 Meses Enfamil 3 Premium 800 Gr,Bebes,2,True,False,False,True,False
CAT-8118,Arbol De Te Tecsania 10 Ml,Desayuno y Snack,2,True,False,False,True,False
CAT-9868,Snack De Vacuno Y Queso Para Perro Pedigree Tasty Mini 140 G,Lácteos y Huevos,2,True,False,False,True,False
CAT-5353,Multivitaminico Y Multimineral Hombre Multicentrum Sin Gluten 90 Ud  ,Sin categoría,2,True,False,False,True,False
CAT-1953,Desodorante original Dove antitranspirante,Cuidado personal e Higiene,2,True,False,False,True,False
CAT-2020,Chocolate con leche almendras enteras,"Azúcar, caramelos y chocolate",2,True,True,False,False,False
CAT-2543,Compresa con alas normal Cotton,Cuidado personal e Higiene,2,True,False,False,True,False
CAT-2909,Pasta estrellas,Despensa,2,True,True,False,False,False
CAT-3258,Coloración permanente 5.0 castaño luminoso Color Sensation,Cuidado personal e Higiene,2,True,False,False,True,False
CAT-4425,Colirio Para Ojos Secos Hidrata Y Lubrica Optrex 10 Ml,Cuidado personal e Higiene,2,True,False,False,True,False
CAT-3362,Desodorante invisible men antitranspirante y antimanchas,Cuidado personal e Higiene,2,True,False,False,True,False
CAT-3621,Palo antideslizante 140 cm,Hogar,2,True,True,False,False,False
CAT-3457,Gasas esterilizadas de algodón 100% hidrófilo,Cuidado personal e Higiene,2,True,False,False,True,False
CAT-5071,Limpiador Control Imperfecciones Cerave 236 Ml,Hogar,2,True,False,False,True,False
CAT-5785,Tabletas Limpiadoras Para Protesis Dentales Menta Fresca Oxigeno Bio Activo Corega 108 Ud,Hogar,2,True,False,False,True,False
CAT-9922,Levadura Fresca Levanova Sin Gluten Pack De 2 Sobres De 25 G ,Despensa,2,True,False,False,True,False
CAT-9906,Leche Infantil De Continuacion 2 Desde 6 Meses En Polvo Nutriben Continuacion Pro A Sin Aceite De Palma Lata 800 G,Bebes,2,True,False,False,True,False
CAT-9908,Leche Infantil Para Lactantes 1 Desde El Primer Dia En Polvo Nutriben Natal Pro A Sin Aceite De Palma Lata 800 G,Bebes,2,True,False,False,True,False
CAT-9960,Cerveza Saer Brau Shandy Sabor Limon Lata 33 Cl,Bebidas,2,True,False,False,True,False
CAT-3890,Pizza carbonara,Congelados,2,True,True,False,False,False
CAT-0033,"Aceite de girasol refinado 0,2º",Despensa,2,True,True,False,False,False
CAT-9458,Barritas De Chocolate Fondant Bimanan 10 Ud,"Azúcar, caramelos y chocolate",2,True,False,False,True,False
CAT-1228,Fideos orientales sabor pollo,Platos preparados,2,True,True,False,False,False
CAT-1077,Chorizo picante extra,Carnicería y Charcutería,2,True,True,False,False,False
CAT-1159,Espuma cabello Rizos Definidos Pantene fijación 5,Cuidado personal e Higiene,2,True,True,False,False,False
CAT-1294,Palomitas de maíz con sal para microondas,Desayuno y Snack,2,True,True,False,False,False
CAT-1380,Cacahuete tostado pelado 0% sal añadida,Desayuno y Snack,2,True,True,False,False,False
CAT-1477,Patatas fritas 0% sal añadida,Desayuno y Snack,2,True,True,False,False,False
CAT-2889,Mortadela con aceitunas lonchas,Carnicería y Charcutería,2,True,False,False,False,True
CAT-3344,Jabón blando 100% natural Beltrán quitamanchas,Hogar,2,True,True,False,False,False
CAT-4560,Sardina Parrocha 1 Kg Aprox,Sin categoría,2,True,False,False,True,False
CAT-4566,Fingers Recetas Crujientes La Cocinera 320 G,Sin categoría,2,True,False,False,True,False
CAT-4578,Sidra De Nuestra Tierra Natural 75 Cl,Sin categoría,2,True,False,False,True,False
CAT-4582,Tonica Schweppes Pomelo Y Baya Del Nepal Botella 20 Cl,Bebidas,2,True,False,False,True,False
CAT-4580,Gouda Rings  Bacon Fripozo 250 G,Lácteos y Huevos,2,True,False,False,True,False
CAT-4590,Colgador Wc Poder Activo Lavanda Efecto Antical Bref 2 Ud,Hogar,2,True,False,False,True,False
CAT-4565,Croquetas De Bacalao La Cocinera 500 G,Congelados,2,True,False,False,True,False
CAT-4586,Tarrito De Hortalizas Con Ternera Desde 6 Meses Ecologico Gerber Sin Gluten 190 G,Carnicería y Charcutería,2,True,False,False,True,False
CAT-4253,Champu Tratante Alivia El Picor Elimina La Caspa Kelual Ds Ducray 100 Ml,Cuidado personal e Higiene,2,True,False,False,True,False
CAT-4583,Berlina Bombon Donuts 2 Ud,Panadería y Pastelería,2,True,False,False,True,False
CAT-4595,Agua De Mar Higiene Nasal En Spray Senti2 Pack De 2 Unidades De 100 Ml,Cuidado personal e Higiene,2,True,False,False,True,False
CAT-4639,Insecticida Hogar Lavanda Casa Jardin 600 Ml,Sin categoría,2,True,False,False,True,False
CAT-4760,Tarta Helada Laminada De Nata Comtessa Xxl Frigo 500 G,Sin categoría,2,True,False,False,True,False
CAT-7708,Infusion Control Peso Bie3 25 Ud,Desayuno y Snack,2,True,False,False,True,False
CAT-4733,Chocolate Con Leche Nestle Dolca Sin Gluten 100 G,"Azúcar, caramelos y chocolate",2,True,False,False,True,False
CAT-4781,Hamburguesa De Anojo Circulo De Calidad 300 G,Carnicería y Charcutería,2,True,False,False,True,False
CAT-4913,Limpiamaquinas Finish 250 Ml,Hogar,2,True,False,False,True,False
CAT-4648,Agua Mineral Con Gas Vichy Catalan Natural 33 Cl,Bebidas,2,True,False,False,True,False
CAT-4641,Lacon En Tapas Cortadas A Cuchillo Mrm 170 G,Sin categoría,2,True,False,False,True,False
CAT-7417,Preparado Lacteo Crecimiento Y Desarrollo Puleva Max Sin Gluten Sin Lactosa Y Sin Azucar Anadido Brik 1 L,Despensa,2,True,False,False,True,False
CAT-4775,Patatas Fritas Campesinas Horno Lays 130 G,Desayuno y Snack,2,True,False,False,True,False
CAT-4658,Leche De Cabra Semidesnatada Puleva Botella 1 L,Sin categoría,2,True,False,False,True,False
CAT-4787,Snack Chips De Fresa Hero Kids 12 G,Sin categoría,2,True,False,False,True,False
CAT-5037,Brotes De Soja Verde Fanya 200 G,Sin categoría,2,True,False,False,True,False
CAT-4716,Gaseosa La Casera Sabor Limon Zero Azucares Anadidos Pack 2 Botellas 15 L,Bebidas,2,True,False,False,True,False
CAT-5013,Paleta De Cebo Iberica 50 Raza Iberica En Lonchas Nico 90 G,Sin categoría,2,True,False,False,True,False
CAT-5004,Fiambre De Pechuga De Pavo En Lonchas Elpozo Sin Gluten Y Sin Lactosa 80 G,Carnicería y Charcutería,2,True,False,False,True,False
CAT-4758,Pizza Mozzarella Ristorante Dr Oetker Sin Gluten Y Sin Lactosa 370 G,Lácteos y Huevos,2,True,False,False,True,False
CAT-4894,Zumo Tropical Original Bifrutas Botella 1 L,Bebidas,2,True,False,False,True,False
CAT-4764,Comida Humeda De Carne Para Perro Golden Can 124 Kg,Mascotas,2,True,False,False,True,False
CAT-5031,Arroz Con Mucho Pavo Alinut 240 G,Despensa,2,True,False,False,True,False
CAT-4703,Pincho De Huevo Con Bacon Y Patata La Cocina De Senen Sin Gluten 120 G,Carnicería y Charcutería,2,True,False,False,True,False
CAT-4698,Comida Humeda De Salmon Para Gato Adulto Purina Gourmet Gold 85 G,Pescadería,2,True,False,False,True,False
CAT-4908,Tomate Frito Orlando Sin Gluten Pack De 3 Briks De 212 G,Despensa,2,True,False,False,True,False
CAT-4715,Bolsita De Aguacate Y Arandanos Desde 6 Meses Ecologico Smileat Sin Gluten 100 G,Frutas y Verduras,2,True,False,False,True,False
CAT-4731,Crema De Queso De Untar Natural Philadelphia Pack De 2 Unidades De 250 G,Lácteos y Huevos,2,True,False,False,True,False
CAT-4793,Pienso De Pollo Y Arroz Para Perro Medium Maxi Adulto  Ultima Dog 75 Kg,Despensa,2,True,False,False,True,False
CAT-4734,Detergente Gel Activo Formula Higiene Colon 100 Lavados,Hogar,2,True,False,False,True,False
CAT-7674,Gel Dentifrico Sensibilidad Dental Sensilacer 125 Ml,Cuidado personal e Higiene,2,True,False,False,True,False
CAT-4821,Dentifrico Esmalte Sano Total Colgate 75 Ml,Cuidado personal e Higiene,2,True,False,False,True,False
CAT-7685,Cepillo De Dientes Extra Suave Lacer 1 Ud,Cuidado personal e Higiene,2,True,False,False,True,False
CAT-9919,Champu Anticaida Purificante Cabellos Grasos Science Les Cosmetiques 400 Ml,Cuidado personal e Higiene,2,True,False,False,True,False
CAT-4779,Dentifrico Para Dientes Sensibles Sensibilidad  Encias Blanqueante Sensodyne 75 Ml,Cuidado personal e Higiene,2,True,False,False,True,False
CAT-4634,Colutorio De Uso Diario Que Previene El Sangrado Gingival Causado Por Encias Delicadas Y Gingivitis Gingilacer 1000 Ml,Cuidado personal e Higiene,2,True,False,False,True,False
CAT-4806,Comida Humeda De Pollo Para Gato Adulto Purina Gourmet Gold 85 G,Carnicería y Charcutería,2,True,False,False,True,False
CAT-4912,Nuggets Recetas Crujientes La Cocinera 350 G,Congelados,2,True,False,False,True,False
CAT-4735,Detergente En Polvo Colon 100 Lavados,Hogar,2,True,False,False,True,False
CAT-5330,Detergente Liquido Esencia Flota 100 Lavados,Hogar,2,True,False,False,True,False
CAT-5337,Croissant Beurre Charentes Poitou 80 G ,Panadería y Pastelería,2,True,False,False,True,False
CAT-4746,Detergente En Capsulas Limpieza Profunda Power Caps Wipp Express 33 Lavados,Hogar,2,True,False,False,True,False
CAT-4755,Leche Infantil Para Lactantes En Polvo Ecologico Bio Combiotik Hipp Sin Gluten Lata 800 G,Bebes,2,True,False,False,True,False
CAT-4722,Detergente Liquido Jabon De Marsella Omino Bianco 45 Lavados,Cuidado personal e Higiene,2,True,False,False,True,False
CAT-4822,Bloc Wc 1 Ud,Sin categoría,2,True,False,False,True,False
CAT-4886,Gel De Ducha Puro 0 Pieles Sensibles Hidrogenesse 800 Ml,Cuidado personal e Higiene,2,True,False,False,True,False
CAT-4732,Chocolate Negro Nestle Dolca Sin Gluten 100 G ,"Azúcar, caramelos y chocolate",2,True,False,False,True,False
CAT-4791,Locion Urea Repair Plus Eucerin 1L,Sin categoría,2,True,False,False,True,False
CAT-5284,Bolsita De Platano Pera Y Naranja Ecologico Hero Solo Sin Gluten 100 G,Frutas y Verduras,2,True,False,False,True,False
CAT-4772,Vino Tinto Roble Tempranillo Enrique I Do Ribera De Duero 75 Cl,Bebidas,2,True,False,False,True,False
CAT-5003,Jamon Cocido En Lonchas El Pozo Sin Gluten Y Sin Lactosa 80 G,Carnicería y Charcutería,2,True,False,False,True,False
CAT-4992,Carne De Mejillon Cocida 275 G,Sin categoría,2,True,False,False,True,False
CAT-4769,Queso Tierno Barra Larsa Al Corte 150 G Aprox,Lácteos y Huevos,2,True,False,False,True,False
CAT-5279,Papel Higienico Cuida  Protege Colhogar 12 Rollos,Bazar y Varios,2,True,False,False,True,False
CAT-4914,Patatas Original Crinkle Mccain 750 G,Sin categoría,2,True,False,False,True,False
CAT-4921,Empanada Hojaldre De Carne El Mercado 300 G,Sin categoría,2,True,False,False,True,False
CAT-4784,Servilletas De 2 Capas De Papel 23X23 Cm Renova 90 Uds   Blancas,Bazar y Varios,2,True,False,False,True,False
CAT-4808,Aceite De Semillas Rosa Mosqueta Ecologico Arganour 50 Ml,Cuidado personal e Higiene,2,True,False,False,True,False
CAT-4896,Pejerrey Crudo Congelado Delfin 500 G,Sin categoría,2,True,False,False,True,False
CAT-7724,Agua Termal Vaporizador Facial Pieles Sensibles O Irritadas Avne 150 Ml,Cuidado personal e Higiene,2,True,False,False,True,False
CAT-4725,Enjuague Bucal Triple Accion Licor Del Polo 500 Ml ,Cuidado personal e Higiene,2,True,False,False,True,False
CAT-4721,Detergente Liquido Jabon De Marsella Omino Bianco 67 Lavados,Cuidado personal e Higiene,2,True,False,False,True,False
CAT-4911,Laca Fijacion Ultrafuerte Pantene Pro V 370 Ml,Cuidado personal e Higiene,2,True,False,False,True,False
CAT-5638,Maletin De Jamon De Cebo Iberico 50 Raza Iberica En Lonchas El Pozo Sin Gluten Y Sin Lactosa 15 Sobres De 50 G,Carnicería y Charcutería,2,True,False,False,True,False
CAT-5770,Tortita De Pollo Y Quesos Fundidos Aldelis 270 G,Lácteos y Huevos,2,True,False,False,True,False
CAT-5771,Queso Havarti Light En Lonchas Arla 150 G,Lácteos y Huevos,2,True,False,False,True,False
CAT-6316,Suavizante Concentrado Pasion Y Tiare Sensations Asevi 60 Lavados,Hogar,2,True,False,False,True,False
CAT-4720,Plumero Fluffy Mcolors,Sin categoría,2,True,False,False,True,False
CAT-4825,Multivitaminico Y Multimineral En Comprimidos Hombre Multicentrum Sin Gluten 30 Ud,Sin categoría,2,True,False,False,True,False
CAT-4895,Bano Espuma Baby Sebamed 1000 Ml,Sin categoría,2,True,False,False,True,False
CAT-4903,Pienso De Salmon Y Trigo Para Gatos Esterilizados Purina One 28 G,Pescadería,2,True,False,False,True,False
CAT-4892,Comida Humeda De Buey E Higado Para Perros Pedigree 300 G,Mascotas,2,True,False,False,True,False
CAT-4906,Pienso De Buey Y Trigo Para Gatos Esterilizados Purina One 28 Kg,Mascotas,2,True,False,False,True,False
CAT-4937,Hanseaten Heno Para Roedores 1Kg,Sin categoría,2,True,False,False,True,False
CAT-4943,Pomada Para Proteger La Zona Del Panal Mitosyl 145 G,Bebes,2,True,False,False,True,False
CAT-4991,Tratamiento Colorante Moreno Negro Touch Of Grey Just For Men1 Ud,Sin categoría,2,True,False,False,True,False
CAT-4987,Serum Hyaluron Activ B3 Avne 30 Ml,Bebidas,2,True,False,False,True,False
CAT-5010,Papilla Infantil Desde 4 Meses Cereales Nutriben Innova Zero Sin Gluten 500 G,Bebes,2,True,False,False,True,False
CAT-5285,Toallitas Pure Aqua Dodot 144 Ud,Bebes,2,True,False,False,True,False
CAT-5331,Chupete De Silicona Fisiologico Sx Pro 0 6 Meses Suavinex 1 Ud,Sin categoría,2,True,False,False,True,False
CAT-5332,Chupete Con Tetina Fisiologica Sx Pro De Silicona 0 6 Meses Suavinex 2 Ud,Sin categoría,2,True,False,False,True,False
CAT-5333,Chupete De Silicona Fisiologico Sx Pro 6 18 Meses Suavinex 1 Ud,Sin categoría,2,True,False,False,True,False
CAT-5345,Serum Antiedad Reafirmante Retinol Boost Neutrogena 30 Ml,Cuidado personal e Higiene,2,True,False,False,True,False
CAT-5357,Pastillas De Encendido Ibecosol Olor Reducido 96 Uds,Sin categoría,2,True,False,False,True,False
CAT-5348,Comida Humeda Sabores Mixtos En Salsa Para Perro Pedigree Pack De 12 Unidades De 100 G,Despensa,2,True,False,False,True,False
CAT-5365,Tarta Helada Romantica Carte Dor 550 G,Congelados,2,True,False,False,True,False
CAT-5351,Empanadilla Argentina 125 G,Congelados,2,True,False,False,True,False
CAT-5368,Jamon De Cebo Iberico 50 Raza Iberica En Lonchas Sanchez Alcaraz Sin Gluten Y Sin Lactosa 200 G,Carnicería y Charcutería,2,True,False,False,True,False
CAT-5369,Mini Taquitos De Jamon Curado Sanchez Alcaraz Sin Gluten Y Sin Lactosa 2X40 G,Carnicería y Charcutería,2,True,False,False,True,False
CAT-5360,Solomillo De Pollo Marinado 450 G Aprox,Carnicería y Charcutería,2,True,False,False,True,False
CAT-5356,Eneryeti Freshyeti Sabor Platano Bebida Energetica Lata 50 Cl,Frutas y Verduras,2,True,False,False,True,False
CAT-5634,Cono White Kinder Bueno 4 D,"Azúcar, caramelos y chocolate",2,True,False,False,True,False
CAT-5651,Gintonic London Dry Tanqueray Lata 250 Ml,Sin categoría,2,True,False,False,True,False
CAT-5656,Limpieza Y Eliminacion De Proteinas Para Lentes De Contacto Blandas Solucion Unica Oune Pack De 2 Unidades 360 Ml,Sin categoría,2,True,False,False,True,False
CAT-5659,Crema Adhesiva Para Protesis Dentales Pro Plus Kukident 57 G,Sin categoría,2,True,False,False,True,False
CAT-5662,Multivitaminico Y Multimineralcon Ginseng Y Ginkgo En Comprimidos Plus Multicentrum Sin Gluten 30 Ud,Sin categoría,2,True,False,False,True,False
CAT-5672,Pescadilla Fina 800 G Aprox,Sin categoría,2,True,False,False,True,False
CAT-5720,Vodka Absolut Raspberri Lemonade Lata 25 Cl,Bebidas,2,True,False,False,True,False
CAT-5676,Pienso De Pollo Y Arroz Para Perro Medium Maxi Junior Ultima 75 Kg,Despensa,2,True,False,False,True,False
CAT-6357,Lavavajillas A Mano Aloe Vera Y Pepino Limpieza Y Cuidado Fairy 650 Ml,Hogar,2,True,False,False,True,False
CAT-6356,Maltin Polar Lata 33 Cl,Sin categoría,2,True,False,False,True,False
CAT-6309,Colgador Wc Gel Brillante Todo En 1 Oceano Artico Bref 2 Ud,Sin categoría,2,True,False,False,True,False
CAT-5786,Crema Fijadora Para Protesis Dentales Maximo Sellado Corega 70 G,Sin categoría,2,True,False,False,True,False
CAT-5668,Comedero Antiderrapante Para Perro De Polipropileno 1 L,Mascotas,2,True,False,False,True,False
CAT-5682,Eneryeti Anyel Sabor Coco Bebida Energetica Lata 50 Cl,Sin categoría,2,True,False,False,True,False
CAT-5790,Postre Lacteo De Natillas Desde 6 Meses Nestle Yogolino Pack De 4 Unidades De 100 G,Lácteos y Huevos,2,True,False,False,True,False
CAT-6295,Jamon Curado En Medias Lonchas El Pozo 1954 Sin Gluten Y Sin Lactosa 50 G,Carnicería y Charcutería,2,True,False,False,True,False
CAT-6323,Atun Claro Al Natural Calvo Pack De 6 Unidades De 56 G,Conservas y Enlatados,2,True,False,False,True,False
CAT-5678,Pienso Pollo Y Arroz Para Gato Adulto Ultima Cat 15 Kg,Despensa,2,True,False,False,True,False
CAT-5688,Lomo Gran Reserva Ya Cortado Espana E Hijos 200 G,Sin categoría,2,True,False,False,True,False
CAT-5701,Tarrito De Lentejas Con Verduras Y Jamon Desde 8 Meses Hero Solo Pack 2 Unidades 190 G,Despensa,2,True,False,False,True,False
CAT-5704,Limpia Maquinas Intensivo Duo Power Experts Somat 250 Ml,Hogar,2,True,False,False,True,False
CAT-5702,Tarrito De Cocido De Ternera Desde 8 Meses Hero Baby Sin Gluten Pack De 2 Unidades 190 G,Carnicería y Charcutería,2,True,False,False,True,False
CAT-5705,Puerro Circulo De Calidad 500 G,Frutas y Verduras,2,True,False,False,True,False
CAT-5801,Coca Cola Zero Azucar Sabor Limon Lata 33 Cl,Bebidas,2,True,False,False,True,False
CAT-5774,Preparado De Soja Sabor Mango Sin Azucar Anadido Alpro Mas Fruta Sin Gluten Y Sin Lactosa 400 G,Despensa,2,True,False,False,True,False
CAT-5772,Queso Havarti En Lonchas Arla 150 G,Lácteos y Huevos,2,True,False,False,True,False
CAT-5776,Comida Humeda Finas Laminas De Gelatina Para Gato Adulto Purina Gourmet Perle 4X85 G,Mascotas,2,True,False,False,True,False
CAT-5783,Comida Humeda De Pescado Y Carne Para Gato Adulto Gourmet 12X85 G,Mascotas,2,True,False,False,True,False
CAT-6377,Pastillas De Encender Carcoa 32 Uds,Sin categoría,2,True,False,False,True,False
CAT-6050,Parches Termicos Terapeuticos Para Dolor De Cuello Hombros Y Munecas Thermacare 6 Ud,Pescadería,2,True,False,False,True,False
CAT-6275,Galleta Cookie Chocolate Blanco Y Frambuesa 1 Ud,Desayuno y Snack,2,True,False,False,True,False
CAT-6299,Discos Wc Activos Azul Recambio Pato 2 Ud,Sin categoría,2,True,False,False,True,False
CAT-6267,Champu Anticaspa Anticaida Hs 330 Ml,Cuidado personal e Higiene,2,True,False,False,True,False
CAT-6298,Sprite De Lima Limon Bajo En Azucar Pack 2 Botellas 2 L,Bebidas,2,True,False,False,True,False
CAT-6312,Bebida De Soja Plus Ligera Sin Azucar Vivesoy 1 L,Despensa,2,True,False,False,True,False
CAT-6317,Suavizante Concentrado Dreams Sensations Asevi 60 Lavados ,Hogar,2,True,False,False,True,False
CAT-6324,Limpiador De Bano En Gel Frescor Marino Chubb 15 L,Hogar,2,True,False,False,True,False
CAT-6335,Pan Payes 5 Cereales Con Semillas De Calabaza Rebanado 490 G,Panadería y Pastelería,2,True,False,False,True,False
CAT-6364,Yogur De Fresa Con Grageas De Chocolate Nestle Smarties Pack De 2 Unidades De 128 G,Lácteos y Huevos,2,True,False,False,True,False
CAT-6297,Gel De Ducha Musgo Blanco Con Antibacteriano Malizia 1000 Ml,Cuidado personal e Higiene,2,True,False,False,True,False
CAT-4887,Cepillo De Dientes Blanqueador Lacer Blanc 1 Ud,Cuidado personal e Higiene,2,True,False,False,True,False
CAT-6270,Champu Anticaspa Apple Fresh Hs 1000 Ml,Cuidado personal e Higiene,2,True,False,False,True,False
CAT-6268,Champu Anticaspa Anticaida Con Cafeina Pro Expert 7 Hs 300 Ml ,Cuidado personal e Higiene,2,True,False,False,True,False
CAT-5689,Desodorante Roll On Te Verde Organic Byly 50 Ml,Cuidado personal e Higiene,2,True,False,False,True,False
CAT-6334,Jabon De Manos Rosa Mosqueta Babaria 500 Ml,Cuidado personal e Higiene,2,True,False,False,True,False
CAT-4935,Champu Anticaida Quinina Klorane Pack De 2 Unidades De 400 Ml,Cuidado personal e Higiene,2,True,False,False,True,False
CAT-6269,Champu Y Acondicionador Anticaspa Classic 2 En 1 Hs 1000 Ml,Cuidado personal e Higiene,2,True,False,False,True,False
CAT-6367,Compresas Extra Con Alas Para La Noche Liberty Evax 9 Ud,Cuidado personal e Higiene,2,True,False,False,True,False
CAT-6341,Compresas Ultrafina Con Alas Para Noche Extra Ausonia 18 Ud,Cuidado personal e Higiene,2,True,False,False,True,False
CAT-6146,Desodorante Roll On Extrem Byly 50 Ml,Cuidado personal e Higiene,2,True,False,False,True,False
CAT-6304,Desodorante En Spray Extra Eficaz Lactovit 200 Ml,Cuidado personal e Higiene,2,True,False,False,True,False
CAT-5766,Compresas Normal Fina Y Segura Evax 40 Ud,Cuidado personal e Higiene,2,True,False,False,True,False
CAT-5677,Coloracion Permanente Sin Amoniaco Cabellos Delicados N 50 Castano Claro Colour Clinuance Cleare Institute 1 Ud,Cuidado personal e Higiene,2,True,False,False,True,False
CAT-5679,Coloracion Permanente Sin Amoniaco Cabellos Delicados N 70 Rubio Colour Clinuance Cleare Institute 1 Ud,Cuidado personal e Higiene,2,True,False,False,True,False
CAT-5768,Champu De Romero Para Cabello Fino Ecologico Urtekram 500 Ml,Cuidado personal e Higiene,2,True,False,False,True,False
CAT-5780,Colutorio Control Diario Periodontal Y Periimplantorio Perio Aid 1000 Ml,Cuidado personal e Higiene,2,True,False,False,True,False
CAT-6530,Queso Fundido En Porciones La Vaca Que Rie Sin Gluten 375 G,Lácteos y Huevos,2,True,False,False,True,False
CAT-6502,Snacks Hierba Gatera Para Gatos Catisfactions 60 G,Mascotas,2,True,False,False,True,False
CAT-6523,Pan De Molde Familiar Sin Azucar Anadido Bimbo 640 G,Despensa,2,True,False,False,True,False
CAT-6564,Set De 4 Bayetas Multiusos Microfibra Vileda Microfibre Colors Xl,Hogar,2,True,False,False,True,False
CAT-6519,Gel De Ducha Cuidado Fresco Limpieza Delicada Para Una Piel Suave Dove 720 Ml,Cuidado personal e Higiene,2,True,False,False,True,False
CAT-0653,Queso untar light Philadelphia,Lácteos y Huevos,2,True,True,False,False,False
CAT-5474,Comida Humeda De Pescado Para Gato Whiskas 24X85 G,Bebidas,2,True,False,False,True,False
CAT-6518,Gel De Ducha Hidratante Limpieza Delicada Para Una Piel Suave Dove 720 Ml,Cuidado personal e Higiene,2,True,False,False,True,False
CAT-6521,Locion  Champu Antipiojos Zz 225 Ml,Cuidado personal e Higiene,2,True,False,False,True,False
CAT-5476,Comida Humeda De Ave Para Gato Whiskas 12X85 G,Bebidas,2,True,False,False,True,False
CAT-5743,Hamburguesas De Pollo De Corral 250 G,Carnicería y Charcutería,2,True,False,False,True,False
CAT-5744,Snacks Dental Para Perros Grandes Pedigree Dentastix Pack De 56 Unidades,Mascotas,2,True,False,False,True,False
CAT-6248,Patatas Chef Gourmet Mccain 500 G,Sin categoría,2,True,False,False,True,False
CAT-6257,Lasana De Atun La Cocinera 500 G,Sin categoría,2,True,False,False,True,False
CAT-6260,Snack Liquido Con Ternera E Inulina Para Gato Vitakraft 6X15 G,Carnicería y Charcutería,2,True,False,False,True,False
CAT-6251,Cola De Rape Chino Congelado 800 G,Pescadería,2,True,False,False,True,False
CAT-6246,Vitakraft Virutas De Roedores 60L,Mascotas,2,True,False,False,True,False
CAT-6247,Menu Premium Para Periquitos Vitakraft 1 Kg,Mascotas,2,True,False,False,True,False
CAT-6287,Maxibon Jungly Blanco Nestle 4 Ud,Sin categoría,2,True,False,False,True,False
CAT-6288,Pirulo Fruit Joy Nestle Sin Gluten 5 Ud,Sin categoría,2,True,False,False,True,False
CAT-6291,Tabletas Limpiadoras Para Protesis Dentales Ferulas Dentales Y Ortodoncia Accion Total Corega 36 Ud,Hogar,2,True,False,False,True,False
CAT-6286,Helado Cono Extreme Explosion Lemon Cheesecake Nestle 6 Ud,Congelados,2,True,False,False,True,False
CAT-6306,Discos De Lactancia Ultra Absorbentes Philips Avent 60 Ud,Sin categoría,2,True,False,False,True,False
CAT-6319,Snacks Infantil De Fresa Y Manzana Ecologico Smileat 25 G,Sin categoría,2,True,False,False,True,False
CAT-6320,Bolsita De Yogur De Frambuesa Desde 9 Meses Ecologico Smileat Sin Gluten Y Sin Azucar Anadido 100 G,Despensa,2,True,False,False,True,False
CAT-6332,Crema Pies Ultra Hidratante Para Pies Secos Y Estropeados Neutrogena Pack De 2 Unidades De 100 Ml,Cuidado personal e Higiene,2,True,False,False,True,False
CAT-6355,Pomada Protectora Con Extracto De Avena Natusan 100 Ml,Sin categoría,2,True,False,False,True,False
CAT-6370,Pienso De Ave Pollo Verduras Y Cereales Para Gato Adulto  Brekkies 900 G,Carnicería y Charcutería,2,True,False,False,True,False
CAT-6541,Snack Multicereal Con Sal Marina Sunbites 95 G,Despensa,2,True,False,False,True,False
CAT-6511,Ambientador Concentrado Wc Foresan 125 Ml,Hogar,2,True,False,False,True,False
CAT-6373,Comida Humeda De Pollo Para Perros Cesar 150 G,Carnicería y Charcutería,2,True,False,False,True,False
CAT-6378,Leche Infantil De Continuacion Desde 6 Meses En Polvo Damira Natur 2 Sin Aceite De Palma Lata 800 G,Bebes,2,True,False,False,True,False
CAT-6379,Leche Infantil Para Lactantes Desde El Primer Dia Damira Natur 1 Lata 800 G,Bebes,2,True,False,False,True,False
CAT-6390,Serum Triple Efecto Para El Acne Dermopure Oil Control Eucerin 40 Ml,Sin categoría,2,True,False,False,True,False
CAT-6404,Tinto De Verano Con Botanicos Sandevid Spritz Lata 25 Cl,Sin categoría,2,True,False,False,True,False
CAT-6634,Batido De Cacao Cacaolat Sin Gluten Pack De 6 Briks De 200 Ml,Lácteos y Huevos,2,True,False,False,True,False
CAT-8915,Frambuesas Congeladas Banadas En Chocolate Blanco Y Chocolate Negro Sin Gluten Tr Fr 6 Uds,"Azúcar, caramelos y chocolate",2,True,False,False,True,False
CAT-6714,Manzana Pink Lady A Granel 1 Kg Aprox,Frutas y Verduras,2,True,False,False,True,False
CAT-6461,Sidra El Gaitero Sin Alcohol Sin Gluten Botella 25 Cl,Sin categoría,2,True,False,False,True,False
CAT-6568,Vino Tinto Crianza Tempranillo Dehesas Del Rey Do Ribera Del Duero 75 Cl,Bebidas,2,True,False,False,True,False
CAT-6398,Pienso De Pollo Para Perro Adulto Mini Ultima 3 Kg,Carnicería y Charcutería,2,True,False,False,True,False
CAT-6657,Manzana Fuji Circulo De Calidad A Granel 1 Kg Aprox,Frutas y Verduras,2,True,False,False,True,False
CAT-6547,Leche Fermentada Desnatada Con Fresa Proteina Danone 265 Ml,Lácteos y Huevos,2,True,False,False,True,False
CAT-6456,Bacon Ahumado Natural Carrefiur 400 G Aprox,Carnicería y Charcutería,2,True,False,False,True,False
CAT-6543,Pila Lr03 Frecuente 4 Ud Energizer,Bazar y Varios,2,True,False,False,True,False
CAT-6434,Pechuga De Pollo Cryspy Chicken Americana Fripozo 230 G,Carnicería y Charcutería,2,True,False,False,True,False
CAT-6391,Entrecot De Lomo De Cerdo Iberico Marinado Legado Iberico 300 G,Carnicería y Charcutería,2,True,False,False,True,False
CAT-6444,Papilla Infantil Hero Crema De Arroz Desde 4 Meses Sin Gluten Y Sin Azucar Anadido 220 G,Despensa,2,True,False,False,True,False
CAT-6430,Tonica Nordic Mist Lata 25 Cl,Bebidas,2,False,True,False,True,False
CAT-6525,Royal Bliss Ironic Lemon Lata 25 Cl,Bebidas,2,True,False,False,True,False
CAT-6392,Pienso De Salmon Para Perro Brekkies 14 Kg,Pescadería,2,True,False,False,True,False
CAT-6452,Friegasuelos Para Madera Efecto Reparador Tenn Brillante 125 L,Sin categoría,2,True,False,False,True,False
CAT-6460,Pina Premadurada 18 Kg Aprox,Sin categoría,2,True,False,False,True,False
CAT-6501,Cepillo Neumatico Pequeno Ponette 1 Ud,Sin categoría,2,True,False,False,True,False
CAT-6534,Combinado Bacardi Breezer Ron Con Naranja 275 Cl,Bebidas,2,True,False,False,True,False
CAT-6465,Paleta Asada Al Horno En Lonchas Noel Delizias Sin Gluten Y Sin Lactosa 150 G,Sin categoría,2,True,False,False,True,False
CAT-6488,Palomitas De Colores Frit Ravich Sin Gluten 130 G,Desayuno y Snack,2,True,False,False,True,False
CAT-6548,Caballa De Andalucia En Aceite De Oliva Tejero 60 G,Despensa,2,True,False,False,True,False
CAT-6435,Thai Noodles Fripozo 320 G,Despensa,2,True,False,False,True,False
CAT-6545,Tinto De Verano Don Simon Con Limon Sin Alcohol Sin Azucar Lata 33 Cl,Bebidas,2,True,False,False,True,False
CAT-8413,Whisky Jack Daniels Tennessee Apple 70 Cl,Bebidas,2,False,True,False,True,False
CAT-6426,Barritas De Miel Para Hamster Vitakraft 2 Ud,Desayuno y Snack,2,True,False,False,True,False
CAT-7347,Champu Espuma Seca Para Gatos Sandimas 200 Ml,Cuidado personal e Higiene,2,True,False,False,True,False
CAT-6421,Protegeslip Normal Multiforma Evax 58 Ud,Cuidado personal e Higiene,2,True,False,False,True,False
CAT-6507,Churros Maheso 400 G,Sin categoría,2,True,False,False,True,False
CAT-6428,Barritas De Miel Para Conejos Enanos Vitakraft 2 Ud,Desayuno y Snack,2,True,False,False,True,False
CAT-6535,Helado De Chocolate Belga Hgens Dazs Sin Gluten Pack De 4 Unidades De 95 Ml,Congelados,2,True,False,False,True,False
CAT-6570,Leche Infantil Para Lactantes En Polvo Nestle Nan Supreme Pro 1 Lata 800 G,Bebes,2,True,False,False,True,False
CAT-6578,Corazon De Cogollos Circulo De Calidad X 6 Ud,Sin categoría,2,True,False,False,True,False
CAT-6451,Jamon Curado En Lonchas Nico 150 G,Carnicería y Charcutería,2,True,False,False,True,False
CAT-6439,Leche Infantil De Continuacion Desde 6 Meses En Polvo Enfamil Complete 2 800 G,Bebes,2,True,False,False,True,False
CAT-6526,Royal Bliss Bohemian Berry Sensation Lata 25 Cl,Sin categoría,2,True,False,False,True,False
CAT-6441,Leche Infantil Para Lactantes Desde El Primer Dia Enfamil Complete 800 G,Bebes,2,True,False,False,True,False
CAT-6427,Comida Para Conejo Enano Vitakraft 1Kg,Mascotas,2,True,False,False,True,False
CAT-6431,Balsamo Tiger Balm 19 G,Cuidado personal e Higiene,2,True,False,False,True,False
CAT-6455,Agua Natural Con Gas Pedras Salgadas 1 L,Bebidas,2,True,False,False,True,False
CAT-6506,Cerveza Tostada San Miguel 00 Alcohol Pack 12 Latas 33 Cl,Bebidas,2,True,False,False,True,False
CAT-6512,Chupete De Silicona Anatomico Luxe Physioforma Chicco 2 Ud,Sin categoría,2,True,False,False,True,False
CAT-6520,Porciones Vegetarianas A Base De Proteina De Soja Y Gluten De Trigo Garden Gourmet 180 G,Sin categoría,2,True,False,False,True,False
CAT-6538,Pienso De Pollo Para Perro Adulto Mini Ultima Pro  11 Kg,Carnicería y Charcutería,2,True,False,False,True,False
CAT-6515,Preparado De Marisco Para Paella Delfin 480 G,Pescadería,2,True,False,False,True,False
CAT-6529,Kiwi Ecologico 500 G,Frutas y Verduras,2,True,False,False,True,False
CAT-6631,Borek De Queso 100 G,Lácteos y Huevos,2,True,False,False,True,False
CAT-6546,Champu Acondicionador 2En1 Kids Suavinex 300 Ml,Cuidado personal e Higiene,2,True,False,False,True,False
CAT-7376,Acondicionador Repara Y Protege Para Pelo Seco Debil Y Danado Pantene Pro V 160 Ml,Cuidado personal e Higiene,2,True,False,False,True,False
CAT-8685,Champu Dermoprotector Para Cueros Cabelludos Sensibles Ecologico Dr Tree 400 Ml,Cuidado personal e Higiene,2,True,False,False,True,False
CAT-6264,Cepillo Dental Medio Phb 2 Ud,Cuidado personal e Higiene,2,True,False,False,True,False
CAT-6910,Queso Fundido Con Sticks De Pan La Vaca Que Rie Pack De 8 Unidades De 35 G,Lácteos y Huevos,2,True,False,False,True,False
CAT-6090,Gamba Arrocera Congelada 500 G Aprox,Pescadería,2,True,False,False,True,False
CAT-6812,Nueces Mondadas Nacionales 250 G,Desayuno y Snack,2,True,False,False,True,False
CAT-6884,Limpiador De Suciedad Y Manchas De Humedad Cillit Bang 1 L,Hogar,2,True,False,False,True,False
CAT-6990,Combinado Bacardi Breezer Ron Con Sandia 275 Cl,Bebidas,2,True,False,False,True,False
CAT-6908,Yogur Griego Azucarado Natural Danone Oikos Sin Gluten Pack De 4 Unidades De 110 G,Despensa,2,True,False,False,True,False
CAT-6860,Pan De Pueblo Sin Aditivos 1 Ud,Panadería y Pastelería,2,True,False,False,True,False
CAT-6585,Colgador Wc Blue Activ Hygiene Bref 3 Ud,Sin categoría,2,True,False,False,True,False
CAT-6648,Champu Protector Para El Pelo Tenido Color Vive Elvive Loreal Paris 690 Ml,Cuidado personal e Higiene,2,True,False,False,True,False
CAT-6698,Acondicionador Hidratante Al Higo De Barbaria Klorane 200 Ml,Cuidado personal e Higiene,2,True,False,False,True,False
CAT-9666,Mascarilla Capilar 3 En 1 Hair Food Papaya Reparadora Para Cabello Danado Garnier Fructis 390 Ml,Cuidado personal e Higiene,2,True,False,False,True,False
CAT-6695,Empanada Rectangular De Carne 700 G,Sin categoría,2,True,False,False,True,False
CAT-2946,Queso fundido con palitos La vaca que ríe,Lácteos y Huevos,2,True,True,False,False,False
CAT-9878,Gel Champu Espumoso Suavinex 750 Ml,Cuidado personal e Higiene,2,True,False,False,True,False
CAT-6582,Dentifrico Proteccion De Encias Menta Fresca Advanced Oral B 75 Ml,Cuidado personal e Higiene,2,True,False,False,True,False
CAT-6711,Dentifrico Anti Placa Expert Menta Fresca Colgate Total 75 Ml,Cuidado personal e Higiene,2,True,False,False,True,False
CAT-6577,Cerveza Koenigsbier Lata 33 Cl,Bebidas,2,True,False,False,True,False
CAT-6588,Fanta De Limon Pack 2 Botellas 2 L,Bebidas,2,True,False,False,True,False
CAT-6835,Gel De Ducha Para Piel Sensible Hipoalergenico Natura Instituto Espanol 750 Ml,Cuidado personal e Higiene,2,True,False,False,True,False
CAT-6587,Crema De Queso Brie Con Trufa President 105 G,Lácteos y Huevos,2,True,False,False,True,False
CAT-7024,Jabon En Pastillas Natural Lagarto Pack De 3 Unidades De 200 G,Cuidado personal e Higiene,2,True,False,False,True,False
CAT-6590,Barritas Fortalecedor Para Canarios Vitakraft 2 Uds,Mascotas,2,True,False,False,True,False
CAT-6576,Set De  Servilletas  1 Capa De Celulosa Renova Red Label 140Pz   Color Y Decoradas,Bazar y Varios,2,True,False,False,True,False
CAT-6592,Locion En Gel Ultraligera Para Todo Tipo De Piel Hydro Boost Neutrogena 400 Ml,Cuidado personal e Higiene,2,True,False,False,True,False
CAT-6593,Locion De Absorcion Inmediata Para Piel Seca Hidratacion Profunda Neutrogena De 2 Unidades 750 Ml,Cuidado personal e Higiene,2,True,False,False,True,False
CAT-7037,Set 2 Estropajos Fibra Con Esponja Vileda Glitzi Colors,Hogar,2,True,False,False,True,False
CAT-6815,Salchichas Big Pavo El Pozo Sin Gluten Pack De 3 Unidades De 200 G,Carnicería y Charcutería,2,True,False,False,True,False
CAT-6886,Bocados Mediterraneo De Hera Sin Gluten 160 G,Sin categoría,2,True,False,False,True,False
CAT-6825,Set De 20 Vasos Carton Nupik Naturgo 290 Cc   Blanco,Sin categoría,2,True,False,False,True,False
CAT-6635,Bebida Refrescante Naranja Simon Life 33 Cl,Sin categoría,2,True,False,False,True,False
CAT-6612,Pienso Esterilizado Bolas De Pelo De Pavo Para Gato Adulto Ultima 75 Kg,Carnicería y Charcutería,2,True,False,False,True,False
CAT-6603,Powerade Ice Storm Bebida Isotonica Con Tapon Sport Botella 50 Cl,Bebidas,2,True,False,False,True,False
CAT-6613,7Up De Lima Limon Botella 2 L,Bebidas,2,True,False,False,True,False
CAT-6874,Judias Verdes Planas Findus 1 Kg,Sin categoría,2,True,False,False,True,False
CAT-6600,Recogedor Con Palo Vileda Universal,Hogar,2,True,False,False,True,False
CAT-6656,Tira De Costilla De Cerdo Adobada La Nuncia 600 G Aprox,Carnicería y Charcutería,2,True,False,False,True,False
CAT-6719,Vino Dulce Joven Malvar Dulce Maria 75 Cl,Bebidas,2,True,False,False,True,False
CAT-7002,Lomos De Bacalao Congelado 500 G Aprox,Pescadería,2,True,False,False,True,False
CAT-6749,Cuartos De Pollo Congelado 2 Kg,Carnicería y Charcutería,2,True,False,False,True,False
CAT-6610,Chuleton De Vacuno 400 G Aprox,Carnicería y Charcutería,2,True,False,False,True,False
CAT-6594,Locion En Gel Ultraligera Para Todo Tipo De Piel Hydro Boost Neutrogena 2 Unidades De 750 Ml,Cuidado personal e Higiene,2,True,False,False,True,False
CAT-6818,Pechuga De Pavo Cocida Al Corte Naturarte Campofrio 150 G Aprox,Carnicería y Charcutería,2,True,False,False,True,False
CAT-6697,Toallitas De Bebe Dodot Sensitive 54 Ud,Bebes,2,True,False,False,True,False
CAT-6737,Jamon Cocido Extra Receta Artesana El Pozo Sin Gluten Y Sin Lactosa 170 G,Carnicería y Charcutería,2,True,False,False,True,False
CAT-6651,Porciones De Rape Sin Piel Crudas Delfin 300 G,Pescadería,2,True,False,False,True,False
CAT-6891,Banador Panal Desechable Huggies Little Swimmers T2 3 3 Kg 8 Kg 20 Ud,Bebes,2,True,False,False,True,False
CAT-6740,Queso De Cabra En Rulo Soignon 180 G,Lácteos y Huevos,2,True,False,False,True,False
CAT-6750,Queso Fresco Ricotta Trentin 250 G,Lácteos y Huevos,2,True,False,False,True,False
CAT-6595,Balsamo Reconfortante Cara Y Cuello Hidratacion Profunda Neutrogena 2 Unidades De 300 Ml,Cuidado personal e Higiene,2,True,False,False,True,False
CAT-6611,Apositos Ampollas Extreme Compeed 1 Ud,Cuidado personal e Higiene,2,True,False,False,True,False
CAT-6636,Bebida Refrescante Mandarina Simon Life 33 Cl,Sin categoría,2,True,False,False,True,False
CAT-6771,Coca Cola Zero Azucar Lima Lata 33 Cl,Bebidas,2,False,True,False,True,False
CAT-6646,Plato Carton Con Rodal Papel Ph Blister 4 Y 4 Uds 27 Y 35 Cm,Sin categoría,2,True,False,False,True,False
CAT-7018,Galletas De Fibra Integral Zero Gullon Sin Azucar 170 G,Despensa,2,True,False,False,True,False
CAT-6652,Pure Para Gatos Sabor Atun Con Salmon Churu Bisque 40 G,Pescadería,2,True,False,False,True,False
CAT-6706,Tarrito De Frutas Variadas Desde 6 Meses Nutriben Potitos Sin Gluten Sin Azucar Anadido 235 G,Despensa,2,True,False,False,True,False
CAT-6707,Tarrito De Verduras Con Pollo Desde 6 Meses Nutriben Potitos Sin Gluten 235 G,Carnicería y Charcutería,2,True,False,False,True,False
CAT-6696,Empanada Rectangular De Bacalao 700 G,Pescadería,2,True,False,False,True,False
CAT-6700,Vitakraft Barritas Para Periquitos Energia  2 Uds,Mascotas,2,True,False,False,True,False
CAT-6735,Filete De Merluza Sin Piel Congelado 850 G,Pescadería,2,True,False,False,True,False
CAT-6868,Coca Cola Pack De 4 Botellas De 20 Cl,Bebidas,2,True,False,False,True,False
CAT-6991,Pizza 4 Formaggi La Mia Grande Dr Oetker 400 G,Congelados,2,True,False,False,True,False
CAT-6701,Espigas De Mijo Para Pajaros Vita Nature Vitakraft 100 G,Mascotas,2,True,False,False,True,False
CAT-6808,Comida Humeda Bocaditos En Salsa Para Gatos Festin Del Mar Purina Felix Tasty Shreds 12X80 G,Despensa,2,True,False,False,True,False
CAT-6702,Vitakraft Rings Alfafa Para Roedores 300G,Mascotas,2,True,False,False,True,False
CAT-6942,Galletas Maria Gullon Zero Sin Azucar 400 G,Despensa,2,True,False,False,True,False
CAT-6799,Sidra El Gaitero Sin Alcohol Etiqueta Verde Sin Gluten 75 Cl,Sin categoría,2,True,False,False,True,False
CAT-6893,Banador Panal Desechable Huggies Little Swimmers T5 6 12 Kg 18 Kg 19 Ud,Bebes,2,True,False,False,True,False
CAT-6912,Pilas Alcalinas 9V Duracell Plus Paquete De 1,Bazar y Varios,2,True,False,False,True,False
CAT-6743,Pannini Atun Dr Oetker 250 G,Sin categoría,2,True,False,False,True,False
CAT-6747,Lacon Ahumado Natural Cortado A Mano En Lascas Navidul Sin Gluten 210 G,Sin categoría,2,True,False,False,True,False
CAT-6724,Pienso Para Perro Adulto Receta Mediterranea Bon Menu 15 Kg,Mascotas,2,True,False,False,True,False
CAT-6921,Colgador Wc Poder Activo Aroma Limon Bref 2 Ud,Sin categoría,2,True,False,False,True,False
CAT-7029,Helado Caramel Brownie Party Benjerrys 465 Ml,Congelados,2,True,False,False,True,False
CAT-6718,Arena Aglomerante De Tofu Para Gatos Cocosi 6L,Mascotas,2,True,False,False,True,False
CAT-6731,Tarrito De Manzana Golden Y Platano 4 Meses Hero Solo Sin Gluten Pack 4 Unidades 100 G,Frutas y Verduras,2,True,False,False,True,False
CAT-6809,Arroz Con Leche Danone Pack De 2 Unidades De 130 G,Despensa,2,True,False,False,True,False
CAT-6843,Vino Tinto Crianza Marques De Valido Do Ca Rioja 75 Cl,Bebidas,2,True,False,False,True,False
CAT-6890,Papel Higienico Humedo Natur Aqua Naturalcare Salustar 100 Ud,Bazar y Varios,2,True,False,False,True,False
CAT-7030,Helado Strawberry Cheescake Ben  Jerrys 465 Ml,Congelados,2,True,False,False,True,False
CAT-7010,Salchichas Con Doble De Leche Campofrio Sin Gluten 140 G,Carnicería y Charcutería,2,True,False,False,True,False
CAT-7003,Taco Salmon Keta Salvaje Congelado 360 G,Pescadería,2,True,False,False,True,False
CAT-7032,Helado De Chocolate Fudge Brownie Ben  Jerry 465 Ml,Congelados,2,True,False,False,True,False
CAT-7038,Conos Con Helado De Fresa Y Nata Extrme 6 Ud,Congelados,2,True,False,False,True,False
CAT-3027,Café soluble descafeinado Nescafé classic,Desayuno y Snack,2,True,True,False,False,False
CAT-6915,Leche Infantil De Crecimiento Desde 2 Anos Almiron Advance Ata 800 G,Bebidas,2,True,False,False,True,False
CAT-7465,Bolsas De Basura Autocierre Ya Cortadas 30L 15 Ud Alfapac,Hogar,2,True,False,False,True,False
CAT-7133,Forte Noche 8 H Forte Pharma Sin Gluten Y Sin Lactosa 60 Ud,Sin categoría,2,True,False,False,True,False
CAT-7378,Ajo Blanco Extra De Chinchon 500 G,Frutas y Verduras,2,True,False,False,True,False
CAT-7076,Surtido De Helados Fruit Collection Hagen Dazs Sin Gluten 4 Ud,Congelados,2,True,False,False,True,False
CAT-7385,Coca Cola Mini Pack 10 Latas 20 Cl,Bebidas,2,True,False,False,True,False
CAT-7361,Ginebra Xpress 70 Cl,Bebidas,2,True,False,False,True,False
CAT-7167,Snack Bagels Con Pollo Para Perro Mini Adulto Gentle Chef Aritos 2 Uds,Carnicería y Charcutería,2,True,False,False,True,False
CAT-7056,Preparado De Soja Fresa Tipo Skyr Alto En Proteina Alpro Sin Lactosa 400 G,Lácteos y Huevos,2,True,False,False,True,False
CAT-7109,Gel Active Fisiocrem 200 Ml,Sin categoría,2,True,False,False,True,False
CAT-7118,Red Bull Bebida Energetica Zero Lata 25 Cl,Bebidas,2,True,False,False,True,False
CAT-7120,Pepsi Zero Azucar Pack De 12 Latas De 33 Cl,Bebidas,2,True,False,False,True,False
CAT-6816,Champu Y Gel Calendula Ecologico Weleda Baby 200 Ml,Cuidado personal e Higiene,2,True,False,False,True,False
CAT-7306,Tarrito Multifrutas Con Mango Desde 4 Meses Ecologico Smileat Sin Gluten 130 G,Sin categoría,2,True,False,False,True,False
CAT-7043,Comida Humeda Surtido De Carne Para Gato Adulto Purina Gourmet Natures Creations 4X85 G,Mascotas,2,True,False,False,True,False
CAT-6092,Cafetera De Aluminio Idealcasa Nero 6 Tazas   Negro,Sin categoría,2,True,False,False,True,False
CAT-6095,Fregona De Microfibra   Bicolor,Hogar,2,True,False,False,True,False
CAT-6807,Comida Humeda En Gelatina Buey Pollo Y Cordero Para Perro Adulto Purina Friskies Pack 12X85 G,Carnicería y Charcutería,2,True,False,False,True,False
CAT-6904,Leche Infantil De Continuacion Desde 6 Meses En Polvo Almiron Advance 2 Sin Aceite De Palma 1200 G,Bebidas,2,True,False,False,True,False
CAT-7013,Tetra Reptomin Comida Para Tortugas Acuaticas 1L220G,Sin categoría,2,True,False,False,True,False
CAT-7022,Parche Anti Acne Invisible Hero 24 Ud,Sin categoría,2,True,False,False,True,False
CAT-7060,Comida Para Conejillos De Indias 800 Gr,Sin categoría,2,True,False,False,True,False
CAT-7070,Discos Wc Activos Inodoros Frescor Marino Aparato  Recambio Pato 1 Ud,Sin categoría,2,True,False,False,True,False
CAT-7053,Green Cola Zero Azucar Lata 33 Cl,Despensa,2,True,False,False,True,False
CAT-7064,Queso Cottage Arla 200 G,Lácteos y Huevos,2,True,False,False,True,False
CAT-7054,Yogur Griego Con Fresas Danone Oikos Pack De 4 Unidades De 110 G,Lácteos y Huevos,2,True,False,False,True,False
CAT-7073,Codillo De Jamon Asado Tello 600 G,Carnicería y Charcutería,2,True,False,False,True,False
CAT-7041,Comida Humeda Surtido De Pescado Para Gato Adulto Purina Gourmet Natures Creations 4X85 G,Mascotas,2,True,False,False,True,False
CAT-7068,Bolsita De Manzana Melocoton Y Platano Desde 4 Meses Ecologico Hero Solo Sin Gluten 100 G,Frutas y Verduras,2,True,False,False,True,False
CAT-7071,Discos Wc Activos Inodoros Lima Aparato  Recambio Pato 1 Ud,Frutas y Verduras,2,True,False,False,True,False
CAT-7269,Perlas Perfumadas Pink Passion Detersolin 1 Ud,Sin categoría,2,True,False,False,True,False
CAT-7082,Limonada Don Simon Exprimida Botella 15 L,Sin categoría,2,True,False,False,True,False
CAT-7356,Coco En Trozos El Mercado 125 G,Sin categoría,2,True,False,False,True,False
CAT-7320,Cerveza Estrella Galicia Especial Mini Pack 20 Botellas 20 Cl,Bebidas,2,True,False,False,True,False
CAT-7102,Champu Liso Keratina Con Aceite Marula Hasta 72H Control Del Encrespamiento Tresemme 685 Ml,Cuidado personal e Higiene,2,True,False,False,True,False
CAT-7104,Whisky Westerly 70 Cl,Bebidas,2,True,False,False,True,False
CAT-7272,Postre Lacteo Natural Desde 6 Meses Nestle Yogolino Sin Gluten Y Sin Azucar Anadido 100 G,Despensa,2,True,False,False,True,False
CAT-7276,Chapatta Cristal Cerveza 230 G,Bebidas,2,True,False,False,True,False
CAT-7399,Leche Proteina Celta Sin Lactosa Brik 1 L,Sin categoría,2,True,False,False,True,False
CAT-7452,Barra Candeal 1 Ud,Panadería y Pastelería,2,True,False,False,True,False
CAT-7085,Comida Semihumeda De Pollo Para Perro Cocosi 3 Kg,Carnicería y Charcutería,2,True,False,False,True,False
CAT-7365,Pan De Molde De Maiz Y Semillas De Girasol 400 G,Desayuno y Snack,2,True,False,False,True,False
CAT-7316,Panecillo De Centeno 51 6 Ud,Sin categoría,2,True,False,False,True,False
CAT-7469,Cerveza La Sagra Original Lager Lata 33 Cl,Bebidas,2,True,False,False,True,False
CAT-7307,Tarrito De Pera Ciruela Y Platano Desde 4 Meses Ecologico Smileat Sin Gluten 130 G,Frutas y Verduras,2,True,False,False,True,False
CAT-7483,Yogur Con Fresa Nestle La Lechera Pack De 2 Unidades De 125 G,Lácteos y Huevos,2,True,False,False,True,False
CAT-7314,Espiga Rustica 1 Ud,Sin categoría,2,True,False,False,True,False
CAT-7083,Comida Semihumeda De Cerdo Para Perro Cocosi 3 Kg,Carnicería y Charcutería,2,True,False,False,True,False
CAT-7368,Lavavajillas A Maquina En Pastillas Naranja Fairy 35 Ud,Hogar,2,True,False,False,True,False
CAT-7106,Comida Humeda De Buey Y Verduras Para Perro Cesar Recetas De La Huerta 300 G,Mascotas,2,True,False,False,True,False
CAT-7152,Cerveza Desperados Lima Botella 33 Cl  ,Bebidas,2,True,False,False,True,False
CAT-7100,Apritivo De Maiz Sabor Barbacoa Fritos Matutano Sin Gluten 130 G,Desayuno y Snack,2,True,False,False,True,False
CAT-7287,Ambientador Electrico Aroma Limpio 3Volution Ambi Pur 1 Ud,Hogar,2,True,False,False,True,False
CAT-7158,Desatascador De Tuberias Atascos Dificiles Turbo 5 Min Wc Net 1 L,Sin categoría,2,True,False,False,True,False
CAT-7135,Vermut Monte Esquinza Rojo 1 L,Bebidas,2,True,False,False,True,False
CAT-7407,Agua Mineral Cabreiroa 1 L,Bebidas,2,False,True,False,True,False
CAT-7408,Atun En Aceite De Girasol Calvo Pack De 6 Latas De 52 G,Despensa,2,True,False,False,True,False
CAT-7470,Queso Rallado Mozzarella Margui 300 G,Lácteos y Huevos,2,True,False,False,True,False
CAT-7149,Cerveza Saer Brau Lager 7 Lata 33 Cl,Bebidas,2,True,False,False,True,False
CAT-7144,Vino Tinto De Francia Ac Bordeaux Grand Moment 75 Cl,Bebidas,2,True,False,False,True,False
CAT-7134,Almohadilla De Gel Para La Terapia Del Frio Y Del Calor Farmamed 1 Ud,Cuidado personal e Higiene,2,True,False,False,True,False
CAT-7175,Papel Cuadrado Especial Para Freidoras De Aire Ecofami 50 Ud,Sin categoría,2,True,False,False,True,False
CAT-7176,Papel Rectangular Especial Para Freidoras De Aire Ecofami 50 Ud,Sin categoría,2,True,False,False,True,False
CAT-7363,Ron Blanco Apache 70 Cl,Bebidas,2,True,False,False,True,False
CAT-7370,Queso Tierno En Porciones Mini Babybel 320 G,Lácteos y Huevos,2,True,False,False,True,False
CAT-7357,Pan Rebanado Hogaza 500 G,Panadería y Pastelería,2,True,False,False,True,False
CAT-9617,Pepsi Zero Azucar Zero Cafeina Pack 9 Latas 33 Cl,Bebidas,2,False,True,False,True,False
CAT-7373,Champu Cuidado Clasico Para Pelo Normal Y Mixto Pantene  Pro V 325 Ml,Cuidado personal e Higiene,2,True,False,False,True,False
CAT-7165,Jabon De Manos Hidratante Con Proteccion Total Contra Agentes Externos Sanytol 250 Ml,Cuidado personal e Higiene,2,True,False,False,True,False
CAT-7380,Compresas Ultra Finas Normal Con Alas 28 Ud,Cuidado personal e Higiene,2,True,False,False,True,False
CAT-7375,Acondicionador Rizos Definidos Pantene Pro V 350 Ml,Cuidado personal e Higiene,2,True,False,False,True,False
CAT-7132,Gel De Ducha Neutro Hidratante Sanex 600 Ml,Cuidado personal e Higiene,2,True,False,False,True,False
CAT-7111,Dentifrico Con Fluor De Uso Diario Blanqueante Diario Parodontax 75 Ml,Cuidado personal e Higiene,2,True,False,False,True,False
CAT-6923,Gel Dentifrico Antiplaca Y Anticaries Frescor Prolongado Con Fluor Lacer Fresh 125 Ml,Cuidado personal e Higiene,2,True,False,False,True,False
CAT-7265,Enjuague Bucal Blanqueador Menta Sabor Suave Sin Alcohol Advanced White Listerine 500 Ml,Cuidado personal e Higiene,2,True,False,False,True,False
CAT-7049,Dentifrico Herbal Fresh Parodontax Pack De 2 Unidades De 75 Ml,Cuidado personal e Higiene,2,True,False,False,True,False
CAT-7110,Dentifrico Con Fluor De Uso Diario Frescor Diario Parodontax 75 Ml,Cuidado personal e Higiene,2,True,False,False,True,False
CAT-7131,Gel De Ducha Neutro Hidratante Sanex 850 Ml,Cuidado personal e Higiene,2,True,False,False,True,False
CAT-7275,Chapatta Cristal Kornspitz 2 Unidades De 93 G,Sin categoría,2,True,False,False,True,False
CAT-7164,Burgers De Proteina De Soja Y Guisantes Con Especias Ultracongeladas Green Cuisine Findus 209 G,Despensa,2,True,False,False,True,False
CAT-7183,Leche Entera Pascual Botella 15 L,Lácteos y Huevos,2,True,False,False,True,False
CAT-7173,Bagels Clasico Bimbo 4 Ud,Panadería y Pastelería,2,True,False,False,True,False
CAT-7304,Mini Hamburguesas De Pollo 200 G,Carnicería y Charcutería,2,True,False,False,True,False
CAT-7279,Filetes De Merluza Al Huevo Pescanova Sin Gluten 400 G,Pescadería,2,True,False,False,True,False
CAT-7300,Protector Para Incontinencia Masculino Level 2 Tena Men 10 Ud,Sin categoría,2,True,False,False,True,False
CAT-7312,Suizos 4 Ud,Sin categoría,2,True,False,False,True,False
CAT-7294,Ajo Circulo De Calidad 250 G,Frutas y Verduras,2,True,False,False,True,False
CAT-6919,Leche Infantil De Continuacion Desde 6 Meses En Polvo Almiron Advance Ar Lata 800 G,Bebidas,2,False,False,True,True,False
CAT-7478,Arepa De Maiz Amarillo Goya Sin Gluten 450 G,Panadería y Pastelería,2,True,False,False,True,False
CAT-7607,Lavavajillas A Mano Poder 3En1 Limon Spray  Recarga Fairy 1000 Ml ,Hogar,2,True,False,False,True,False
CAT-5941,Preparado Lacteo Infantil De Crecimiento Desde 3 Anos Con Galleta Maria Nestle Nativa Crecimiento Junior Brik 1 L,Desayuno y Snack,2,True,False,False,True,False
CAT-7789,Ambientador Electrico Frescor De Abril 3Volution Recambio Ambi Pur 1 Ud,Hogar,2,True,False,False,True,False
CAT-7798,Bebida Funcional Antiox Granada Juver Sin Azucar Anadida 1 L,Despensa,2,True,False,False,True,False
CAT-7799,Cerveza Saer Brau Clasica Pack 6 Botellas 25 Cl,Bebidas,2,True,False,False,True,False
CAT-6540,Pienso Esterilizado De Salmon Para Gatos Adultos Ultima Pro  375 G,Pescadería,2,True,False,False,True,False
CAT-7796,Infusion Infantil Blevit Laxante 150 Gr,Desayuno y Snack,2,True,False,False,True,False
CAT-7324,Pants Dodot T6 14 19 Kg 54 Ud,Bebes,2,True,False,False,True,False
CAT-7802,Conos Con Helado De Chocalate Y Avellana Max Avellana Cornetto Frigo 4 Uds,Congelados,2,True,False,False,True,False
CAT-7325,Panales Bebe Seco Dodot T6 13 18 Kg 140 Ud,Bebes,2,True,False,False,True,False
CAT-7803,Conos Con Helado De Vainilla Y Mango Max Mango Cornetto Frigo 4 Uds,Congelados,2,True,False,False,True,False
CAT-7328,Crema Gel Bright Boost Neutrogena 50 Ml,Cuidado personal e Higiene,2,True,False,False,True,False
CAT-7367,Lavavajillas A Maquina Platinum Plus Pastillas Todo En Uno Fairy 71 Ud,Hogar,2,True,False,False,True,False
CAT-7830,Filetes De Vacuno Marinados El Mercado 500 G Aprox,Carnicería y Charcutería,2,True,False,False,True,False
CAT-7369,Leche Infantil Para Lactantes En Polvo Blemil Plus Ae Lata 800 G,Bebes,2,True,False,False,True,False
CAT-7341,Toallitas Para Bebe Biodegradables Chicco 120 Ud,Bebes,2,True,False,False,True,False
CAT-7401,Galletitas Infantiles Animales Desde 12 Meses Ecologicas Hero Solo 100 G,Sin categoría,2,True,False,False,True,False
CAT-7882,Limon El Mercado Malla De 15 Kg,Sin categoría,2,True,False,False,True,False
CAT-7409,Limpia Inyectores Diesel Wynns 325 Ml,Sin categoría,2,True,False,False,True,False
CAT-7403,Jarabe Tos Seca Y Productiva Sabor Miel Formula Natura Tos Vicks 140 Ml,Desayuno y Snack,2,True,False,False,True,False
CAT-7404,Snack Stick Salmon Para Gato Adulto Cat Stick 3 Ud,Pescadería,2,True,False,False,True,False
CAT-7397,Toallitas Para Bebe Dodot 208 Ud,Bebes,2,True,False,False,True,False
CAT-7410,Panales Dodot Sensitive T4 10 15 Kg 96 Ud,Bebes,2,True,False,False,True,False
CAT-7396,Vitakraft Barritas Para Periquitos De Albaricoque  Higo,Mascotas,2,True,False,False,True,False
CAT-7427,Espinacas Al Ajillo Findus 450 G,Sin categoría,2,True,False,False,True,False
CAT-7890,Crema Fijadora Para Protesis Dentales Sabor Menta Polident 44 G,Sin categoría,2,True,False,False,True,False
CAT-7440,Papilla Infantil Desde 6 Meses 8 Cereales Con Galleta Maria Nestle Sin Azucar Anadido 725 G,Despensa,2,True,False,False,True,False
CAT-7764,Galletas De Barquillo Rellenas De Crema De Chocolate Zero Gullon Sin Azucares 180 G,Despensa,2,True,False,False,True,False
CAT-7450,Bombones Helados White Chocolate  Cookies Magnum 12 Ud,Desayuno y Snack,2,True,False,False,True,False
CAT-7883,Vino Tinto Tempranillo Tinta Fina Vina Pedrosa Coleccion Barricas Do Ribera Del Duero 75 Cl,Bebidas,2,True,False,False,True,False
CAT-7743,Colutorio Gingival Cariax 500 Ml,Cuidado personal e Higiene,2,True,False,False,True,False
CAT-7638,Lavavajillas A Mano Maxpower Fairy 730 Ml,Hogar,2,True,False,False,True,False
CAT-7944,Palillos Redondos Torneados De Madera Unic De 550 Piezas,Sin categoría,2,True,False,False,True,False
CAT-7590,Tinte Classic 6N Rubio Oscuro Farmatint 1 Ud,Sin categoría,2,True,False,False,True,False
CAT-7940,Monster Energy Punch Bebida Energetica Rio Punch Lata 500 Ml,Bebidas,2,True,False,False,True,False
CAT-7559,Limpiacristales Con Amoniaco Cristasol 1 L,Hogar,2,True,False,False,True,False
CAT-7448,Bombones Helados Gold Caramel Billionaire Magnum 12 Ud,Congelados,2,True,False,False,True,False
CAT-7968,Vodka Absolut Sprite Watermelon Lata 25 Cl,Bebidas,2,True,False,False,True,False
CAT-7449,Bombones Helados Salted Caramel  Almond Magnum 12 Ud,Congelados,2,True,False,False,True,False
CAT-7490,Gel Limpiador Facial Al Agua Hidro Boost Neutrogena Pack De 2 Unidades De 200 Ml,Hogar,2,True,False,False,True,False
CAT-7986,Whisky Dyc 15 L,Bebidas,2,True,False,False,True,False
CAT-7645,Champu Recien Nacido Mustela 150 Ml,Cuidado personal e Higiene,2,True,False,False,True,False
CAT-7746,Gel Champu Felices Suenos Denenes 600 Ml,Cuidado personal e Higiene,2,True,False,False,True,False
CAT-7615,Cava Castell Del Llac Semi Seco 75 Cl,Bebidas,2,True,False,False,True,False
CAT-7567,Cordon Bleu De Carne De Pechuga De Pollo Con Fiambre De Pavo Y Queso El Mercado 260 G,Lácteos y Huevos,2,True,False,False,True,False
CAT-7620,Balsamo Tigre Balm 19 G,Sin categoría,2,True,False,False,True,False
CAT-7766,Eneryeti Splash Bebida Energetica Lata 50 Cl,Sin categoría,2,True,False,False,True,False
CAT-7584,Desodorante Roll On Cool Kick Nivea 50 Ml,Cuidado personal e Higiene,2,True,False,False,True,False
CAT-7782,Pasta Fideo N4 Gallo 450 G,Cuidado personal e Higiene,2,True,False,False,True,False
CAT-7751,Seda Dental Suave Con Fluor Y Menta Vitis 50 Metros,Cuidado personal e Higiene,2,True,False,False,True,False
CAT-7868,Cepillo De Dientes Medio 360 Deep Clean Colgate 1 Ud,Cuidado personal e Higiene,2,True,False,False,True,False
CAT-7896,Cepillo De Dientes Pro Clean Oral B 2 Ud,Cuidado personal e Higiene,2,True,False,False,True,False
CAT-7927,Dentifrico Prevencion Del Sarro Advanced Oral B 75 Ml,Cuidado personal e Higiene,2,True,False,False,True,False
CAT-8017,Crema Hidratante Intensiva Multiuso Soft Nivea 50 Ml,Cuidado personal e Higiene,2,False,False,True,True,False
CAT-7752,Cepillo Dental Suave Vitis 1 Ud,Cuidado personal e Higiene,2,True,False,False,True,False
CAT-7754,Cepillo Dental Junior Cabezal Pequeno Vitis 1 Ud,Cuidado personal e Higiene,2,True,False,False,True,False
CAT-7518,Neceser Nenuco Elefante Gel De Ducha 200 Ml Y Agua De Colonia 200 Ml,Cuidado personal e Higiene,2,True,False,False,True,False
CAT-7578,Detergente A Maquina En Capsulas Frescor Alpino Ariel Pods 60 Lavados,Hogar,2,True,False,False,True,False
CAT-7636,Pizza Marinara Italpizza 375 G,Congelados,2,True,False,False,True,False
CAT-7461,Dosificador Para Leche En Polvo Y Cereales Suavinex 1 Ud,Sin categoría,2,True,False,False,True,False
CAT-7759,Colutorio Bucal Tratamiento Periodontal Perio Aid 500 Ml,Cuidado personal e Higiene,2,True,False,False,True,False
CAT-7637,Pizza Grillfest Ltalpizza 535 G,Congelados,2,True,False,False,True,False
CAT-7785,Bombon Helado Sabor Vainilla Y Caramelo Hagen Dazs Sin Gluten 3 Ud,Congelados,2,True,False,False,True,False
CAT-7495,Classic Bebida Energetica Lata 25 Cl,Sin categoría,2,True,False,False,True,False
CAT-7510,Set 50 Moldes De Papel Para Freidora De Aire Redondo 20X45 Cm Masterpro Foodies ,Sin categoría,2,True,False,False,True,False
CAT-7595,Apositos Gasa Algodon 20X20 Cm Loto Caja 20 Ud,Cuidado personal e Higiene,2,True,False,False,True,False
CAT-7572,Cerveza Negra Bock Damm Munich Lata 33 Cl,Bebidas,2,True,False,False,True,False
CAT-7587,Seta Ostra Cultivada Circulo De Calidad 300 G Aprox,Sin categoría,2,True,False,False,True,False
CAT-7463,Arena Sanitaria Para Gato Scoop Health Katkin 164 Kg,Mascotas,2,True,False,False,True,False
CAT-7497,Kebab De Pollo Simons Food Sin Gluten 350 G,Carnicería y Charcutería,2,True,False,False,True,False
CAT-7507,Set 50 Moldes De Papel Para Freidora De Aire Redondo 16X45 Cm Masterpro Foodies,Sin categoría,2,True,False,False,True,False
CAT-7650,Alas De Pollo Marinadas Asadas El Mercado 500 G Aprox,Carnicería y Charcutería,2,True,False,False,True,False
CAT-7503,Snack Para Perro Purina Friskies B Steaks 150 G,Mascotas,2,True,False,False,True,False
CAT-7496,Palitos De Chocolate Con Leche Mikado Lu 75 G,"Azúcar, caramelos y chocolate",2,True,False,False,True,False
CAT-7593,Tinte Classic 7N Rubio Farmatint 1 Ud,Sin categoría,2,True,False,False,True,False
CAT-7594,Tinte Classic 8N Rubio Claro Farmatint 1 Ud,Sin categoría,2,True,False,False,True,False
CAT-7761,Colutorio Par El Mal Aliento Halita 500 Ml,Cuidado personal e Higiene,2,True,False,False,True,False
CAT-7604,Lipton Ice Tea Limon Zero Botella 1 L,Sin categoría,2,True,False,False,True,False
CAT-7786,Helado Bombon Macadamia Hagen Dazs Sin Gluten 3 Ud,Congelados,2,True,False,False,True,False
CAT-7596,Gasa Esteril Loto 20 Ud,Cuidado personal e Higiene,2,True,False,False,True,False
CAT-7774,Enjuague Bucal Antiseptico Oraldine 200 Ml,Cuidado personal e Higiene,2,True,False,False,True,False
CAT-7784,Dentifrico Proteccion Caries Maximum Caries Protection Colgate Pack De 2 Unidades De 75 Ml,Cuidado personal e Higiene,2,True,False,False,True,False
CAT-7788,Helado De Tiramisu Coffee Y Mascarpone Hagen Dazs 346 G,Congelados,2,True,False,False,True,False
CAT-7644,Gel De Bano Con Espuma Con Aguacate Mustela 750 Ml,Frutas y Verduras,2,True,False,False,True,False
CAT-7614,Cava Castell Del Llac Brut Do Cava 75 Cl,Bebidas,2,True,False,False,True,False
CAT-7619,Apositos Juanetes Compeed 5 Ud,Cuidado personal e Higiene,2,True,False,False,True,False
CAT-7647,Locion Mustela 750 Ml,Sin categoría,2,True,False,False,True,False
CAT-7744,Vermut Yzaguirre Reserva Rojo 1 L,Bebidas,2,True,False,False,True,False
CAT-7625,Aceite De Oliva Virgen Extra Intenso Coosur 1 L,Despensa,2,True,False,False,True,False
CAT-7627,Aceite De Oliva Virgen Extra Arbequina Coosur 1 L,Despensa,2,True,False,False,True,False
CAT-7621,Apositos Ampollas Pequenas Compeed 6 Ud,Cuidado personal e Higiene,2,True,False,False,True,False
CAT-7622,Apositos Ampollas Medianas Compeed 5 Ud,Cuidado personal e Higiene,2,True,False,False,True,False
CAT-7658,Bolsita De Cereza Acai Y Amaranto Desde 8 Meses Ecologico Smileat Sin Gluten 100 G,Frutas y Verduras,2,True,False,False,True,False
CAT-6786,Desodorante En Spray Natural 24H Heno De Pravia 200 Ml,Cuidado personal e Higiene,2,True,False,False,True,False
CAT-7821,Quitamanchas Oxi Action Vanish 480 G,Hogar,2,True,False,False,True,False
CAT-8172,Desodorante En Spray Para Los Pies Y Calzado Devor Olor 150 Ml,Cuidado personal e Higiene,2,True,False,False,True,False
CAT-7932,Pizza Speciale Forno Di Pietra Buitoni 350 G,Congelados,2,True,False,False,True,False
CAT-7934,Pizza De Champinones Y Jamon Cocido Buitoni 375 G,Congelados,2,True,False,False,True,False
CAT-7983,Helado De Chocolate Blanco Con Salsa De Chocolate Y Avellana Ebbany Quality Product 600 G,Despensa,2,True,False,False,True,False
CAT-7985,Helado De Chocolate Blanco Con Salsa De Cacao Y Avellanas Ebbany Quality Product 320 G,Despensa,2,True,False,False,True,False
CAT-7984,Helado De Cacahuete Salado Ebbany Quality Product 320 G,Desayuno y Snack,2,True,False,False,True,False
CAT-8429,Desodorante En Spray Invisible Ice Fresh Rexona Men Pack De 2 Unidades De 200 Ml,Cuidado personal e Higiene,2,True,False,False,True,False
CAT-9298,Desodorante Stick Dermo Protector 24H Sanex 65 Ml,Cuidado personal e Higiene,2,True,False,False,True,False
CAT-7962,Pizza Formaggi La Bomba Italpizza 450 G,Congelados,2,True,False,False,True,False
CAT-4614,Colutorio Diario Cuidado De Las Encias Menta Suave 0 Alcohol Parodontax 500 Ml,Cuidado personal e Higiene,2,True,False,False,True,False
CAT-7964,Pizza Double Salamino La Bomba Italpizza 465 G,Congelados,2,True,False,False,True,False
CAT-7956,Lomos De Salmon Congelado Dimar 230 G,Pescadería,2,True,False,False,True,False
CAT-4617,Colutorio Diario Cuidado De Las Encias Frescor Intenso 0 Alcohol Parodontax 500 Ml,Cuidado personal e Higiene,2,True,False,False,True,False
CAT-4780,Dentifrico Para Dientes Sensibles Sensibilidad  Encias Sensodyne 75 Ml,Cuidado personal e Higiene,2,True,False,False,True,False
CAT-9994,Bebida De Almendras Zero Almond Breeze Sin Gluten Y Sin Lactosa Brik 1 L,Lácteos y Huevos,2,True,False,False,True,False
CAT-9880,Colutorio Anticaries Vitis 500 Ml,Cuidado personal e Higiene,2,True,False,False,True,False
CAT-9995,Limpia Maquinas Lavavajillas Antical Somat 3 Ud,Hogar,2,True,False,False,True,False
CAT-9996,Langostino Cocido Congelado Caja De 900 G,Pescadería,2,True,False,False,True,False
CAT-6242,Colutorio Diario Formula De Accion Blanqueadora Con Fluor Sin Alcohol Sabor Citrus Lacer Blanc 500 Ml,Cuidado personal e Higiene,2,True,False,False,True,False
CAT-6281,Cepillo Dental Suave Phb 2 Ud,Cuidado personal e Higiene,2,True,False,False,True,False
CAT-6580,Dentifrico Sensibilidad Y Blanqueamiento Pro Expert Oral B Pack De 2 Unidades De 75 Ml,Cuidado personal e Higiene,2,True,False,False,True,False
CAT-7822,Quitamanchas Blanqueador Gold Oxi Action Vanish 400 G,Hogar,2,True,False,False,True,False
CAT-7112,Dentifrico Con Fluor De Uso Diario Complete Proteccion Original Parodontax 75 Ml,Cuidado personal e Higiene,2,True,False,False,True,False
CAT-7823,Quitamanchas Blanqueador Gold Oxi Action Vanish 960 G,Hogar,2,True,False,False,True,False
CAT-7825,Quitamanchas Gold Oxi Action Vanish 1500 Ml,Hogar,2,True,False,False,True,False
CAT-6943,Galletas Doradas Al Horno Zero Gullon Sin Azucar 330 G,Despensa,2,True,False,False,True,False
CAT-7765,Gnocchi Con Verduras Y Pollo Cn Congelados De Navarra 600 G,Congelados,2,True,False,False,True,False
CAT-7809,Helado Salt Caramel Brownie Ben  Jerrys 10 Uds,Congelados,2,True,False,False,True,False
CAT-7810,Bombon Helado De Frutas Del Bosque Utopia Magnum 3 Ud,Congelados,2,True,False,False,True,False
CAT-7819,Filetes De Bacalao Congelados Dimar 360 G,Pescadería,2,True,False,False,True,False
CAT-7843,Ambientador Un Toque Lavanda Recambio Glade By Brise 2 Ud,Hogar,2,True,False,False,True,False
CAT-7894,Tiras Estilo Americano De Proteina De Guisante Y Trigo Green Cuisine Findus 210 G,Sin categoría,2,True,False,False,True,False
CAT-7876,Pizza Con Salami Carne Nduja Y Queso Creazione Buitoni 430 G,Lácteos y Huevos,2,True,False,False,True,False
CAT-0503,Cacahuete tostado con sal,Desayuno y Snack,2,True,False,False,False,True
CAT-0482,Salsa Teriyaki,Despensa,2,True,True,False,False,False
CAT-1002,Toallitas bebé pieles con tendencia atópica,Bebes,2,True,False,True,False,False
CAT-1015,Refresco Fanta naranja,Bebidas,2,True,False,False,False,True
CAT-1016,Refresco de naranja sin gas,Bebidas,2,True,False,False,False,True
CAT-2012,Vino blanco Don Simón,Bebidas,2,True,True,False,False,False
CAT-7886,Pizza Jamon Y Queso Rustica Dr Oetker 545 G,Lácteos y Huevos,2,True,False,False,True,False
CAT-7877,Helado De Cacahuetes Y Caramelo Blando Cubierto Por Una Capa De Cacao Snickers 5 Ud,Desayuno y Snack,2,True,False,False,True,False
CAT-7893,Nuggets De Proteina De Guisante Y Trigo Green Cuisine Findus 250 G,Congelados,2,True,False,False,True,False
CAT-7904,Soup Dumplings De Pollo Itsu 168 G,Carnicería y Charcutería,2,True,False,False,True,False
CAT-7933,Minipizzas Con Queso Y Jamon Cocido Piccolinis Buitoni 720 G,Lácteos y Huevos,2,True,False,False,True,False
CAT-7945,Fregona Con Tiras De Microfibra Vileda Super,Hogar,2,True,False,False,True,False
CAT-7139,Dentifrico De Uso Diario Que Previene El Sangrado Gingival Causado Por Encias Delicadas Y Gingivitis Gingilacer Pack De 2 Unidades De 125 Ml,Cuidado personal e Higiene,2,True,False,False,True,False
CAT-7753,Cepillo Dental Ultra Suave Vitis 1 Ud,Cuidado personal e Higiene,2,True,False,False,True,False
CAT-7897,Cepillo De Dientes Manual Pro 3Dwhite Clinica Oral B 1 Ud,Cuidado personal e Higiene,2,True,False,False,True,False
CAT-9279,Colutorio De Uso Diario Sin Alcohol Previene Caries Dental Lacer Fresh 500 Ml,Cuidado personal e Higiene,2,True,False,False,True,False
CAT-7431,Jabon Original En Pastilla Para Cara Cuerpo Y Manos Dove Pack De 4 Unidades 90 G,Cuidado personal e Higiene,2,True,False,False,True,False
CAT-8563,Gel De Ducha Classic Original Magno 600 Ml,Cuidado personal e Higiene,2,True,False,False,True,False
CAT-8564,Gel De Ducha Marine Magno 550 Ml,Cuidado personal e Higiene,2,True,False,False,True,False
CAT-9309,Gel De Ducha Puro 0 Hidratante Hidrogenesse 800 Ml,Cuidado personal e Higiene,2,True,False,False,True,False
CAT-6051,Compresas Normal Con Alas Posparto Indasec Postpart 14 Ud,Cuidado personal e Higiene,2,True,False,False,True,False
CAT-6052,Compresas Tocologicas Especificas Para El Parto 100 Algodon Primeros Dias Indasec Postpart 12 Ud,Cuidado personal e Higiene,2,True,False,False,True,False
CAT-8349,Protegeslip Adapt Evax 30 Ud,Cuidado personal e Higiene,2,True,False,False,True,False
CAT-5742,Naranjada Natural Light Don Simon 15 L,Sin categoría,2,True,False,False,True,False
CAT-8265,Pizza Fresca De Jamon Con Perlas De Mozzarella De Lenta Fermentacion Casa Tarradellas 400 G,Lácteos y Huevos,2,True,False,False,True,False
CAT-8229,Ambientador De Armario Lavanda Ambar 1 Ud,Hogar,2,True,False,False,True,False
CAT-7080,Snack Para Perro Purina Friskies Picnic Variety 15 Sticks 126 G,Mascotas,2,True,False,False,True,False
CAT-7808,Helado Mini Utopia Magnum 6 Uds,Congelados,2,True,False,False,True,False
CAT-7848,Toallitas Delicadas Humedas Ecologicas Disney Baby Naturaverde 64 Ud ,Sin categoría,2,True,False,False,True,False
CAT-7844,Pienso De Pollo Para Perros Adultos Pequenos Ultima 15 Kg,Carnicería y Charcutería,2,True,False,False,True,False
CAT-7873,Takitos Tako Loco Fripozo 250 G,Sin categoría,2,True,False,False,True,False
CAT-7898,Bolsa Reutilizable Caliente Y Frio Nescare 1 Ud,Sin categoría,2,True,False,False,True,False
CAT-7899,Tira Esteril Color Carne Nexcare 6 Ud,Sin categoría,2,True,False,False,True,False
CAT-7908,Bolsita De Cacao Nesquik 110 G,Desayuno y Snack,2,True,False,False,True,False
CAT-7885,Snack Dental Para Perro Grande Purina Dentalife 36 Sticks 1272 G,Mascotas,2,True,False,False,True,False
CAT-7914,Colorante En Gel Bigote Y Barba Castano Just For Men 15 Ml,Sin categoría,2,True,False,False,True,False
CAT-7917,Colorante En Gel Bigote Y Barba Moreno Just For Men 15 Ml,Sin categoría,2,True,False,False,True,False
CAT-7928,Preparado Lacteo Infantil De Crecimiento Desde 3 Anos Nestle Junior Original Sin Gluten Y Sin Azucar Anadido Brik 1 L,Despensa,2,True,False,False,True,False
CAT-7930,Tarrito De Crema De Verduras Desde 6 Meses Hero Solo Sin Gluten 190 G,Conservas y Enlatados,2,True,False,False,True,False
CAT-7931,Tarrito De Crema De Zanahoria Y Calabaza Verduras Desde 6 Meses Hero Solo Sin Gluten 190 G,Conservas y Enlatados,2,True,False,False,True,False
CAT-7966,Emulsion Roll On Cbd Forte Fisionatur 75 Ml,Sin categoría,2,True,False,False,True,False
CAT-7976,Kneipp Gummies Preparador Solar Sin Gluten Y Sin Lactosa 60 Ud,Sin categoría,2,True,False,False,True,False
CAT-7970,Preparado Alimenticio Vegetal Congelado Con Sabor A Pollo Valsoia 200 G,Carnicería y Charcutería,2,True,False,False,True,False
CAT-7997,Vodka Vikoroff 70 Cl,Bebidas,2,True,False,False,True,False
CAT-8012,Leche Desnatada Kaiku Sin Lactosa Brik 1 L,Lácteos y Huevos,2,True,False,False,True,False
CAT-8031,Bolsas De Basura Resistente Antigoteo 100 Reciclado 50L 8 Ud Handy Bag,Hogar,2,True,False,False,True,False
CAT-8032,Bolsas De Basura Resistente Y Antigoteo 100 Reciclado Handy Bag 30L 20 Uds,Hogar,2,True,False,False,True,False
CAT-8033,Bolsas De Basura Reciclaje Envases 100 Reciclado 30L 12 Ud Handy Bag,Hogar,2,True,False,False,True,False
CAT-7994,Comida Humeda Finas Lonchas De Pollo Para Gato Adulto Purina Gourmet Diamant 85 G,Carnicería y Charcutería,2,True,False,False,True,False
CAT-8011,Pienso De Pollo Para Perros Senior Medianos Y Grandes Ultima 3 Kg,Carnicería y Charcutería,2,True,False,False,True,False
CAT-8018,Pienso Esterilizado De Pollo Para Gato Senior Ultima Cat 25 Kg,Carnicería y Charcutería,2,True,False,False,True,False
CAT-8019,Pienso De Pollo Para Gato Adulto Ultima 25 Kg,Carnicería y Charcutería,2,True,False,False,True,False
CAT-8007,Pienso De Buey Para Perros Brekkies Mix Excel 15 Kg,Mascotas,2,True,False,False,True,False
CAT-8024,Pienso De Buey Para Perro Mini Adulto Ultima Dog 25 Kg,Mascotas,2,True,False,False,True,False
CAT-8010,Stick Ampollas Anti Friccion Compeed 8 Ml,Cuidado personal e Higiene,2,True,False,False,True,False
CAT-8063,Complemento Vitaminico Con Coenzima Q10 Supradyn Activo Bayer 30 Ud,Sin categoría,2,True,False,False,True,False
CAT-8340,Pinza Antipolillas Para Armarios Aroma Lavanda Fresca Orion Proteccion Total 2 Ud,Sin categoría,2,True,False,False,True,False
CAT-8184,Brandy De Jerez Solera Reserva Altorreal 70 Cl,Bebidas,2,True,False,False,True,False
CAT-8248,Hamburguesa De Vaca Madurada El Mercado 180 G,Carnicería y Charcutería,2,True,False,False,True,False
CAT-8046,Cerveza 1906 Red Vintage La Colorada Lata 33 Cl,Bebidas,2,True,False,False,True,False
CAT-8065,Cava Freixenet Rose 75 Cl,Bebidas,2,True,False,False,True,False
CAT-8181,Gel Limpiador Hidratante Cerave 473 Ml,Hogar,2,True,False,False,True,False
CAT-8261,Pizza 5 Quesos Con Salsa Queso Semicurado Pizza  Salsa Campofrio 365 G,Despensa,2,True,False,False,True,False
CAT-8285,Panuelos Cubo Collection Kleenex Caja De 48 Ud,Sin categoría,2,True,False,False,True,False
CAT-8140,Pizza Grillfest Italpizza 425 G,Congelados,2,True,False,False,True,False
CAT-8059,Pienso De Buey Para Perros Adultos Brekkies Excel Delicious 3 Kg,Mascotas,2,True,False,False,True,False
CAT-8078,Set De 30 Platos De Carton 23 Cm Smart   Blanco,Sin categoría,2,True,False,False,True,False
CAT-8171,Gel Para El Alivio De Hemorroides Y Fisuras Anales Hemoclin 37 G,Sin categoría,2,True,False,False,True,False
CAT-7859,Serum Activado Por Calor Liso  Listo N4 Para Cabello Encrespado Garnier Fructis 50 Ml,Cuidado personal e Higiene,2,True,False,False,True,False
CAT-8112,Arandano Extra En Tarrina 150 G,Frutas y Verduras,2,True,False,False,True,False
CAT-8203,Polvo Gasificante Para Hornear  Royal Sin Gluten Pack De 6 Sobres De 16 G,Sin categoría,2,True,False,False,True,False
CAT-8166,Pechuga De Pollo Cocida Asada Al Horno En Lonchas Naturarte Campofrio Sin Gluten Y Sin Lactosa 90 G,Carnicería y Charcutería,2,True,False,False,True,False
CAT-8357,Magreta Adobada El Mercado 330 G,Sin categoría,2,True,False,False,True,False
CAT-8035,Bolsas De Basura Fijacion Elastica 100 Reciclado 30L 12 Ud Handy Bag,Hogar,2,True,False,False,True,False
CAT-8310,Cerveza Tostada Estrella Galicia 00 Alcohol Pack 10 Latas De 33 Cl ,Bebidas,2,True,False,False,True,False
CAT-8128,Salteado Verduras Receta Tradicional Findus Salteados 500 G,Sin categoría,2,True,False,False,True,False
CAT-8351,Pan Chapata 1 Ud,Panadería y Pastelería,2,True,False,False,True,False
CAT-8080,Preparado Infantil De Crecimiento Peques 3 Puleva Sin Gluten Sin Lactosa Y Sin Azucares Anadidos Pack 3 Unidades 200 Ml,Despensa,2,True,False,False,True,False
CAT-8160,Piccolinis Jamon Y Queso Buitoni 270 G,Lácteos y Huevos,2,True,False,False,True,False
CAT-8056,Ensalada De Salmon Ahumado Queso De Cabra Y Mango Krissia 160 G,Lácteos y Huevos,2,True,False,False,True,False
CAT-8167,Bebida Refrescante Aromatizada Con Agua Mineral Con Te Sabor Limon Font Vella 115 L,Bebidas,2,True,False,False,True,False
CAT-8329,Preparado De Coco Natural Alpro Sin Gluten Y Sin Lactosa 350 G,Sin categoría,2,True,False,False,True,False
CAT-7915,Colorante En Champu Negro Just For Men 30 Ml,Cuidado personal e Higiene,2,True,False,False,True,False
CAT-8051,Gyozas Con Sucedaneo De Angulas Y Ajo Vici 400 G,Congelados,2,True,False,False,True,False
CAT-8192,Vino Rosado Mencia Alma Atlantica 75 Cl,Bebidas,2,True,False,False,True,False
CAT-8324,Agua Mineral Natural Font Vella Con Toque De Sabor A Manzana Sin Azucar 115 L,Bebidas,2,True,False,False,True,False
CAT-8054,Tarrito De Guisantes Tiernos Con Jamon Cocido Extra Desde 6 Meses Hero Solo Sin Gluten Pack De 6 Unidades De 190 G,Carnicería y Charcutería,2,True,False,False,True,False
CAT-8157,Bebida Lactea Con Cafe Sabor Baileys Nescafe Latte Sin Gluten 205 Ml,Bebidas,2,True,False,False,True,False
CAT-7991,Bebida De Fruta Naranja Y Mango Granini Seleccion Mix Botella 1 L,Bebidas,2,False,False,True,True,False
CAT-8149,Panales Dodot Sensitive T2 4 8 Kg 174 Ud,Bebes,2,True,False,False,True,False
CAT-8050,Gambas Peladas Crudas Ultracongeladas Pescanova 240 G,Pescadería,2,True,False,False,True,False
CAT-8188,Galleta Rellena De Chocolate Con Leche Lotus Biscoff 150 G,Desayuno y Snack,2,True,False,False,True,False
CAT-8255,Gel De Ducha Dermo Aceite Hidratante Para Piel Normal Seca Cuidado Experto Sanex 600 Ml,Cuidado personal e Higiene,2,True,False,False,True,False
CAT-8254,Gel De Ducha Hidratante Protector Cuidado Experto Sanex 850 Ml,Cuidado personal e Higiene,2,True,False,False,True,False
CAT-8252,Gel De Ducha Hidratante Piel Muy Seca Pro Hydrate Cuidado Experto Sanex 600 Ml,Cuidado personal e Higiene,2,True,False,False,True,False
CAT-8087,Champu Para Perros De Pelo Corto Kimbo Instinct 250 Ml,Cuidado personal e Higiene,2,True,False,False,True,False
CAT-8009,Dentifrico Ultra Whitening Himalaya 75 Ml,Cuidado personal e Higiene,2,True,False,False,True,False
CAT-8334,Red Bull Bebida Energetica Melocoton Blanco Lata 25 Cl,Bebidas,2,True,False,False,True,False
CAT-8048,Baguette 1 Ud,Panadería y Pastelería,2,True,False,False,True,False
CAT-8083,Set 8 Vasos De Carton Doble Pared To Go 36 Cl Ripple Wall   Negro,Sin categoría,2,True,False,False,True,False
CAT-8073,Navaja Ultracongelada 400 G,Pescadería,2,True,False,False,True,False
CAT-8249,Monster Energy Lando Norris Bebida Energetica Zero Azucar Lata 500 Ml,Bebidas,2,True,False,False,True,False
CAT-8075,Cerveza Saer Brau Radler Sabor Limon Lata 33 Cl,Bebidas,2,True,False,False,True,False
CAT-8038,Champu Nutricion Profunda Con Aceite De Aguacate Y Manteca De Karite Garnier Original Remedies 400 Ml,Cuidado personal e Higiene,2,True,False,False,True,False
CAT-8049,Barra De Cereales 1 Ud,Panadería y Pastelería,2,True,False,False,True,False
CAT-8100,Comida Humeda En Salsa De Pescados Para Gatos Delices Du Jour Sheba 6 Sobres De 50 G,Despensa,2,True,False,False,True,False
CAT-8099,Comida Humeda En Gelatina Con Salmon Para Gatos Purina Gourmet Revelations 4X57 G,Pescadería,2,True,False,False,True,False
CAT-8189,Aceite Capilar Protector De Queratina Con Vitamina E Repara  Protege Pantene Pro V 100 Ml,Cuidado personal e Higiene,2,True,False,False,True,False
CAT-8111,Arandano Extra En Tarrina 300 G,Frutas y Verduras,2,True,False,False,True,False
CAT-8114,Powerade Ice Storm Bebida Isotonica Botella 1 L,Bebidas,2,True,False,False,True,False
CAT-8116,Patata Mini Selecta 1 Kg,Sin categoría,2,True,False,False,True,False
CAT-8177,Crema Renovadora De Pies Cerave 88 Ml,Sin categoría,2,True,False,False,True,False
CAT-8183,Bebida Espirituosa Altorreal 1 L,Sin categoría,2,True,False,False,True,False
CAT-8251,Gel De Ducha Dermo Pro Hydrate Hidratante Piel Muy Seca Biomeprotect Sanex 850 Ml,Cuidado personal e Higiene,2,True,False,False,True,False
CAT-8443,Tetina Fisiologicas Sx Pro De Silicona De Flujo Denso 6M Suavinex 2 Ud,Sin categoría,2,True,False,False,True,False
CAT-8431,Perfumador Para La Ropa Floral Cherry Blossom Vernel 30 Lavados,Hogar,2,True,False,False,True,False
CAT-8537,Tarrito De Ternera Con Patatas Y Zanahorias Desde Los 6 Meses Nutriben Potitos Sin Gluten 235 G,Carnicería y Charcutería,2,True,False,False,True,False
CAT-1758,Bebida energética Energy Drink Zero,Bebidas,2,True,False,False,True,False
CAT-4804,Comida Humeda Mousse De Pescado Del Oceano Para Gato Adulto Purina Gourmet Gold 85 G,Lácteos y Huevos,2,True,False,False,True,False
CAT-6007,Set 2 Bayetas Suave Vileda Ultra Fresh ,Hogar,2,True,False,False,True,False
CAT-6096,Cocktail De Frutos Secos Sin Cascara Frit Ravich Sin Gluten 160 G,Desayuno y Snack,2,True,False,False,True,False
CAT-8232,Ropa Interior Absorbente Nina Noche Drynites 8 13 Anos 30 48 Kg 13 Ud,Sin categoría,2,True,False,False,True,False
CAT-8227,Papilla Infantil Desde 6 Meses Gerber Multicereales Sin Azucar Anadido 510 G,Despensa,2,True,False,False,True,False
CAT-8193,Bombones Helados De Frambuesa Banada En Chocolate Blanco Y Negro Franui Sin Gluten 150 G,Congelados,2,True,False,False,True,False
CAT-8194,Bombones Helados De Frambuesa Banada En Chocolate Blanco Y Con Leche Franui Sin Gluten 150 G,Congelados,2,True,False,False,True,False
CAT-8215,Pienso De Pollo Para Gato Adulto Ultima Cat 75 Kg,Carnicería y Charcutería,2,True,False,False,True,False
CAT-8243,Tipp Ex Mini Bic Pocket Mouse 2Ud  Regalo 1 Ud,Sin categoría,2,True,False,False,True,False
CAT-8244,Ropa Interior Absorbente Nina Noche Drynites 4 7 Anos 17 30 Kg 16 Ud,Sin categoría,2,True,False,False,True,False
CAT-8270,Chupete Con Tetina Anatomica Sx Pro De Silicona 0 6 Meses Suavinex 2 Ud,Sin categoría,2,True,False,False,True,False
CAT-8271,Pienso  Tracto Urinario De Pollo Y Verduras Para Gato Adulto Ultima Cat 750 G,Carnicería y Charcutería,2,True,False,False,True,False
CAT-8263,Leche Infantil Para Lactantes En Polvo Nutriben Confort Lata 800 G,Bebes,2,True,False,False,True,False
CAT-8294,Crujientes Cordon Bleu Valsoia 220 G,Sin categoría,2,True,False,False,True,False
CAT-8275,Bolsita De Tutti Frutti Nestle Crazy Fruits Sin Azucar Anadido 110 G,Despensa,2,True,False,False,True,False
CAT-8298,Alitas De Pollo Marinadas Sabor Barbacoa La Cocinera 300 G,Carnicería y Charcutería,2,True,False,False,True,False
CAT-8293,Filete De Dorada Con Piel Congelado Aligator 180 G,Pescadería,2,True,False,False,True,False
CAT-8304,Comida Humeda Seleccion De Carnes Para Gatos Esterilizados Adultos Ultima 85X4 G,Mascotas,2,True,False,False,True,False
CAT-8327,Rejilla Para Freidora De Aire 3 Niveles En Acero Inoxidable Masterpro Foodies,Sin categoría,2,True,False,False,True,False
CAT-8345,Gel Stick De Arnica Y Arpagofito Arnidol 15 Ml,Sin categoría,2,True,False,False,True,False
CAT-8556,Leche Fermentada Con Levaduras Y Granulos De Kefir Nestle 375 G,Despensa,2,True,False,False,True,False
CAT-8318,Pasta Con Salmon Salvaje Y Salsa De Hierbas Aromaticas Ecologico Hipp 250 G,Despensa,2,True,False,False,True,False
CAT-8341,Nuggets Con Queso Recetas Crujientes La Cocinera 350 G,Lácteos y Huevos,2,True,False,False,True,False
CAT-8582,Pasta Plumas N6 Gallo 1 Kg,Despensa,2,True,False,False,True,False
CAT-8313,Pienso De Pollo Para Perro Mini Dream Excellence 15 Kg,Carnicería y Charcutería,2,True,False,False,True,False
CAT-8291,Crema Desodorante Sin Pefume Gisle Denis 100 Ml,Cuidado personal e Higiene,2,True,False,False,True,False
CAT-8312,Pienso De Salmon Para Perro Mediano Grande Dream Excellence 3 Kg,Pescadería,2,True,False,False,True,False
CAT-8374,Parches Topicos Efecto Forte Alivium Cbd 6 Ud,Sin categoría,2,True,False,False,True,False
CAT-8391,Helado De Pistacho Con Almendra Kataifi Y Chocolate Ebbany Quality Product 520 Ml,Desayuno y Snack,2,True,False,False,True,False
CAT-8567,Pienso De Pollo Sin Cereales Con Frutas Y Verduras Para Perro Senior Miguau 3 Kg,Carnicería y Charcutería,2,True,False,False,True,False
CAT-8389,Helado Pirulo Fantasmikos Nestle Sin Gluten 15 Ud,Bebidas,2,True,False,False,True,False
CAT-8656,Dilyte Bebida Isotonica Hidrante Con Electrolitos Sabor Blueberry Botella 65 Cl,Bebidas,2,True,False,False,True,False
CAT-8493,Bodyarmor Lyte Bebida Isotonica Sandia Botella 575 Ml,Bebidas,2,True,False,False,True,False
CAT-8660,Uva Blanca Sin Pepitas El Mercado 500 G Aprox,Sin categoría,2,True,False,False,True,False
CAT-8355,Panales Extra Care Huggies T5 11 25 Kg 50 Ud,Bebes,2,True,False,False,True,False
CAT-8688,Manzana Evelina Perlim 1 Kg Aprox,Sin categoría,2,True,False,False,True,False
CAT-8378,Cocktail De Frutos Secos Sin Cascara Frit Ravich Sin Gluten 300 G,Desayuno y Snack,2,True,False,False,True,False
CAT-8403,Preparado Lacteo Infantil De Crecimiento Desde 24 Meses En Polvo Nestle Nidina 4 Lata 800 G,Sin categoría,2,True,False,False,True,False
CAT-8570,Pienso De Salmon Sin Cereales Con Frutas Y Verduras Para Perro Adulto Miguau 15 Kg,Pescadería,2,True,False,False,True,False
CAT-8381,Salchichas Jumbo De Queso Con Bacon Oscar Mayer Sin Gluten 335 G,Lácteos y Huevos,2,True,False,False,True,False
CAT-8472,Comida Humeda Sabor Atun Para Gato Adulto Purina Gourmet 4X57 G,Mascotas,2,True,False,False,True,False
CAT-8626,Pechuga De Pavo Cocida Campofrio Natur Arte 105 G,Carnicería y Charcutería,2,True,False,False,True,False
CAT-8547,Snack De Mariscos Para Gato Churu 20X14 G,Pescadería,2,True,False,False,True,False
CAT-8517,Sofresh Sensation Bebida Isotonica Sabor Citricos Lata 33 Cl,Bebidas,2,True,False,False,True,False
CAT-8748,Berlina Hoops Party 1 Ud,Sin categoría,2,True,False,False,True,False
CAT-8361,Colutorio Encias Vitis 500 Ml,Cuidado personal e Higiene,2,True,False,False,True,False
CAT-8385,Jamon Cocido Extra Sin Fosfatos Bonnatur Argal Al Corte 150 G Aprox,Carnicería y Charcutería,2,True,False,False,True,False
CAT-8494,Bodyarmor Lyte Bebida Isotonica Coco  Limon Botella 575 Ml,Bebidas,2,True,False,False,True,False
CAT-8474,Agua Termal Avne 50 Ml,Cuidado personal e Higiene,2,True,False,False,True,False
CAT-8406,Bolsita De Manzana Y Fresa Goodies Sin Azucar Pack 4 Unidades 100 G,Despensa,2,True,False,False,True,False
CAT-8366,Dentifrico Sensitive Professional Elmex 75 Ml,Cuidado personal e Higiene,2,True,False,False,True,False
CAT-8426,Aperitivo De Maiz Risketos Risi Sin Gluten 120 G,Desayuno y Snack,2,True,False,False,True,False
CAT-8409,Snacks Infantil Pizza Dino Puffs Goodies 30 G,Congelados,2,True,False,False,True,False
CAT-8364,Comida Humeda De Carne Para Gato Adulto Perfect Fit 4X85 G,Mascotas,2,True,False,False,True,False
CAT-8358,Gasas Bebe Para Limpieza De Ojos Y Cara Dytas 100 Ud,Cuidado personal e Higiene,2,True,False,False,True,False
CAT-8386,Aposito Liquido Mimetik Beter 15 G,Cuidado personal e Higiene,2,True,False,False,True,False
CAT-8401,Paleta Gran Reserva Ibersierra Sin Gluten Y Sin Lactosa 120 G,Sin categoría,2,True,False,False,True,False
CAT-8407,Snacks Infantil Bbq Crocodile Puffs Goodies 30 G,Sin categoría,2,True,False,False,True,False
CAT-8408,Snacks Infantil Queso Y Cebolla Dino Puffs Goodies 30 G,Lácteos y Huevos,2,True,False,False,True,False
CAT-8424,Gusanitos Risi Sin Gluten 85 G,Desayuno y Snack,2,True,False,False,True,False
CAT-8412,Leche Infantil De Continuacion Desde 6 Meses Puleva Peques 2 Brik 1 L,Bebes,2,True,False,False,True,False
CAT-8457,Leche Infantil Para Lactantes En Polvo Danone Bledina 1 Lata 800 G,Lácteos y Huevos,2,True,False,False,True,False
CAT-8461,Panales Dodot Activity T5 12 17Kg 126 Ud ,Bebes,2,True,False,False,True,False
CAT-8484,Panecillo 6 Semillas 1 Ud,Sin categoría,2,True,False,False,True,False
CAT-8523,Crema Solar Spf50 Fusion Water Magic Light Isdin 50 Ml,Sin categoría,2,True,False,False,True,False
CAT-8524,Crema Solar Spf50 Fusion Water Magic Indin 50 Ml,Sin categoría,2,True,False,False,True,False
CAT-8550,Chupete De Silicona Anatomico Ultra Air Nighttimenuit Philips Avent 2 Ud,Sin categoría,2,True,False,False,True,False
CAT-8516,Sofresh Sensation Bebida Isotonica Sabor Naranja Lata 33 Cl,Bebidas,2,True,False,False,True,False
CAT-8543,Vitakraft Menu Aroma Para Cobayas 3Kg,Mascotas,2,True,False,False,True,False
CAT-8553,Chupete De Silicona Anatomico Ultra Air Nighttime Philips Avent 2 Ud,Sin categoría,2,True,False,False,True,False
CAT-8554,Chupete De Silicona Anatomico Ultra Air Nighttime Philips Avent 2 Ud,Sin categoría,2,True,False,False,True,False
CAT-8557,Chupete De Silicona Anatomico Ultra Start Philips Avent 2 Ud,Sin categoría,2,True,False,False,True,False
CAT-8560,Chupete De Silicona Anatomico Ultra Air Philips Avent 2 Ud,Sin categoría,2,True,False,False,True,False
CAT-8561,Chupete De Silicona Anatomico Ultra Air Philips Avent 2 Ud,Sin categoría,2,True,False,False,True,False
CAT-8588,Filete De Lomo De Cerdo Xxl El Mercado 15 Kg Aprox,Carnicería y Charcutería,2,True,False,False,True,False
CAT-8367,Dentifrico Con Fluor Infantil 0 6 Anos Elmex 50 Ml,Cuidado personal e Higiene,2,True,False,False,True,False
CAT-8370,Dentifrico Proteccion Avanzada Caries Profesional Elmex 75 Ml,Cuidado personal e Higiene,2,True,False,False,True,False
CAT-8372,Dentifrico Junior Elmex 75 Ml ,Cuidado personal e Higiene,2,True,False,False,True,False
CAT-8540,Colutorio Sequedad Oral Xerostomia Y Equilibrante Salival Xerolacer 500 Ml,Cuidado personal e Higiene,2,True,False,False,True,False
CAT-8427,Vinagre De Limpieza Con Jabon Natural Aroma Limon Disiclin 750 Ml,Cuidado personal e Higiene,2,True,False,False,True,False
CAT-8681,Bombon Helado De Fresa Con Chocolate Schofrulade 130 G,Congelados,2,True,False,False,True,False
CAT-2205,Gamuzas atrapa polvo,Hogar,2,True,False,False,True,False
CAT-8777,Crema Fijadora Para Protesis Dentales Sin Sabor Polident 40 G,Sin categoría,2,True,False,False,True,False
CAT-8855,Perfumador Liquido Para Ropa Pink Asevi 720 Ml,Sin categoría,2,True,False,False,True,False
CAT-8769,Lomo De Salmon El Mercado Pack De 3 Unidades De 100 G,Pescadería,2,True,False,False,True,False
CAT-6102,Tarrito De Yogur Natural Desde 6 Meses Hero Baby Sin Gluten Pack De 2 Unidades 120 G,Lácteos y Huevos,2,True,False,False,True,False
CAT-6274,Galleta Cookie Doble Chocolate 1 Ud,Desayuno y Snack,2,True,False,False,True,False
CAT-8584,Pizza Espinacas Buitoni 195 G,Congelados,2,True,False,False,True,False
CAT-8585,Pizza Burguer Buitoni 195 G,Congelados,2,True,False,False,True,False
CAT-8618,Menu Aroma Para Conejos Enanos 5 Kg,Sin categoría,2,True,False,False,True,False
CAT-8624,Panuelos Allergy Kleenex Caja De 56 Ud,Sin categoría,2,True,False,False,True,False
CAT-8630,Tapones Para Los Oidos De Silicona Noton Aqua Sport 6 Ud,Sin categoría,2,True,False,False,True,False
CAT-8612,Cerveza Saer Brau Sin Alcohol Pack De 6 Botellas De 25 Cl,Bebidas,2,True,False,False,True,False
CAT-8617,Gaseosa La Casera Limon 0 Calorias Y Azucares Lata 33 Cl,Bebidas,2,True,False,False,True,False
CAT-8629,Papilla Infantil Desde 6 Meses Nestle 8 Cereales Sin Azucar Anadido Ni Producidos 570 G,Despensa,2,True,False,False,True,False
CAT-8607,Comida Humeda Surtido De Carne En Salsa Para Gato Adulto Purina Gourmet Gold 12X85 G,Despensa,2,True,False,False,True,False
CAT-8597,Tarrito De Arroz Con Pollo Desde 6 Meses Hero Solo Sin Gluten Pack De 6 Unidades De 235 G,Despensa,2,True,False,False,True,False
CAT-8605,Detergente En Liquido Limpieza Profunda Higiene  Antiolores Wipp Express 60 Lavados,Hogar,2,True,False,False,True,False
CAT-8606,Detergente En Liquido Limpieza Profunda Wipp Express 60 Lavados,Hogar,2,True,False,False,True,False
CAT-8608,Comida Humeda Surtido De Carnes Para Gato Adulto Purina Gourmet Gold Doble Placer 12X85 G,Mascotas,2,True,False,False,True,False
CAT-8595,Gotas Para Los Ojos Secos Hidratantes Pharmaset 10 Ml,Cuidado personal e Higiene,2,True,False,False,True,False
CAT-8653,Cerveza Rubia Heineken Lager Pack 12 Botellas 25 Cl,Bebidas,2,True,False,False,True,False
CAT-8934,Helado Mini Sandwich De Nata Classic Maxibon 5 Ud,Congelados,2,True,False,False,True,False
CAT-8641,Zumo Paraiso Original Bifrutas Pack De 3 Briks 330 Ml,Bebidas,2,True,False,False,True,False
CAT-8642,Zumo Pacifico Original Bifrutas Pack De 3 Briks De 33 Cl,Bebidas,2,True,False,False,True,False
CAT-8643,Zumo Mediterraneo Original Bifrutas Pack De 6 Briks De 20 Cl,Bebidas,2,True,False,False,True,False
CAT-8640,Tabletas Limpiadoras Para Ortodoncias Y Ferulas Corega 36 Ud,Hogar,2,True,False,False,True,False
CAT-8646,Pienso De Buey Para Gato Adulto Brekkies Excel 35 Kg,Mascotas,2,True,False,False,True,False
CAT-8647,Pienso De Pescado Para Gato Adulto  Brekkies Excel  35 Kg,Mascotas,2,True,False,False,True,False
CAT-8667,Papel Higienico Deluxe Xxl Colhogar 36 Rollos,Bazar y Varios,2,True,False,False,True,False
CAT-8651,Crackers De Tomate Desde 12 Meses Ecologico Nestle 100 G,Desayuno y Snack,2,True,False,False,True,False
CAT-8716,Recambio 100 Hojas 210X297 Mm 4X4M 7 Gr,Sin categoría,2,True,False,False,True,False
CAT-8921,Helado De Pistacho Pints Signature Magnum 311 G,Desayuno y Snack,2,True,False,False,True,False
CAT-8747,Estuche De 2 Botellas De Vino Tinto Roble Protos Do Ribera Del Duero 75 Cl,Bebidas,2,True,False,False,True,False
CAT-8899,Jamon Cocido Extra En Lonchas Campofrio Finissimas Sin Gluten Y Sin Lactosa 170 G,Carnicería y Charcutería,2,True,False,False,True,False
CAT-8838,Helado Bombon Creamy Strawberry Hagen Dazs Sin Gluten 3 Ud,Congelados,2,True,False,False,True,False
CAT-8870,Papilla Infantil Desde 6 Meses Cereales Integrales Muticereales Ecologico Hipp Biologico Sin Lactosa 400 G,Bebes,2,True,False,False,True,False
CAT-8770,Lomo De Salmon Noruego El Mercado Pack De 2 Unidades De 125 G,Pescadería,2,True,False,False,True,False
CAT-8682,Bombon Helado De Frambuesa Con Chocolate Blanco Schofrulade 130 G,Congelados,2,True,False,False,True,False
CAT-8766,Pastel Con Cobertura Al Cacao Clasicos Donettes 8 Ud,Desayuno y Snack,2,True,False,False,True,False
CAT-8827,Sopa Liquida Con Salmon Para Gato Soup Royale Purina Gourmet 45 G,Conservas y Enlatados,2,True,False,False,True,False
CAT-8898,Pechuga De Pavo Braseado En Lonchas Campofrio Finissimas Sin Gluten Y Sin Lactosa 165 G,Carnicería y Charcutería,2,True,False,False,True,False
CAT-8883,Helado Mochi Sabor Pistacho Little Moons Sin Gluten 6 Ud,Desayuno y Snack,2,True,False,False,True,False
CAT-8684,Bombon Helado De Banana Con Chocolate Schofrulade 130 G,Congelados,2,True,False,False,True,False
CAT-8690,Pizza Funghi Forno Di Pietra Buitoni 350 G,Congelados,2,True,False,False,True,False
CAT-8859,Pepsi Pack De 4 Botellas De 175 L,Bebidas,2,True,False,False,True,False
CAT-8691,Pizza Spinaci Forno Di Pietra Buitoni 360 G,Congelados,2,True,False,False,True,False
CAT-8699,Pienso De Pollo Fresco Para Gatos Junior Frutas Y Verduras Dream Excellence 15 Kg,Carnicería y Charcutería,2,True,False,False,True,False
CAT-8701,Pienso Esterilizado De Pollo Fresco Para Gatos Adultos Frutas Y Verduras Dream Excellence 15 Kg,Carnicería y Charcutería,2,True,False,False,True,False
CAT-8702,Pienso De Pollo Fresco Para Gatos Senior Frutas Y Verduras Dream Excellence 15 Kg,Carnicería y Charcutería,2,True,False,False,True,False
CAT-8700,Pienso Esterilizado De Salmon Fresco Para Gatos Adultos Frutas Y Verduras Dream Excellence 15 Kg,Pescadería,2,True,False,False,True,False
CAT-8730,Goma Basica Grande Negra Ponette 8 Ud,Sin categoría,2,True,False,False,True,False
CAT-8734,Fresa Y Platano Congelado Besmoothie Energy La Cuerva 300 G,Bebidas,2,True,False,False,True,False
CAT-8664,Desodorante En Spray Black Fresh Axe 150 Ml,Cuidado personal e Higiene,2,True,False,False,True,False
CAT-8731,Set 8 Hermeticos De Vidrio,Sin categoría,2,True,False,False,True,False
CAT-8650,Dentifrico Menta Cristalina Max White Colgatge 75 Ml,Cuidado personal e Higiene,2,True,False,False,True,False
CAT-8881,Helado Mochi Sabor Tropical Little Moons 6 Ud,Congelados,2,True,False,False,True,False
CAT-8923,Helado Bombon De Almendras Vegano Magnum Sin Gluten 3 Uds,Congelados,2,True,False,False,True,False
CAT-8733,Mora Congelada La Cuerva 300 G,Sin categoría,2,True,False,False,True,False
CAT-8741,Tarrito De Crema Suave De Calabaza Y Queso Desde 6 Meses Nutriben Potitos Sin Gluten 235 G,Lácteos y Huevos,2,True,False,False,True,False
CAT-8742,Solomillo De Pollo Congelado Luxus 700 G,Carnicería y Charcutería,2,True,False,False,True,False
CAT-8869,Protegeslip Cotton Flexiform Sin Fragancia Carefree 56 Ud,Sin categoría,2,True,False,False,True,False
CAT-8737,Arandano Natural Congelado La Cuerva 300 G,Frutas y Verduras,2,True,False,False,True,False
CAT-8765,Tortitas De Maiz Bicentury Sin Gluten 130 G,Sin categoría,2,True,False,False,True,False
CAT-8794,Queso Rulo De Cabra Sant Maure 180 G,Lácteos y Huevos,2,True,False,False,True,False
CAT-8831,Queso Latino Goya 300 G,Lácteos y Huevos,2,True,False,False,True,False
CAT-8839,Helado Strawberry Mochi Haagen Dazs 349 G,Congelados,2,True,False,False,True,False
CAT-8891,Comida Humeda Estofado De Ternera Para Perros Cocosi 280 G,Carnicería y Charcutería,2,True,False,False,True,False
CAT-8830,Toallitas Para Bebe Dodot 240 Ud,Bebes,2,True,False,False,True,False
CAT-8938,Helado Bombon De Chocolate Blanco Con Arandanos Nuii Sin Gluten 3 Ud,Congelados,2,True,False,False,True,False
CAT-8882,Mochi Helado Sabor Frambuesa Little Moons Sin Gluten 6 Ud,Congelados,2,True,False,False,True,False
CAT-8863,Baguette Vienesa 4 Ud,Panadería y Pastelería,2,True,False,False,True,False
CAT-8894,Jamon Curado Reserva En Lonchas Ibersierra Sin Gluten Y Sin Lactosa 180 G,Carnicería y Charcutería,2,True,False,False,True,False
CAT-8889,Comida Humeda Estofado De Pato Para Perros Cocosi 280 G,Mascotas,2,True,False,False,True,False
CAT-8902,Chopped Pork En Lonchas Campofrio Sin Gluten 95 G,Sin categoría,2,True,False,False,True,False
CAT-8928,Helado Cono De Pistacho Cornetto 4 Ud,Desayuno y Snack,2,True,False,False,True,False
CAT-8918,Set 3 Bayetas Multiusos Microfibra Bayeco ,Hogar,2,True,False,False,True,False
CAT-8925,Helado Bombon Peach Signature Magnum 3 Uds,Congelados,2,True,False,False,True,False
CAT-8752,Champu Anticaspa Caspa Grasa Pilexil 300 Ml,Cuidado personal e Higiene,2,True,False,False,True,False
CAT-8753,Champu Anticaspa Caspa Seca Pilexil 300 Ml,Cuidado personal e Higiene,2,True,False,False,True,False
CAT-8662,Desodorante En Spray Dark Temptation Fresh Axe 150 Ml,Cuidado personal e Higiene,2,True,False,False,True,False
CAT-5635,Cafe Latte Light Kaiku Sin Gluten Y Sin Lactosa 230 Ml,Desayuno y Snack,2,True,False,False,True,False
CAT-4402,Gafa Presbicia Cuadrada Circular 100 Colores Varios 1 Ud,Sin categoría,2,True,False,False,True,False
CAT-1393,Friegasuelos Classic concentrado,Hogar,2,True,False,False,True,False
CAT-1470,Enjuague bucal Fresh 0% alcohol,Cuidado personal e Higiene,2,True,False,False,True,False
CAT-1805,Filetes de caballa del sur en aceite de oliva,Conservas y Enlatados,2,True,True,False,False,False
CAT-2104,Calamar en salsa americana,Conservas y Enlatados,2,True,True,False,False,False
CAT-2155,Piña en su jugo rodajas,Conservas y Enlatados,2,True,True,False,False,False
CAT-2519,Compresa con alas normal Evax cotton like,Cuidado personal e Higiene,2,True,False,False,True,False
CAT-2607,Bebida de naranja sin azúcares añadidos,Bebidas,2,True,True,False,False,False
CAT-2621,Ambientador Spa armarios y cajones,Hogar,2,True,False,False,True,False
CAT-3015,Buey de mar cocido congelado,Congelados,2,True,False,False,True,False
CAT-3114,Chorizo sarta picante extra de León,Carnicería y Charcutería,2,True,False,False,True,False
CAT-3215,Ampollas tratamiento intensivo Repara & Protege Pantene cabello dañado,Cuidado personal e Higiene,2,True,True,False,False,False
CAT-5658,Detergente Liquido Frescor Sensaciones Ariel 40 Lavados,Hogar,2,True,False,False,True,False
CAT-3154,Atún claro en aceite de girasol,Conservas y Enlatados,2,True,True,False,False,False
CAT-5355,Lecho Vegetal Clean Higienico De Maiz Vitakraft 8 L,Mascotas,2,True,False,False,True,False
CAT-4830,Queso De Vaca Havarti De Barra En Lonchas Arla 220 G Aprox,Lácteos y Huevos,2,True,False,False,True,False
CAT-4435,Cerveza Cruzcampo Shandy Sabor Limon Pack 6 Botellas 25 Cl,Bebidas,2,True,False,False,True,False
CAT-4819,Tarrito De Jardinera De Ternera Desde 6 Meses Nestle Sin Gluten 190 G,Carnicería y Charcutería,2,True,False,False,True,False
CAT-5452,Canelones De Carne Price 300 G,Sin categoría,2,True,False,False,True,False
CAT-4701,Papilla Infantil Desde 6 Meses 8 Cereales Sin Azucar Anadido Nutriben Sin Aceite De Palma 1 Kg,Despensa,2,True,False,False,True,False
CAT-5752,Tonica Fever Tree Light Botella 20 Cl,Bebidas,2,True,False,False,True,False
CAT-5128,Set 3 Bayetas Suave Multiusos Microfibras Vileda Suave Ultra Fresh,Hogar,2,True,False,False,True,False
CAT-5758,San Jacobo Empanado El Mercado Sin Gluten 340 G,Congelados,2,True,False,False,True,False
CAT-8764,Gel Champu Bano Suave Suavinex 750 Ml,Cuidado personal e Higiene,2,True,False,False,True,False
CAT-5145,Set De 3 Filtros De Agua Brita Maxtra Pro ,Sin categoría,2,True,False,False,True,False
CAT-5686,Piezas Mediterraneas 100 Vegetal Sensational Garden Gourmet 160 G,Sin categoría,2,True,False,False,True,False
CAT-5084,Ron Bacardi Carta Blanca 70 Cl,Bebidas,2,True,False,False,True,False
CAT-4730,Pack Morcilla Burgos Rios 600 G Aprox,Sin categoría,2,True,False,False,True,False
CAT-5372,Jamon Cocido Extra En Lonchas 1954 Premium Gourmet Elpozo Sin Gluten Y Sin Lactosa 130 G,Carnicería y Charcutería,2,True,False,False,True,False
CAT-5200,Pienso De Salmon Y Atun Para Gatos Esterilizados Purina One 15 Kg,Pescadería,2,True,False,False,True,False
CAT-4430,Baguetinas Pan Maheso Pack De 4 Unidades De 125 G,Panadería y Pastelería,2,True,False,False,True,False
CAT-5472,Comida Humeda De Ave Para Gato Whiskas 4X85 G,Bebidas,2,True,False,False,True,False
CAT-3549,Limpiador Baños en gel,Hogar,2,True,True,False,False,False
CAT-7474,Preparado Vegetariano A Base De Proteinas De Soja Y Trigo Classic Filet Garden Gourmet 150 G,Sin categoría,2,True,False,False,True,False
CAT-8760,Locion Hidratante Corporal Suavinex 750 Ml,Sin categoría,2,True,False,False,True,False
CAT-4396,Limpiador Vitroceramicas En Crema Naranja Ecologico Frosch 500 Ml,Hogar,2,True,False,False,True,False
CAT-4677,Set 3 Sartenes De Aluminio Prensado Para Induccion Con  Mango Bakelita San Ignacio 18 22 26 Cm   Cobre,Sin categoría,2,True,False,False,True,False
CAT-5697,Apositos Repara Ampollas Salvelox 5 Ud,Cuidado personal e Higiene,2,True,False,False,True,False
CAT-4824,Comida Humeda Finas Laminas Duo Carnes Para Gato Adulto  Gourmet Perle  4X85 G,Mascotas,2,True,False,False,True,False
CAT-3573,Limpiador Vitrocerámicas 3 en,Hogar,2,True,False,False,True,False
CAT-4928,Set 2 Estropajos Fibra Clasica Scotch Brite,Hogar,2,True,False,False,True,False
CAT-3389,Compresa sin alas de incontinencia Maxi,Cuidado personal e Higiene,2,True,True,False,False,False
CAT-4836,Langostino Cocido Congelado 3040 Ud Pescatrade 900 G,Pescadería,2,True,False,False,True,False
CAT-5334,Chupete Con Tetina Fisiologica Sx Pro De Silicona 6 18 Meses Suavinex 2 Ud,Sin categoría,2,True,False,False,True,False
CAT-4379,Granada A Granel 1 Kg Aprox,Frutas y Verduras,2,True,False,False,True,False
CAT-5495,Purina Felix Snacks Para Gatos Party Mix Seaside Mix 200G,Mascotas,2,True,False,False,True,False
CAT-5490,Chocolate Con Leche De Los Alpes Milka 125 G,"Azúcar, caramelos y chocolate",2,True,False,False,True,False
CAT-5283,Tarrito De Calabaza Patata Guisante Y Brocoli Desde 6 Meses  Ecologico Hero Solo Sin Gluten 190 G,Frutas y Verduras,2,True,False,False,True,False
CAT-4905,Pienso De Pollo Y Trigo Para Gatos Esterilizados Purina One 28  Kg,Carnicería y Charcutería,2,True,False,False,True,False
CAT-4882,Corazones De Alcachofa Troceados Findus 300 G,Frutas y Verduras,2,True,False,False,True,False
CAT-8893,Leche Infantil De Continuacion Desde 6 Meses En Polvo Blemil Confort Evolution2 Lata 800 G,Bebes,2,True,False,False,True,False
CAT-5406,Queso Mozzarella Di Bufala Campana Galbani 125 G,Lácteos y Huevos,2,True,False,False,True,False
CAT-6107,Acondicionador Nutri Rizos Para Cabello Rizado U Ondulado Garnier Fructis 250 Ml,Cuidado personal e Higiene,2,True,False,False,True,False
CAT-8861,Propolis Con Miel Zinc Y Vit C Sabor Limon Y Miel En Pastillas Blandas Juanola Sin Gluten 24 Ud,Desayuno y Snack,2,True,False,False,True,False
CAT-8814,Spray De Propolis Y Equinaea Pronutri Sin Gluten Y Sin Azucar Anadido 20 Ml,Bebidas,2,True,False,False,True,False
CAT-5311,Estropajo Con Esponja Soft Bano Flexible Scotch Brite,Hogar,2,True,False,False,True,False
CAT-8812,Jalea Defensas Pronutri Sin Gluten Y Sin Azucar Anadido 12 Ud,Bebidas,2,True,False,False,True,False
CAT-8892,Pienso De Buey Para Perro Adulto Brekkies Excel 725 Kg,Mascotas,2,True,False,False,True,False
CAT-8888,Comida Semihumeda Sabor Pollo Para Perros Cocosi 200 G,Carnicería y Charcutería,2,True,False,False,True,False
CAT-8850,Dentifrico Proteccion Anticaries Protege Encias Con Fluor Y Calcio Sabor Menta Para Ninos 6 Anos Junior Lacer 75 Ml,Cuidado personal e Higiene,2,True,False,False,True,False
CAT-8817,Cola De Caballo Pronutri Sin Gluten 30 Ud,Bebidas,2,True,False,False,True,False
CAT-4558,Compresas Super Con Alas Cottonlike Evax 24 Ud,Cuidado personal e Higiene,2,True,False,False,True,False
CAT-8822,Complemento Multivitaminico Pronutri 30 Ud,Bebidas,2,True,False,False,True,False
CAT-5727,Tinto De Verano Con Limon Sin Alcohol Don Simon Botella 15 L,Sin categoría,2,True,False,False,True,False
CAT-8816,Triptofano Con Ashawanda Pronutri Sin Gluten 30 Ud,Bebidas,2,True,False,False,True,False
CAT-8849,Dentifrico Proteccion Anticaries Con Fluor Y Calcio Sabor Fresa Para Ninos 6 Meses Infantil Lacer 75 Ml,Cuidado personal e Higiene,2,True,False,False,True,False
CAT-8785,Crema Forte Facial Atopicontrol Eucerin 50 Ml,Sin categoría,2,True,False,False,True,False
CAT-8806,Valeriana Pronutri Sin Gluten 30 Ud,Bebidas,2,True,False,False,True,False
CAT-4325,Snacks De Cereales Con Platano Desde 8 Meses Ecologico Gerber Sin Azucar Anadido 35 G,Despensa,2,True,False,False,True,False
CAT-4301,Pizza Salami Ligeramente Picante Forno Di Pietra Buitoni 300 G,Congelados,2,True,False,False,True,False
CAT-5384,Mini Bombon Helado Clasico Almendras Y Chocolate Blanco Magnum Sin Gluten 6 Ud,Congelados,2,True,False,False,True,False
CAT-5122,Desodorante En Spray Aqua Bergamot Axe 150 Ml,Cuidado personal e Higiene,2,True,False,False,True,False
CAT-4777,Vino Tinto Roble Tempranillo Cune Do Ribera Del Duero 75 Cl,Bebidas,2,True,False,False,True,False
CAT-5005,Bollito Con Pepitas De Chocolate Abuelo Bread Sin Gluten Y Sin Lactosa 60 G,"Azúcar, caramelos y chocolate",2,True,False,False,True,False
CAT-5039,Tonico Capilar Azul Ronquina Kesmar 1 L,Bebidas,2,True,False,False,True,False
CAT-5045,Batido Vainilla Fuerza Y Vitalidad Meritene Sin Gluten 15 Sobres,Lácteos y Huevos,2,True,False,False,True,False
CAT-5011,Papilla Infantil Desde 6 Meses 8 Cereales Nutriben Innova Zero 500 G,Bebes,2,True,False,False,True,False
CAT-5095,Cepillo Interdental Nano Interprox 6 Ud,Cuidado personal e Higiene,2,True,False,False,True,False
CAT-5111,Serum Liposomado C Vit 5 Sesderma 30 Ml,Sin categoría,2,True,False,False,True,False
CAT-5266,Bruma Protectora Anti Arena Spf50 Ninos Sensitive Advanced Garnier Delial 150 Ml,Sin categoría,2,True,False,False,True,False
CAT-5238,Whisky Jack Daniels Con Coca Cola Lata 33 Cl,Bebidas,2,True,False,False,True,False
CAT-5292, Detergente En Liquido Limpio Y Liso Wipp Express 43 Lavados,Hogar,2,True,False,False,True,False
CAT-5272,Suavizante Concentrado Azul Flor Elixir 63 Lavados,Hogar,2,True,False,False,True,False
CAT-5300,Almejones Al Natural Dani 63 G,Pescadería,2,True,False,False,True,False
CAT-6296,Gel De Ducha Talco Malizia 1000 Ml,Cuidado personal e Higiene,2,True,False,False,True,False
CAT-5317,Nachos Rellenos De Queso Fripozo 250 G,Lácteos y Huevos,2,True,False,False,True,False
CAT-5361,Rizos Sabor Queso Cheetos 100 G,Lácteos y Huevos,2,True,False,False,True,False
CAT-5366,Pan De Perrito 6 Ud 330 G,Panadería y Pastelería,2,True,False,False,True,False
CAT-5389,Prime Ice Pop Bebida Isotonica Botella 50 Cl,Bebidas,2,True,False,False,True,False
CAT-5394,2 Estropajo 3Capas Universal No Raya  Scotch Brite   Gris,Hogar,2,True,False,False,True,False
CAT-5306,Champu Revitalizante Resist Plus Con Arginina Cabellos Fragiles Science Les Cosmetiques 400 Ml,Cuidado personal e Higiene,2,True,False,False,True,False
CAT-5435,Tarrito De Verduras Con Garbanzos Desde 6 Meses Ecologico Natube Sin Gluten 220 G,Despensa,2,True,False,False,True,False
CAT-5429,Champu Fortificante Anticaspa Para Cabello Normal Garnier Fructis 360 Ml,Cuidado personal e Higiene,2,True,False,False,True,False
CAT-5470,Langostinos Pink Ultracongelado Caja De 500 G,Pescadería,2,True,False,False,True,False
CAT-5798,Champu Anticaspa Cabello Normal Graso Tgel Neutrogena Pack De 2 Unidades De 250 Ml ,Cuidado personal e Higiene,2,True,False,False,True,False
CAT-5569,Queso Tierno En Porciones Mini Babybel 120 G,Lácteos y Huevos,2,True,False,False,True,False
CAT-5050,Pasta Fideo N0 Gallo 400 G,Cuidado personal e Higiene,2,True,False,False,True,False
CAT-5552,Insecticida Liquido Electrico Antimosquitos Comunes Y Tigres Aparato Y Recambio Raid 3 Ud,Cuidado personal e Higiene,2,True,False,False,True,False
CAT-5593,Zumo De Frutas Del Bosque Sunny Delight Blue Botella 125 L,Bebidas,2,True,False,False,True,False
CAT-5647,Mimos De Merluza Congelados Pescanova 360 G,Pescadería,2,True,False,False,True,False
CAT-5781,Comida Humeda De Pollo Y Buey En Salsa Microbioma Intestinal Equilibrado Para Perro Mini Purina One Mini Microbiome 4X85 G,Despensa,2,True,False,False,True,False
CAT-5839,Snack De Bacon Para Perros Purina Friskies Bon Bacon 120 G,Carnicería y Charcutería,2,True,False,False,True,False
CAT-6014,Discos Wc Activos Inodoros Frescor Marino Recambio Pato 2 Ud,Sin categoría,2,True,False,False,True,False
CAT-5980,Galletas Infantiles Desde 10 Meses Nestle Pequegalletas Sin Aceite De Palma 180 G,Desayuno y Snack,2,True,False,False,True,False
CAT-6676,Antical Para Lavadora En Gel Power Gel Calgon 750 Ml,Hogar,2,True,False,False,True,False
CAT-6002,Snack Con Manzana Y Platano Ecologico Smileat Sin Gluten 25 G,Frutas y Verduras,2,True,False,False,True,False
CAT-7309,Bolsita De Frutas Variadas Desde 6 Meses Ecologico Smileat Sin Gluten 100 G,Sin categoría,2,True,False,False,True,False
CAT-6025,Vino Tinto Joven Tempranillo Marques Dospalacios Vendimia Seleccionada 75 Cl,Bebidas,2,True,False,False,True,False
CAT-6020,Tonica Schweppes Con Hibiscus Premium Botella 20 Cl,Bebidas,2,True,False,False,True,False
CAT-6105,Quitamanchas Spray Romar 210 Cc,Hogar,2,True,False,False,True,False
CAT-6042,Ginger Ale Schweppes Jengibre Intenso Premium Botella 20 Cl,Bebidas,2,True,False,False,True,False
CAT-6031,Galletas De Espelta Avena Y Cacao Desde 10 Meses Ecologicas Smileat Sin Azucar Anadido 220 G,Despensa,2,True,False,False,True,False
CAT-6992,Pizza Prosciutto Formaggi La Mia Grande Dr Oetker 400 G,Congelados,2,True,False,False,True,False
CAT-7057,Queso Parmigiano Reggiano Galbani 60 G,Lácteos y Huevos,2,True,False,False,True,False
CAT-6037,Salmon Noruego Ahumado Skandia Sin Gluten 80 G,Pescadería,2,True,False,False,True,False
CAT-6043,Pavo Con Trufa Y Boletus Al Corte El Pozo Legado 150 G Aprox,Carnicería y Charcutería,2,True,False,False,True,False
CAT-6110,Galleta Cookie Triple Chocolate 1 Ud,Desayuno y Snack,2,True,False,False,True,False
CAT-6591,Locion Hidratacion Profunda De Absorcion Inmediata Para Piel Seca Neutrogena 400 Ml,Cuidado personal e Higiene,2,True,False,False,True,False
CAT-6115,Apositos Para Ampollas Surtido Compeed 1 Ud,Cuidado personal e Higiene,2,True,False,False,True,False
CAT-6165,Vino Tinto Roble Tempranillo Vina Espolon Do Ribera Del Duero 75 Cl,Bebidas,2,True,False,False,True,False
CAT-7174,Bagels Semillas New York Bakery Bimbo 4 Ud,Panadería y Pastelería,2,True,False,False,True,False
CAT-6527,Tonica Royal Bliss Signature Zero Azucar Lata 25 Cl,Bebidas,2,True,False,False,True,False
CAT-6418,Fanta De Naranja Pack 2 Botellas 2 L,Bebidas,2,False,True,False,True,False
CAT-6176,Papilla Infantil Blevit 8 Cereales Con Cacao Desde12 Meses 500 G,Desayuno y Snack,2,True,False,False,True,False
CAT-6557,Desodorante Stick Antitranspirante Confidence Rexona 45 Ml,Cuidado personal e Higiene,2,True,False,False,True,False
CAT-6222,Arroz Con Pollo Thai Curry Findus 400 G,Despensa,2,True,False,False,True,False
CAT-6234,Snacks Dental Para Perros Medianos Pedigree Daily Oral Care Dentastix Pack De 56 Unidades,Mascotas,2,True,False,False,True,False
CAT-6290,Cono Extreme Caramel Choco Toffee Nestle 6 Ud,Sin categoría,2,True,False,False,True,False
CAT-6301,Quitamanchas En Pulverizador Sin Manchas Kh 7 780 Ml,Hogar,2,True,False,False,True,False
CAT-6550,Lavavajillas A Mano Ultra Plus Mistol 950 Ml,Hogar,2,True,False,False,True,False
CAT-6824,Set De 50 Vasos Carton Nupik 100 Cc   Blanco,Sin categoría,2,True,False,False,True,False
CAT-6302,Quitamanchas Sin Manchas Recambio Kh 7 780 Ml,Hogar,2,True,False,False,True,False
CAT-6284,Helado Bombon Almendrado Con Vainilla De Java Nuii Sin Gluten 4 Ud,Congelados,2,True,False,False,True,False
CAT-6318,Piccolinis Frankfurt Buitoni 270 G,Sin categoría,2,True,False,False,True,False
CAT-6365,Patatas Tradicional Congeladas Findus 875 G,Sin categoría,2,True,False,False,True,False
CAT-6376,Comida Humeda Seleccion Recetas Campesinas Para Perro Cesar Pack De 4 Unidades De 150 G,Mascotas,2,True,False,False,True,False
CAT-6405,Bolsas De Almacenamiento De Leche Materna Medela 25 Ud,Sin categoría,2,True,False,False,True,False
CAT-6597,Locion Corporal Cica Reparacion Intensa Para Piel Seca Neutrogena 400 Ml,Cuidado personal e Higiene,2,True,False,False,True,False
CAT-6273,Dentifrico Antiplaca Y Anticaries De Uso Diario Con Fluor Lacer 200 Ml,Cuidado personal e Higiene,2,True,False,False,True,False
CAT-6710,Dentifrico Plaque Anti Placa Expert Blanqueadora Colgate Total 75 Ml,Cuidado personal e Higiene,2,True,False,False,True,False
CAT-5581,Jabon Para Bano Con Leche De Almendras Dulces Para Cuerpo Y Cabello Nenuco 650 Ml,Cuidado personal e Higiene,2,True,False,False,True,False
CAT-5985,Gel De Ducha Sensible Cuidado Hidratante Nb Palmolive 600 Ml,Cuidado personal e Higiene,2,True,False,False,True,False
CAT-5067,Colonia Infantil Suavinex 100 Ml,Cuidado personal e Higiene,2,True,False,False,True,False
CAT-5811,Ambientador Automatico Freshmatic Nenuco Recambio Air Wick 2 Ud,Cuidado personal e Higiene,2,True,False,False,True,False
CAT-6424,Vitakraft Menu Para Cotorras 1Kg,Mascotas,2,True,False,False,True,False
CAT-6453,Detergente Liquido Complet Norit 70 Lavados,Hogar,2,True,False,False,True,False
CAT-6459,Detergente En Polvo Marsella Max Active Plus Flota 84 Lavados ,Hogar,2,True,False,False,True,False
CAT-6436,Pechuga De Pollo Cryspy Chicken Mexicana Fripozo 230 G,Carnicería y Charcutería,2,True,False,False,True,False
CAT-6475,Cerveza Damm Lemon Con Limon Lata 33 Cl,Bebidas,2,True,False,False,True,False
CAT-6699,Heno Aromatico 500 Gr,Sin categoría,2,True,False,False,True,False
CAT-6539,Pienso De Salmon Para Perro Adulto Mini Ultima Pro  11 Kg,Pescadería,2,True,False,False,True,False
CAT-6586,Jamon Cocido Grand Bouquet En Lonchas Noel Sin Gluten Y Sin Lactosa 140 G,Carnicería y Charcutería,2,True,False,False,True,False
CAT-6544,Pila Lr6 Frecuente 4 Ud Energizer,Bazar y Varios,2,True,False,False,True,False
CAT-6632,Picos Gourmet El Mercado 130 G,Sin categoría,2,True,False,False,True,False
CAT-6733,Banador Panal Agatha Ruiz De La Prada Tm 12 Kg 11 Ud,Bebes,2,True,False,False,True,False
CAT-6726,Snacks Dental Para Perros Medianos Pedigree Dentastix Pack De 7 Unidades,Mascotas,2,True,False,False,True,False
CAT-6774,Fuze Tea Sabor Melocoton Y Hibisco Botella 15 L,Sin categoría,2,True,False,False,True,False
CAT-6858,Pan Campeonato Fricopan Spanien 1 Und,Panadería y Pastelería,2,True,False,False,True,False
CAT-6975,Peluche Mazorca Para Perro Kimbo,Mascotas,2,True,False,False,True,False
CAT-6981,Hueso Tru Turquesa Limpieza Dental Talla S,Cuidado personal e Higiene,2,True,False,False,True,False
CAT-7017,Morcilla De Burgos De Nuestra Tierra 350 G Aprox,Sin categoría,2,True,False,False,True,False
CAT-7150,Cerveza Desperados Mojito Lata 50 Cl,Bebidas,2,True,False,False,True,False
CAT-5478,Comida Humeda De Carne Para Gato Junior Whiskas 4X85 G,Bebidas,2,False,True,False,True,False
CAT-6127,Mascarilla Metodo Rizos N2 Para Rizos Hidratados Durante 1 Semana Fructis Garnier 370 Ml,Sin categoría,2,True,False,False,True,False
CAT-8292,Filete De Lubina Con Piel Congelado Aligator 180 G,Pescadería,2,True,False,False,True,False
CAT-0574,Tomate troceado pelado,Conservas y Enlatados,2,True,False,False,True,False
CAT-1240,Recambios maquinilla depilación Gillette Venus Comfortglide Breeze 3 hojas,Cuidado personal e Higiene,2,True,False,False,True,False
CAT-1503,Protegeslip normal Suave,Cuidado personal e Higiene,2,True,False,False,True,False
CAT-4464,Ginebra Rives Original 1 L,Bebidas,2,True,False,False,True,False
CAT-6342,Aposito Postpicadura Ninos Orphea 30 Ud,Cuidado personal e Higiene,2,True,False,False,True,False
CAT-6745,Paella Mixta 350 G,Sin categoría,2,True,False,False,True,False
CAT-7145,Bayeta Posavajillas Viscosa Rozenbal 50X38 Cm   Decorada,Hogar,2,True,False,False,True,False
CAT-7226,Preservativos Con Puntos Y Estrias Dame Placer Durex 12 Ud,Sin categoría,2,True,False,False,True,False
CAT-7204,Leche Infantil De Crecimiento Desde 12 Meses Nestle Nidina 3 Sin Aceite De Palma Pack De 2 Latas De 800 G,Bebes,2,True,False,False,True,False
CAT-7271,Postre Lacteo De Platano Desde 6 Meses Nestle Yogolino Sin Gluten Y Sin Azucar Anadido 100 G,Despensa,2,True,False,False,True,False
CAT-7266,Bandas De Cera Depilatorias Facial Hipoalergenicas Minima Veet 20 Ud,Cuidado personal e Higiene,2,True,False,False,True,False
CAT-7298,Spray Limpia Gafas Y Pantallas Fami 30 Ml,Sin categoría,2,True,False,False,True,False
CAT-7405,Vino Tinto Joven Malabestia Doca Rioja 75 Cl,Bebidas,2,True,False,False,True,False
CAT-7451,Panales Dodot Sensitive T4 9 14 Kg 70 Ud,Bebes,2,True,False,False,True,False
CAT-7524,Fuze Tea Te Sabor Limon Pack 6 Latas 33 Cl,Bebidas,2,True,False,False,True,False
CAT-7591,Tinte Classic 6D Rubio Oscuro Dorado Farmatint 1 Ud,Sin categoría,2,True,False,False,True,False
CAT-7597,Protector Absorbente Sabanindas Extra 60X60Cm 20 Ud,Sin categoría,2,True,False,False,True,False
CAT-7616,Cava Castell Del Llac Brut Rosado Do Cava 75 Cl,Bebidas,2,True,False,False,True,False
CAT-7656,Cheddar Bites Fripozo 250 G,Lácteos y Huevos,2,True,False,False,True,False
CAT-7671,Gel Limpiador Facial Dermatoclean Eucerin 200 Ml,Hogar,2,True,False,False,True,False
CAT-7716,Pan De La Abuela Integral 100,Panadería y Pastelería,2,True,False,False,True,False
CAT-7860,Mini Bombones Helados Clasico Almendras Y Chocolate Blanco Bomboniera Magnum Sin Gluten 12 Ud,Congelados,2,True,False,False,True,False
CAT-9056,Cana De Lomo En Lonchas Navidul Sin Gluten Y Sin Lactosa 40 G,Sin categoría,2,True,False,False,True,False
CAT-8890,Comida Humeda Estofado De Atun Para Perros Cocosi 280 G,Mascotas,2,True,False,False,True,False
CAT-8967,Chorizo Pamplona En Lonchas Revilla Sin Gluten 65 G,Carnicería y Charcutería,2,True,False,False,True,False
CAT-7907,Snack Infantiles Primeros Mordisquitos Platano Desde 10 Meses Ecologico Gerbe Sin Azucares Anadidos 28 G,Despensa,2,True,False,False,True,False
CAT-7878,Helado Con Cacahuetes Caramelo Blando Cubierto Con Manteca De Cacao Snickers White 5 Uds,Desayuno y Snack,2,True,False,False,True,False
CAT-9028,Pila 8 Ud  Slimp Lr06 Nn,Bazar y Varios,2,True,False,False,True,False
CAT-8767,Bollito Recubierto De Chocolate Blanco Rayado Donettes 8 Ud,"Azúcar, caramelos y chocolate",2,True,False,False,True,False
CAT-7935,Pizza De 4 Quesos Bella Napoli Buitoni 345 G,Lácteos y Huevos,2,True,False,False,True,False
CAT-7929,Queso Mozzarella Light Galbani 125 G,Lácteos y Huevos,2,True,False,False,True,False
CAT-7998,La Gula Del Norte Reducida En Sal Sin Gluten 200 G,Sin categoría,2,True,False,False,True,False
CAT-9034,Schweppes De Limon Lata 33 Cl,Bebidas,2,False,True,False,True,False
CAT-8022,Pienso De Pollo Para Perro Yorkshire Mini Ultima Dog 25 Kg,Carnicería y Charcutería,2,True,False,False,True,False
CAT-8091,Bebida Refrescante Mixta De Leche Y Zumo De Frutas Bifrutas Dark 330 Ml,Bebidas,2,True,False,False,True,False
CAT-8185,Brandy De Jerez Solera Altorreal 70 Cl,Bebidas,2,True,False,False,True,False
CAT-8773,Queso Camembert Caprice Des Dieux 200 G,Lácteos y Huevos,2,True,False,False,True,False
CAT-8047,Set 10 Vasos Reutilizables De Polipropileno 465 Cc Nupik,Sin categoría,2,True,False,False,True,False
CAT-8096,Ambientador Spray Automatico Sin Aerosol Aroma Campo De Lavanda Active Fresh Aparato Y Recambio Air Wick 1 Ud,Hogar,2,True,False,False,True,False
CAT-8055,Vitamin Well Hydrate Sabor A Fresa 500 Ml,Sin categoría,2,True,False,False,True,False
CAT-8230,Ambientador De Armario Aire Limpio Ambar 1 Ud,Hogar,2,True,False,False,True,False
CAT-8219,Schweppes Ginger Beer  Chile Botella 20 Cl,Bebidas,2,True,False,False,True,False
CAT-8126,Ensalada Completa Japon Florette 250 G,Sin categoría,2,True,False,False,True,False
CAT-8179,Gel Limpiador Espumoso Cerave 473 Ml,Hogar,2,True,False,False,True,False
CAT-8213,Cerveza Tostada Turia Pack 12 Latas 33 Cl,Bebidas,2,True,False,False,True,False
CAT-8202,Quitagrasas Cillit Bang 750 Ml,Hogar,2,True,False,False,True,False
CAT-8260,Dentifrico Dientes Fuertes Y Aliento Fresco Fresh Gel Colgate Pack De 2 Unidades De 75 Ml,Cuidado personal e Higiene,2,True,False,False,True,False
CAT-8371,Cepillo De Dientes Suave Sensitive Para Dientes Sensibles Elmex 1 Ud,Cuidado personal e Higiene,2,True,False,False,True,False
CAT-8738,Champu Uso Frecuente Pilexil 300 Ml,Cuidado personal e Higiene,2,True,False,False,True,False
CAT-7624,Crema De Manos Concentrada Sin Perfume Alivio Inmediato Para Manos Secas Neutrogena 50 Ml,Cuidado personal e Higiene,2,True,False,False,True,False
CAT-8236,Ropa Interior Absorbente Nino Noche Drynites 8 13 Anos 30 48 Kg 13 Ud,Sin categoría,2,True,False,False,True,False
CAT-7722,Champu Leche De Almendras Klorane 400 Ml,Cuidado personal e Higiene,2,True,False,False,True,False
CAT-8343,Pienso Light Pollo Y Arroz Para Perros Adultos Medium Maxi Ultima 3 Kg,Despensa,2,True,False,False,True,False
CAT-9127,Comida Humeda En Gelatina Festin Del Mar Para Gato Purina Felix Duo 4X85 G,Mascotas,2,True,False,False,True,False
CAT-8331,Bombon Helado Gold Caramel Billionaire Double Magnum 3 Ud,Congelados,2,True,False,False,True,False
CAT-8314,Pienso De Salmon Para Perro Mini Dream Excellence 15 Kg,Pescadería,2,True,False,False,True,False
CAT-8348,Sandwich De Nata Con Caramelo Maxibon Waffle Nestle 4 Ud,Platos preparados,2,True,False,False,True,False
CAT-8354,Panales Extra Care Huggies T2 3 6 Kg 82 Ud,Bebes,2,True,False,False,True,False
CAT-8446,Snack Infantil Tubitos De Zanahoria Y Maiz Desde 8 Meses Ecologico Danone Bledina Sin Gluten Y Sin Azucar Anadido 20 G,Despensa,2,True,False,False,True,False
CAT-8535,Hamburguesa Vegetal A Base De Proteina De Soja Heura 180 G,Carnicería y Charcutería,2,True,False,False,True,False
CAT-8632,Fish Tenders Findus 256 G,Sin categoría,2,True,False,False,True,False
CAT-6126,Serum En Spray Metodo Rizos N3 Rizos Hidratados Y Definidos Durante 48H Garnier Fructis 150 Ml,Cuidado personal e Higiene,2,True,False,False,True,False
CAT-8644,Tapones Para Los Oidos De Natacion Senti2 4 Ud,Cuidado personal e Higiene,2,True,False,False,True,False
CAT-8727,Crema Solar Fotoprotector Fusion Water Magic Pediatrics Spf50 Isdin 50 Ml,Sin categoría,2,True,False,False,True,False
CAT-8745,Helado De Pistacho Carte Dor 4745 G,Desayuno y Snack,2,True,False,False,True,False
CAT-8790,Zumo De Manzana 100 Premium Granini Botella 1 L,Bebidas,2,True,False,False,True,False
CAT-8897,Pechuga De Pavo Cocida En Lonchas Campofrio Finissimas Sin Gluten Y Sin Lactosa 165 G,Carnicería y Charcutería,2,True,False,False,True,False
CAT-9179,Helado De Vainilla De Madagascar Carte Dor Les Classiques 900 Ml,Congelados,2,True,False,False,True,False
CAT-7912,Colorante En Champu Moreno Just For Men 30 Ml,Cuidado personal e Higiene,2,True,False,False,True,False
CAT-7918,Colorante En Champu Castano Oscuro Just For Men 30 Ml,Cuidado personal e Higiene,2,True,False,False,True,False
CAT-8190,Canastilla Mustela Colonia 200 Ml Gel Champu 200 Ml Leche Corporal 300 Ml Crema Balsamo 50 Ml Y Toallitas 70 Ud,Cuidado personal e Higiene,2,True,False,False,True,False
CAT-7682,Dentifrico Proteccion Anticaries Protege Encias Con Fluor Y Calcio Sabor Fresa Para Ninos 6 Anos Junior Lacer 75 Ml,Cuidado personal e Higiene,2,True,False,False,True,False
CAT-7688,Seda Dental Con Cera Y Fluor Lacer 50 M,Cuidado personal e Higiene,2,True,False,False,True,False
CAT-7755,Cepillo Dental Ortodontico Vitis 1 Ud,Cuidado personal e Higiene,2,True,False,False,True,False
CAT-7763,Dentifrico Cuidado De Encias Colgate Total 75Ml,Cuidado personal e Higiene,2,True,False,False,True,False
CAT-8434,Dentifrico Cristales Refrescantes Maxfresh Colgate Pack 2 Unidades 75 Ml,Cuidado personal e Higiene,2,True,False,False,True,False
CAT-0003,"Aceite de oliva 0,4º",Despensa,2,True,False,False,True,False
CAT-1857,Jabón de manos en pastilla natural original Heno de Pravia,Cuidado personal e Higiene,2,True,False,False,True,False
CAT-8463,Panales Dodot Sensitive T2 4 8 Kg 88 Unidades,Bebes,2,True,False,False,True,False
CAT-4010,Aceite De Oliva 04 La Masia 1 L,Despensa,2,True,False,False,True,False
CAT-0523,Chocolate con leche avellanas troceadas,"Azúcar, caramelos y chocolate",2,True,True,False,False,False
CAT-0747,Bebida isotónica limón Aquarius zero azúcar,Bebidas,2,True,False,False,False,True
CAT-0782,Queso rallado 4 quesos,Lácteos y Huevos,2,True,True,False,False,False
CAT-0850,Bebida energética Energy Ultra zero Strawberry Monster,Bebidas,2,True,False,False,True,False
CAT-0868,Cereales copos de maíz Corn Flakes 0% azúcares añadidos,Desayuno y Snack,2,True,False,False,True,False
CAT-1427,Desodorante roll-on Dermo extra control Sanex antitranspirante,Cuidado personal e Higiene,2,True,False,False,True,False
CAT-1523,Filetes de bacalao MareDeus ultracongelado,Congelados,2,True,False,False,True,False
CAT-2218,Recambio ambientador eléctrico Ropa Limpia,Hogar,2,True,False,False,True,False
CAT-2307,Toallitas desmaquillantes cara y ojos piel normal-mixta,Cuidado personal e Higiene,2,True,False,False,True,False
CAT-2286,Alcohol de romero,Cuidado personal e Higiene,2,True,False,False,True,False
CAT-9369,Tonica Nordic Mist Blue Lata 25 Cl,Bebidas,2,True,False,False,True,False
CAT-4127,Salchichas Alemanas Cocidas Y Ahumadas Estilo Baviera Campofrio Sin Gluten 260 G,Carnicería y Charcutería,2,True,False,False,True,False
CAT-6101,Tarrito De Pera Platano Y Zanahoria Desde 4 Meses Ecologico Hero Solo Sin Gluten Pack De 6 Unidades De 120 G,Frutas y Verduras,2,True,False,False,True,False
CAT-8983,Detergente En Capsulas Frescor Silvestre Poderoso Ariel 29 Lavados,Hogar,2,True,False,False,True,False
CAT-4104,Bombones De Chocolate Y Avellana Ferrero Rocher Estuche 16 Ud,"Azúcar, caramelos y chocolate",2,True,False,False,True,False
CAT-9011,Salitos Pink 33 Cl,Sin categoría,2,True,False,False,True,False
CAT-8520,Fresa Origen Huelva Circulo De Calidad 400 G,Sin categoría,2,True,False,False,True,False
CAT-8514,Mezcla Para Sofrito Verleal 400 G,Despensa,2,True,False,False,True,False
CAT-9846,Pienso De Buey Para Gatos Sterilcat One Stericat Purina One 800 G,Mascotas,2,True,False,False,True,False
CAT-9156,Cerveza Free Damm Lager 00 Sin Alcohol Con Limon Sin Gluten Lata 33 Cl,Bebidas,2,True,False,False,True,False
CAT-4168,Batido De Cacao Original Cacaolat Sin Gluten Pack De 4 Botellas De 200 Ml,Lácteos y Huevos,2,True,False,False,True,False
CAT-9537,Whisky Quarter Horse Bourbon 70 Cl,Bebidas,2,True,False,False,True,False
CAT-6325,Bebida De Fruta De Naranja Y Mango Con Extracto De Guarana Juver Brik 33 Cl,Sin categoría,2,True,False,False,True,False
CAT-9219,Detergente Gel Activo Formula Higiene Colon 45 Lavados,Hogar,2,True,False,False,True,False
CAT-9443,Pizza De Atun Fina Y Crujiente Forno Di Pietra Buitoni 345 G,Congelados,2,True,False,False,True,False
CAT-9514,Jamon Curado En Taquitos Navidul Sin Gluten Pack De 2 Unidades De 50 G,Carnicería y Charcutería,2,True,False,False,True,False
CAT-9936,Vino Tinto Envejecido En Roble Tempranillo Protos Do Ribera Del Duero 75 Cl,Bebidas,2,True,False,False,True,False
CAT-8423,Aperitivo De Maiz Triskys Risi Sin Gluten 115 G,Desayuno y Snack,2,True,False,False,True,False
CAT-8732,Frutas Del Bosque Congeladas La Cuerva 300 G,Sin categoría,2,True,False,False,True,False
CAT-8492,Bodyarmor Lyte Bebida Isotonica Citrus Botella 575 Ml ,Bebidas,2,True,False,False,True,False
CAT-9525,Vino Tinto Crianza Gran Vendema Doca Rioja 75 Cl,Bebidas,2,True,False,False,True,False
CAT-8475,Croissant Brioche 1 Ud,Panadería y Pastelería,2,True,False,False,True,False
CAT-9594,Biberon Anticolicos 2 Meses Tetina Inclinada De Silicona Naturalfeeling Chicco 250 Ml,Bebidas,2,True,False,False,True,False
CAT-8552,Chupete De Silicona Anatomico Ultra Air Nighttime Philips Avent 2 Ud,Sin categoría,2,True,False,False,True,False
CAT-9877,Champu De Cebolla Nuggelasule 250 Ml,Cuidado personal e Higiene,2,True,False,False,True,False
CAT-9481,Colutorio Aloe Vera Vitis 1000 Ml,Cuidado personal e Higiene,2,True,False,False,True,False
CAT-9774,Gel De Ducha Sales Minarales La Toja 600 Ml,Cuidado personal e Higiene,2,True,False,False,True,False
CAT-9237,Compresas Noche Extra Con Alas Cottonlike Evax 16 Ud,Cuidado personal e Higiene,2,True,False,False,True,False
CAT-9701,Protegeslip Normal En Bolsitas Evax 40 Ud,Cuidado personal e Higiene,2,True,False,False,True,False
CAT-9272,Dentifrico Vitis Aloe Vera 100 Ml,Cuidado personal e Higiene,2,True,False,False,True,False
CAT-9294,Snacks De Chifles Hojuelas De Platano Con Sal Tortolines 105 G,Frutas y Verduras,2,True,False,False,True,False
CAT-9260,Bolsita De Fruta Mediterranea Mi Futa Hero Sin Gluten Y Sin Azucar Anadido 100 G,Despensa,2,True,False,False,True,False
CAT-8610,Snack Para Gatos Purina Felix 45 G,Mascotas,2,True,False,False,True,False
CAT-9005,Crema Solar Ultra Serum Spf50 Avene 30 Ml,Cuidado personal e Higiene,2,True,False,False,True,False
CAT-9924,Patatas Mediterrean Mccain 750 G,Sin categoría,2,True,False,False,True,False
CAT-9520,Cerveza Tostada Ambar Export Pack 9 Latas 33 Cl,Bebidas,2,True,False,False,True,False
CAT-8784,Locion Atopicontrol Eucerin 400 Ml,Sin categoría,2,True,False,False,True,False
CAT-9938,Combinado  Smirnoff Ice Lata 25 Cl,Sin categoría,2,True,False,False,True,False
CAT-8604,Detergente En Liquido Limpieza Profunda Limpio  Liso Wipp Express 60 Lavados,Hogar,2,True,False,False,True,False
CAT-8615,Habas Babys Findus 400 G,Sin categoría,2,True,False,False,True,False
CAT-8959,Chorizo En Lonchas Revilla Sin Gluten 65 G,Carnicería y Charcutería,2,True,False,False,True,False
CAT-9786,Pechuga De Pollo Fileteada Marinada A Las Finas Hierbas Coren 400 G Aprox,Carnicería y Charcutería,2,True,False,False,True,False
CAT-8935,Helado Bombon Biscoff Lotus 6 Ud,Congelados,2,True,False,False,True,False
CAT-8586,Pizza Mozzarella Buitoni 195 G,Lácteos y Huevos,2,True,False,False,True,False
CAT-8655,Dilyte Bebida Isotonica Hidrante Con Electrolitos Sabor Fresa Kiwi Botella 65 Cl,Bebidas,2,True,False,False,True,False
CAT-8926,Helado Bombon Berry Bliss Solero Frigo 3 Ud,Congelados,2,True,False,False,True,False
CAT-9893,Cajas De Fosforos  Pequenos,Sin categoría,2,True,False,False,True,False
CAT-9039,Gel De Ducha Original Moussel 650 Ml,Cuidado personal e Higiene,2,True,False,False,True,False
CAT-9353,Cepillo De Dientes Encias Delicadas Cabezal Pequeno Maxima Precision Gingilacer 1 Ud,Cuidado personal e Higiene,2,True,False,False,True,False
CAT-9095,Queso De Mezcla Curado En Cuna Cortada Gran Capitan 210 G,Lácteos y Huevos,2,True,False,False,True,False
CAT-9751,Bombon Mini Helado De Vainilla Recubierto Con Chocolate Blanco Almond Magnum Sin Gluten 6 Ud,Congelados,2,True,False,False,True,False
CAT-8661,Desodorante En Spray Black Axe Pack De 2 Unidades De 150 Ml,Cuidado personal e Higiene,2,True,False,False,True,False
CAT-9473,Dentifrico Proteccion Caries Maximum Caries Protection Colgate 50 Ml,Cuidado personal e Higiene,2,True,False,False,True,False
CAT-1212,Champú Repara & Protege Pantene cabello débil y dañado,Cuidado personal e Higiene,2,True,True,False,False,False
CAT-1051,Tónica zero calorías Schweppes,Bebidas,2,True,False,False,True,False
CAT-0539,Infusión Digest,Desayuno y Snack,2,True,True,False,False,False
CAT-0542,Salsa Miel y Mostaza,Despensa,2,True,True,False,False,False
CAT-1059,Chocolate negro 72% de cacao con almendras enteras,"Azúcar, caramelos y chocolate",2,True,True,False,False,False
CAT-0466,Tomate frito sin azúcares añadidos,Despensa,2,True,True,False,False,False
CAT-0472,Cerveza reserva 1925 Alhambra,Bebidas,2,True,True,False,False,False
CAT-1364,Semillas sésamo tostado,Desayuno y Snack,2,True,True,False,False,False
CAT-0994,Lentejas a la riojana,Platos preparados,2,True,True,False,False,False
CAT-0996,Garbanzo cocido,Despensa,2,True,False,False,False,True
CAT-1069,Bebida de soja 0% azúcar,Lácteos y Huevos,2,True,True,False,False,False
CAT-1099,Vino tinto crianza Comportillo DO Rioja,Bebidas,2,True,False,False,True,False
CAT-1306,Queso tierno mezcla,Lácteos y Huevos,2,True,True,False,False,False
CAT-1198,Azúcar glas,Despensa,2,True,True,False,False,False
CAT-1406,Planchado fácil,Hogar,2,True,True,False,False,False
CAT-1422,Sorbete con limón,Congelados,2,True,False,False,False,True
CAT-1458,Palitos de surimi ultracongelados,Congelados,2,True,True,False,False,False
CAT-1282,Guacamole,Despensa,2,True,False,False,True,False
CAT-1291,Yogur sabor limón,Lácteos y Huevos,2,True,True,False,False,False
CAT-1778,Helado sorbete de mango,Congelados,2,True,False,False,True,False
CAT-7993,Laca Clasica Nelly 600 Ml,Sin categoría,2,True,False,False,True,False
CAT-6458,Desodorante En Spray Antitranspirante Thermo Fresh Men Rexona 200 Ml,Cuidado personal e Higiene,2,True,False,False,True,False
CAT-4128,Leche Entera Central Lechera Asturiana Botella 15 L,Lácteos y Huevos,2,False,True,False,True,False
CAT-4116,Tarrito De Hervido De Verduras De La Huerta Desde 6 Meses Hero Solo Sin Gluten 235 G,Sin categoría,2,True,False,False,True,False
CAT-4491,Leche Desnatada Central Lechera Asturiana Botella 15 L,Lácteos y Huevos,2,False,True,False,True,False
CAT-4209,Cartucho De Recambio De Filtro De Agua Brita On Tap V,Sin categoría,2,True,False,False,True,False
CAT-4090,Tabletas Limpiadoras Para Protesis Dentales Accion Desinfectante Con Oxigeno Activo Polident 30 Ud,Hogar,2,True,False,False,True,False
CAT-4111,Tarrito De Arroz Con Pollo Desde 6 Meses Hero Solo Sin Gluten 235 G,Despensa,2,True,False,False,True,False
CAT-4234,Hamburguesa Originales Heura Sin Gluten 440 G,Carnicería y Charcutería,2,True,False,False,True,False
CAT-4198,Dentifrico Gingi Kin B5 Pack De 2 Unidades De 125 Ml,Cuidado personal e Higiene,2,True,False,False,True,False
CAT-3818,Lejía Perfumada con detergente,Hogar,2,True,True,False,False,False
CAT-4182,Vino Tinto Reserva Tempranillo Marques De Riscal Doca Rioja 75 Cl,Bebidas,2,False,False,False,True,True
CAT-0052,Allioli Chovi,Despensa,2,True,True,False,False,False
CAT-0053,Leche entera fresca,Lácteos y Huevos,2,True,True,False,False,False
CAT-0123,Almendra tostada y salada con piel,Desayuno y Snack,2,True,False,False,True,False
CAT-0146,Chorizo picante extra lonchas,Carnicería y Charcutería,2,True,True,False,False,False
CAT-0153,Lasaña de pollo,Platos preparados,2,True,False,False,True,False
CAT-0401,Moras,Frutas y Verduras,2,True,False,False,True,False
CAT-0301,Patatas fritas onduladas sabor jamón serrano,Desayuno y Snack,2,True,True,False,False,False
CAT-4485,Papel De Cocina Adapt Colhogar 3 Rollos,Bazar y Varios,2,True,False,False,True,False
CAT-4134,Bifidus Desnatado Natural Danone Activia Pack De 4 Unidades De 120 G,Lácteos y Huevos,2,False,True,False,True,False
CAT-4232,Gel Limpiador Cleanance Avne 400 Ml,Hogar,2,True,False,False,True,False
CAT-4226,Preparado De Soja Natural Con Avena Alpro Sin Lactosa 400 G,Sin categoría,2,True,False,False,True,False
CAT-0305,Esponja de baño flor exfoliación suave,Cuidado personal e Higiene,2,True,True,False,False,False
CAT-4123,Pate A Las Finas Hierbas Casa Tarradellas Sin Gluten 125 G,Carnicería y Charcutería,2,True,False,False,True,False
CAT-4103,Chocolate Crujiente Crunch Nestle Sin Gluten 100 G,"Azúcar, caramelos y chocolate",2,True,False,False,True,False
CAT-4229,Cleanance Solar Spf50 Avne 50 Ml,Sin categoría,2,True,False,False,True,False
CAT-0365,Tortitas de arroz con chocolate con leche,Desayuno y Snack,2,True,True,False,False,False
CAT-4091,Gel Champu Original Denenes 600 Ml,Cuidado personal e Higiene,2,True,False,False,True,False
CAT-7366,Pan Molde Alto Contenido En Proteinas 450 G,Panadería y Pastelería,2,True,False,False,True,False
CAT-4441,Croquetas De Pollo Estofado La Cocinera 500 G,Congelados,2,True,False,False,True,False
CAT-0369,Suavizante ropa Talco concentrado,Hogar,2,True,False,True,False,False
CAT-4167,Fertilizante Universal Compo 1L,Sin categoría,2,True,False,False,True,False
CAT-4718,Ambientador Electrico Tatami Japones 3Volution Recambio Ambi Pur 2 Ud,Hogar,2,True,False,False,True,False
CAT-4355,Tarrito De Menestra De Verduras Ternera Y Jamon Desde 6 Meses Hero Baby Sin Gluten Pack De 6 Unidades De 235 G,Congelados,2,True,False,False,True,False
CAT-4222,Vino Tinto Crianza Tempranillo Glorioso Doca Rioja 75 Cl,Bebidas,2,True,False,False,True,False
CAT-4014,Coca Cola Sin Cafeina Botella 2 L,Bebidas,2,False,True,False,True,False
CAT-4318,Vino Blanco Uva Blanca Diamante Doca Rioja 75 Cl,Bebidas,2,True,False,False,True,False
CAT-4052,Whisky Jim Beam Bourbon 70 Cl,Bebidas,2,False,True,False,True,False
CAT-4170,Limpiador Inyectores Gasolina Wynns 325 Ml,Hogar,2,True,False,False,True,False
CAT-2637,Helado de vainilla,Congelados,2,True,False,False,True,False
CAT-4080,Gel De Afeitado Pieles Sensibles Gillette 200 Ml,Cuidado personal e Higiene,2,False,True,False,True,False
CAT-4765,Desodorante Spray Pies Controla La Sudoracion Y La Humedad Babaria 150 Ml,Cuidado personal e Higiene,2,True,False,False,True,False
CAT-4149,Desodorante Roll On Sensitive Sin Perfume Con Seda Hipoalergenico Byly 50 Ml,Cuidado personal e Higiene,2,True,False,False,True,False
CAT-4197,Enjuague Bucal Oral Kin Zero Pack De 2 Unidades De 500 Ml,Cuidado personal e Higiene,2,True,False,False,True,False
CAT-4112,Tarrito De Zanahorias Baby Con Ternera Desde 6 Meses Hero Solo Sin Gluten 235 G,Carnicería y Charcutería,2,True,False,False,True,False
CAT-4101,Conos De Maiz Matutano 3D 85 G,Sin categoría,2,True,False,False,True,False
CAT-4081,Plenitude Revitalift Tarro 50,Sin categoría,2,True,False,False,True,False
CAT-4296,Eneryeti Freshyeti Sabor Piruleta Bebida Energetica Lata 50 Cl,Sin categoría,2,True,False,False,True,False
CAT-4514,Spray Quitamanchas Aceites Y Salsas Grasas Doble Uso Cebralin 200 Ml,Hogar,2,True,False,False,True,False
CAT-4075,Limpiador En Crema Original Cif 750 Ml,Hogar,2,True,False,False,True,False
CAT-4615,Pienso De Pescado Para Gatos Sensitive Purina One 15 Kg,Mascotas,2,True,False,False,True,False
CAT-4519,Pants Dodot Activity T5 12 17 Kg 38 Ud,Bebes,2,True,False,False,True,False
CAT-4070,Abrillantador Para Lavavajillas Finish Powerball 500 Ml,Hogar,2,True,False,False,True,False
CAT-7028,Helado Cookie Dough Ben  Jerry 465 Ml,Desayuno y Snack,2,True,False,False,True,False
CAT-4203,Friegasuelos Concentrado Multi Superficies Super Perfumado Multiusos Aroma Silver Disiclin 1000 Ml,Sin categoría,2,True,False,False,True,False
CAT-4180,Cerveza Budweiser Lager Botella 33 Cl,Bebidas,2,True,False,False,True,False
CAT-4119,Atun Claro Sin Aceite Al Natural Calvo Pack De 3 Latas De 56 G,Conservas y Enlatados,2,True,False,False,True,False
CAT-4172,Crema Fijadora Para Protesis Dentales Fijacion  Sellado Sobre Menta Power Max Corega 40 G,Sin categoría,2,True,False,False,True,False
CAT-4164,Preparado De Soja Y Lima Limon Alpro Sin Gluten Y Sin Lactosa 400 G,Frutas y Verduras,2,True,False,False,True,False
CAT-4279,Set 2 Estropajos Salvaunas Antibacterias Vileda Plus,Hogar,2,True,False,False,True,False
CAT-4212,Cerveza Saer Brau Shandy Sabor Limon Pack 6 Botellas 25 Cl,Bebidas,2,True,False,False,True,False
CAT-7333,Queso Fundido En Lonchas Clasico El Caserio Sin Gluten 262 G ,Lácteos y Huevos,2,True,False,False,True,False
CAT-4497,Yogur Sabor Galleta Danone Sin Gluten Pack De 4 Unidades De 120 G,Lácteos y Huevos,2,True,False,False,True,False
CAT-4114,Tarrito De Crema Bechamel Con Lenguado Desde 6 Meses Hero Baby Sin Gluten 235 G,Pescadería,2,True,False,False,True,False
CAT-4117,Tarrito De Frutas Variadas Desde 4 Meses Hero Baby Sin Gluten Pack De 2 Unidades De 120 G,Bebes,2,True,False,False,True,False
CAT-4361,Pez Espada 12 Kg Aprox,Pescadería,2,True,False,False,True,False
CAT-4593,Champu Anticaspa Calmante Dermaxpro Hs 300 Ml,Cuidado personal e Higiene,2,True,False,False,True,False
CAT-4107,Mostaza Orlando Sin Gluten Envase 290 G,Despensa,2,True,False,False,True,False
CAT-4095,Palitos De Chocolate Noir Mikado Lu 75 G,"Azúcar, caramelos y chocolate",2,True,False,False,True,False
CAT-4621,Perfumador Para La Ropa Azul Flor 36 Lavados,Sin categoría,2,True,False,False,True,False
CAT-4655,Zumo Tropical Original Bifrutas Pack De 3 Briks De 33 Cl,Bebidas,2,True,False,False,True,False
CAT-4092,Compresas Normal Fina Y Segura Evax 16 Ud,Cuidado personal e Higiene,2,True,False,False,True,False
CAT-4183,Ensaladera De Opal 24Cm   Blanco,Sin categoría,2,True,False,False,True,False
CAT-4235,Picada Troceada Heura Sin Gluten 300 G ,Sin categoría,2,True,False,False,True,False
CAT-4230,Pizza Bolonesa Ristorante Dr Oetker 375 G,Congelados,2,True,False,False,True,False
CAT-0404,Detergente ropa jabón de Marsella en polvo,Hogar,2,True,True,False,False,False
CAT-4100,Cortezas De Trigo Bocabits Matutano 75 G,Desayuno y Snack,2,True,False,False,True,False
CAT-3596,Papel de aluminio,Hogar,2,True,False,False,True,False
CAT-4064,Desatascador Gel Mr Muscle Forza 1 L,Sin categoría,2,True,False,False,True,False
CAT-4246,Calabacin De Mercado 1 Kg Aprox,Frutas y Verduras,2,True,False,False,True,False
CAT-7229,Ron Miel Carum 70 Cl,Bebidas,2,True,False,False,True,False
CAT-4380,Aguacate Hass 500 G Aprox,Frutas y Verduras,2,True,False,False,True,False
CAT-9306,Zumo De Naranja Con Pulpa Innocent Botella 900 Ml,Bebidas,2,True,False,False,True,False
CAT-4286,Lejia Perfumada Frescor Floral Conejo 2 L,Hogar,2,True,False,False,True,False
CAT-4401,Gafa Presbicia Rectangular Circular 150 Colores Varios 1 Ud,Sin categoría,2,True,False,False,True,False
CAT-4438,Capricho Mar Pescanova 600 G,Pescadería,2,True,False,False,True,False
CAT-4274,Eliminador De Humos Wynns 325 Ml,Sin categoría,2,True,False,False,True,False
CAT-0236,Canela molida,Despensa,2,True,True,False,False,False
CAT-0259,Croquetas de cocido ultracongeladas,Carnicería y Charcutería,2,True,True,False,False,False
CAT-0387,Suavizante ropa Hipoalergénico Colonia concentrado,Hogar,2,True,False,True,False,False
CAT-0399,Compresa con alas super,Cuidado personal e Higiene,2,True,True,False,False,False
CAT-0652,Queso untar original Philadelphia,Lácteos y Huevos,2,True,True,False,False,False
CAT-1103,Aceitunas verdes sin hueso,Despensa,2,True,True,False,False,False
CAT-0980,Rodajas de atún de aleta amarilla congelado,Congelados,2,True,False,False,True,False
CAT-1205,Gel de baño nutritivo Lactovit piel normal y seca,Cuidado personal e Higiene,2,True,True,False,False,False
CAT-1060,Whisky escocés Black Label Johnnie Walker,Bebidas,2,True,True,False,False,False
CAT-1309,Arcos dentales para higiene interdental,Cuidado personal e Higiene,2,True,True,False,False,False
CAT-4433,Pizza Pancetta Delicata Tradizionale Dr Oetker 390 G,Congelados,2,True,False,False,True,False
CAT-4382,Coco 500 G Aprox,Sin categoría,2,True,False,False,True,False
CAT-1184,Cepillo dental Infantil,Cuidado personal e Higiene,2,True,False,False,True,False
CAT-1408,Lasaña boloñesa,Platos preparados,2,True,False,False,True,False
CAT-4384,Friegasuelos Concentrado Naranja Avevi 950 Ml,Sin categoría,2,True,False,False,True,False
CAT-4432,Gambon Krustasur 2 Kg,Sin categoría,2,True,False,False,True,False
CAT-4289,Plato Llano De Vidrio Luminarc 245 Cm   Blanco,Sin categoría,2,True,False,False,True,False
CAT-1414,Desodorante invisible ice fresh Rexona Men antitranspirante y antimanchas,Cuidado personal e Higiene,2,True,False,False,True,False
CAT-4389,Cerveza Erdinger Weissbier Alemana De Trigo Botella 50 Cl,Bebidas,2,True,False,False,True,False
CAT-4316,Agua Mineral Solan De Cabras Natural 5 L,Bebidas,2,False,True,False,True,False
CAT-1415,Desodorante cobalt dry Rexona Men antitranspirante,Cuidado personal e Higiene,2,True,False,False,True,False
CAT-4291,Plato Postre De Vidrio Opal Luminarc 195 Cm   Blanco,Sin categoría,2,True,False,False,True,False
CAT-4392,Cerveza Leffe Botella 33 Cl,Bebidas,2,True,False,False,True,False
CAT-1418,Ciruelas desecadas sin hueso,Desayuno y Snack,2,True,True,False,False,False
CAT-1278,Cápsulas Spirulina + vitamina B12,Cuidado personal e Higiene,2,True,False,False,True,False
CAT-8680,Bombon Helado De Mango Con Chocolate Schofrulade 130 G,Congelados,2,True,False,False,True,False
CAT-4451,Chupete Fusion Con Tetina Fisiologica De Silicona 4 18 Meses Suavinex 2 Ud,Sin categoría,2,True,False,False,True,False
CAT-4393,Cerveza Leffe Brune Negra Botella 33 Cl,Bebidas,2,True,False,False,True,False
CAT-4469,Vino Rosado El Coto Doca Rioja 75 Cl,Bebidas,2,False,True,False,True,False
CAT-7321,Gel Hidratante Fluido Spf 30 Bright Boost Neutrogena 50 Ml,Cuidado personal e Higiene,2,True,False,False,True,False
CAT-1506,Tiras de maíz frito sabor barbacoa,Desayuno y Snack,2,True,True,False,False,False
CAT-9345,Crema De Afeitar Piel Sensible Lea 100 G,Sin categoría,2,True,False,False,True,False
CAT-4426,Petit Nestle Nesquik Sin Gluten Pack De 6 Unidades De 60 G,Desayuno y Snack,2,True,False,False,True,False
CAT-8393,Dermojabon Azufre Antiseborreico Grisi 100 G,Cuidado personal e Higiene,2,True,False,False,True,False
CAT-4277,Champu Mango Klorane 400 Ml,Cuidado personal e Higiene,2,True,False,False,True,False
CAT-4275,Cacerola De Acero Inoxidable Vulcano Con Tapa 24 Cm   Inox,Sin categoría,2,True,False,False,True,False
CAT-4342,Cerveza Miller Genuine Draft Lager Norteamericana Botella 33 Cl,Bebidas,2,True,False,False,True,False
CAT-4292,Plato Hondo De Vidrio Luminarc Trianon 225 Cm,Sin categoría,2,True,False,False,True,False
CAT-4302,Tarrito De Verduras Con Ternera Y Arroz Desde 10 Meses Hero Baby Sin Gluten Pack De 2 Unidades De 235 G,Despensa,2,True,False,False,True,False
CAT-4303,Tarrito De Verduras Con Lentejas Y Jamon Desde 10 Meses Hero Baby Sin Gluten Pack De 2 Unidades De 235 G,Despensa,2,True,False,False,True,False
CAT-4287,Agua Mineral Evian 15 L,Bebidas,2,True,False,False,True,False
CAT-4429,Sandwich De Nata Nestle 6 Ud,Platos preparados,2,True,False,False,True,False
CAT-4440,Licor Frenet Branca 70 Cl,Bebidas,2,True,False,False,True,False
CAT-9203,Mayonesa Ligeresa Sin Gluten Y Sin Lactosa Tarro 210 Ml,Despensa,2,True,False,False,True,False
CAT-8377,Crema Adhesiva Protesis Dental Senti2 40 G,Cuidado personal e Higiene,2,True,False,False,True,False
CAT-4335,Alubias Cocidas En Salsa De Tomate Heinz 415 G,Despensa,2,True,False,False,True,False
CAT-8326,Set 4 Utensilios De Freidora De Aire Masterpro Foodies,Sin categoría,2,True,False,False,True,False
CAT-8399,Cerveza Polar Pilsen Lata 33 Cl,Bebidas,2,True,False,False,True,False
CAT-4280,Champu Granada Klorane 400 Ml,Cuidado personal e Higiene,2,True,False,False,True,False
CAT-4282,Champu Regenerador Y Antirrotura Al Cupuacu Klorane 400 Ml,Cuidado personal e Higiene,2,True,False,False,True,False
CAT-4258,Dentifrico 2 En 1 Blanqueador Avanzado Licor Del Polo 75 Ml ,Cuidado personal e Higiene,2,True,False,False,True,False
CAT-4281,Champu Quinina Y Edelweiss Klorane 400 Ml,Cuidado personal e Higiene,2,True,False,False,True,False
CAT-4283,Champu Leche De Avena Klorane 400 Ml,Cuidado personal e Higiene,2,True,False,False,True,False
CAT-4186,Papel De Aluminio Albal 30 Metros,Sin categoría,2,True,False,False,True,False
CAT-4285,Sidra El Gaitero Achampanada Extra Botella Sin Gluten 75 Cl,Sin categoría,2,True,False,False,True,False
CAT-5508,Detergente Liquido Adios Al Separar Dixan 43 Lavados,Hogar,2,True,False,False,True,False
CAT-4629,Cabeza De Cerdo Iberica Con Pistachos Al Corte Frial 250 G Aprox,Desayuno y Snack,2,True,False,False,True,False
CAT-5566,Kombucha De Frutos Rojos Ecologico Komvida Sin Gluten Botella 25 Cl,Sin categoría,2,True,False,False,True,False
CAT-0947,Tampones super plus Tampax Compak con aplicador,Cuidado personal e Higiene,2,True,False,False,True,False
CAT-9566,Almeja Japonica Fresca 500 G,Pescadería,2,True,False,False,True,False
CAT-9586,Pienso De Pollo Para Perros Cachorro Mini Ultima 15 Kg,Carnicería y Charcutería,2,True,False,False,True,False
CAT-9718,Comida Humeda De Pollo Y Buey Para Gato Adulto Purina One 4X85 G,Carnicería y Charcutería,2,True,False,False,True,False
CAT-1356,Limpiacristales y multiusos,Hogar,2,True,False,False,True,False
CAT-1361,Ambientador lavavajillas Limón,Hogar,2,True,False,False,True,False
CAT-1431,Agua de colonia S3 Classic fresh,Cuidado personal e Higiene,2,True,True,False,False,False
CAT-9767,Comida Humeda Finas Laminas En Salsa Duo Del Mar Para Gatos Purina Gourmet Perle 8X85 G,Despensa,2,True,False,False,True,False
CAT-1432,Pan de hamburguesa,Panadería y Pastelería,2,True,False,False,True,False
CAT-9797,Multivitaminico Y Multimineral En Comprimidos Mujer Multicentrum Sin Gluten 90 Ud,Sin categoría,2,True,False,False,True,False
CAT-1375,Helado sándwich super nata,Congelados,2,True,False,False,True,False
CAT-9809,Vino Tinto Joven Fuentevina Vendimia Seleccionada 75 Cl,Bebidas,2,True,False,False,True,False
CAT-5288,Postre Lacteo Natural Desde 6 Meses Nestle Yogolino Sin Gluten Pack De 8 Unidades De 100 G,Lácteos y Huevos,2,True,False,False,True,False
CAT-5550,Tarrito De Frutas Variadas Desde 4 Meses Hero Baby Sin Gluten Pack De 6 Unidades De 190 G,Bebes,2,True,False,False,True,False
CAT-5072,Gel Control Imperfecciones Cerave 40 Ml,Sin categoría,2,True,False,False,True,False
CAT-5591,Helado De Stracciatella Carte Dor 500 G,Congelados,2,True,False,False,True,False
CAT-5542,Leche Entera Kaiku Sin Lactosa Brik 1 L,Lácteos y Huevos,2,True,False,False,True,False
CAT-5290,Snack Mini Atun Y Bacalao Para Gato Adulto Cat Stick 3 Ud,Pescadería,2,True,False,False,True,False
CAT-4607,Nuggets Chilli Cheese Pickers By Mccain 230 G,Congelados,2,True,False,False,True,False
CAT-4543,Helado Mini Bombon Clasico Almendras Y Chocolate Blanco Magnum Sin Gluten 10 Ud,Congelados,2,True,False,False,True,False
CAT-4541,Limpia Llantas Krafft Pulverizador 500Ml,Sin categoría,2,True,False,False,True,False
CAT-5316,Desodorante Roll On Extrem Frescor Byly 50 Ml,Cuidado personal e Higiene,2,True,False,False,True,False
CAT-5557,Ginebra Old Thames Pink 70 Cl,Bebidas,2,True,False,False,True,False
CAT-5576,Whisky Loch Castle Escoces 1 L,Bebidas,2,True,False,False,True,False
CAT-4662,Helado De Chocolate Belga Hagen Dazs Sin Gluten 460 Ml,Congelados,2,True,False,False,True,False
CAT-5321,Vino Lambrusco Rosso Signora Dei Duchi 75 Cl,Bebidas,2,True,False,False,True,False
CAT-5570,Aperitivo De Maiz Y Chia Con Sal Marina Risi Mios Sin Gluten 150 G,Despensa,2,True,False,False,True,False
CAT-5299,Vino Blanco Verdejo Faustino Rivero Vtcastilla 75 Cl,Bebidas,2,False,True,False,True,False
CAT-5568,Desodorante En Spray Active Control Sanex Men 200 Ml,Cuidado personal e Higiene,2,True,False,False,True,False
CAT-5310,Yogur Infantil Petit Queso Fresco Y Frutas Variadas Desde 6 Meses Hero Baby Sin Gluten Pack De 2 Unidades De 80 G,Lácteos y Huevos,2,True,False,False,True,False
CAT-5171,Mayonesa Sabor Original Ligeresa Tarro 425 G,Despensa,2,True,False,False,True,False
CAT-5554,Tarrito De 3 Frutas Desde 4 Meses Hero Baby Sin Gluten 190 G,Bebes,2,True,False,False,True,False
CAT-4623,Pizza De Pollo Asado Con Salsa De Miel Y Mostaza Pizza  Salsa Campofrio 355 G,Despensa,2,True,False,False,True,False
CAT-4622,Molde De Silicona Redondo Para Airfryer 19X75 Cm Masterpro Foodies,Sin categoría,2,True,False,False,True,False
CAT-5295,Centro De Jamon Dop Teruel De Nuestra Tierra Al Corte 150 G Aprox,Carnicería y Charcutería,2,True,False,False,True,False
CAT-4532,Queso Rallado Emmental Especial Pastas President 150 G,Lácteos y Huevos,2,True,False,False,True,False
CAT-5536,Patatas Golden Long Mccain 1 Kg,Sin categoría,2,True,False,False,True,False
CAT-5546,Leche Infantil De Crecimiento Desde 1 Ano Nutriben Innova Sin Azucar Anadido Lata 800 G,Despensa,2,True,False,False,True,False
CAT-5320,Cerveza Amstel 100 Malta Pack 28 Latas 33 Cl,Bebidas,2,True,False,False,True,False
CAT-4663,Helado De Vainilla Hagen Dazs Sin Gluten 460 Ml,Congelados,2,True,False,False,True,False
CAT-4620,Perfumador Para La Ropa Rosa Flor 36 Lavados,Sin categoría,2,True,False,False,True,False
CAT-4546,Helado De Fresa Calippo Sin Gluten 5 Ud,Congelados,2,True,False,False,True,False
CAT-5537,Leche Infantil De Crecimiento Desde Los 12 Meses En Polvo Nestle Nan Supreme Pro 3 Lata 800 G,Bebes,2,True,False,False,True,False
CAT-4664,Helado De Vainilla Caramelo Brownie Hagen Dazs 460 Ml,Congelados,2,True,False,False,True,False
CAT-4694,Comida Humeda De Pollo Para Perro Mini Ultima 150 G,Carnicería y Charcutería,2,True,False,False,True,False
CAT-4613,Monster Energy Juiced Bebida Energetica Aussie Lemonade Style Lata 500 Ml,Bebidas,2,True,False,False,True,False
CAT-4624,Snack De Bacon Para Perros Brekkies Excel 300 G,Carnicería y Charcutería,2,True,False,False,True,False
CAT-4628,Molde Cuadrado De Silicona 22X22X7 Cm Masterpro Foodies,Sin categoría,2,True,False,False,True,False
CAT-4626,Molde De Silicona 207X207X7 Cm Masterpro Foodies,Sin categoría,2,True,False,False,True,False
CAT-5562,Crema Solar Spf50 Les Cosmetiques 400 Ml,Sin categoría,2,True,False,False,True,False
CAT-5532,Queso Feta Dodoni Dop 150 G,Lácteos y Huevos,2,True,False,False,True,False
CAT-5301,Cana De Pescar Para Gato Vitakraft Con Raton,Mascotas,2,True,False,False,True,False
CAT-5545,Leche Infantil De Continuacion Desde 6 Meses En Polvo Nutriben Innova 2 Sin Aceite De Palma Lata 800 G,Bebes,2,True,False,False,True,False
CAT-4692,Pienso De Salmon Para Perro Adulto Mini Ultima 125 Kg,Pescadería,2,True,False,False,True,False
CAT-5070,Limpiador En Aceite Espumoso Hidratante Cerave 473 Ml,Hogar,2,True,False,False,True,False
CAT-5308,Sucedaneo De Angulas 200 G,Sin categoría,2,True,False,False,True,False
CAT-4691,Comida Humeda De Buey Para Perro Mini Ultima 150 G,Mascotas,2,True,False,False,True,False
CAT-5549,Leche Infantil De Continuacion Desde 6 Meses Liquida Nestle Nan Optipro2 Brik 500 Ml,Bebes,2,True,False,False,True,False
CAT-5551,Tiras Nasales Grandes Breathe Right 30 Ud,Sin categoría,2,True,False,False,True,False
CAT-4616,Pienso Esterilizado Control Bolas De Pelo Sabor Pollo Para Gato Purina One 15 Kg,Carnicería y Charcutería,2,True,False,False,True,False
CAT-5526,Panales Dodot Activity T6 14 Kg 44 Ud,Bebes,2,True,False,False,True,False
CAT-5553,Tarrito De Frutas Variadas Desde 4 Meses Hero Solo Sin Gluten 190 G,Sin categoría,2,True,False,False,True,False
CAT-4410,Gafa Presbicia Ojo Gato Circular 100 Colores Varios 1 Ud,Sin categoría,2,True,False,False,True,False
CAT-4408,Gafa Presbicia Ojo Gato Circular 150 Colores Varios 1 Ud,Sin categoría,2,True,False,False,True,False
CAT-4419,Gafa Presbicia Ojo Gato Circular 200 Colores Varios 1 Ud,Sin categoría,2,True,False,False,True,False
CAT-4420,Gafa Presbicia Ojo Gato Circular 250 Colores Varios 1 Ud,Sin categoría,2,True,False,False,True,False
CAT-4537,Pitahaya Roja A Granel 500 G Aprox,Sin categoría,2,True,False,False,True,False
CAT-1579,Queso en polvo especial pasta mezcla,Lácteos y Huevos,2,True,True,False,False,False
CAT-4406,Gafa Presbicia Redonda Circular 250 Colores Varios 1 Ud,Sin categoría,2,True,False,False,True,False
CAT-1596,Queso fresco batido desnatado 0% MG,Lácteos y Huevos,2,True,False,False,True,False
CAT-1804,Filetes de bonito del norte en aceite de oliva,Conservas y Enlatados,2,True,True,False,False,False
CAT-1599,Mozzarella fresca di bufala campana,Lácteos y Huevos,2,True,False,False,True,False
CAT-1986,Pizza jamón y queso,Congelados,2,True,False,False,True,False
CAT-1844,Mejillones en escabeche pequeños,Conservas y Enlatados,2,True,True,False,False,False
CAT-6001,Pan Proteico Mediano Ketterer 450 G,Panadería y Pastelería,2,True,False,False,True,False
CAT-5993,Compresas Normal Sin Alas Liberty Evax 12 Ud,Cuidado personal e Higiene,2,True,False,False,True,False
CAT-5982,Agua Mineral Con Gas Vichy Catalan Natural 50 Cl,Bebidas,2,True,False,False,True,False
CAT-1679,Pan de hamburguesa Brioche,Panadería y Pastelería,2,True,True,False,False,False
CAT-1780,Atún en salsa de tomate,Conservas y Enlatados,2,True,True,False,False,False
CAT-5948,Cerveza Saer Brau Especial Pack 12 Latas 33 Cl,Bebidas,2,True,False,False,True,False
CAT-6016,Chorizo De Leon Extra En Lonchas Palcarsa Sin Gluten Y Sin Lactosa 100 G,Carnicería y Charcutería,2,True,False,False,True,False
CAT-5998,Zumo Romantics Detox Ginger Botella 50 Cl,Bebidas,2,True,False,False,True,False
CAT-6029,Lubina 600 G Aprox,Pescadería,2,True,False,False,True,False
CAT-5999,Cuajada Danone Sin Gluten Pack De 2 Unidades De 135 G,Lácteos y Huevos,2,True,False,False,True,False
CAT-5953,Judia Fina Flow Pack  250 G,Sin categoría,2,True,False,False,True,False
CAT-5972,Vino Tinto Tempranillo Finca Resalso Do Ribera Del Duero 75 Cl,Bebidas,2,True,False,False,True,False
CAT-4037,Vino Tinto Reserva Tempranillo Vina Albali Do Valdepenas 75 Cl,Bebidas,2,False,True,False,True,False
CAT-4029,Cerveza San Miguel 00 Alcohol Pack 6 Botellas 25 Cl,Bebidas,2,False,True,False,True,False
CAT-5955,Aguardiente Antioqueno Sin Azucar 70 Cl,Bebidas,2,True,False,False,True,False
CAT-5834,Zumo De Arandano Ocean Spray Brik 75 Cl,Bebidas,2,True,False,False,True,False
CAT-5981,Tonica Schweppes Con Toque De Lima Premium Botella 20 Cl,Bebidas,2,True,False,False,True,False
CAT-5901,Nectar De 10 Frutas Y 10 Vitaminas Juver Disfruta La Fruta Sin Azucar Anadido Brik 2 L,Cuidado personal e Higiene,2,False,True,False,True,False
CAT-5844,Leche Infantil De Continuacion Desde 1 Ano En Polvo Evolution Blemil Optimum Sin Azucar Anadida 1 Lata 800 G,Despensa,2,True,False,False,True,False
CAT-5952,Guacamole Ecologico En Tarrina 200 G,Platos preparados,2,True,False,False,True,False
CAT-5986,Gel De Ducha Flor De Cereza Nb Palmolive 600 Ml,Cuidado personal e Higiene,2,True,False,False,True,False
CAT-5902,Colgador Wc Momentos De Relax Perfume Armonia Con Aceites Esenciales Bref 2 Ud,Cuidado personal e Higiene,2,True,False,False,True,False
CAT-6013,Gel Intimo Delicado Suave Para Piel Sensible Anti Odor Ph 5 Chilly 250 Ml,Cuidado personal e Higiene,2,True,False,False,True,False
CAT-5990,Compresas Super Con Alas Liberty Evax 10 Ud,Cuidado personal e Higiene,2,True,False,False,True,False
CAT-5823,Pienso De Buey Para Perro Maxi Purina Friskies Vitafit Active 15 Kg,Mascotas,2,True,False,False,True,False
CAT-5906,Jarabe Kids Tussiplan Sin Gluten Y Sin Lactosa 250 Ml,Sin categoría,2,True,False,False,True,False
CAT-5825,Ambientador Electrico Atardecer En Menorca 3Volution Recambio Ambi Pur 1 Ud,Hogar,2,True,False,False,True,False
CAT-2994,Granizado de limón sin azúcares añadidos,Congelados,2,True,False,False,True,False
CAT-2007,Helado mini bombón nocciola,Congelados,2,True,True,False,False,False
CAT-2221,Ambientador líquido concentrado Foresan deluxe,Hogar,2,True,False,False,True,False
CAT-2890,Banderillas dulces,Despensa,2,True,True,False,False,False
CAT-3042,Solomillo de pavo,Carnicería y Charcutería,2,True,False,False,True,False
CAT-2016,Brócoli ultracongelado,Congelados,2,True,False,False,True,False
CAT-2278,Toallitas desmaquillantes cara y ojos piel seca y sensible,Cuidado personal e Higiene,2,True,True,False,False,False
CAT-2057,Sangría Don Simón,Bebidas,2,True,True,False,False,False
CAT-2306,Aceite corporal aloe vera,Cuidado personal e Higiene,2,True,False,False,True,False
CAT-2154,Judías verdes extrafinas,Conservas y Enlatados,2,True,True,False,False,False
CAT-2414,Bebida de melocotón sin azúcares añadidos,Bebidas,2,True,True,False,False,False
CAT-2425,Bálsamo after shave Sensitive Nivea Men 0% alcohol,Cuidado personal e Higiene,2,True,False,False,True,False
CAT-2720,Quitaesmalte acetona pura,Cuidado personal e Higiene,2,True,False,False,True,False
CAT-2525,Lavavajillas frescor anti-olor Somat en gel duo,Hogar,2,True,False,True,False,False
CAT-2535,Lasaña a la boloñesa ultracongelada,Congelados,2,True,True,False,False,False
CAT-2546,Insecticida moscas y mosquitos perfumado,Hogar,2,True,False,False,True,False
CAT-2589,Porciones de merluza del Cabo,Pescadería,2,True,False,False,True,False
CAT-2943,Queso lonchas fundido burger mezcla,Lácteos y Huevos,2,True,False,False,True,False
CAT-3019,Sepia limpia pequeña congelada,Congelados,2,True,False,False,True,False
CAT-3253,Desodorante roll-on Active control Sanex men antitranspirante,Cuidado personal e Higiene,2,True,False,False,True,False
CAT-3376,Limpiador de Muebles y Parquet,Hogar,2,True,False,False,True,False
CAT-3614,Papel higiénico Doble Rollo,Hogar,2,True,True,False,False,False
CAT-3805,Bebida láctea sabor canela y limón,Lácteos y Huevos,2,True,True,False,False,False
CAT-5830,Bebida De Fruta De Pina Juver Brik 2 L,Sin categoría,2,True,False,False,True,False
CAT-6630,Prevencion Resaca Party Smart Himalaya 250 Mg,Sin categoría,2,True,False,False,True,False
CAT-7936,Empanado Vegetal De Jamon Y Queso Crispy Twist Garden Gourmet 180 G,Lácteos y Huevos,2,True,False,False,True,False
CAT-6963,Bebida De Fruta De Naranja Capri Sun 20 Cl,Sin categoría,2,True,False,False,True,False
CAT-7772,Limpiador De Banos En Crema Con Aroma Floral Cif 650 Ml,Hogar,2,True,False,False,True,False
CAT-8095,Ambientador Automatico Flor De Cerezo Y Frambuesa Recambio Air Wick 1 Ud,Hogar,2,True,False,False,True,False
CAT-8258,Bolsas Antipolillas Aroma Lavanda Fresca Orion 20 Ud,Sin categoría,2,True,False,False,True,False
CAT-9376,Pizza Barbacoa Forno Di Pietra Buitoni 330 G,Congelados,2,True,False,False,True,False
CAT-9858,Gel Wc Desinfectante Frescor Citrico Con Lejia Sanicentro 1 L,Hogar,2,True,False,False,True,False
CAT-9860,Comida Humeda Seleccion De Pescados Para Gato Adulto Gourmet Mon Petit 6X50 G,Mascotas,2,True,False,False,True,False
CAT-6087,Mascarilla Capilar Reparadora Para Cabello Seco Y Danado Ultra Repair Science Les Cosmetiques 300 Ml,Cuidado personal e Higiene,2,True,False,False,True,False
CAT-6040,Desodorante Stick Original 0 Sales De Aluminio Tulipan Negro 100 Ml,Cuidado personal e Higiene,2,True,False,False,True,False
CAT-5976,Dentifrico Con Fluor De Uso Diario Complete Proteccion Extra Fresh Parodontax Pack De 2 Unidades De 75 Ml,Cuidado personal e Higiene,2,True,False,False,True,False
CAT-6026,Gel Dentifrico Uso Diario Anticaries Sabor Fresa Junior Fluor Kin 75 Ml,Cuidado personal e Higiene,2,True,False,False,True,False
CAT-5950,Gel De Ducha Emoliente Sin Jabon Piel Atopica Mussvital Dermactive 750 Ml,Cuidado personal e Higiene,2,True,False,False,True,False
CAT-6006,Jabon De Manos Liquido Leche Y Almendra Con Hidratante Naturals Palmolive 300 Ml,Cuidado personal e Higiene,2,True,False,False,True,False
CAT-6027,Compresas Normal Con Alas Ultrafina Ausonia 38 Ud,Cuidado personal e Higiene,2,True,False,False,True,False
CAT-7127,Compresas Super Con Alas Cottonlike Evax 14 Ud,Cuidado personal e Higiene,2,True,False,False,True,False
CAT-7128,Compresas Noche Con Alas Cottonlike Evax 11 Ud,Cuidado personal e Higiene,2,True,False,False,True,False
CAT-6004,Ambientador De Varillas Bebe Y Colonia Aura 30 Ml,Cuidado personal e Higiene,2,True,False,False,True,False
CAT-6063,Snack Liquido Con Salmon Y Omega 3 Para Gato Vitakraft  6X15 G,Cuidado personal e Higiene,2,False,True,False,True,False
CAT-0046,Ajo granulado,Despensa,2,True,False,False,False,True
CAT-1634,Colgador antipolillas Ropa Limpia,Hogar,2,True,False,False,True,False
CAT-2944,Queso en porciones light,Lácteos y Huevos,2,True,False,False,True,False
CAT-2969,Queso fresco 0% MG de vaca Burgo de Arias,Lácteos y Huevos,2,True,True,False,False,False
CAT-3569,Estropajo salvauñas suciedad resistente,Hogar,2,True,True,False,False,False
CAT-4003,Zumo de piña,Bebidas,2,True,True,False,False,False
CAT-3885,Harina de maíz blanco precocida,Despensa,2,True,True,False,False,False
CAT-3893,Pan de molde blanco rebanada gruesa,Panadería y Pastelería,2,True,False,False,True,False
CAT-3961,Natillas de chocolate Danet,Lácteos y Huevos,2,True,False,False,False,True
CAT-3993,Yogur sabor macedonia Danone,Lácteos y Huevos,2,True,True,False,False,False
CAT-3996,Bebida 5 frutas sin azúcares añadidos,Bebidas,2,True,True,False,False,False
CAT-5946,Panuelos Collection Kleenex 15 Ud,Sin categoría,2,True,False,False,True,False
CAT-5949,Crema Para Las Bolsas Y Ojeras Remescar 8 Ml,Sin categoría,2,True,False,False,True,False
CAT-6005,Ambientador De Varillas Dama De Noche Aura 30 Ml,Hogar,2,True,False,False,True,False
CAT-5995,Gyoza Vegetable Fusion Itsu 270 G,Congelados,2,True,False,False,True,False
CAT-5996,Gyoza Chicken Itsu 240 G,Congelados,2,True,False,False,True,False
CAT-5988,Hamburguesa De Pollo Congelada Simons Food 3X80G,Carnicería y Charcutería,2,True,False,False,True,False
CAT-6011,Snacks Dental Para Perros Grandes Pedigree Daily Oral Care Dentastix Pack De 28 Unidades,Mascotas,2,True,False,False,True,False
CAT-6022,Set De 10 Vasos De Cerveza De Plastico Reutilizable 315 Cl Smart,Bebidas,2,True,False,False,True,False
CAT-6033,Bombon Helado Kinder Chocolate 4 Ud,Congelados,2,True,False,False,True,False
CAT-6018,Salchicha De Carnes Variadas Para Perro Canibaq 1 Kg,Carnicería y Charcutería,2,True,False,False,True,False
CAT-6019,Salchicha De Higado Y Buey Para Perro Canibaq 1 Kg,Carnicería y Charcutería,2,True,False,False,True,False
CAT-6024,Discos Wc Activos Aroma Lima Recambio Pato 2 Ud,Frutas y Verduras,2,True,False,False,True,False
CAT-6069,Pulverizador De Aceite De Cristal 150 Ml Jata,Sin categoría,2,True,False,False,True,False
CAT-6068,Vino Blanco Extra Dry Velodoro Doc Prosecco 75 Cl,Bebidas,2,True,False,False,True,False
CAT-6089,Escoba Multiusos  Vigar    Surtido,Hogar,2,True,False,False,True,False
CAT-6076,Nuggets Rebozado Fino Recetas Crujientes La Cocinera 400 G,Congelados,2,True,False,False,True,False
CAT-6085,Leche Infantil De Continuacion Blemil Plus 2 Forte Lata 800 G,Bebes,2,True,False,False,True,False
CAT-6067,Polvos De Talco Suave Bebe Piel Sensible Natural Hipoalergenico Johnsons Baby 200 G,Bebes,2,True,False,False,True,False
CAT-6136,Tetra Reptomin Energy Comida Para Totugas Acuaticas 250 Ml,Sin categoría,2,True,False,False,True,False
CAT-6123,Pizza 26X38 Formaggi Italpizza 520 G,Congelados,2,True,False,False,True,False
CAT-3021,Anillas de pota Argentina congeladas,Congelados,2,True,False,False,True,False
CAT-3022,Pulpo crudo congelado,Congelados,2,True,False,False,True,False
CAT-3120,Queso curado mezcla,Lácteos y Huevos,2,True,False,False,False,True
CAT-3126,Queso tierno gouda de vaca,Lácteos y Huevos,2,True,False,False,True,False
CAT-3221,Champú y acondicionador anticaspa Classic 2 en 1 H&S,Cuidado personal e Higiene,2,True,False,False,True,False
CAT-4026,Cerveza Mahou 5 Estrellas Especial Pack 6 Botellas 25 Cl,Bebidas,2,False,False,False,True,True
CAT-3145,Helado barrita sabor cacahuete con cobertura de chocolate con leche,Congelados,2,True,False,False,True,False
CAT-6108,Mordedor Refrigerante 4M Etapa 2,Sin categoría,2,True,False,False,True,False
CAT-3558,Leche entera,Lácteos y Huevos,2,True,False,False,False,True
CAT-3393,Colgador antipolillas Lavanda,Hogar,2,True,False,False,True,False
CAT-3395,Trampa polillas de los alimentos,Hogar,2,True,False,False,True,False
CAT-3430,Ambientador spray Ropa Limpia,Hogar,2,True,False,False,True,False
CAT-2557,Vino tinto crianza Abadía Mantrús DO Ribera del Duero,Bebidas,2,True,False,False,False,True
CAT-3483,Mango,Frutas y Verduras,2,True,False,False,False,True
CAT-9151,Macarrones Bolonesa Carrefour El Mercado 280 G,Bebidas,2,True,False,True,False,False
CAT-3000,Helado stracciatella,Congelados,2,True,False,False,True,False
CAT-4078,Desodorante En Spray Tacto Puro 24H Anti Manchas Blancas Nb Palmolive 200 Ml,Cuidado personal e Higiene,2,True,False,False,True,False
CAT-4085,Dentifrico De Uso Diario Con Fluor Eficacia Blanqueadora Anti Manchas Intensivo Denivit 50 Ml,Cuidado personal e Higiene,2,True,False,False,True,False
CAT-4086,Dentifrico Accion Antiplaca Bacteriana Clorofila Licor Del Polo 75 Ml,Cuidado personal e Higiene,2,True,False,False,True,False
CAT-4088,Dentifrico Para Dientes Sensibles Proteccion Diaria Sensodyne 75 Ml,Cuidado personal e Higiene,2,True,False,False,True,False
CAT-4042,Vino De Aguja Blanco Blanc Pescador 75 Cl,Bebidas,2,False,False,False,True,True
CAT-4025,Cerveza Mahou Clasica Pack 6 Botellas 25 Cl,Bebidas,2,True,False,False,True,False
CAT-4372,Vino Blanco Marques De Vizhoja 75 Cl,Bebidas,2,False,False,False,True,True
CAT-1385,Granizado de limón,Congelados,2,True,True,False,False,False
CAT-1472,Papel higiénico húmedo WC,Cuidado personal e Higiene,2,True,True,False,False,False
CAT-1542,Arroz vaporizado,Despensa,2,True,True,False,False,False
CAT-1557,Queso rulo de cabra,Lácteos y Huevos,2,True,True,False,False,False
CAT-2555,Mermelada de fresa,Desayuno y Snack,2,True,True,False,False,False
CAT-2680,Cereales rellenos de crema de cacao y avellana sin gluten,Desayuno y Snack,2,True,True,False,False,False
CAT-3350,Detergente ropa Prendas Delicadas líquido,Hogar,2,True,True,False,False,False
CAT-3592,Limpiador Baños desinfectante,Hogar,2,True,True,False,False,False
CAT-4060,Grasa De Caballo Incolora Para El Calzado Bufalo 75 Ml,Sin categoría,2,True,False,False,True,False
CAT-4062,Gel Wc Limpieza Total Oceano Pato 750 Ml,Sin categoría,2,True,False,False,True,False
CAT-4063,Gel Wc Limpieza Total Frescor Pato 750 Ml,Sin categoría,2,True,False,False,True,False
CAT-4067,Gambon Argentino Pelado Mares Del Sur 250 G,Sin categoría,2,True,False,False,True,False
CAT-4074,Limpiador Bano Antical Con Vinagre Ecologico Frosch 1 L,Despensa,2,True,False,False,True,False
CAT-4071,Sal Para Lavavajillas Finish 4 Kg,Hogar,2,True,False,False,True,False
CAT-4072,Lejia Accion Total Conejo 2 L,Hogar,2,True,False,False,True,False
CAT-4061,Limpiador Multiusos Glassex 750 Ml,Hogar,2,True,False,False,True,False
CAT-4073,Limpiahogar En Polvo Vim Clorex 750 G,Hogar,2,True,False,False,True,False
CAT-4076,Limpiador En Crema Limon Cif 750 Ml,Hogar,2,True,False,False,True,False
CAT-4057,Pizza Speciale Casa Di Mama Dr Oetker 415 G,Congelados,2,True,False,False,True,False
CAT-4066,Crema Reparadora Protectora Cicalfate Avene100 Ml,Cuidado personal e Higiene,2,True,False,False,True,False
CAT-4068,Apresto Instantaneo Para Planchado Spray Toke 500 Ml,Hogar,2,True,False,False,True,False
CAT-4204,Friegasuelos Concentrado Multi Superficies Super Perfumado Multiusos Aroma Gold Disiclin 1000 Ml,Sin categoría,2,True,False,False,True,False
CAT-4366,Pienso De Pollo Y Cereales Para Perros Adultos Brekkies Excel 15 Kg,Carnicería y Charcutería,2,True,False,False,True,False
CAT-4407,Gafa Presbicia Cuadrada Circular 150 Colores Varios 1 Ud,Sin categoría,2,True,False,False,True,False
CAT-8975,Mezcla De Frutos Rojos Congelados De Navarra 300 G,Congelados,2,True,False,False,True,False
CAT-4148,Desodorante En Crema Sensitive Byly 25 Ml,Cuidado personal e Higiene,2,True,False,False,True,False
CAT-1399,Galletas tostadas Tosta Rica,Desayuno y Snack,2,True,False,True,False,False
CAT-1680,Zumo de naranja,Bebidas,2,True,False,False,True,False
CAT-1790,Ventresca de atún claro en aceite de oliva,Conservas y Enlatados,2,True,True,False,False,False
CAT-2004,Vino tinto Don Simón,Bebidas,2,True,True,False,False,False
CAT-4154,Cordon Bleu Recetas Crujientes La Cocinera 376 G,Sin categoría,2,True,False,False,True,False
CAT-4139,Queso Fundido En Porciones El Caserio Sin Gluten 250 G,Lácteos y Huevos,2,True,False,False,True,False
CAT-4137,Helado Sorbete De Limon Carte Dor 1000 Ml,Congelados,2,True,False,False,True,False
CAT-4152,Croquetas De Pollo Sabrosisimas La Cocinera 500 G,Congelados,2,True,False,False,True,False
CAT-4158,Salami Alharce Campofrio Al Corte 250 G Aprox,Carnicería y Charcutería,2,True,False,False,True,False
CAT-4143,Salchichas Cocidas Jumbo Classic Oscar Mayer Sin Gluten Sin Lactosa 350 G,Carnicería y Charcutería,2,True,False,False,True,False
CAT-4144,Salchichas Cocidas Wieners Bocadillo Oscar Mayer Sin Gluten Sin Lactosa 275 G,Carnicería y Charcutería,2,True,False,False,True,False
CAT-4146,Lomos De Merluza Del Cabo Con Piel Ultracongelados Pescanova 400 G,Pescadería,2,True,False,False,True,False
CAT-4141,Chocolate A La Taza Listo Para Tomar Ram Sin Gluten Brik 1 L,"Azúcar, caramelos y chocolate",2,True,False,False,True,False
CAT-4150,Peskitos Pescanova 400 G,Pescadería,2,True,False,False,True,False
CAT-4308,Dentifrico Blanqueador Max White Ultra Active Foam Colgate 50 Ml,Cuidado personal e Higiene,2,True,False,False,True,False
CAT-4160,Chorizo Extra Curado Revilla Al Corte 250 G Aprox,Carnicería y Charcutería,2,True,False,False,True,False
CAT-4305,Tarrito Guiso Verduras Con Merluza Y Pasta Desde 10 Meses Hero Solo Pack De 2 Unidades De 235 G,Despensa,2,True,False,False,True,False
CAT-4311,Pienso De Queso Para Gato Catisfaction 180 G,Lácteos y Huevos,2,True,False,False,True,False
CAT-4309,Lavavajillas A Maquina Aroma Naranja Pastillas Todo En Uno Fairy 60 Ud,Hogar,2,True,False,False,True,False
CAT-4312,Pienso De Salmon Para Perro Med Max Ultima 3 Kg,Pescadería,2,True,False,False,True,False
CAT-4310,Comida Humeda Recetas De La Huerta Para Perro Cesar 8X150 G,Mascotas,2,True,False,False,True,False
CAT-4304,Tarrito De Manzana Fresa Y Arandanos Desde 4 Meses Ecologico Hero Solo Sin Gluten 120 G ,Frutas y Verduras,2,True,False,False,True,False
CAT-4540,Uva Rosada A Granel 500 G Aprox,Sin categoría,2,True,False,False,True,False
CAT-4547,Cava Bonaval Semiseco Do Cava 75 Cl,Bebidas,2,True,False,False,True,False
CAT-4327,Crema De Manos Concentrada Con Perfume Neutrogena 2 Unidades 50 Ml,Cuidado personal e Higiene,2,True,False,False,True,False
CAT-4065,Desinfectante Wc Matic Activo Azul Pato 1 Ud,Hogar,2,True,False,False,True,False
CAT-4192,Cava Blanco Bonaval Brut Do Cava 75 Cl,Bebidas,2,True,False,False,True,False
CAT-4317,Cerveza Free Damm 00 Sin Alcohol Sin Gluten Pack 6 Botellas 25 Cl,Bebidas,2,True,False,False,True,False
CAT-4320,Cava Bach Extrisimo Brut Nature 75 Cl,Bebidas,2,True,False,False,True,False
CAT-4324,Tarrito De Brocoli Y Guisantes Con Pavo Desde 6 Meses Ecologico Gerber Sin Gluten 190 G,Carnicería y Charcutería,2,True,False,False,True,False
CAT-4314,Pienso De Salmon Para Perro Adulto Mediano Brekkies Delicious 725 Kg,Pescadería,2,True,False,False,True,False
CAT-4315,Pienso De Salmon Para Perro Mediano Adulto Brekkies Delicious 27 Kg,Pescadería,2,True,False,False,True,False
CAT-4333,Mejillones En Escabeche 1318 Isabel Sin Gluten Y Sin Lactosa 69 G,Sin categoría,2,True,False,False,True,False
CAT-4338,Cerveza Mahou 5 Estrellas Especial Lata 50 Cl,Bebidas,2,True,False,False,True,False
CAT-4350,Atun En Aceite De Girasol Isabel Pack De 3 Latas De 52 G,Despensa,2,True,False,False,True,False
CAT-4336,Mayonesa Ybarra Sin Gluten Y Sin Lactosa Tarro 450 Ml,Despensa,2,True,False,False,True,False
CAT-4348,Abrillantador Para Lavavajillas Finish Powerball 800 Ml,Hogar,2,True,False,False,True,False
CAT-4343,Toallitas Suavizante Para Secadora Elixir Flor 40 Hojas,Hogar,2,True,False,False,True,False
CAT-4330,Limpiacristales Con Brillo Protector Luminia 750 Ml,Hogar,2,True,False,False,True,False
CAT-4365,Pienso Para Perro Adulto Bon Menu 4 Kg,Mascotas,2,True,False,False,True,False
CAT-4371,Cerveza Heineken Lager Lata 50 Cl,Bebidas,2,False,False,False,True,True
CAT-4015,Coca Cola Sin Cafeina Lata 33 Cl,Bebidas,2,False,True,False,True,False
CAT-4347,Vino Manzanilla Muy Fina Do Sanlucar De Barrameda  75 Cl,Bebidas,2,False,False,False,True,True
CAT-4017,Kas Zero De Naranja Sin Azucar Lata 33 Cl,Bebidas,2,False,True,False,True,False
CAT-4054,Ginebra Beefeater 70 Cl,Bebidas,2,False,True,False,True,False
CAT-4038,Vino Blanco Semi Dulce Bach Do Cataluna 75 Cl,Bebidas,2,False,True,False,True,False
CAT-4030,Cerveza Mahou Sin Alcohol Pack De 6 Botellas De 25 Cl,Bebidas,2,False,True,False,True,False
CAT-0883,Refresco Coca-Cola Zero azúcar,Bebidas,2,True,True,False,False,False
CAT-1901,Espárragos blancos medianos,Conservas y Enlatados,2,True,True,False,False,False
CAT-2361,Ensaladilla rusa,Platos preparados,2,True,True,False,False,False
CAT-3026,Café soluble descafeinado en sobres,Desayuno y Snack,2,True,True,False,False,False
CAT-3092,Tiras de pechuga de pollo al natural,Carnicería y Charcutería,2,True,False,False,True,False
CAT-4142,Salchichas Classic Wieners Oscar Mayer Sin Gluten 200 G,Carnicería y Charcutería,2,True,False,False,True,False
CAT-4352,Memorex Forte Pharma 56 Ud,Sin categoría,2,True,False,False,True,False
CAT-4360,Caballa 13 Kg Aprox,Sin categoría,2,True,False,False,True,False
CAT-4362,Sardinas 1 Kg Aprox,Sin categoría,2,True,False,False,True,False
CAT-4351,Set 3 Bayetas Ballerina Original   Amarillo,Hogar,2,True,False,False,True,False
CAT-4354,Tarrito De Verduritas Con Merluza Desde 6 Meses Hero Solo Sin Gluten Pack De 6 Unidades De 235 G,Pescadería,2,True,False,False,True,False
CAT-4368,Pienso De Buey Y Verduras Para Gato Adulto Brekkies Excel 15 Kg,Mascotas,2,True,False,False,True,False
CAT-4404,Gafa Presbicia Cuadrada Circular 200 Colores Varios 1 Ud,Sin categoría,2,True,False,False,True,False
CAT-4405,Tomate Triturado Cidacos 400 G,Conservas y Enlatados,2,True,False,False,True,False
CAT-4459,Comida Humeda Buey Y Pavo Para Gato Adulto Ultima 4 X 85 G,Carnicería y Charcutería,2,True,False,False,True,False
CAT-4460,Ultima Nature No Grain Gato Adulto Pavo 110 Kg,Carnicería y Charcutería,2,True,False,False,True,False
CAT-4461,Pienso De Pavo Fresco Verduras Y Frutas Para Perro Adulto Mini Ultima  11 Kg,Carnicería y Charcutería,2,True,False,False,True,False
CAT-9413,Drenaje Reductor Ultra Bimanan 500 Ml,Sin categoría,2,True,False,False,True,False
CAT-9425,Discos De Lactancia Chicco 60 Ud,Sin categoría,2,True,False,False,True,False
CAT-9407,Anilla De Pota Argentina Congelada 450 G,Pescadería,2,True,False,False,True,False
CAT-4515,Gel De Ducha Dark Temptation Axe 400 Ml,Cuidado personal e Higiene,2,True,False,False,True,False
CAT-4557,Compresas Super Plus Con Alas Cottonlike Evax 20 Ud,Cuidado personal e Higiene,2,True,False,False,True,False
CAT-0487,Whisky escocés Cutty Sark,Bebidas,2,True,True,False,False,False
CAT-4462,Comida Humeda De Salmon Y Trucha Para Gato Adulto Ultima 4X85 Gr,Pescadería,2,True,False,False,True,False
CAT-4463,Pienso De Buey Para Gatos Esterilizados Adultos Ultima 110 Kg,Mascotas,2,True,False,False,True,False
CAT-4487,Mejillones En Salsa Vieira 1318 Isabel Sin Gluten Y Sin Lactosa 69 G,Despensa,2,True,False,False,True,False
CAT-4498,Yogur Sabor Frutos Del Bosque Danone Sin Gluten Pack De 4 Unidades De 120 G,Lácteos y Huevos,2,True,False,False,True,False
CAT-4500,Ambientador De Varillas Melon The Fruit Company 40 Ml,Hogar,2,True,False,False,True,False
CAT-4501,Ambientador De Varillas Fresa Y Nata The Fruit Company 40 Ml,Hogar,2,True,False,False,True,False
CAT-4468,Limpiador Perfumado Volvone 750 Ml,Hogar,2,True,False,False,True,False
CAT-4471,Filetes De Centro De Lomo De Cerdo 540 G Aprox,Carnicería y Charcutería,2,True,False,False,True,False
CAT-4482,Gamba Blanca Cruda Extra 500 G Aprox,Pescadería,2,True,False,False,True,False
CAT-4486,Papel De Cocina Para Todo Colhogar 4 Rollos,Bazar y Varios,2,True,False,False,True,False
CAT-4495,Apio Verde Manojo De 750 G,Frutas y Verduras,2,True,False,False,True,False
CAT-4511,Long Burger Supreme Heura 210 G ,Sin categoría,2,True,False,False,True,False
CAT-4551,Boligrafos Bic Cristal Original 5 Ud   Surtido,Sin categoría,2,True,False,False,True,False
CAT-4513,Galletas Con Chocolate Choco Biscuits Milka 150 G,Desayuno y Snack,2,True,False,False,True,False
CAT-4552,Ambientador Electrico Aroma A Limpio 3Volution Recambio Ambi Pur 1 Ud,Hogar,2,True,False,False,True,False
CAT-4512,Albondigas Originales Heura Sin Gluten 208 G,Carnicería y Charcutería,2,True,False,False,True,False
CAT-4517,Pants Dodot Activity T6 14 19 Kg 35 Ud,Bebes,2,True,False,False,True,False
CAT-4518,Pants Dodot Activity T4 9 15 Kg 43 Ud,Bebes,2,True,False,False,True,False
CAT-4554,Gomas De Borrar Milan 4 Uds,Sin categoría,2,True,False,False,True,False
CAT-4555,Nata Montada Puleva Spray 250 G,Sin categoría,2,True,False,False,True,False
CAT-4559,Vino Tinto Reserva Tempranillo Vina Mayor Vendimia Selecciona Do Ribera Del Duero 75 Cl,Bebidas,2,True,False,False,True,False
CAT-6111,Pizza Vegana Margherita Pomodori Ristorante Dr Oetker 340 G,Congelados,2,True,False,False,True,False
CAT-9869,Snack Crema De Leche Para Gatos Pequenos Vitakraft 70 G,Mascotas,2,True,False,False,True,False
CAT-9907,Preparado Lacteo De Crecimiento 3 Desde 12 Meses Nutriben Crecimiento Pro  Sin Aceite De Palma Lata 800 G,Sin categoría,2,True,False,False,True,False
CAT-9959,Cerveza Saer Brau Holandesa Lata 50 Cl,Bebidas,2,True,False,False,True,False
CAT-2296,Caldo de pollo en pastillas,Conservas y Enlatados,2,True,True,False,False,False
CAT-3181,Champiñón laminado,Conservas y Enlatados,2,True,True,False,False,False
CAT-4539,Pepino De Almeria A Granel 1 Kg,Frutas y Verduras,2,True,False,False,True,False
CAT-4855,Champu Anticaspa Revitalizante Dermaxpro Hs 300 Ml,Cuidado personal e Higiene,2,True,False,False,True,False
CAT-4842,Colonia Original Denenes 600 Ml,Cuidado personal e Higiene,2,True,False,False,True,False
CAT-0467,Salsa fresca Carbonara,Despensa,2,True,True,False,False,False
CAT-0971,Refresco lima limón zero azúcar fresh gas,Bebidas,2,True,True,False,False,False
CAT-4670,Helado De Galletas Y Crema Hagen Dazs 460 Ml,Desayuno y Snack,2,True,False,False,True,False
CAT-4860,Barritas De Huevo Y Semilla Para Canarios 2 Unidades 54 G,Sin categoría,2,True,False,False,True,False
CAT-4879,Compango Asturiano El Chico 250 G,Sin categoría,2,True,False,False,True,False
CAT-4880,Patatas Al Horno Express Mccain 500 G,Sin categoría,2,True,False,False,True,False
CAT-4859,Cerveza Peroni Botella 33 Cl,Bebidas,2,True,False,False,True,False
CAT-4864,Aquarius Bebida Isotonica Sabor Naranja Pack 2 Botellas 15 L,Bebidas,2,True,False,False,True,False
CAT-4845,Bolsita De Yogur Platano Y Fresa Hero Solo Sin Gluten Y Sin Azucar Anadido Pack 4 Unidades De 100 G,Despensa,2,True,False,False,True,False
CAT-4846,Bolsita De Platano Fresa Y Manzana Hero Solo Sin Gluten Y Sin Azucar Anadido Pack 4 Unidades 100 G,Despensa,2,True,False,False,True,False
CAT-4843,Suavizante Concentrado Original Flor 139 Lavados,Hogar,2,True,False,False,True,False
CAT-4857,Incienso Varillas Sandalo Ambar 20 Ud,Hogar,2,True,False,False,True,False
CAT-4870,Croquetas De Boletus Con Champinones Recetas Artesanas La Cocinera 400 G,Congelados,2,True,False,False,True,False
CAT-4133,Bifidus Con Frutos Del Bosque Danone Activia Pack De 4 Unidades De 120 G,Lácteos y Huevos,2,False,False,True,True,False
CAT-3806,Nata para montar,Lácteos y Huevos,2,True,True,False,False,False
CAT-4129,Mantequilla Tradicional Central Lechera Asturiana 250 G,Lácteos y Huevos,2,False,True,False,True,False
CAT-4122,Pate A La Pimienta Casa Tarradellas Sin Gluten 125 G,Carnicería y Charcutería,2,True,False,False,True,False
CAT-4873,Pienso De Pollo Para Perros Senior Pequenos Ultima 15 Kg,Carnicería y Charcutería,2,True,False,False,True,False
CAT-4919,Empanada Hojaldre De Atun El Mercado 600 G,Sin categoría,2,True,False,False,True,False
CAT-4946,Pandebono Goya 300 G,Sin categoría,2,True,False,False,True,False
CAT-4951,Filete 1 A De Cadera O Babilla De Anojo Circulo De Calidad 550 G Aprox,Sin categoría,2,True,False,False,True,False
CAT-4952,Filete 1 A De Tapa O Contra De Anojo Circulo De Calidad 550 G Aprox,Sin categoría,2,True,False,False,True,False
CAT-4966,Piccolinis Salame Buitoni 270 G,Sin categoría,2,True,False,False,True,False
CAT-4962,Crema De Queso Natural Arla 200 G,Lácteos y Huevos,2,True,False,False,True,False
CAT-4964,Patatas Fritas Al Punto De Sal Lays Sin Gluten 248 G,Desayuno y Snack,2,True,False,False,True,False
CAT-4948,Lavavajillas A Mano Ultra Original Fairy 1015 Ml,Hogar,2,True,False,False,True,False
CAT-4957,Recambio Fregona De Tiras Algodon Vileda Universal,Hogar,2,True,False,False,True,False
CAT-4953,Entrecot De Anojo Circulo De Calidad 500 G Aprox,Carnicería y Charcutería,2,True,False,False,True,False
CAT-4983,Lasana Bolonesa Maheso Sin Gluten 525 G,Sin categoría,2,True,False,False,True,False
CAT-4973,Cerveza Roja Alhambra Reserva Pack 4 Botellas 33 Cl,Bebidas,2,True,False,False,True,False
CAT-4969,Crema De Fresa Con Tequila Regidor Botella 70 Cl,Bebidas,2,True,False,False,True,False
CAT-4970,Pechuga Rellena De Jamon Y Queso El Mercado Sin Gluten 450 G Aprox,Lácteos y Huevos,2,True,False,False,True,False
CAT-4972,Queso Parmesano Reggiano Parmareggio 150 G,Lácteos y Huevos,2,True,False,False,True,False
CAT-4967,Pizza De Bbq Pulled Pork Casa Di Mama Dr Oetker 405 G,Congelados,2,True,False,False,True,False
CAT-4981,Chorizo Blanco En Lonchas Revilla Sin Gluten 65 G,Carnicería y Charcutería,2,True,False,False,True,False
CAT-4976,Tarrito De Melocoton Y Platano Desde 4 Meses Hero Baby Sin Gluten 190 G,Bebes,2,True,False,False,True,False
CAT-4978,Locion Suave Para Ayudar A Que Los Bebes Duerman Mejor Dulces Suenos Johnsons Baby 500 Ml,Bebes,2,True,False,False,True,False
CAT-4979,Bano De Burbujas Para Ninos Johnsons Baby 750 Ml,Bebes,2,True,False,False,True,False
CAT-4980,Gel De Bano Dulces Suenos Johnsons Baby 750 Ml,Bebes,2,True,False,False,True,False
CAT-0311,Pizza atún y bacón,Congelados,2,True,True,False,False,False
CAT-5044,Colgador Wc Poder Activo Natura Bref 3 Ud,Sin categoría,2,True,False,False,True,False
CAT-5048,Flaminguitos Con Leche Dulcesol 3 Ud,Sin categoría,2,True,False,False,True,False
CAT-5051,Salmon 3 Kg Aprox,Pescadería,2,True,False,False,True,False
CAT-5043,Pan De Leche Con Pepitas De Chocolate 280 G,Panadería y Pastelería,2,True,False,False,True,False
CAT-5060,La Autentica La Gula Del Norte Pack De 2 Unidades De 100 G,Sin categoría,2,True,False,False,True,False
CAT-5064,Jarra De Vidrio Con Tapa Home Style 18L,Sin categoría,2,True,False,False,True,False
CAT-5069,Serum Retinol Anti Marcas Cerave 30 Ml,Sin categoría,2,True,False,False,True,False
CAT-5081,Cerveza Corona Cero 00 Alcohol Botella 33 Cl,Bebidas,2,True,False,False,True,False
CAT-5063,Vino Tinto Vegas Del Rivilla 2 L,Bebidas,2,True,False,False,True,False
CAT-5083,Bocadito De Pan De Hamburguesa 255 G,Carnicería y Charcutería,2,True,False,False,True,False
CAT-5061,Agua De Mar En Spray Nariz Tapada Y Resfrio Marimer 100 Ml,Cuidado personal e Higiene,2,True,False,False,True,False
CAT-5098,Vino Sweet Semi Dulce Blanco Alma De Valdeguerra 75 Cl,Bebidas,2,True,False,False,True,False
CAT-5097,Huevos Camperos Circulo De Calidad 6 Ud,Lácteos y Huevos,2,True,False,False,True,False
CAT-5091,Helado Pirulo Mini Tropical Nestle Sin Gluten 6 Ud,Congelados,2,True,False,False,True,False
CAT-5092,Pizza Vegetal Fina Y Crujiente Forno Di Pietra Buitoni 380 G,Congelados,2,True,False,False,True,False
CAT-5093,Croquetas De Espinacas Recetas Artesanas La Cocinera 400 G,Congelados,2,True,False,False,True,False
CAT-5104,Pastillas Ecologicas Autoencendido Fuegonet 24 Pastillas,Sin categoría,2,True,False,False,True,False
CAT-5108,Eneryeti Zyro Zafiro Bebida Energetica Sin Azucar Lata 50 Cl,Despensa,2,True,False,False,True,False
CAT-5109,Pechuga De Pavo En Lonchas Un Momento Y Listo Serrano Sin Gluten Sin Lactosa 200 G,Carnicería y Charcutería,2,True,False,False,True,False
CAT-5099,Preparado Vegetal Estilo Filete De Pescado Rebozado Heura 160 G,Pescadería,2,True,False,False,True,False
CAT-5160,Lavavajillas A Mano Concentrado Con Vinagre De Frambuesa Ecologico Frosch 750 Ml,Despensa,2,True,False,False,True,False
CAT-5110,Cerveza Estrella Damm Mediterranea Pack 12 Botellas 25 Cl,Bebidas,2,True,False,False,True,False
CAT-5112,Preparado Para Tortilla De Patata Con Cebolla Caramelizada Verleal Sin Gluten 450 G,Despensa,2,True,False,False,True,False
CAT-5123,Gel De Bano Y Champu Ricitos De Oro Manzanilla Grisi 500 Ml,Cuidado personal e Higiene,2,True,False,False,True,False
CAT-5130,Champu Violeta Matizador Para El Pelo Con Mechas Rubio Decolorado O Gris Color Vive Loreal Elvive 200 Ml,Cuidado personal e Higiene,2,True,False,False,True,False
CAT-5131,Crema Sin Aclarado Capilar Nutri Rizos Contouring Para Cabello Rizado U Ondulado Garnier Fructis 400 Ml,Cuidado personal e Higiene,2,True,False,False,True,False
CAT-5132,Mascarilla Capilar 3 En 1 Hair Food Aloe Vera Hidratante Para Cabello Normal Garnier Fructis 390 Ml,Cuidado personal e Higiene,2,True,False,False,True,False
CAT-6933,Desodorante En Spray Dermo Extra Control Sanex 200 Ml,Cuidado personal e Higiene,2,True,False,False,True,False
CAT-5133,Dentifrico Blanqueador Purple Reveal Max White Colgate 75 Ml,Cuidado personal e Higiene,2,True,False,False,True,False
CAT-4217,Pomada Protectora Mitosyl 65 G,Sin categoría,2,True,False,False,True,False
CAT-4218,Suavizante Concentrado Recordar San 59 Lavados,Hogar,2,True,False,False,True,False
CAT-5126,Vino Tinto Tinta De Toro Matsu El Picaro Do Toro 75 Cl,Bebidas,2,True,False,False,True,False
CAT-5116,Nestea Te Verde Con Mango Pina Bajo En Calorias Botella 15 L,Bebidas,2,True,False,False,True,False
CAT-5124,Tarrito Con Cachitos De Arroz Con Salmon Y Guisantes Desde 10 Meses Ecologico Smileat Sin Gluten 230 G,Despensa,2,True,False,False,True,False
CAT-5129,Set 7 Estropajos Jabonosos Desengrasantes De Acero Nanas,Hogar,2,True,False,False,True,False
CAT-5127,Estropajo  Niquel Nanas   Inox,Hogar,2,True,False,False,True,False
CAT-5103,Bombon Helado Sunlover Double Magnum Sin Gluten 3 Ud,Congelados,2,True,False,False,True,False
CAT-5119,Lomos De Merluza A La Romana Pescanova 325 G,Pescadería,2,True,False,False,True,False
CAT-5136,Salmon Ahumado Noruego Royal 90 G,Pescadería,2,True,False,False,True,False
CAT-5142,Set De 51 Filtros De Agua Brita Maxtra Pro ,Sin categoría,2,True,False,False,True,False
CAT-5143,Filtro De Agua Brita Maxtra Pro All In 1,Sin categoría,2,True,False,False,True,False
CAT-5144,Set De 2 Filtros De Agua Brita Maxtra Pro ,Sin categoría,2,True,False,False,True,False
CAT-5141,Fuet Imperial Clasico El Pozo Sin Gluten 250 G,Carnicería y Charcutería,2,True,False,False,True,False
CAT-6958,Panuelos Faciales Balsam Kleenex 8 Ud,Sin categoría,2,True,False,False,True,False
CAT-6964,Bebida De Fruta Multivitaminico Capri Sun 20 Cl,Sin categoría,2,True,False,False,True,False
CAT-6970,Nuggets De Pollo Recetas Crujientes La Cocinera Sin Gluten Y Sin Lactosa 455 G,Congelados,2,True,False,False,True,False
CAT-4236,Bocados Originales Heura Sin Gluten 310 G,Sin categoría,2,True,False,False,True,False
CAT-5182,Acondicionador Anticaida Pilexil 200 Ml,Cuidado personal e Higiene,2,True,False,False,True,False
CAT-5161,Dentifrico Uso Diario Anticaries Sabor Fresa Infantil Fluor Kin 75 Ml,Cuidado personal e Higiene,2,True,False,False,True,False
CAT-5177,Cepillo Dental Interproximales Plus Micro 09 10 Ud,Cuidado personal e Higiene,2,True,False,False,True,False
CAT-8901,Mortadela Clasica En Lonchas Campofrio Sin Gluten 95 G,Carnicería y Charcutería,2,False,True,False,True,False
CAT-7677,Dentifrico Tratamiento Gingivitis Clorhexidina Lacer 75 Ml,Cuidado personal e Higiene,2,True,False,False,True,False
CAT-5180,Compresas Super Con Alas Ultrafina Ausonia 30 Ud,Cuidado personal e Higiene,2,True,False,False,True,False
CAT-0695,Chocolate puro Valor,"Azúcar, caramelos y chocolate",2,True,True,False,False,False
CAT-0696,Chocolate puro Valor con almendras enteras,"Azúcar, caramelos y chocolate",2,True,True,False,False,False
CAT-2001,Panes chapata de cristal,Panadería y Pastelería,2,True,True,False,False,False
CAT-2508,Picos 100% integrales,Desayuno y Snack,2,True,True,False,False,False
CAT-2562,"Relleno fajitas pollo, pimientos y cebolla ultracongelado",Congelados,2,True,True,False,False,False
CAT-4237,Nuggets Originales Heura 400 G,Congelados,2,True,False,False,True,False
CAT-5159,Carbon Vegetal Carcoa 3 Kg,Sin categoría,2,True,False,False,True,False
CAT-5173,Tinte Para La Ropa Negro Iberia 1 Ud,Sin categoría,2,True,False,False,True,False
CAT-5174,Tinte Para La Ropa Azul Marino Iberia 1 Ud,Sin categoría,2,True,False,False,True,False
CAT-5170,Cerveza 1906 Reserva Especial Pack 6 Botellas 33 Cl,Bebidas,2,True,False,False,True,False
CAT-5149,Pizza Con Salami Pepperoni Italpizza 410 G,Bebidas,2,True,False,False,True,False
CAT-5162,Surtido De Helados Macadamia Hagen Dazs Sin Gluten 4 Ud,Congelados,2,True,False,False,True,False
CAT-5165,Helados Frigodedo Frigo 8 Ud,Congelados,2,True,False,False,True,False
CAT-5166,Helado Dulce De Lish Ben  Jerrys 427 Ml,Congelados,2,True,False,False,True,False
CAT-5167,Helado Mango Passionfruit  Yoghurt Les Desserts Carte Dor 850 Ml,Congelados,2,True,False,False,True,False
CAT-5150,Pizza Con Jamon Cocido Sabor Ahumado Italpizza 430 G,Congelados,2,True,False,False,True,False
CAT-5153,Brioche Trenzado 400 G,Panadería y Pastelería,2,True,False,False,True,False
CAT-5164,Mechero Liso ,Bazar y Varios,2,True,False,False,True,False
CAT-5190,Toallitas Natural Care Huggies 168 Ud,Sin categoría,2,True,False,False,True,False
CAT-5199,Pienso De Pollo Y Arroz Para Gatos Junior Purina One 450 G,Despensa,2,True,False,False,True,False
CAT-5198,Bombon Helado De Nata Y Galleta Oreo 3 Ud,Desayuno y Snack,2,True,False,False,True,False
CAT-5202,Gel Wc Con Lejia Y Espuma Limpiadora Marine Extra Power Pato 750 Ml,Hogar,2,True,False,False,True,False
CAT-5186,Limpiador De Suciedad Y Manchas De Humedad Cillit Bang 750 Ml,Hogar,2,True,False,False,True,False
CAT-5204,Toallitas Pure Aqua Dodot 288 Ud,Bebes,2,True,False,False,True,False
CAT-5215,Champu Camomila Johnsons Baby 500 Ml,Cuidado personal e Higiene,2,True,False,False,True,False
CAT-5257,Champu Clasico Para Pelo Suave Brillante E Hidratado Johnsons Baby 750 Ml,Cuidado personal e Higiene,2,True,False,False,True,False
CAT-5259,Mascarilla Capilar Liso  Brillo Para Cabello Liso Rebelde O Dificil De Alisar Garnier Fructis 300 Ml,Cuidado personal e Higiene,2,True,False,False,True,False
CAT-5260,Mascarilla Capilar Nutri Rizos Contouring Para Cabello Rizado U Ondulado Garnier Fructis 300 Ml,Cuidado personal e Higiene,2,True,False,False,True,False
CAT-5219,Limpia Muebles Pronto 250 Ml,Bebidas,2,True,False,False,True,False
CAT-5211,Anchoas En Aceite De Oliva Consorcio 50 G,Despensa,2,True,False,False,True,False
CAT-5209,Queso Rallado Filatto Especial Pasta El Caserio 80 G,Despensa,2,True,False,False,True,False
CAT-5205,Pants Dodot Activity T7 17 Kg 29 Ud,Bebes,2,True,False,False,True,False
CAT-5229,Set De 80 Filtros Para Cafetera De Papel Melitta 1X4   Blanco,Sin categoría,2,True,False,False,True,False
CAT-5239,Tarta De Tiramisu Zero4 Sin Gluten 400 G,Sin categoría,2,True,False,False,True,False
CAT-5245,Palillo Rendondo 2 Puntas 130 Ud   Madera,Sin categoría,2,True,False,False,True,False
CAT-5246,Palillo Redondo 2 Puntas 800 Ud   Madera,Sin categoría,2,True,False,False,True,False
CAT-5261,Tarta De Manzana Redonda 500 G,Sin categoría,2,True,False,False,True,False
CAT-5254,Vino Frizzante Rosado Penascal Lata 25 Cl,Bebidas,2,True,False,False,True,False
CAT-5236,Monster Energy Bebida Energetica Full Throttle Zero Azucar Lata 500 Ml,Bebidas,2,True,False,False,True,False
CAT-5237,Monster Energy Ultra Golden Bebida Energetica Pineapple Zero Azucar Lata 500 Ml,Bebidas,2,True,False,False,True,False
CAT-5263,Muesli Infantil Desde 12 Meses 7 Cereales Sin Azucar Anadido Ecologico Hipp Biologico Mi Primer Desayuno 200 G,Despensa,2,True,False,False,True,False
CAT-5242,Preparado De Pure De Verduras Peladas 900 G,Conservas y Enlatados,2,True,False,False,True,False
CAT-5230,Galletas Mini Wafers Milka 110 G ,Desayuno y Snack,2,True,False,False,True,False
CAT-5256,Detergente Liquido Colores Vivos Micolor 52 Lavados,Hogar,2,True,False,False,True,False
CAT-5240,Set 2 Estropajos Salvaunas Antibacterias Vileda Ultra Fresh ,Hogar,2,True,False,False,True,False
CAT-5234,Surtido De Helados Vanilla Collection Hagen Dazs 4 Ud,Congelados,2,True,False,False,True,False
CAT-5265,Pienso De Buey Para Perros Adultos Medianos Y Grandes Brekkies Tenderissimo 25 Kg,Mascotas,2,True,False,False,True,False
CAT-5231,Comida Para Agaponis Vitakraft 750 G,Mascotas,2,True,False,False,True,False
CAT-5267,Manzana Golden Categoria 1 500 G Aprox,Sin categoría,2,True,False,False,True,False
CAT-5275,Salchichas Frankfurt Campofrio Sin Gluten Sin Lactosa Pack De 4 Unidades De 140 G,Carnicería y Charcutería,2,True,False,False,True,False
CAT-5271,Leche Infantil Para Lactantes En Polvo Nestle Nidina 1 Lata 800 G,Bebes,2,True,False,False,True,False
CAT-5273,Leche Infantil Para Lactantes En Polvo Nestle Nativa 1 Lata 800 G,Bebes,2,True,False,False,True,False
CAT-5269,Ajo Puerro Tierno Grande  Manojo De 150 G,Frutas y Verduras,2,True,False,False,True,False
CAT-5388,Prime Bebida Isotonica Blue Raspberry Botella 50 Cl,Bebidas,2,True,False,False,True,False
CAT-5379,Cepillo De Dientes Medio Lacer 2 Ud,Cuidado personal e Higiene,2,True,False,False,True,False
CAT-5413,Aquarius Bebida Isotonica Sabor Naranja Zero Azucar Botella 15 L,Bebidas,2,True,False,False,True,False
CAT-5459,Pienso Digestivo De Salmon Para Perros Mini Ultima 15 Kg,Pescadería,2,True,False,False,True,False
CAT-8441,Esponja Limpiacalzado Color Negro Yak 1 Ud,Sin categoría,2,True,False,False,True,False
CAT-5395,Desodorante Roll On Antitranspirante Invisible Dry Dove 50 Ml,Cuidado personal e Higiene,2,True,False,False,True,False
CAT-5396,Desodorante En Spray Invisible Dry Dove 200 Ml,Cuidado personal e Higiene,2,True,False,False,True,False
CAT-5387,Dentifrico Proteccion Profesional Pro Expert Oral B Pack De 2 Unidades De 75 Ml,Cuidado personal e Higiene,2,True,False,False,True,False
CAT-5390,Dentifrico Proteccion Antimanchas 24H 3D White Luxe Carbon Oral B 75 Ml,Cuidado personal e Higiene,2,True,False,False,True,False
CAT-5391,Dentifrico Proteccion Profesional Pro Expert Oral B 75 Ml,Cuidado personal e Higiene,2,True,False,False,True,False
CAT-5392,Dentifrico Sensibilidad Y Blanqueamiento Pro Expert Oral B 75 Ml,Cuidado personal e Higiene,2,True,False,False,True,False
CAT-0787,Napolitana de chocolate 35%,Panadería y Pastelería,2,True,False,False,True,False
CAT-5371,Licor De Manzana Loch Castle Sin Alcohol 70 Cl,Bebidas,2,True,False,False,True,False
CAT-5380,Snack De Maiz Nestle Happy Puffs Sin Azucar Anadido 28 G,Despensa,2,True,False,False,True,False
CAT-5376,Bombon Helado Intense Dark 70 Cacao Collection Magnum Sin Gluten 3 Ud,Desayuno y Snack,2,True,False,False,True,False
CAT-5381,Helado Chocolate Blanco  Cookies Double Magnum 440 Ml,Desayuno y Snack,2,True,False,False,True,False
CAT-5383,Mini Bombon Helado Con Chocolate Blanco Y Galleta Collection Magnum 6 Ud,Desayuno y Snack,2,True,False,False,True,False
CAT-5374,Helado De Almendras Magnum Sin Gluten 440 Ml,Congelados,2,True,False,False,True,False
CAT-5382,Bombon Helado De Vainilla Con Almendras Magnum Sin Gluten 3 Ud,Congelados,2,True,False,False,True,False
CAT-5373,Pechuga De Pollo Natural En Lonchas Elpozo 1954 Premium Gourmet Sin Gluten Y Sin Lactosa 120 G,Carnicería y Charcutería,2,True,False,False,True,False
CAT-5393,Vino Tinto Syrah Habla Del Silencio Vt Extremadura 75 Cl,Bebidas,2,True,False,False,True,False
CAT-5467,Detergente Liquido Dixan 60 Lavados,Hogar,2,True,False,False,True,False
CAT-5485,Pienso De Pavo Y Pollo Con Verduras Para Gato Esterilizado Purina Friskies 15 Kg,Carnicería y Charcutería,2,True,False,False,True,False
CAT-4397,Papel De Horno Albal 8 Metros,Sin categoría,2,True,False,False,True,False
CAT-5486,Pienso De Pavo Y Verduras Para Gato Adulto Esterilizado Pavo Y Verduras Purina Friskies 3Kg,Carnicería y Charcutería,2,True,False,False,True,False
CAT-5469,Muslitos De Mar Sabor Cangrejo Pescanova 250 G,Pescadería,2,True,False,False,True,False
CAT-5488,Huesos Masticables Para Perro Frolic Chew Bones 170 G,Mascotas,2,True,False,False,True,False
CAT-5426,Champu Fortificante Fuerza Y Brillo Para Cabello Normal Garnier Fructis 380 Ml,Cuidado personal e Higiene,2,True,False,False,True,False
CAT-5427,Champu Alisador Liso  Brillo Para Cabello Liso Rebelde O Dificil De Alisar Garnier Fructis 380 Ml,Cuidado personal e Higiene,2,True,False,False,True,False
CAT-5428,Champu Fuerza Y Brillo 2En1 Para Cabello Normal Garnier Fructis 360 Ml,Cuidado personal e Higiene,2,True,False,False,True,False
CAT-5430,Champu Fortificante Nutri Rizos Contouring Para Cabello Rizado U Ondulado Garnier Fructis 360 Ml,Cuidado personal e Higiene,2,True,False,False,True,False
CAT-5432,Champu Fortificante Pure Fresh Pepino Purificante Para Cabello Graso Garnier Fructis 360 Ml,Cuidado personal e Higiene,2,True,False,False,True,False
CAT-5407,Crema Reafirmante Post Parto Trofolastin 200 Ml,Sin categoría,2,True,False,False,True,False
CAT-5414,Friegasuelos Lavanda Ecologico Frosch 1 L,Sin categoría,2,True,False,False,True,False
CAT-5433,Champu Fortificante Pure Fresh Agua De Coco Para Raices Grasas Y Puntas Secas Garnier Fructis 360 Ml,Cuidado personal e Higiene,2,True,False,False,True,False
CAT-5583,Champu Suave Para Bebe Con Leche De Almendras Dulces Sin Lagrimas Nenuco 500 Ml,Cuidado personal e Higiene,2,True,False,False,True,False
CAT-5397,Desodorante En Spray Antitranspirante Invisible Dry Men Dove 150 Ml,Cuidado personal e Higiene,2,True,False,False,True,False
CAT-5398,Desodorante En Spray Invisible Dry Dove Pack De 2 Unidades De 200 Ml,Cuidado personal e Higiene,2,True,False,False,True,False
CAT-5439,Desodorante En Spray Aloe Vera Rexona Pack De 2 Unidades De 200 Ml,Cuidado personal e Higiene,2,True,False,False,True,False
CAT-5405,Dentifrico Perfeccion Blanqueamiento Avanzado 3D White Luxe Oral B 75 Ml,Cuidado personal e Higiene,2,True,False,False,True,False
CAT-4481,Vino Tinto Crianza Campo Viejo Doca Rioja 75 Cl,Bebidas,2,False,True,False,True,False
CAT-5449,Gel De Ducha Revitalizante Lima Y Menta Moussel 650 Ml,Cuidado personal e Higiene,2,True,False,False,True,False
CAT-5420,Cerveza San Miguel Especial Pack 12 Latas 33 Cl ,Bebidas,2,True,False,False,True,False
CAT-5425,Papilla Infantil Desde 6 Meses 8 Cereales Con Miel Nestle 950 G,Desayuno y Snack,2,True,False,False,True,False
CAT-5415,Lavavajillas Maquina Todo En 1 En Pastillas Ecologico Frosch 30 Ud,Hogar,2,True,False,False,True,False
CAT-5424,Limpiacristales Cristalino Recambio Cristasol 750 Ml,Hogar,2,True,False,False,True,False
CAT-5419,Helado Sorbete De Acai Ecologico The Bio Factory Sin Gluten 480 Ml,Congelados,2,True,False,False,True,False
CAT-5451,Lasana De Carne Price 300 G,Sin categoría,2,True,False,False,True,False
CAT-5453,Perfumador Para Ropa Cielo De Primavera San 40 Lavados,Sin categoría,2,True,False,False,True,False
CAT-5443,Protege Slips Plus Large Carefree 64 Ud,Cuidado personal e Higiene,2,True,False,False,True,False
CAT-5491,Compresas Para Incontinencia De Orina Extra Seguridad Maxi Discreet Ausonia 16 Ud,Cuidado personal e Higiene,2,True,False,False,True,False
CAT-5454,Perfumador Para Ropa Campo De Flores San 40 Lavados,Sin categoría,2,True,False,False,True,False
CAT-5462,Leche Fermentada Pro Sabor Stracciatella Lindahls 160 G,Sin categoría,2,True,False,False,True,False
CAT-5465,Snack Infantil Desde 10 Meses Guisantes Y Maiz Ecologico Hero Solo Sin Gluten 40 G,Sin categoría,2,True,False,False,True,False
CAT-5444,Cerveza Heineken 00 Sin Alcohol Pack 6 Botellas 25 Cl,Bebidas,2,True,False,False,True,False
CAT-5445,Cerveza Amstel Radler Con Zumo Natural De Limon Pack 6 Botellas 25 Cl,Bebidas,2,True,False,False,True,False
CAT-5456,Cerveza Amstel 00 Radler Con Zumo Natural De Limon Pack 12 Latas 33 Cl,Bebidas,2,True,False,False,True,False
CAT-5457,Cerveza Shandy Cruzcampo Sabor Limon Pack 12 Latas 33 Cl,Bebidas,2,True,False,False,True,False
CAT-5464,Ginebra Puerto De Indias Sweet Melon 70 Cl,Bebidas,2,True,False,False,True,False
CAT-5436,Tarrito De Verduras Con Arroz Desde 6 Meses Ecologico Natube Sin Gluten 220 G,Despensa,2,True,False,False,True,False
CAT-5437,Tarrito De Verduras Con Quinoa Desde 6 Meses Ecologico Natube Sin Gluten 220 G,Despensa,2,True,False,False,True,False
CAT-5455,Queso Fundido En Porciones 250 G,Lácteos y Huevos,2,True,False,False,True,False
CAT-5442,Pizza Margarita Pack De 3 Pizzas De 300 G,Congelados,2,True,False,False,True,False
CAT-5438,Salchichas Hot Dogs King Upp Elpozo 275 G,Carnicería y Charcutería,2,True,False,False,True,False
CAT-5434,Tarrito De Verduras Con Merluza Desde 6 Meses Ecologico Natube Sin Gluten 220 G,Pescadería,2,True,False,False,True,False
CAT-5441,Papel Higienico 5 Capas Cotton Foxy 4 Rollos,Bazar y Varios,2,True,False,False,True,False
CAT-5471,Vasos De Sidra De Plastico Reutilizables 55Cl  Nupik 10 Ud,Sin categoría,2,True,False,False,True,False
CAT-8223,Limpidor En Crema Original Cif 650 Ml,Sin categoría,2,True,False,False,True,False
CAT-5350,Yogur Liquido Sabor Fresa Danone Danonino Pack De 4 Bolsitas De 70 G,Lácteos y Huevos,2,False,True,False,True,False
CAT-5370,Mini Bombon Helado Intense Dark 70 Cacao Collection Magnum Sin Gluten 6 Ud,Desayuno y Snack,2,True,False,False,True,False
CAT-5587,Cerveza Mahou 5 Estrellas Radler Con Zumo Natural De Limon Lata 33 Cl,Bebidas,2,True,False,False,True,False
CAT-5584,Conos Con Helado De Soja Valsoia 4 Ud,Congelados,2,True,False,False,True,False
CAT-5585,Sandwich De Soja Valsoia 8 Ud,Platos preparados,2,True,False,False,True,False
CAT-5595,Txistorra De Navarra De Nuestra Tierra 220 G,Sin categoría,2,True,False,False,True,False
CAT-5612,Complemento Nutricional Vainilla Nutrivigor Ensure Pack De 4 Unidades De 220 Ml,Sin categoría,2,True,False,False,True,False
CAT-5629,Filete Atun Aleta Amarilla Congelado Marinado Petaca Chico 420 G Aprox,Sin categoría,2,True,False,False,True,False
CAT-5604,Cerveza Saer Brau Holandesa Lata 33 Cl,Bebidas,2,True,False,False,True,False
CAT-5627,Agua Mineral Lanjaron Natural 33 Cl,Bebidas,2,True,False,False,True,False
CAT-5611,Complemento Nutricional Chocolate Nutrivigor Ensure Pack De 4 Unidades De 220 Ml,"Azúcar, caramelos y chocolate",2,True,False,False,True,False
CAT-5621,Alcohol 96 Orby 250 Ml,Cuidado personal e Higiene,2,True,False,False,True,False
CAT-5732,Desodorante En Spray Captain Old Spice 150 Ml,Cuidado personal e Higiene,2,True,False,False,True,False
CAT-5731,Desodorante En Stick Captain Old Spice 50 Ml,Cuidado personal e Higiene,2,True,False,False,True,False
CAT-5340,Dentifrico Blanqueador Integral 8 Signal 75 Ml,Cuidado personal e Higiene,2,True,False,False,True,False
CAT-4545,Helado De Lima Limon Calippo Sin Gluten 5 Ud,Congelados,2,True,False,False,True,False
CAT-5339,Leche Corporal Reparadora Lactourea Para Piel Muy Seca Lactovit 400 Ml,Sin categoría,2,True,False,False,True,False
CAT-5674,Mandarina Carrefour A Granel 1 Kg Aprox,Frutas y Verduras,2,True,True,False,False,False
CAT-5698,Vino Tinto Joven Tempranillo Bardesano Doca Rioja 75 Cl,Bebidas,2,True,False,False,True,False
CAT-5715,Pizza De Pollo Ristorante Dr Oetker 355 G,Congelados,2,True,False,False,True,False
CAT-5716,Pizza Hawaii Ristorante Dr Oetker 355 G,Congelados,2,True,False,False,True,False
CAT-5712,Pechuga De Pavo Natural Asada Al Corte Frial 150 G Aprox,Carnicería y Charcutería,2,True,False,False,True,False
CAT-5725,Tinto De Verano Clasico Sin Alcohol Don Simon Botella 15 L,Sin categoría,2,True,False,False,True,False
CAT-5737,Set 20 Vasos Reutilizables 330Cc Nupik   Transparentes,Sin categoría,2,True,False,False,True,False
CAT-5738,Set 25 Vasos De Plastico 240Cc Nupik,Sin categoría,2,True,False,False,True,False
CAT-5751,Ginger Beer Fever Tree Premium Botella 20 Cl,Sin categoría,2,True,False,False,True,False
CAT-5755,Burguer Cruchy El Mercado Sin Gluten 240 G,Sin categoría,2,True,False,False,True,False
CAT-5749,Tonica Fever Tree Mediterranean Botella 20 Cl ,Bebidas,2,True,False,False,True,False
CAT-5750,Tonica Fever Tree Premium Indian Botella 20 Cl,Bebidas,2,True,False,False,True,False
CAT-5759,Flamenquin De Pollo Y Queso El Mercado Sin Gluten 300 G,Lácteos y Huevos,2,True,False,False,True,False
CAT-5726,Postre Lacteo De Cacao Desde 8 Meses Nestle Yogolino Sin Gluten Pack De 4 Unidades De 100 G,Lácteos y Huevos,2,True,False,False,True,False
CAT-5753,Berlina Bombon Donuts 6 Ud,Panadería y Pastelería,2,True,False,False,True,False
CAT-5754,Berlina Glace Donuts 6 Ud,Panadería y Pastelería,2,True,False,False,True,False
CAT-5734,Zanahoria Circulo De Calidad 125 G,Frutas y Verduras,2,True,False,False,True,False
CAT-5730,Cepillo Interdental Angular Extrafino Lacer 10 Ud,Cuidado personal e Higiene,2,True,False,False,True,False
CAT-5867,Acondicionador Protector Para El Pelo Tenido Color Vive Elvive Loreal Paris 300 Ml,Cuidado personal e Higiene,2,True,False,False,True,False
CAT-6045,Desodorante En Spray Zero Extra Control Proteccion Sanex 200 Ml,Cuidado personal e Higiene,2,True,False,False,True,False
CAT-5890,Dentifrico Carbon Max White Colgate 75 Cl,Cuidado personal e Higiene,2,True,False,False,True,False
CAT-6044,Enjuague Bucal Especial Encias Gingikin 1 L,Cuidado personal e Higiene,2,True,False,False,True,False
CAT-5848,Compresas Fina Y Segura Normal Con Alas Evax 12 Ud,Cuidado personal e Higiene,2,True,False,False,True,False
CAT-0510,Patatas cocidas,Conservas y Enlatados,2,True,True,False,False,False
CAT-5880,Media Gallina Nutrave 700 G Aprox,Sin categoría,2,True,False,False,True,False
CAT-5881,Escobilla Tatay   Blanca,Sin categoría,2,True,False,False,True,False
CAT-5866,Vino Rosado Tempranillo Vina Lobon Do Valdepenas 75 Cl,Bebidas,2,True,False,False,True,False
CAT-5877,Vino Blanco Crianza Sobre Lias Verdejo Cuatro Rayas Do Rueda 75 Cl,Bebidas,2,True,False,False,True,False
CAT-5884,Vino Tinto Senorio Extremeno 5 L,Bebidas,2,True,False,False,True,False
CAT-5878,Crema De Queso Camembert President 125 G,Lácteos y Huevos,2,True,False,False,True,False
CAT-5864,Barrita De Galleta Crujiente Cubierta De Chocolate Pack 5 Unidades De 415 G,Desayuno y Snack,2,True,False,False,True,False
CAT-5861,Pizza De Salami Ristorante Dr Oetker Sin Gluten Y Sin Lactosa 315 G ,Congelados,2,True,False,False,True,False
CAT-5876,Langostino Crudo Congelado Pescatrade 1 Kg,Pescadería,2,True,False,False,True,False
CAT-5869,Leche Infantil Para Lactantes En Polvo Nestle Nan Optipro 1 Lata 800 G,Bebes,2,True,False,False,True,False
CAT-5872,Papel De Cocina Mega3 Foxy 6 Rollos,Bazar y Varios,2,True,False,False,True,False
CAT-5873,Gotas Hidratantes Para Ojos Novalens 15 Ml,Cuidado personal e Higiene,2,True,False,False,True,False
CAT-5889,Cerveza Mahou 5 Estrellas Session Tipo Ipa Lata 33 Cl,Bebidas,2,True,False,False,True,False
CAT-5894,Cerveza Ale Negra Irlandensa Guinnes Original Botella 33 Cl,Bebidas,2,True,False,False,True,False
CAT-5892,Yogur Con Bolitas Cubiertas De Chocolate Mix In Nestle Kit Kat Pack De 2 Unidades De 115 G,Lácteos y Huevos,2,True,False,False,True,False
CAT-5896,Tabletas Limpiadoras Protesis 3 En 1 Senti2 30 Ud,Hogar,2,True,False,False,True,False
CAT-6049,Tomate Frito Solis Sin Gluten Pack 2 Tarros De 460 G,Despensa,2,True,False,False,True,False
CAT-6150,Aceite Extraordinario Tratamiento Uso Universal Loreal Elvive 100 Ml ,Cuidado personal e Higiene,2,True,False,False,True,False
CAT-6166,Desodorante En Spray Black Vanilla Axe 150 Ml,Cuidado personal e Higiene,2,True,False,False,True,False
CAT-0867,Arroz de secreto ibérico con setas,Platos preparados,2,True,True,False,False,False
CAT-6148,Corvina Circulo De Calidad 2 Kg Aprox,Sin categoría,2,True,False,False,True,False
CAT-6168,Bateria De Cocina Acero Inoxidable San Ignacio Lexia 9 Piezas,Sin categoría,2,True,False,False,True,False
CAT-6171,Colgador Wc Agua Azul Pato 1 Ud,Sin categoría,2,True,False,False,True,False
CAT-6162,Vino Tinto Crianza Tempranillo Tres Reinos Do Valdepenas 75 Cl,Bebidas,2,True,False,False,True,False
CAT-6163,Vino Blanco Joven 3 Reinos Do Valdepenas 75 Cl,Bebidas,2,True,False,False,True,False
CAT-6172,Monster Energy Rehab Bebida Energetica Tea Lemonade Lata 50 Cl,Bebidas,2,True,False,False,True,False
CAT-6149,Agua Mineral Bezoya Tapon Deportivo 75 Cl,Bebidas,2,True,False,False,True,False
CAT-6173,Papilla Infantil Desde 5 Meses 8 Cereales Y Frutas Blevit Sin Azucar Anadido 500 G,Despensa,2,True,False,False,True,False
CAT-6174,Papilla Infantil Desde 5 Meses 8 Cereales Blevit Sin Azucar Anadido 500 G,Despensa,2,True,False,False,True,False
CAT-6161,Salsa Ligeresa Sin Lactosa Envase 580 Ml,Despensa,2,True,False,False,True,False
CAT-6169,Leche Entera Pascual Sin Lactosa Brik 1 L,Lácteos y Huevos,2,True,False,False,True,False
CAT-6151,Codillo De Jamon Curado Precortado Elpozo 850 G,Carnicería y Charcutería,2,True,False,False,True,False
CAT-6153,Fuet Snack Original King Upp Elpozo Sin Gluten 40 G,Carnicería y Charcutería,2,True,False,False,True,False
CAT-6259,Peine Fussy 1 Ud,Sin categoría,2,True,False,False,True,False
CAT-6256,Lasana De Espinacas Y Queso La Cocinera 500 G,Lácteos y Huevos,2,True,False,False,True,False
CAT-6180,Desodorante En Spray Choco Wild Amalfi Men 150 Ml,Cuidado personal e Higiene,2,True,False,False,True,False
CAT-6188,Kit Dental Viaje Pierrot Cepillo Dentifrico Y Hilo Dental 1 Ud,Cuidado personal e Higiene,2,True,False,False,True,False
CAT-6192,Gel De Ducha Urea Piel Seca Cuidado Experto Sanex 600 Ml,Cuidado personal e Higiene,2,True,False,False,True,False
CAT-4681,Comida De Pollo Y Arroz Para Perros Junior Dream Essential 4 Kg,Despensa,2,True,False,False,True,False
CAT-6175,Papilla Infantil Desde 5 Meses 8 Cereales Y Platano Blevit Sin Azucar Anadido 250 G,Despensa,2,True,False,False,True,False
CAT-6178,Papilla Infantil Belvit 8 Cereales Desde 5 Meses Sin Azucar Anadido 1000 G,Despensa,2,True,False,False,True,False
CAT-6177,Papilla Infantil Blevit 8 Cereales Con Miel Desde 5 Meses 1000 G,Desayuno y Snack,2,True,False,False,True,False
CAT-6186,Gel Blanqueante Blanco Nuclear 500 Ml,Sin categoría,2,True,False,False,True,False
CAT-6205,Emulsion Dermo Reductora Y Reafirmante Vientre Plano Elifexir 200 Ml,Sin categoría,2,True,False,False,True,False
CAT-6206,Emulsion Dermo Tensora Y Reductora Minucell Elifexir 200 Ml,Sin categoría,2,True,False,False,True,False
CAT-6211,Pastillas De Encendido De Lana De Lena Carcoa 32 Uds,Sin categoría,2,True,False,False,True,False
CAT-6215,Crema Con Avena Prebiotica Vagisil 30 G,Sin categoría,2,True,False,False,True,False
CAT-6218,Cerveza Estrella Galicia Sin Gluten Pack 6 Botellas 25 Cl,Bebidas,2,True,False,False,True,False
CAT-6185,Vio Tinto Crianza Tempranillo Malabestia Doca Rioja 75 Cl,Bebidas,2,True,False,False,True,False
CAT-6197,Caja De 6 Botellas De Vino Tinto Crianza Otonal Do Ca Rioja 75 Cl,Bebidas,2,True,False,False,True,False
CAT-6212,Vino Tinto Con Crianza Tempranillo Pradorey Do Ribera Del Duero 75 Cl,Bebidas,2,True,False,False,True,False
CAT-6179,Papilla Infantil Desde 5 Meses 8 Cereales Blevit Optimum Sin Azucar Anadido 250 G,Despensa,2,True,False,False,True,False
CAT-6189,Bolsita De Platano Y Manzana Desde 4 Meses Nestle Sin Gluten Y Sin Azucar Anadido Pack De 4 Unidades De 90 G,Despensa,2,True,False,False,True,False
CAT-6190,Bolsita De 4 Frutas Desde 4 Meses Nestle Sin Gluten Y Sin Azucar Anadido Pack De 4 Unidades De 90 G,Despensa,2,True,False,False,True,False
CAT-6202,Helado De Cappuccino Les Desserts Carte Dor 825 Ml,Desayuno y Snack,2,True,False,False,True,False
CAT-6200,Mini Bombon Helado Sabor Pink Lemonade Euphoria Magnun 6 Ud,Congelados,2,True,False,False,True,False
CAT-6203,Mini Bombon Helado Sabor Pink Lemonade Euphoria Magnum 3 Ud,Congelados,2,True,False,False,True,False
CAT-6213,Pizza Salame Vegano Ristorante Dr Oetker 295 G ,Congelados,2,True,False,False,True,False
CAT-6181,Salchicha Hot Dog Campofrio Sin Gluten Y Sin Lactosa 1 Kg,Carnicería y Charcutería,2,True,False,False,True,False
CAT-6217,Apositos Ampollas Medianas Compeed 10 Ud,Cuidado personal e Higiene,2,True,False,False,True,False
CAT-6223,Arroz Con Pollo Tikka Masala Findus 400 G,Despensa,2,True,False,False,True,False
CAT-6468,Enjuague Bucal Anti Bacteriano Sabor Menta Encias Control Parogencyl Pack De 2 Unidades De 500 Ml,Cuidado personal e Higiene,2,True,False,False,True,False
CAT-6476,Pechuga De Pavo En Lonchas Noel Delizias Sin Gluten Y Sin Lactosa 110 G,Carnicería y Charcutería,2,True,False,False,True,False
CAT-6477,Jamon Cocido Extra En Lonchas Delizias Noel Sin Gluten Y Sin Lactosa 120 G,Carnicería y Charcutería,2,True,False,False,True,False
CAT-6775,Gel De Ducha Activit Protector Bioma Para Piel Normal Sensible Lactovit 750 Ml,Cuidado personal e Higiene,2,True,False,False,True,False
CAT-6776,Gel De Ducha Reparador Lactourea Para Piel Muy Seca Lactovit 750 Ml,Cuidado personal e Higiene,2,True,False,False,True,False
CAT-0910,Crema de calabaza y zanahoria,Conservas y Enlatados,2,True,True,False,False,False
CAT-5085,Coca Cola Light Sin Cafeina Lata 33 Cl,Bebidas,2,False,True,False,True,False
CAT-0930,Detergente ropa blanca y color en cápsulas,Hogar,2,True,False,True,False,False
CAT-0940,Sidra asturiana El Mayu,Bebidas,2,True,False,False,True,False
CAT-6673,Profiteroles Rellenos De Nata Airos Sin Gluten 250 G,Sin categoría,2,True,False,False,True,False
CAT-6674,Limpia Crista Con Mango Aluminio Elephant,Sin categoría,2,True,False,False,True,False
CAT-6668,Pienso De Salmon Y Arroz Para Gato Adulto Ultima 15 Kg,Despensa,2,True,False,False,True,False
CAT-6675,Arena Para Gato Sanicat Zen6 L,Mascotas,2,True,False,False,True,False
CAT-6685,Crema Fijadora Kukident Expert 40 G,Sin categoría,2,True,False,False,True,False
CAT-6680,Vermut Zarro Reserva Especial Sin Gluten 1 L,Bebidas,2,True,False,False,True,False
CAT-6679,Don Simon Te Frio Sabor Limon Sin Calorias Cero Calorias Lata 33 Cl ,Bebidas,2,True,False,False,True,False
CAT-6717,Prime Bebida Isotonica Sabor Strawberry Y Banana Botella 50 Cl,Bebidas,2,True,False,False,True,False
CAT-6691,Queso Fresco Desnatado Burgo De Arias Sin Gluten Pack De 3 Unidades De 72 G,Lácteos y Huevos,2,True,False,False,True,False
CAT-6678,Don Simon Te Frio Sabor Melocoton Sin Calorias Cero Calorias Lata 33 Cl,Desayuno y Snack,2,True,False,False,True,False
CAT-6758,Snacks De Pollo Y Pato Para Gatos Catisfactions 60 G,Carnicería y Charcutería,2,True,False,False,True,False
CAT-6782,Kombucha De Mango Ecologico Komvida Sin Gluten Botella 25 Cl,Sin categoría,2,True,False,False,True,False
CAT-6773,Cerveza Mahou Clasica Pack De 12 Botellas De 25 Cl,Bebidas,2,True,False,False,True,False
CAT-6778,Ambientador De Varillas Infusion Naranja Canela Ambar Botanic 75 Ml,Desayuno y Snack,2,True,False,False,True,False
CAT-6783,Helado Sabor Avellana Nutella Ferrero 470 Ml,Desayuno y Snack,2,True,False,False,True,False
CAT-6766,Pollo Relleno Al Corte La Carlotena 150 G Aprox,Carnicería y Charcutería,2,True,False,False,True,False
CAT-6727,Crema De Queso Light Philadelphia 350 G,Lácteos y Huevos,2,True,False,False,True,False
CAT-6950,Preparado Vegano Tipo Hamburguesa A Base De Proteina De Soja Garden Gourmet 226 G,Carnicería y Charcutería,2,True,False,False,True,False
CAT-6954,Snack De Patata Papa Delta Grefusa 73 G,Desayuno y Snack,2,True,False,False,True,False
CAT-6959,Pienso De Pollo Y Pavo Con Verduras Y Leche Para Gato Junior Purina Friskies 15 Kg,Carnicería y Charcutería,2,True,False,False,True,False
CAT-6956,Bolsita De Platano Pera Y Naranja Ecologica Hero Solo Sin Gluten Pack 4 Unidades De 100 G,Frutas y Verduras,2,True,False,False,True,False
CAT-6957,Bolsita De Manzana Fresa Platano Y Arandanos Ecologica Hero Solo Sin Gluten Pack De 4 Unidades De 100 G,Frutas y Verduras,2,True,False,False,True,False
CAT-6955,Aperitivo De Maiz Sabor Barbacoa Gublins Grefusa Sin Gluten 135 G,Desayuno y Snack,2,True,False,False,True,False
CAT-1537,Empanadilla de atún 16%,Panadería y Pastelería,2,True,False,True,False,False
CAT-6984,Maquinillas Desechables Para Hombre 2 Hojas 10 Ud,Sin categoría,2,True,False,False,True,False
CAT-6968,Bolsita De Fruta Y Galleta Nestle Party Fruits Sin Azucar Anadido 110 G,Despensa,2,True,False,False,True,False
CAT-6969,Postre Lacteo Mango Desde 6 Meses Nestle Yogolino Sin Gluten Y Sin Azucar Anadido Pack De 4 Unidades De 100 G,Despensa,2,True,False,False,True,False
CAT-6965,Aceitunas Verdes Rellenas De Anchoa Serpis Sin Gluten Y Sin Lactosa 150 G,Conservas y Enlatados,2,True,False,False,True,False
CAT-6971,Peluche Mono Leon Para Perro Kimbo Talla M,Mascotas,2,True,False,False,True,False
CAT-6972,Juguete Robot Conejo Para Perro Kimbo,Mascotas,2,True,False,False,True,False
CAT-6973,Juguete Robot Vaca Para Perro Kimbo,Mascotas,2,True,False,False,True,False
CAT-6974,Juguete Dinosaurio Triceratops Rosa Para Perro Kimbo,Mascotas,2,True,False,False,True,False
CAT-6976,Juguete De Algodon Para Moder Para Perros Talla S Kimbo,Mascotas,2,True,False,False,True,False
CAT-6977,Pelota Turquesa Para Limpieza Dental Para Perro Kimbo Talla S,Mascotas,2,True,False,False,True,False
CAT-6989,Colutorio Cpc Protect Vitis 500 Ml,Cuidado personal e Higiene,2,True,False,False,True,False
CAT-7215,Champu Para Cabello Sin Vida Hidra Hialuronico Elvive Loreal Paris 400 Ml,Cuidado personal e Higiene,2,True,False,False,True,False
CAT-7202,Dentifrico Anticaries Y Frescor A Menta Triple Action Colgate Pack De 2 Unidades De 75 Ml,Cuidado personal e Higiene,2,True,False,False,True,False
CAT-7203,Dentifrico Con Extractos De Plantas Herbal Colgate Pack De 2 Unidades De 75 Ml,Cuidado personal e Higiene,2,True,False,False,True,False
CAT-5496,Pienso Digestivo De Salmon Para Perro Medium Maxi Adulto Ultima 7 Kg,Pescadería,2,True,False,False,True,False
CAT-5497,Pienso De Salmon Para Perro Medium Ultima 3 Kg,Pescadería,2,True,False,False,True,False
CAT-5514,Pienso De Buey Cereales Y Verduras Para Perro Adulto  Purina Friskies 15 Kg,Mascotas,2,True,False,False,True,False
CAT-7079,Zumo De Arandano Ocean Spray Light Brik 1 L,Bebidas,2,True,False,False,True,False
CAT-7181,Coca Cola Light Pack 2 Botellas 2 L,Bebidas,2,True,False,False,True,False
CAT-7211,Vino Blanco Verdejo Dama Del Lago Do Rueda 75 Cl,Bebidas,2,True,False,False,True,False
CAT-7207,Aceite De Oliva Virgen Serie Oro Coosur 5 L,Despensa,2,True,False,False,True,False
CAT-7205,Limpiador Desinfectante Gerpostar Plus Asevi 750 Ml,Hogar,2,True,False,False,True,False
CAT-7243,Acondicionador Para Cabellos Desidratado Hidra Hialuronico Loreal Elvive 300 Ml,Cuidado personal e Higiene,2,True,False,False,True,False
CAT-7244,Champu 72H De Hidratacion Hidra Hialuronico Elvive Loreal Paris 690 Ml,Cuidado personal e Higiene,2,True,False,False,True,False
CAT-5538,Tonica Schweppes Botella 1 L,Bebidas,2,False,True,False,True,False
CAT-5533,Bolsas Higienicas Cocosi Pack 4X20 Uds,Sin categoría,2,True,False,False,True,False
CAT-6408,Cerveza El Aguila Sin Filtrar 00 Sin Gluten Botella 33 Cl,Bebidas,2,True,False,False,True,False
CAT-7178,Salchichas De Queso Oscar Mayers Jumbo Sin Gluten 350 G,Lácteos y Huevos,2,True,False,False,True,False
CAT-7223,Multivitaminico Y Multiminerales Hombre En Capsulas Onevit Sin Gluten Y Sin Lactosa 45 Ud,Sin categoría,2,True,False,False,True,False
CAT-7224,Multivitaminico Y Multiminerales Mujer En Capsulas Onevit Sin Gluten Y Sin Lactosa 45 Ud,Sin categoría,2,True,False,False,True,False
CAT-7225,Multivitaminico Y Multimineral En Comprimidos Mujer 50 Multicentrum Sin Gluten 90 Ud,Sin categoría,2,True,False,False,True,False
CAT-7227,Preservativos Super Finos Contacto Total Para Mayor Sensibilidad Durex 12 Ud,Sin categoría,2,True,False,False,True,False
CAT-7214,Pipetas Antiparasitarias Gato Fipronil Dixie 3X050 Ml,Bebidas,2,True,False,False,True,False
CAT-7230,Ron Carum 70 Cl,Bebidas,2,True,False,False,True,False
CAT-7231,Ron Carum Anejo 70 Cl,Bebidas,2,True,False,False,True,False
CAT-7235,Pienso De Buey Y Arroz Para Perro Adulto Mini Purina One Piel Y Pelaje 15 Kg,Despensa,2,True,False,False,True,False
CAT-7236,Snack Pollo Higado Y Pavo Para Gato Purina Felix Party Mix Original 200 G,Carnicería y Charcutería,2,True,False,False,True,False
CAT-7238,Pan Superburguer Brioche 330 G,Panadería y Pastelería,2,True,False,False,True,False
CAT-7281,Gambon 1020 Piezas 1 Kg Aprox,Sin categoría,2,True,False,False,True,False
CAT-7246,Zumo California Sunny Delight 125 L,Bebidas,2,True,False,False,True,False
CAT-7248,Zumo De Fresa Sunny Delight Botella 125 L ,Bebidas,2,True,False,False,True,False
CAT-7256,Detergente En Capsulas Original Ariel 70 Ud,Hogar,2,True,False,False,True,False
CAT-7259,Ambientador Difusor Aroma Explosion Citrica Energizante Essential Mist Recambio Air Wick 1 Ud,Hogar,2,True,False,False,True,False
CAT-7257,Bollos Con Pasas Sultanas Haywood  Padget 500 G,Panadería y Pastelería,2,True,False,False,True,False
CAT-7317,Bizcocho Recubierto De Frambuesa Y Chocolate Pims Fontaneda 150 G,Panadería y Pastelería,2,True,False,False,True,False
CAT-7285,Panuelos Hipoalergenicos Foxy 10 Ud,Sin categoría,2,True,False,False,True,False
CAT-7340,Tarta Cheesecake Cookies San Martin 350 G,Desayuno y Snack,2,True,False,False,True,False
CAT-7520,Tarrito De Verduras Con Pescadilla A La Crema Desde 6 Meses Hero Solo Sin Gluten Pack De 2 Unidades De 190 G,Sin categoría,2,True,False,False,True,False
CAT-7522,Fuze Tea Te Verde Sabor Maracuya Botella 15 L,Desayuno y Snack,2,True,False,False,True,False
CAT-7521,Tarrito De Guisantes Tiernos Con Jamon Desde 6 Meses Hero Baby Buenas Noches Sin Gluten Pack De 2 Unidades De 190 G,Carnicería y Charcutería,2,True,False,False,True,False
CAT-7398,Panales Dodot T3 7 11 Kg 112 Ud,Bebes,2,True,False,False,True,False
CAT-7556,Mochila Nenuco Pingino Jabon De Ducha 200 Ml Agua De Colonia 200 Ml Y Champu 200 Ml,Cuidado personal e Higiene,2,True,False,False,True,False
CAT-6754,Comida Humeda Seleccion Pescados En Salsa Para Gatos Sheba Selezione Pack De 4 Unidades De 85 G,Despensa,2,True,False,False,True,False
CAT-6753,Langostinos Blancos Crudos Congelados Gambafresh 750 G,Pescadería,2,True,False,False,True,False
CAT-7480,Bebida De Fruta Melocoton Carrefour Classic Sin Azucares Anadidosbrik 1 L,Despensa,2,True,True,False,False,False
CAT-7530,Cerveza Tostada Estrella Galicia 00 Alcohol Pack 6 Botellas 25 Cl,Bebidas,2,True,False,False,True,False
CAT-7523,Vermut Martini Rojo 15 L,Bebidas,2,True,False,False,True,False
CAT-7536,Vino Tinto Crianza Tempranillo Enrique I Do Ribera Del Duero 75 Cl,Bebidas,2,True,False,False,True,False
CAT-7527,Fuze Tea Limon Sin Azucar Pack 2 Botellas 15 L,Despensa,2,True,False,False,True,False
CAT-7525,Fuze Tea Te Sabor Limon Pack 2 Botellas 15 L,Desayuno y Snack,2,True,False,False,True,False
CAT-7528,Collar Repelente De Parasitos Para Gato Y Cachorro Dixie,Mascotas,2,True,False,False,True,False
CAT-7558,Aperitivos De Maiz Surtidos Con Sabor Queso Mix Ups 125 G,Lácteos y Huevos,2,True,False,False,True,False
CAT-7544,Bacon Sabor Ahumado En Lonchas Oscar Mayer Sin Gluten Y Sin Lactosa 100 G,Carnicería y Charcutería,2,True,False,False,True,False
CAT-7655,Solomillo De Pollo Kentucky Hotspicy Fripozo 250 G,Carnicería y Charcutería,2,True,False,False,True,False
CAT-7657,Bolsita De Yogur Y Avena Desde 12 Meses Ecologico Smileat 100 G,Lácteos y Huevos,2,True,False,False,True,False
CAT-7659,Serum Anticaida Growth Booster Elvive Loreal Paris 102 Ml,Cuidado personal e Higiene,2,True,False,False,True,False
CAT-7662,Limpiador Bano Antical H 7 500 Ml,Hogar,2,True,False,False,True,False
CAT-7663,Limpiador Banos Manzana Y Hierbabuena Kh 7 500 Ml,Hogar,2,True,False,False,True,False
CAT-7667,Pollo Asado Entero Granja Gourmet 1 Kg Aprox,Carnicería y Charcutería,2,True,False,False,True,False
CAT-7668,Conejo Entero Circulo De Calidad 1250 Kg Aprox,Sin categoría,2,True,False,False,True,False
CAT-6811,Espuma Limpiadora Piel Mixta Avne 150 Ml,Hogar,2,True,False,False,True,False
CAT-7693,Ampollas Anticaida Pilexil 15 Ud,Cuidado personal e Higiene,2,True,False,False,True,False
CAT-7673,Colutorio Sensibilidad Dental Sensilacer 500 Ml,Cuidado personal e Higiene,2,True,False,False,True,False
CAT-7675,Colutorio Clorhexidina Lacer 500 Ml,Cuidado personal e Higiene,2,True,False,False,True,False
CAT-7678,Colutorio De Uso Diario Sin Alcohol Previene Caries Dental Lacer 500 Ml,Cuidado personal e Higiene,2,True,False,False,True,False
CAT-7679,Dentifrico Proteccion Bucodental Integral De Dientes Y Encias Triple Accion Lacer Oros 125 Ml,Cuidado personal e Higiene,2,True,False,False,True,False
CAT-7680,Colutorio Proteccion Bucodental Integral De Dientes Y Encias Triple Accion Lacer Oros 500 Ml,Cuidado personal e Higiene,2,True,False,False,True,False
CAT-7681,Dentifrico Antiplaca Y Anticaries De Uso Diario Con Fluor Lacer 75 Ml,Cuidado personal e Higiene,2,True,False,False,True,False
CAT-7683,Cepillo De Dientes Junior Lacer 1 Ud,Cuidado personal e Higiene,2,True,False,False,True,False
CAT-7684,Cepillo De Dientes Suave Lacer 1 Ud Dentifrico 5 Ml,Cuidado personal e Higiene,2,True,False,False,True,False
CAT-7686,Cepillo De Dientes Medio Lacer 1 Ud Dentifrico 5 Ml,Cuidado personal e Higiene,2,True,False,False,True,False
CAT-7687,Cepillo De Dientes Fuerte Lacer 1 Ud,Cuidado personal e Higiene,2,True,False,False,True,False
CAT-7690,Colutorio Fluor Diario  6 Anos Sabor Fresa Lacer Junio 500 Ml ,Cuidado personal e Higiene,2,True,False,False,True,False
CAT-7691,Dentifrico De Uso Diario Que Previene El Sangrado Gingival Causado Por Encias Delicadas Y Gingivitis Gingilacer 75 Ml,Cuidado personal e Higiene,2,True,False,False,True,False
CAT-7692,Colutorio De Uso Diario Que Previene El Sangrado Gingival Causado Por Encias Delicadas Y Gingivitis Gingilacer 500 Ml,Cuidado personal e Higiene,2,True,False,False,True,False
CAT-7700,Dentifrico Sensibilidad Dental Sensilacer 75 Ml,Cuidado personal e Higiene,2,True,False,False,True,False
CAT-7701,Dentifrico Sensibilidad Dental Sensilacer 125 Ml,Cuidado personal e Higiene,2,True,False,False,True,False
CAT-7714,Oleogel De Ducha Ph5 Para Piel Sensible Y Seca Eucerin 1000 Ml,Cuidado personal e Higiene,2,True,False,False,True,False
CAT-7726,Detergente En Polvo Escamas De Jabon Natural Lagarto 400 G,Cuidado personal e Higiene,2,True,False,False,True,False
CAT-7676,Gel Bioadhesivo Tratamiento Gingivitis Clorhexidina Lacer 50 Ml,Sin categoría,2,True,False,False,True,False
CAT-7689,Cinta Dental Fibra Ptfe Suave Con Fluor Sabor Menta Lacer 50 M,Sin categoría,2,True,False,False,True,False
CAT-7697,Cerveza Tostada Free Damm 00 Alcohol Sin Gluten Lata 33 Cl,Bebidas,2,True,False,False,True,False
CAT-7704,Monster Energy Bebida Energetica Ultra Paradise Sin Azucar Lata 50 Cl,Bebidas,2,True,False,False,True,False
CAT-7698,Caramelo Sabor Naranja Y Menta Sin Azucar Ricola 50 G,Despensa,2,True,False,False,True,False
CAT-7695,Tequeno De Queso Goya 420 G,Lácteos y Huevos,2,True,False,False,True,False
CAT-7696,Aperitivo De Maiz Sabor Queso Gustosines Cheetos 75 G,Lácteos y Huevos,2,True,False,False,True,False
CAT-7713,Gel De Bano Ph5 Para Piel Sensible Eucerin 1000 Ml,Sin categoría,2,True,False,False,True,False
CAT-7733,Gel Derma Lactacyd 1 L,Sin categoría,2,True,False,False,True,False
CAT-7734,Crema Fijadora Para Protesis Extrafuerte Sabor Menta Corega 70 G,Sin categoría,2,True,False,False,True,False
CAT-7736,Ensaladilla Rusa El Mercado 800 G,Sin categoría,2,True,False,False,True,False
CAT-7738,Salitos Blue 33 Cl,Sin categoría,2,True,False,False,True,False
CAT-7741,Envase Aseptico Para Orina Heces O Esputos Enfa 1 Ud,Sin categoría,2,True,False,False,True,False
CAT-7707,Pizza Snacks Jamon Y Queso Fripozo 250 G,Lácteos y Huevos,2,True,False,False,True,False
CAT-7712,Pizza Snacks 5 Quesos Fripozo 250 G,Lácteos y Huevos,2,True,False,False,True,False
CAT-7725,Leche Limpiadora Facial Suavizante Avne 200 Ml,Hogar,2,True,False,False,True,False
CAT-7727,Revuelto De Patatas Y Salchichas Tenedor De Plata 400 G,Carnicería y Charcutería,2,True,False,False,True,False
CAT-7742,Centros De Salmon Con Piel Pescanova 250 G,Pescadería,2,True,False,False,True,False
CAT-7737,Leche Infantil Para Lactantes En Polvo Nutriben Sin Lactosa Lata 400 G,Bebes,2,True,False,False,True,False
CAT-7718,Pastillas De Regaliz Juanola Sin Gluten Sin Lactosa 27 G,"Azúcar, caramelos y chocolate",2,True,False,False,True,False
CAT-7780,Bombon Helado Almendrado Sin Azucares Anadidos Nestle 3 Ud,Despensa,2,True,False,False,True,False
CAT-7778,Sandwich De Vainilla Y Galleta Al Cacao Oreo 4 Ud,Desayuno y Snack,2,True,False,False,True,False
CAT-7777,Conos Con Helado De Vainilla Y Caramelo Extrme Nestle 6 Ud,Congelados,2,True,False,False,True,False
CAT-7955,Pechuga Estilo Kentucky Maheso Sin Gluten 225 G,Carnicería y Charcutería,2,True,False,False,True,False
CAT-7954,Tiras De Calabacin Rebozas Y Prefritas Maheso 300 G,Frutas y Verduras,2,True,False,False,True,False
CAT-8125,Tinto De Verano Ladron De Verano Con Limon Con Un Toque Extra De Sabores Citricos Sin Alcohol Lata 33 Cl,Bebidas,2,True,False,False,True,False
CAT-8123,Pasta De Letras Bolonesa Ecologico Abc Hipp 250 G,Despensa,2,True,False,False,True,False
CAT-8307,Comida Humeda Buey Y Atun Para Gato Adulto Esterilizado Ultima Cat Wet  Delicious 4X85 G,Mascotas,2,True,False,False,True,False
CAT-8308,Comida Humeda Seleccion De Pescados Para Gatos Esterilizados Adultos Ultima Fit  Delicious 4X85 G,Mascotas,2,True,False,False,True,False
CAT-8488,Champu Y Acondicionador Anticaspa 2En1 Classic Hs 300 Ml,Cuidado personal e Higiene,2,True,False,False,True,False
CAT-8489,Champu Anticaspa Menthol Fresh Hs 300 Ml,Cuidado personal e Higiene,2,True,False,False,True,False
CAT-8490,Champu Anticaspa Citrus Fresh Hs 300 Ml,Cuidado personal e Higiene,2,True,False,False,True,False
CAT-8672,Xuxo Bombon Relleno Sabor Crema Don Bimbo 3 Ud,"Azúcar, caramelos y chocolate",2,True,False,False,True,False
CAT-8673,Esparadrapo Sensitive 5 M X 25 Cm Salvelox 1 Ud,Cuidado personal e Higiene,2,True,False,False,True,False
CAT-8674,Apositos Impermeables Aquablock Salvelox 12 Ud,Cuidado personal e Higiene,2,True,False,False,True,False
CAT-8841,Helado Ron Con Pasas Hagen Dazs 400 G,Bebidas,2,True,False,False,True,False
CAT-8842,Pizza Carbonara Fina Y Crujiente Forno Di Pietra Buitoni 300 G,Congelados,2,True,False,False,True,False
CAT-8843,Pizza De Pollo Y Verduras Forno Di Pietra Buitoni 350 G,Congelados,2,True,False,False,True,False
CAT-9027,Pila 2 Ud  Slimp Lr20 Nn,Bazar y Varios,2,True,False,False,True,False
CAT-9089,Fiambre De Pechuga De Pavo Para Sandwich En Lonchas El Pozo Sin Gluten 270 G,Carnicería y Charcutería,2,False,False,True,True,False
CAT-9192,Bebida De Avena Sin Azucar Alpro Sin Lactosa Brik 1 L,Despensa,2,True,False,False,True,False
CAT-9191,Bebida De Soja Ligera Alpro Sin Gluten Y Sin Lactosa Brik 1 L,Lácteos y Huevos,2,True,False,False,True,False
CAT-9193,Bebida De Almendras Alpro Sin Gluten Y Sin Lactosa Brik 1 L,Lácteos y Huevos,2,True,False,False,True,False
CAT-9403,Pizza Tonno Casa Di Mama Dr Oetker 435 G,Congelados,2,True,False,False,True,False
CAT-9415,Leche Infantil De Crecimiento Desde 1 Ano A Base De Proteina De Soja Velactin Sin Lactosa 800 G,Bebes,2,True,False,False,True,False
CAT-9400,Crema Balsamo Para Proteger La Zona Del Panal 1 2 3 Mustela 150 Ml,Bebes,2,True,False,False,True,False
CAT-9347,Vino Tinto Reserva Bardesano Doca Rioja 75 Cl,Bebidas,2,True,False,False,True,False
CAT-9360,Bolsas Multiusos Con Cierre Cremallera Zipper 1L Albal 12 Ud,Sin categoría,2,True,False,False,True,False
CAT-9440,Colgador Antipolillas Lavanda Fresca Polil 4 Ud,Sin categoría,2,True,False,False,True,False
CAT-9352,Champu Hidratacion Intensa Para Cabello Seco O Danado Tresemme 100 Ml,Cuidado personal e Higiene,2,True,False,False,True,False
CAT-9362,Trina De Naranja Sin Gas Zero Botella 15 L,Sin categoría,2,True,False,False,True,False
CAT-9348,Colutorio Blanqueadora Vitis 500 Ml,Cuidado personal e Higiene,2,True,False,False,True,False
CAT-9349,Cepillo Dental Suace Access Vitis 2 Ud,Cuidado personal e Higiene,2,True,False,False,True,False
CAT-9350,Cepillo Dental Suave Phb 2 Ud,Cuidado personal e Higiene,2,True,False,False,True,False
CAT-4002,Bebida de piña sin azúcares añadidos,Bebidas,2,True,True,False,False,False
CAT-9363,Trina De Limon Sin Gas Zero Botella 15 L,Sin categoría,2,True,False,False,True,False
CAT-9351,Enjuague Bucal Mentol Listerine 95 Ml,Cuidado personal e Higiene,2,True,False,False,True,False
CAT-9430,Dentifrico Plus Fluor Desensin Pack De 2 Unidades De 125 G,Cuidado personal e Higiene,2,True,False,False,True,False
CAT-9370,Kuyx Light De Mandarina Sin Gluten 3 L,Sin categoría,2,True,False,False,True,False
CAT-9364,Cerveza Desperados Original Lata 50 Cl,Bebidas,2,True,False,False,True,False
CAT-9384,Tinto De Verano Con Limon Sin Alcohol La Casera Botella 15 L,Bebidas,2,True,False,False,True,False
CAT-9382,Bolsita De 4 Frutas Desde 4 Meses Nestle Sin Gluten Y Sin Azucar Anadido 90 G,Despensa,2,True,False,False,True,False
CAT-9392,Bolitas De Maiz Sabor Queso Match Ball Risi Sin Gluten 105 G,Lácteos y Huevos,2,True,False,False,True,False
CAT-9378,Postre Lacteo Con Galleta Maria Nestle La Lechera Pack De 2 Unidades De 125 G,Lácteos y Huevos,2,True,False,False,True,False
CAT-9379,Cafe Latte Cappuccino Nescafe Sin Gluten 205 Ml,Desayuno y Snack,2,True,False,False,True,False
CAT-9391,Lavavajillas A Mano Profesional Fairy 5 L,Hogar,2,True,False,False,True,False
CAT-9386,Limpiahogar Multisuperficies Con Oxigeno Activo Chubb 1 L,Hogar,2,True,False,False,True,False
CAT-9387,8 Bayetas Multiusos De Microfibra  Rozenbal    Colores Surtidos,Hogar,2,True,False,False,True,False
CAT-9354,Comida Humeda De Conejo Para Gato Adulto Purina Gourmet Gold 85 G,Mascotas,2,True,False,False,True,False
CAT-9375,Puerro Manojo De 750 G Aprox,Frutas y Verduras,2,True,False,False,True,False
CAT-9367,Crema De Pies Absorcion Inmediata Para Pieles Secas Neutrogena 100 Ml,Cuidado personal e Higiene,2,True,False,False,True,False
CAT-9380,Ciruela Roja A Granel 1 Kg Aprox,Frutas y Verduras,2,True,False,False,True,False
CAT-9404,La Gula Del Norte Congelado Pack De 2 Unidades De 200 G,Sin categoría,2,True,False,False,True,False
CAT-9410,Solucion Unica Multiplus Bausch  Lomb Pack De 2 Unidades De 500 Ml  Solucion 60 Ml,Sin categoría,2,True,False,False,True,False
CAT-9412,Protector De Cama 80 X 180 Cms Sabanindas 20 Ud,Sin categoría,2,True,False,False,True,False
CAT-9406,Ginebra Seagrams Extra 70 Cl,Bebidas,2,True,False,False,True,False
CAT-9422,Detergente En Polvo A Mano Wipp Express 500 G,Hogar,2,True,False,False,True,False
CAT-9420,Limpiahogar Multisuperficies Con Bioalcohol Tenn 13 L,Hogar,2,True,False,False,True,False
CAT-9396,Croquetas De Pollo 10 Ud,Congelados,2,True,False,False,True,False
CAT-3887,Harina de espelta 100% integral,Despensa,2,True,True,False,False,False
CAT-3888,Harina semolosa de trigo especial para fritos,Despensa,2,True,True,False,False,False
CAT-9435,Centro De Paleta De Cebo Iberica 50 Raza Iberica Al Corte Circulo De Calidad 170 G Aprox,Sin categoría,2,True,False,False,True,False
CAT-9436,Helado De Fresa Dracula Frigo Sin Gluten 6 Ud,Congelados,2,True,False,False,True,False
CAT-9475,Velon Liturgico Roura 15X59 Cm,Sin categoría,2,True,False,False,True,False
CAT-9476,Zumo De Fruta Y Leche Don Simon Caribe Zero Pack De 6 Briks De 20 Cl,Bebidas,2,True,False,False,True,False
CAT-9462,Batido Sustitutivo Sabor Chocolate Sin Azucar Anadido En Sobres Bimanan Beslim 6 Ud,Despensa,2,True,False,False,True,False
CAT-9461,Natillas Sustitutivas Sabor Vainilla En Sobres Bimanan Beslim 6 Ud,Lácteos y Huevos,2,True,False,False,True,False
CAT-9470,Helado De Caramelo Galleta Y Crema Hagen Dazs 460 Ml,Desayuno y Snack,2,True,False,False,True,False
CAT-9464,Limpiador Vitroceramica E Induccion En Crema Vitroclen 450 Ml,Hogar,2,True,False,False,True,False
CAT-9450,Brocheta De Pollo Marinado 4 Ud,Carnicería y Charcutería,2,True,False,False,True,False
CAT-9459,Barritas Sabor Chocolate Crujiente Bimanan Bekomplett Sin Gluten Pack De 8 Unidades De 35 G,"Azúcar, caramelos y chocolate",2,True,False,False,True,False
CAT-9478,Cepillo Interdental Fino Angular Lacer 6 Ud,Cuidado personal e Higiene,2,True,False,False,True,False
CAT-9486,Canelones De Carne El Mercado 350 G,Sin categoría,2,True,False,False,True,False
CAT-9508,Bolsas De Basura Resistente Y Antigoteo 100 Reciclado Handy Bag 20L 15 Uds,Hogar,2,True,False,False,True,False
CAT-9485,Pomada Hipoalergenica Para Proteger La Zona Del Panal Bephantol 100 G,Bebes,2,True,False,False,True,False
CAT-9492,Panales Bebe Seco Dodot T4 9 14 Kg 78 Ud,Bebes,2,True,False,False,True,False
CAT-9493,Pants Dodot T5 12 17 Kg 58 Ud,Bebes,2,True,False,False,True,False
CAT-9494,Pants Dodot T4 9 15 Kg 62 Ud,Bebes,2,True,False,False,True,False
CAT-9495,Panales Bebe Seco Dodot T4 9 14 Kg 164 Ud,Bebes,2,True,False,False,True,False
CAT-9463,Cepillo Dental Sensitive Phb 1 Ud,Cuidado personal e Higiene,2,True,False,False,True,False
CAT-9480,Colutorio Encias Vitis 1000 Ml,Cuidado personal e Higiene,2,True,False,False,True,False
CAT-9482,Cepillo Dental Con Cabezal Especifico Para Ortodoncias Vitis 1 Ud,Cuidado personal e Higiene,2,True,False,False,True,False
CAT-9484,Cepillo Dental Cabezal Pequeno Medio Vitis 1 Ud,Cuidado personal e Higiene,2,True,False,False,True,False
CAT-3932,Tortilla de patata con cebolla Listo para Comer,Platos preparados,2,True,False,True,False,False
CAT-9547,Bizcochitos Tosta Rica 125 G,Sin categoría,2,True,False,False,True,False
CAT-9551,Ropa Interior Absorbente Nina Noche Drynites 3 4 Anos 12 21 Kg 16 Ud,Sin categoría,2,True,False,False,True,False
CAT-9552,Ropa Interior Absorbente Nino Noche Drynites 3 4 Anos 12 21 Kg 16 Ud,Sin categoría,2,True,False,False,True,False
CAT-9559,Perfumador Liquido Para Ropa Blue Asevi 720 Ml,Sin categoría,2,True,False,False,True,False
CAT-3985,Bebida láctea de fresa Danacol 0% azúcares añadidos 0% MG,Lácteos y Huevos,2,True,True,False,False,False
CAT-3986,Bebida láctea natural Danacol 0% azúcares añadidos 0% MG,Lácteos y Huevos,2,True,True,False,False,False
CAT-3991,Yogur natural con azúcar de caña,Lácteos y Huevos,2,True,True,False,False,False
CAT-6086,Banador Panal Desechable Huggies Little Swimmers T3 4 7 Kg 15 Kg 20 Ud,Bebes,2,True,False,False,True,False
CAT-9567,Chirla Italiana Fresca 500 G,Sin categoría,2,True,False,False,True,False
CAT-9568,Toallitas Humedas Con Locion Hidratante Adulto Salustar 60 Ud,Sin categoría,2,True,False,False,True,False
CAT-9570,Panecillo Rossette Shr Sin Gluten 350 G,Sin categoría,2,True,False,False,True,False
CAT-9532,Vino Tinto Barrica Tempranillo Federico Paternina Banda Azul Vendimia Seleccionada Doca Rioja 75 Cl,Bebidas,2,True,False,False,True,False
CAT-9533,Agua Mineral Lanjaron 625 L,Bebidas,2,True,False,False,True,False
CAT-9534,Whisky Johnnie Walker Double Black Escoces 70 Cl,Bebidas,2,True,False,False,True,False
CAT-9548,Leche Infantil Para Lactantes En Polvo Almiron Profutura 1 Sin Aceite De Palma Lata 800 G,Bebidas,2,True,False,False,True,False
CAT-9557,Snacks De Queso Para Gatos Catisfactions 60 G,Lácteos y Huevos,2,True,False,False,True,False
CAT-9563,Suavizante Concentrado Melocoton Y Citricos Flor Twist 78 Lavados,Hogar,2,True,False,False,True,False
CAT-9553,Hamburguesa De Vacuno Anojo Circulo De Calidad 4X90 G,Carnicería y Charcutería,2,True,False,False,True,False
CAT-9564,Filete De Vacuno 1 Kg Aprox,Carnicería y Charcutería,2,True,False,False,True,False
CAT-9562,Pan Tostado Schr Sin Gluten Y Sin Lactosa 260 G,Panadería y Pastelería,2,True,False,False,True,False
CAT-9540,Leche Infantil De Crecimiento Desde 1 Ano Nestle Nativa 3 Lata 800 G,Bebes,2,True,False,False,True,False
CAT-9579,Helado Super Mix Calippo Sin Gluten 5 Ud,Congelados,2,True,False,False,True,False
CAT-9571,Fingers De Pollo Schr Sin Gluten Y Sin Lactosa 375 G,Congelados,2,True,False,False,True,False
CAT-9573,Concentrado Calmante Xeracalm Ad Avene 50 Ml,Cuidado personal e Higiene,2,True,False,False,True,False
CAT-9618,Suavizante Concentrado Mediterraneo Flor 78 Lavados,Hogar,2,True,False,False,True,False
CAT-9576,Complemento Alimenticio Para El Cabello Y Las Unas En Capsulas Pilexil Capsulas 150 Ud,Cuidado personal e Higiene,2,True,False,False,True,False
CAT-9483,Cepillo Dental Cabezal Pequeno Suave Vitis 1 Ud,Cuidado personal e Higiene,2,True,False,False,True,False
CAT-9575,Cepillo De Dientes Infantil De 2 A 6 Anos Lacer 1 Ud,Cuidado personal e Higiene,2,True,False,False,True,False
CAT-9530,Emulsion Sin Jabon Con Aceite De Oliva Sebamed 2 Unidades 750 Ml,Cuidado personal e Higiene,2,True,False,False,True,False
CAT-9816,Crumpets Warburtons 320 G,Sin categoría,2,True,False,False,True,False
CAT-0489,Barritas de cereales con chocolate blanco,Desayuno y Snack,2,True,False,False,False,True
CAT-2322,Dentífrico Total original Colgate,Cuidado personal e Higiene,2,True,False,False,True,False
CAT-4807,Purina Friskies Pienso Para Gato Adulto Buey Pollo Y Verduras 4Kg,Carnicería y Charcutería,2,True,False,False,True,False
CAT-6112,Kombucha Superglow Ecologica Komvida Sin Gluten 250 Ml,Sin categoría,2,True,False,False,True,False
CAT-8920,Helado Bombon Pistacho Signatu Magnun Frigo 3 Ud,Desayuno y Snack,2,True,False,False,True,False
CAT-4053,Ginebra Larios 1 L,Bebidas,2,False,True,False,True,False
CAT-0119,Hoja de laurel,Despensa,2,True,True,False,False,False
CAT-4227,Preparado De Soja Y Coco Alpro Sin Gluten Y Sin Lactosa 400 G,Sin categoría,2,True,False,False,True,False
CAT-4297,Moldes Magdalena N 8 Ph Pack De 50 Uds,Panadería y Pastelería,2,True,False,False,True,False
CAT-4298,Bandeja Carton Con Blonda Papel Ph Blister 4 Y 4 Unidades 25X34 Y 31X38 Cm,Bazar y Varios,2,True,False,False,True,False
CAT-1330,Maíz frito gigante,Desayuno y Snack,2,True,True,False,False,False
CAT-4445,Patatas Kid Smile Mccain 650 G,Sin categoría,2,True,False,False,True,False
CAT-4446,Champu Anticaspa Eucerin 250 Ml,Cuidado personal e Higiene,2,True,False,False,True,False
CAT-4450,Batido De Cacao Cacaolat Sin Gluten Botella 1 L,Lácteos y Huevos,2,True,False,False,True,False
CAT-4673,Discos Wc Activos Aroma Lavanda Recambio Pato 2 Ud,Sin categoría,2,True,False,False,True,False
CAT-4674,Tarrito De Verduras Con Pollo Desde 6 Meses Ecologico Natube Sin Gluten 220 G,Carnicería y Charcutería,2,True,False,False,True,False
CAT-4680,Comida De Pollo Y Cereales Para Perros Adultos Dream Essential 4 Kg,Carnicería y Charcutería,2,True,False,False,True,False
CAT-4679,Leche Infantil Desde 6 Meses En Polvo Nestle Nan Expert Pro Total Confort 2 Lata 800 G,Bebes,2,True,False,False,True,False
CAT-3339,Discos desmaquillantes ovalados algodón 100%,Cuidado personal e Higiene,2,True,True,False,False,False
CAT-3732,Pan tostado vitalité Wasa,Panadería y Pastelería,2,True,True,False,False,False
CAT-1983,Masa de hojaldre sin gluten,Despensa,2,True,False,False,False,True
CAT-2201,Recambio ambientador automático Infantil,Hogar,2,True,False,False,True,False
CAT-0972,Refresco Fanta naranja zero azúcares añadidos,Bebidas,2,True,False,False,False,True
CAT-2360,Tortilla de patata y cebolla,Platos preparados,2,True,True,False,False,False
CAT-4742,Sticks Sabor Queso Con Ketchup Cheetos 96 G,Despensa,2,True,False,False,True,False
CAT-2063,Café cortado en cápsula,Desayuno y Snack,2,True,True,False,False,False
CAT-4672,Estropajo Inox  Spontex 3 Ud   Amarillo,Hogar,2,True,True,False,False,False
CAT-5217,Preparado Lacteo Con Nueces Omega 3 Puleva Sin Gluten Brik 1 L,Cuidado personal e Higiene,2,False,True,False,True,False
CAT-0800,Fumet caldo de pescado,Conservas y Enlatados,2,True,True,False,False,False
CAT-6056,Tira De Costilla De Cerdo Carrefour El Mercado 700 G Aprox,Carnicería y Charcutería,2,True,False,True,False,False
CAT-0434,Crema de calabacín,Conservas y Enlatados,2,True,True,False,False,False
CAT-0444,Barritas de avena Crunchy Nature Valley con chocolate negro,Desayuno y Snack,2,True,True,False,False,False
CAT-6263,Pan De Molde Sin Corteza Natural 100 Bimbo Sin Lactosa 450 G,Desayuno y Snack,2,True,False,False,True,False
CAT-6581,Pan De Molde Sin Azucar Anadido Bimbo 430 G,Despensa,2,True,False,False,True,False
CAT-2177,Judía verde plana,Frutas y Verduras,2,True,True,False,False,False
CAT-7015,Patatas Fritas Churreria Santa Ana Sin Gluten 140 G,Desayuno y Snack,2,True,False,False,True,False
CAT-7101,Patatas Fritas Corte Fino Lays Gourmet Sin Gluten 170 G,Desayuno y Snack,2,True,False,False,True,False
CAT-7728,Kefir De Fresa Y Frambuesa Activia Danone 380 G,Lácteos y Huevos,2,True,False,False,True,False
CAT-7881,Leche Fermentada De Fresa Sin Azucar Anadido Danone Danacol Sin Gluten Pack De 6 Unidades De 100 G,Despensa,2,True,False,False,True,False
CAT-8071,Patatas Fritas Al Punto De Sal Lays Sin Gluten 150 G,Desayuno y Snack,2,True,False,False,True,False
CAT-8186,Pizza De Jamon Y Queso Con Salsa Mozzarella Pizza  Salsa Campofrio 360 G,Despensa,2,True,False,False,True,False
CAT-8422,Tomate Pera Carrefour 1 Kg Aprox,Sin categoría,2,True,True,False,False,False
CAT-8576,Aperitivo De Maiz Sabor Barbacoa Bits Doritos 80 G,Desayuno y Snack,2,True,False,False,True,False
CAT-8635,Nectar De Naranja Carrefour Sin Azucar Anadido 1 L,Bebidas,2,True,False,True,False,False
CAT-8832,Tomate Frito Hida Sin Gluten Lata 340 G,Despensa,2,True,False,False,True,False
CAT-3943,Pollo al curry con arroz basmati,Platos preparados,2,True,False,False,True,False
CAT-3997,Bebida de arándanos y frutas rojas sin azúcares añadidos,Bebidas,2,True,False,False,True,False
CAT-4000,Smoothie fresa y plátano,Bebidas,2,True,False,False,True,False
CAT-8971,Galletas Con Pepitas De Chocolate Desde 12 Meses Pequegalletas Nestle 150 G,Desayuno y Snack,2,True,False,False,True,False
CAT-8963,Lavavajillas A Mano Ultra Original Fairy 1450 Ml,Hogar,2,True,False,False,True,False
CAT-8964,Lavavajillas A Mano Ultra Original Fairy 654 Ml,Hogar,2,True,False,False,True,False
CAT-8954,Jamon Cocido Extra En Finas Lonchas Casa Tarradellas Sin Gluten Y Sin Lactosa 150 G,Carnicería y Charcutería,2,True,False,False,True,False
CAT-8956,Jamon Cocido Extra En Finas Lochas Casa Tarradellas Sin Gluten Y Sin Lactosa 125 G,Carnicería y Charcutería,2,True,False,False,True,False
CAT-8957,Bacon Ahumado Natural En Lonchas Oscar Mayer Sin Gluten 150 G,Carnicería y Charcutería,2,True,False,False,True,False
CAT-8960,Jamon Cocido Bajo En Grasa Reducido En Sal En Lonchas Campofrio   Cuida T Sin Gluten Sin Lactosa 65 G,Carnicería y Charcutería,2,True,False,False,True,False
CAT-8961,Jamon Curado En Lonchas Navidul Sin Gluten Y Sin Lactosa 45 G,Carnicería y Charcutería,2,True,False,False,True,False
CAT-8965,Mini Fuet Snackin Campofrio Sin Gluten 50 G,Carnicería y Charcutería,2,True,False,False,True,False
CAT-8966,Mini Chorizo En Piezas Snackin Campofrio Sin Gluten 50 G,Carnicería y Charcutería,2,True,False,False,True,False
CAT-8974,Fresas Congelados De Navarra 300 G,Congelados,2,True,False,False,True,False
CAT-8994,Piadina Quattro Formaggi Ristorante Piadina Droetker 280 G,Sin categoría,2,True,False,False,True,False
CAT-8984,Pizza Cinco Quesos La Grandiosa Buitoni 400 G,Lácteos y Huevos,2,True,False,False,True,False
CAT-8985,Pizza Jamon Y Queso La Grandiosa Buitoni 430 G,Lácteos y Huevos,2,True,False,False,True,False
CAT-8982,Detergente En Capsulas Poderoso Ariel 29 Lavados,Hogar,2,True,False,False,True,False
CAT-8986,Helado Bombon De Fresa Y Lima Solero Sin Gluten 3 Uds,Congelados,2,True,False,False,True,False
CAT-8980,Cocido De Pollo Para Perros Cocosi 400 G,Carnicería y Charcutería,2,True,False,False,True,False
CAT-8979,Ragu De Ternera Para Perros Cocosi 400 G,Carnicería y Charcutería,2,True,False,False,True,False
CAT-8978,Marmitako De Salmon Para Perros Cocosi 400 G,Pescadería,2,True,False,False,True,False
CAT-8981,Guiso De Pescado Para Perros Cocosi 400 G,Mascotas,2,True,False,False,True,False
CAT-8977,Arandanos Congelados De Navarra 300 G,Frutas y Verduras,2,True,False,False,True,False
CAT-3781,Magdalenas con azúcar,Panadería y Pastelería,2,True,False,False,True,False
CAT-3782,Magdalenas con pepitas de chocolate,Panadería y Pastelería,2,True,False,False,True,False
CAT-3787,Maíz dulce en mazorca cocido,Frutas y Verduras,2,True,True,False,False,False
CAT-8976,Mango Troceado Congelado De Navarra 300 G,Congelados,2,True,False,False,True,False
CAT-1748,Salmón ahumado,Pescadería,2,True,False,False,False,True
CAT-1771,Frambuesas,Frutas y Verduras,2,True,True,False,False,False
CAT-1056,Harina de fuerza,Despensa,2,True,True,False,False,False
CAT-1086,Medio melón piel de sapo,Frutas y Verduras,2,True,True,False,False,False
CAT-1577,Queso tierno de cabra,Lácteos y Huevos,2,True,True,False,False,False
CAT-1667,Galletas Digestive avena chocolate con leche,Desayuno y Snack,2,True,True,False,False,False
CAT-1816,Azúcar blanco en sobres,Despensa,2,True,True,False,False,False
CAT-1889,Mejillones picantes en escabeche pequeños,Conservas y Enlatados,2,True,True,False,False,False
CAT-2129,Patatas,Frutas y Verduras,2,True,True,False,False,False
CAT-1991,Caldo de pollo,Conservas y Enlatados,2,True,True,False,False,False
CAT-2248,Limpiacristales,Hogar,2,True,True,False,False,False
CAT-2079,Pechuga de pavo finas lonchas,Carnicería y Charcutería,2,True,False,False,False,True
CAT-2195,Preparado lácteo con cereales crecimiento +1 año,Bebes,2,True,True,False,False,False
CAT-3512,Batata,Frutas y Verduras,2,True,False,False,False,True
CAT-2486,Esponja de baño suave,Cuidado personal e Higiene,2,True,False,False,True,False
CAT-1696,Detergente Lavado a Mano en polvo,Hogar,2,True,True,False,False,False
CAT-2108,Lechuga Iceberg,Frutas y Verduras,2,True,True,False,False,False
CAT-2138,Mermelada de arándanos,Desayuno y Snack,2,True,True,False,False,False
CAT-1926,Caramelos eucaliptus mentol Respiral Halls,"Azúcar, caramelos y chocolate",2,True,True,False,False,False
CAT-2099,Barritas crujientes bañadas de chocolate con leche,"Azúcar, caramelos y chocolate",2,True,True,False,False,False
CAT-2511,Zumo de melocotón y uva,Bebidas,2,True,True,False,False,False
CAT-2810,Secreto de cerdo ibérico,Carnicería y Charcutería,2,True,False,False,False,True
CAT-2812,Solomillo de cerdo,Carnicería y Charcutería,2,True,False,False,False,True
CAT-2642,Leche semidesnatada Asturiana,Lácteos y Huevos,2,True,False,False,False,True
CAT-3124,Queso viejo de oveja,Lácteos y Huevos,2,True,False,False,False,True
CAT-2989,Helado lima limón,Congelados,2,True,True,False,False,False
CAT-3522,Brócoli,Frutas y Verduras,2,True,True,False,False,False
CAT-3535,Alcachofa,Frutas y Verduras,2,True,True,False,False,False
CAT-2527,Tortillas de maíz,Panadería y Pastelería,2,True,True,False,False,False
CAT-3338,Discos desmaquillantes redondos algodón 100%,Cuidado personal e Higiene,2,True,True,False,False,False
CAT-3383,Jabón de manos neutraliza olores,Cuidado personal e Higiene,2,True,True,False,False,False
CAT-5062,Tomate Frito Orlando Sin Gluten Pack De 3 Unidades De 350 G,Despensa,2,True,False,False,True,False
CAT-3521,Espinacas cortadas y lavadas,Frutas y Verduras,2,True,True,False,False,False
CAT-5775,Leche Fermentada De Proteinas Liquida Desnatada Sabor Fresa Y Frambuesa Danone Yopro Sin Lactosa 300 G,Lácteos y Huevos,2,True,False,False,True,False
CAT-6119,Leche Semidesnatada Rio Brik 1 L,Lácteos y Huevos,2,True,False,False,True,False
CAT-8286,Nachos Al Toque De Sal Dippas Doritos 150 G,Desayuno y Snack,2,True,False,False,True,False
CAT-0554,Margarina Flora Proactiv,Lácteos y Huevos,2,True,True,False,False,False
CAT-0557,Chili con carne,Despensa,2,True,True,False,False,False
CAT-0564,Pimientos del piquillo enteros extra,Conservas y Enlatados,2,True,True,False,False,False
CAT-0575,Longaniza de payés extra,Carnicería y Charcutería,2,True,True,False,False,False
CAT-0811,Postre lácteo infantil de fresa y plátano +8 meses,Bebes,2,True,True,False,False,False
CAT-7872,Pan Del Molde Schr Sin Gluten Y Sin Lactosa 300 G,Panadería y Pastelería,2,True,False,False,True,False
CAT-0765,Champú Hydra revitaliza Pantene cabello muy seco,Cuidado personal e Higiene,2,True,True,False,False,False
CAT-0766,Cepillo dental Medio + Action,Cuidado personal e Higiene,2,True,True,False,False,False
CAT-0710,Yogur natural de cabra,Lácteos y Huevos,2,True,True,False,False,False
CAT-0714,Nuggets de pollo ultracongelados,Carnicería y Charcutería,2,True,True,False,False,False
CAT-0726,Yogur griego stracciatella,Lácteos y Huevos,2,True,True,False,False,False
CAT-0727,Yogur griego sabor fresa,Lácteos y Huevos,2,True,False,False,False,True
CAT-0756,Postre lácteo natural +Proteínas 0% MG 10 g proteínas,Lácteos y Huevos,2,True,True,False,False,False
CAT-1622,Spaghetti,Despensa,2,True,False,False,False,True
CAT-0544,Vermouth blanco Maronti,Bebidas,2,True,False,False,False,True
CAT-0722,Mantequilla sin sal añadida,Lácteos y Huevos,2,True,True,False,False,False
CAT-0723,Mantequilla con sal,Lácteos y Huevos,2,True,True,False,False,False
CAT-0729,Yogur cremoso con melocotón y maracuya,Lácteos y Huevos,2,True,True,False,False,False
CAT-0740,Postre lácteo sin lactosa cremoso natural azucarado,Lácteos y Huevos,2,True,True,False,False,False
CAT-0741,Barritas de cereales avena con cacao,Desayuno y Snack,2,True,True,False,False,False
CAT-0754,Postre de soja sabor mango Alpro sin azúcares añadidos,Lácteos y Huevos,2,True,True,False,False,False
CAT-0763,Galletas de cacao Caocream rellenas de crema,Desayuno y Snack,2,True,True,False,False,False
CAT-1676,Bebida de avena 0% azúcar,Lácteos y Huevos,2,True,True,False,False,False
CAT-2109,Patata,Frutas y Verduras,2,True,False,False,False,True
CAT-9377,Postre Lacteo Al Chocolate Delicias De Trufa Nestle La Lechera Pack De 2 Unidades De 125 G,Lácteos y Huevos,2,True,False,False,True,False
CAT-0002,Bebida láctea Omega 3 Puleva con leche desnatada,Lácteos y Huevos,2,True,True,False,False,False
CAT-0049,Café en grano descafeinado,Desayuno y Snack,2,True,True,False,False,False
CAT-0083,Salsa César,Despensa,2,True,True,False,False,False
CAT-0831,Sticks de patata,Desayuno y Snack,2,True,False,False,False,True
CAT-2657,Café en cápsula espresso Tassimo,Desayuno y Snack,2,True,True,False,False,False
CAT-9791,Serenitos Con Aceite De Oliva Seleccion Gourmet 130 G,Despensa,2,True,False,False,True,False
CAT-0084,Pepinillos en vinagre,Despensa,2,True,True,False,False,False
CAT-0008,Hierbas provenzales,Despensa,2,True,True,False,False,False
CAT-0009,Colorante alimentario,Despensa,2,True,True,False,False,False
CAT-0011,Batido de chocolate,Lácteos y Huevos,2,True,True,False,False,False
CAT-0012,Batido de chocolate 90% leche,Lácteos y Huevos,2,True,True,False,False,False
CAT-0015,Batido de chocolate ColaCao Energy,Lácteos y Huevos,2,True,True,False,False,False
CAT-0022,Limón exprimido,Despensa,2,True,False,True,False,False
CAT-0024,Vinagre de Jerez reserva,Despensa,2,True,True,False,False,False
CAT-0035,Mayonesa,Despensa,2,True,True,False,False,False
CAT-0037,Ketchup,Despensa,2,True,True,False,False,False
CAT-0042,Bebida láctea crecimiento y desarrollo Puleva Max,Lácteos y Huevos,2,True,True,False,False,False
CAT-0043,Sal fina,Despensa,2,True,True,False,False,False
CAT-0045,Sal yodada fina,Despensa,2,True,True,False,False,False
CAT-0048,Nuez moscada molida,Despensa,2,True,True,False,False,False
CAT-0056,Infusión Jengibre,Desayuno y Snack,2,True,False,False,False,True
CAT-0059,Bebida láctea desnatada omega,Lácteos y Huevos,2,True,True,False,False,False
CAT-0068,Snack Balls sabor queso,Desayuno y Snack,2,True,True,False,False,False
CAT-0856,Caldo de carne en pastillas,Conservas y Enlatados,2,True,True,False,False,False
CAT-2191,Caldo de verduras,Conservas y Enlatados,2,True,True,False,False,False
CAT-2358,Tortillas de trigo integrales,Panadería y Pastelería,2,True,True,False,False,False
CAT-0372,Refresco té sabor mango zero,Bebidas,2,True,True,False,False,False
CAT-0329,Pan de molde blanco,Panadería y Pastelería,2,True,False,False,False,True
CAT-0332,Dentífrico Repair & Protect Sensodyne,Cuidado personal e Higiene,2,True,True,False,False,False
CAT-4102,Pandilla Sabor Queso Cheetos Sin Gluten 75 G,Lácteos y Huevos,2,True,False,False,True,False
CAT-0050,Cebolla en polvo,Despensa,2,True,True,False,False,False
CAT-0085,"Cerveza sin gluten 0,0% sin alcohol tostada Mahou",Bebidas,2,True,True,False,False,False
CAT-0115,Sopa de pollo con fideos finos,Conservas y Enlatados,2,True,False,False,False,True
CAT-0143,Chocolate con leche fundir,"Azúcar, caramelos y chocolate",2,True,False,False,False,True
CAT-0162,Refresco Coca-Cola light,Bebidas,2,True,True,False,False,False
CAT-0170,Pechugas enteras de pollo,Carnicería y Charcutería,2,True,False,False,False,True
CAT-0177,Huevo sorpresa Pascua de chocolate con leche,"Azúcar, caramelos y chocolate",2,True,True,False,False,False
CAT-0315,Sazonador para paella con azafrán,Despensa,2,True,True,False,False,False
CAT-0330,Pan maxi hamburguesa,Panadería y Pastelería,2,True,True,False,False,False
CAT-0333,Soja texturizada Luengo,Despensa,2,True,True,False,False,False
CAT-0335,Refresco Fanta limón,Bebidas,2,True,False,False,False,True
CAT-0361,Té negro con canela,Desayuno y Snack,2,True,True,False,False,False
CAT-0366,Margarina,Lácteos y Huevos,2,True,False,False,True,False
CAT-0368,Suavizante ropa Azul concentrado,Hogar,2,True,False,True,False,False
CAT-4205,Ensalada Pasta Y Atun 325 G,Despensa,2,True,False,False,True,False
CAT-0102,Sal rosa del Himalaya,Despensa,2,True,True,False,False,False
CAT-0179,Romero,Despensa,2,True,True,False,False,False
CAT-0140,Eneldo,Despensa,2,True,True,False,False,False
CAT-0118,Perejil,Despensa,2,True,True,False,False,False
CAT-0138,Albahaca,Despensa,2,True,True,False,False,False
CAT-0157,Cilantro,Despensa,2,True,True,False,False,False
CAT-0186,Filetes de caballa del sur contenido reducido en sal en aceite de oliva,Conservas y Enlatados,2,True,True,False,False,False
CAT-0197,Caramelos sabor eucalipto y mentol 0% azúcares,"Azúcar, caramelos y chocolate",2,True,True,False,False,False
CAT-0199,Pimentón dulce de la Vera,Despensa,2,True,True,False,False,False
CAT-0206,Papel higiénico Suave,Hogar,2,True,True,False,False,False
CAT-0216,Azafrán hebra,Despensa,2,True,True,False,False,False
CAT-0221,Cacao soluble ColaCao original,Desayuno y Snack,2,True,True,False,False,False
CAT-0235,Pimienta blanca molida,Despensa,2,True,True,False,False,False
CAT-0246,Nuez macadamia tostada con sal,Desayuno y Snack,2,True,True,False,False,False
CAT-0279,Pasas sultanas sin semillas,Desayuno y Snack,2,True,False,False,False,True
CAT-0502,Bechamel,Despensa,2,True,True,False,False,False
CAT-0271,Panecillo tostado 100% integral de trigo,Panadería y Pastelería,2,True,True,False,False,False
CAT-0273,Postre de soja sabor vainilla,Lácteos y Huevos,2,True,True,False,False,False
CAT-0654,Tomate canario,Frutas y Verduras,2,True,True,False,False,False
CAT-0290,Crema limpiadora Vitrocerámicas Vitroclen 5 en 1,Hogar,2,True,True,False,False,False
CAT-0553,Tomate ensalada,Frutas y Verduras,2,True,False,False,False,True
CAT-0217,Pimentón picante,Despensa,2,True,True,False,False,False
CAT-0219,Pimienta negra en grano,Despensa,2,True,True,False,False,False
CAT-0220,Aceitunas negras en rodajas,Despensa,2,True,True,False,False,False
CAT-0237,Comino molido,Despensa,2,True,True,False,False,False
CAT-0238,Comino en grano,Despensa,2,True,True,False,False,False
CAT-0241,Cúrcuma,Despensa,2,True,True,False,False,False
CAT-0255,Jengibre molido,Despensa,2,True,True,False,False,False
CAT-0264,Remolacha en tiras,Conservas y Enlatados,2,True,True,False,False,False
CAT-0265,Crema de calabaza,Conservas y Enlatados,2,True,True,False,False,False
CAT-0606,Migas de bonito del norte en aceite de oliva,Conservas y Enlatados,2,True,True,False,False,False
CAT-0611,Sazonador para burritos,Despensa,2,True,False,False,False,True
CAT-0623,Pasta penne rigate,Despensa,2,True,True,False,False,False
CAT-0624,Tallarines,Despensa,2,True,True,False,False,False
CAT-0628,Snacks gato rellenos con salmón y malta,Mascotas,2,True,True,False,False,False
CAT-0638,Sardinillas en tomate,Conservas y Enlatados,2,True,True,False,False,False
CAT-0641,Agua de coco 100%,Bebidas,2,True,True,False,False,False
CAT-7336,Yogur Griego Sabor Caramelo Danone Pack De 4 Unidades De 110 G,Lácteos y Huevos,2,True,False,False,True,False
CAT-0398,Compresa con alas normal,Cuidado personal e Higiene,2,True,True,False,False,False
CAT-0615,Tomate frito Hida,Despensa,2,True,True,False,False,False
CAT-7062,Postre Lacteo Fresa Desde 8 Meses Nestle Yogolino Sin Gluten Pack De 4 Unidades De 100 G,Lácteos y Huevos,2,False,True,False,True,False
CAT-1213,Altramuces,Despensa,2,True,True,False,False,False
CAT-0453,Té Matcha en polvo,Desayuno y Snack,2,True,False,True,False,False
CAT-0680,Café en cápsula ristretto,Desayuno y Snack,2,True,True,False,False,False
CAT-1201,Queso semicurado mezcla,Lácteos y Huevos,2,True,False,False,True,False
CAT-1080,Refresco Tropical sin gas,Bebidas,2,True,True,False,False,False
CAT-0698,Margarina 100% vegetal,Lácteos y Huevos,2,True,True,False,False,False
CAT-1231,Ajos aliñados,Despensa,2,True,True,False,False,False
CAT-1232,Café molido Colombia,Desayuno y Snack,2,True,True,False,False,False
CAT-1251,Mix de pepinillos y cebollitas,Despensa,2,True,True,False,False,False
CAT-1252,Berenjenas de Almagro aliñada Antonio,Despensa,2,True,True,False,False,False
CAT-1027,Ginebra Dry Gin Seagram's,Bebidas,2,True,True,False,False,False
CAT-1035,Refresco de naranja zero fresh gas,Bebidas,2,True,True,False,False,False
CAT-1050,Salchichón extra pimienta finas lonchas,Carnicería y Charcutería,2,True,True,False,False,False
CAT-1078,Taquitos de chorizo extra Revilla,Carnicería y Charcutería,2,True,False,False,False,True
CAT-1267,Colgador WC Power Activ Pino Bref,Hogar,2,True,True,False,False,False
CAT-1270,Pipas girasol tostadas gigante con sal,Desayuno y Snack,2,True,True,False,False,False
CAT-1271,Cereales de arroz inflado Choco Krispies Kellogg's con chocolate,Desayuno y Snack,2,True,True,False,False,False
CAT-1285,Pipas girasol tostadas gigante aguasal,Desayuno y Snack,2,True,True,False,False,False
CAT-1290,Yogur sabor fresa,Lácteos y Huevos,2,True,True,False,False,False
CAT-1300,Infusión Hinojo,Desayuno y Snack,2,True,True,False,False,False
CAT-4261,Phoskitos Original 4 Ud,Sin categoría,2,True,False,False,True,False
CAT-4251,Pan Maxi Burger Bimbo 300 G,Panadería y Pastelería,2,True,False,False,True,False
CAT-1120,Aceitunas verdes sin hueso aliñadas,Despensa,2,True,True,False,False,False
CAT-1084,Taco jamón curado,Carnicería y Charcutería,2,True,True,False,False,False
CAT-1067,Refresco cola Zero azúcar Zero cafeína,Bebidas,2,True,True,False,False,False
CAT-1076,Chorizo de pavo extra lonchas,Carnicería y Charcutería,2,True,True,False,False,False
CAT-1307,"Bebida de zumo de naranja, mango y zanahoria La Verja sin azúcares añadidos",Bebidas,2,True,True,False,False,False
CAT-1118,Carne de pimiento choricero,Despensa,2,True,True,False,False,False
CAT-1119,Aceitunas verdes estilo casero partidas aliñadas,Despensa,2,True,True,False,False,False
CAT-1122,Chocolate líquido a la taza,Desayuno y Snack,2,True,True,False,False,False
CAT-1123,Aceitunas verdes rellenas de jalapeño,Despensa,2,True,True,False,False,False
CAT-1125,Café en cápsula extra fuerte,Desayuno y Snack,2,True,True,False,False,False
CAT-1126,Vino tinto Borsao DO Campo de Borja,Bebidas,2,True,True,False,False,False
CAT-1130,Café en cápsula espresso,Desayuno y Snack,2,True,True,False,False,False
CAT-1136,Nuez de Brasil natural,Desayuno y Snack,2,True,True,False,False,False
CAT-1143,Aceitunas verdes con hueso sabor anchoa,Despensa,2,True,True,False,False,False
CAT-1144,Nuez Pecana natural pelada,Desayuno y Snack,2,True,True,False,False,False
CAT-1146,Café en cápsula ristretto napoli Dolce Gusto,Desayuno y Snack,2,True,False,True,False,False
CAT-1160,Toallitas bebé Aqua,Bebes,2,True,True,False,False,False
CAT-1161,Laca cabello Ultra Fuerte Pantene fijación 5,Cuidado personal e Higiene,2,True,True,False,False,False
CAT-1162,Salsa de Queso,Despensa,2,True,True,False,False,False
CAT-1173,Zamburiñas en salsa de vieira,Conservas y Enlatados,2,True,True,False,False,False
CAT-1410,Yogur sabor coco Danone,Lácteos y Huevos,2,True,True,False,False,False
CAT-1417,Mango deshidratado,Desayuno y Snack,2,True,True,False,False,False
CAT-1433,Mini tortillas de trigo,Panadería y Pastelería,2,True,True,False,False,False
CAT-0793,Crema al cacao con avellanas Nocilla original,"Azúcar, caramelos y chocolate",2,True,True,False,False,False
CAT-0951,Quitagrasas KH-7,Hogar,2,True,True,False,False,False
CAT-1362,Cereales copos de trigo integral y arroz Special K Classic,Desayuno y Snack,2,True,True,False,False,False
CAT-1419,Arándanos deshidratados,Desayuno y Snack,2,True,True,False,False,False
CAT-1381,Anacardo tostado 0% sal añadida,Desayuno y Snack,2,True,True,False,False,False
CAT-4427,Leche Semidesnatada Vita Calcio Puleva Brik 1 L,Lácteos y Huevos,2,True,False,False,True,False
CAT-4611,Leche Semidesnatada Kaiku Sin Lactosa Brik 1 L,Lácteos y Huevos,2,True,False,False,True,False
CAT-1438,Galletas Choco leche con chocolatina,Desayuno y Snack,2,True,True,False,False,False
CAT-0900,Albóndigas de pollo,Platos preparados,2,True,True,False,False,False
CAT-1444,Jabón de manos dermoprotector,Cuidado personal e Higiene,2,True,True,False,False,False
CAT-4959,Aceite De Oliva Intenso 1 Carrefour 1 L,Despensa,2,True,True,False,False,False
CAT-0906,Café en cápsula descafeinado,Desayuno y Snack,2,True,True,False,False,False
CAT-0937,Bífidus desnatado probióticos natural edulcorado Activia 0% MG 0% azúcares añadidos,Lácteos y Huevos,2,True,True,False,False,False
CAT-0955,Tortitas de maíz con chocolate,Desayuno y Snack,2,True,True,False,False,False
CAT-1355,Pastillas desinfectantes multiusos,Hogar,2,True,True,False,False,False
CAT-1358,Spaghetti carbonara,Platos preparados,2,True,True,False,False,False
CAT-1370,70% Alcohol de Limpieza Perfumado,Hogar,2,True,True,False,False,False
CAT-1606,Queso rallado sin lactosa de vaca,Lácteos y Huevos,2,True,True,False,False,False
CAT-1626,Queso fresco Burgos natural,Lácteos y Huevos,2,True,True,False,False,False
CAT-1662,Noodles de arroz,Despensa,2,True,True,False,False,False
CAT-1669,Patatas prefritas gajo ultracongeladas,Congelados,2,True,True,False,False,False
CAT-1760,Semillas de chía,Desayuno y Snack,2,True,True,False,False,False
CAT-1517,Recogedor antivuelco con palo,Hogar,2,True,True,False,False,False
CAT-1480,Maxi york,Carnicería y Charcutería,2,True,True,False,False,False
CAT-1703,Pasta fresca tortellini rellena de carne,Despensa,2,True,True,False,False,False
CAT-1710,Galletas Choco con relleno de crema de cacao recubiertas de chocolate con leche,Desayuno y Snack,2,True,True,False,False,False
CAT-1715,Enjuague bucal Kids zero alcohol,Cuidado personal e Higiene,2,True,True,False,False,False
CAT-1725,Placas para canelones El Pavo,Despensa,2,True,True,False,False,False
CAT-1573,Garbanzo,Despensa,2,True,False,False,False,True
CAT-1586,Croquetas de jamón ultracongeladas,Congelados,2,True,True,False,False,False
CAT-1764,Chorizo dulce extra,Carnicería y Charcutería,2,True,True,False,False,False
CAT-1770,Mandarina,Frutas y Verduras,2,True,True,False,False,False
CAT-1813,Azúcar moreno de caña,Despensa,2,True,True,False,False,False
CAT-5319,Cerveza Cruzcampo Pilsen Pack 28 Latas 33 Cl,Bebidas,2,True,False,False,True,False
CAT-1902,Melocotón en almíbar,Conservas y Enlatados,2,True,True,False,False,False
CAT-1574,Alubia cocida blanca,Despensa,2,True,False,False,False,True
CAT-1591,Alubia cocida granja,Despensa,2,True,False,False,False,True
CAT-1675,Pepino,Frutas y Verduras,2,True,False,False,False,True
CAT-1835,Panela azúcar moreno de caña integral,Despensa,2,True,True,False,False,False
CAT-1848,"Copa de chocolate y nata +Proteínas 12,5 g proteínas",Lácteos y Huevos,2,True,True,False,False,False
CAT-1918,Pimientos rojos asados en tiras extra,Conservas y Enlatados,2,True,True,False,False,False
CAT-5815,Almohadillas Adhesivas Para Dentadura Superior Algasiv 30 Ud,Cuidado personal e Higiene,2,True,False,False,True,False
CAT-2026,Barritas de barquillo Huesitos bañadas de chocolate con leche,"Azúcar, caramelos y chocolate",2,True,True,False,False,False
CAT-1581,Queso fresco de vaca Burgo de Arias,Lácteos y Huevos,2,True,True,False,False,False
CAT-1781,Pepino holandés,Frutas y Verduras,2,True,True,False,False,False
CAT-1834,Azúcar moreno en sobres,Despensa,2,True,True,False,False,False
CAT-1917,Espárragos blancos muy gruesos enteros,Conservas y Enlatados,2,True,True,False,False,False
CAT-1927,Filetes de merluza del Cabo grandes sin piel ultracongelados,Congelados,2,True,True,False,False,False
CAT-1933,Caramelos limón mentol Respiral Halls,"Azúcar, caramelos y chocolate",2,True,True,False,False,False
CAT-1936,Palitos de surimi,Pescadería,2,True,True,False,False,False
CAT-1964,Pizza serrana,Congelados,2,True,True,False,False,False
CAT-1974,Chocolate negro 55% cacao,"Azúcar, caramelos y chocolate",2,True,True,False,False,False
CAT-1995,Chocolate extrafino con leche almendras enteras,"Azúcar, caramelos y chocolate",2,True,True,False,False,False
CAT-2204,Fregona Microfibra Resistente,Hogar,2,True,True,False,False,False
CAT-2025,Caldo de pollo Avecrem en pastillas,Conservas y Enlatados,2,True,False,False,False,True
CAT-2044,Barritas de galleta y caramelo bañadas de chocolate con leche,"Azúcar, caramelos y chocolate",2,True,True,False,False,False
CAT-2086,Gel de baño Hidratante y protector Sanex para todo tipo de piel,Cuidado personal e Higiene,2,True,False,True,False,False
CAT-5805,Polvos Para Pieles Sensibles E Irritadas Talquistina 50 G,Sin categoría,2,True,False,False,True,False
CAT-5812,Aposito Aqua Resist Tira Para Cortar 100 X 6 Cm Salvelox 12 Ud,Cuidado personal e Higiene,2,True,False,False,True,False
CAT-1864,Bebida de mango sin azúcares añadidos,Bebidas,2,True,True,False,False,False
CAT-1867,Infusión quema grasas,Desayuno y Snack,2,True,True,False,False,False
CAT-5841,Manzana Granny Circulo De Calidad 1 Kg Aprox,Sin categoría,2,True,False,False,True,False
CAT-0437,Leche evaporada,Lácteos y Huevos,2,True,True,False,False,False
CAT-0442,Cerveza Amstel,Bebidas,2,True,True,False,False,False
CAT-0447,Tomate frito estilo casero,Despensa,2,True,True,False,False,False
CAT-1796,Placas para lasaña precocidas El Pavo,Despensa,2,True,True,False,False,False
CAT-2006,Caldo de pollo bajo en sal,Conservas y Enlatados,2,True,True,False,False,False
CAT-1855,Sopa maravilla,Conservas y Enlatados,2,True,True,False,False,False
CAT-1878,Infusión Menta Poleo,Desayuno y Snack,2,True,True,False,False,False
CAT-1900,Mejillones en salsa de vieira pequeños,Conservas y Enlatados,2,True,True,False,False,False
CAT-2103,Sardinillas en escabeche,Conservas y Enlatados,2,True,False,False,False,True
CAT-2106,Tacos de pota al ajillo,Conservas y Enlatados,2,True,True,False,False,False
CAT-2117,Crema al cacao y leche con avellanas Nocilla,"Azúcar, caramelos y chocolate",2,True,True,False,False,False
CAT-2143,Floretas de brócoli para microondas lavadas,Frutas y Verduras,2,True,True,False,False,False
CAT-1976,Crema de pollo con verduras,Conservas y Enlatados,2,True,True,False,False,False
CAT-1981,Sopa de pollo Gallina Blanca con fideos finos,Conservas y Enlatados,2,True,True,False,False,False
CAT-1985,Cubos de hielo,Congelados,2,True,True,False,False,False
CAT-1990,Sopa de cebolla,Conservas y Enlatados,2,True,True,False,False,False
CAT-1998,Caldo de cocido casero Gallina Blanca,Conservas y Enlatados,2,True,True,False,False,False
CAT-1999,Chocolate con leche Valor almendras enteras,"Azúcar, caramelos y chocolate",2,True,True,False,False,False
CAT-2032,"Coliflor, brócoli y zanahoria ultracongelada",Congelados,2,True,True,False,False,False
CAT-2036,Caldo de pescado en pastillas,Conservas y Enlatados,2,True,True,False,False,False
CAT-2061,Huevo sorpresa de chocolate,"Azúcar, caramelos y chocolate",2,True,True,False,False,False
CAT-2066,Café soluble cappuccino caramelo,Desayuno y Snack,2,True,True,False,False,False
CAT-2096,Patatas con allioli,Platos preparados,2,True,True,False,False,False
CAT-1877,Chocolate negro 85% cacao,"Azúcar, caramelos y chocolate",2,True,True,False,False,False
CAT-1888,Edulcorante granulado stevia,Despensa,2,True,True,False,False,False
CAT-2125,Champú Repair & Nutrition cabello seco y dañado,Cuidado personal e Higiene,2,True,True,False,False,False
CAT-2147,Mermelada de naranja amarga,Desayuno y Snack,2,True,True,False,False,False
CAT-2163,Champiñones Portobello,Frutas y Verduras,2,True,True,False,False,False
CAT-2432,Baguette sin gluten,Panadería y Pastelería,2,True,True,False,False,False
CAT-2437,Picatostes tostados,Desayuno y Snack,2,True,True,False,False,False
CAT-2469,Langostino cocido,Pescadería,2,True,False,False,True,False
CAT-2522,Calabacín verde,Frutas y Verduras,2,True,True,False,False,False
CAT-2213,Leche de continuación en polvo 2 Nidina Nestlé,Bebes,2,True,True,False,False,False
CAT-2216,Hilo dental con cera y sabor menta,Cuidado personal e Higiene,2,True,True,False,False,False
CAT-2179,Estropajo suciedad resistente,Hogar,2,True,True,False,False,False
CAT-2185,Espárragos blancos delgados cortos,Conservas y Enlatados,2,True,True,False,False,False
CAT-2196,Tomate doble concentrado extra,Conservas y Enlatados,2,True,True,False,False,False
CAT-2197,Mascarilla Repara & Protege Pantene cabello dañado y seco,Cuidado personal e Higiene,2,True,True,False,False,False
CAT-2402,Pan tostado cereales y semillas,Panadería y Pastelería,2,True,True,False,False,False
CAT-2412,Pan rallado casero,Panadería y Pastelería,2,True,False,False,False,True
CAT-2501,Queso roquefort de oveja,Lácteos y Huevos,2,True,False,True,False,False
CAT-2479,Vino tinto tempranillo Elegido,Bebidas,2,True,False,False,True,False
CAT-2494,Refresco té sabor melocotón zero,Bebidas,2,True,True,False,False,False
CAT-2539,Crema de espárragos,Conservas y Enlatados,2,True,True,False,False,False
CAT-2544,Margarina Tulipán Original,Lácteos y Huevos,2,True,True,False,False,False
CAT-2515,Copos de avena sin gluten,Desayuno y Snack,2,True,True,False,False,False
CAT-2357,Tortillas de trigo,Panadería y Pastelería,2,True,True,False,False,False
CAT-2394,Postre de soja sabor arándanos Alpro,Lácteos y Huevos,2,True,True,False,False,False
CAT-2531,Fruta + leche tropical sin azúcares añadidos,Bebidas,2,True,True,False,False,False
CAT-2536,Vino tinto crianza Cune DO Rioja,Bebidas,2,True,True,False,False,False
CAT-2632,Golosinas Mini Mix con pica,"Azúcar, caramelos y chocolate",2,True,True,False,False,False
CAT-2611,Surtido bombones Caja Roja Nestlé,"Azúcar, caramelos y chocolate",2,True,True,False,False,False
CAT-2877,Jamón de pavo finas lonchas,Carnicería y Charcutería,2,True,True,False,False,False
CAT-2551,Batido lácteo sabor chocolate +Proteínas 30 g proteínas,Lácteos y Huevos,2,True,True,False,False,False
CAT-2565,Dentífrico Blanqueante Sensodyne,Cuidado personal e Higiene,2,True,True,False,False,False
CAT-2591,Magdalenas al cacao,Panadería y Pastelería,2,True,True,False,False,False
CAT-2592,Levadura de panadería,Despensa,2,True,True,False,False,False
CAT-2593,Tarta red velvet congelada,Congelados,2,True,True,False,False,False
CAT-2807,Secreto de cerdo,Carnicería y Charcutería,2,True,False,False,False,True
CAT-2818,Batido sabor vainilla,Lácteos y Huevos,2,True,True,False,False,False
CAT-2829,Salsa Barbacoa,Despensa,2,True,True,False,False,False
CAT-2830,Salsa pimienta verde,Despensa,2,True,True,False,False,False
CAT-2831,Salsa Burger,Despensa,2,True,True,False,False,False
CAT-2833,Salsa curry Tikka Masala picante,Despensa,2,True,True,False,False,False
CAT-2859,Galletas Digestive choco y avena,Desayuno y Snack,2,True,True,False,False,False
CAT-2860,Galletas rebuenas rellenas de chocolate,Desayuno y Snack,2,True,False,False,False,True
CAT-2618,Gel de baño Classic original Magno,Cuidado personal e Higiene,2,True,True,False,False,False
CAT-2656,Café en cápsula cappuccino,Desayuno y Snack,2,True,False,True,False,False
CAT-2661,Muesli Crunchy con chocolate,Desayuno y Snack,2,True,True,False,False,False
CAT-2916,Macarrón fino,Despensa,2,True,True,False,False,False
CAT-2868,Barquillos rellenos con crema de cacao,Desayuno y Snack,2,True,True,False,False,False
CAT-5914,Ginebra Larios 12 Premium 70 Cl,Bebidas,2,True,False,False,True,False
CAT-2855,Barritas de cereales chocolate con leche,Desayuno y Snack,2,True,True,False,False,False
CAT-2682,Tarta de queso congelada,Congelados,2,True,True,False,False,False
CAT-2742,Infusión Relax,Desayuno y Snack,2,True,True,False,False,False
CAT-2730,Tomates cherry,Frutas y Verduras,2,True,True,False,False,False
CAT-2732,Infusión Manzanilla,Desayuno y Snack,2,True,True,False,False,False
CAT-2736,Infusión Cola de caballo,Desayuno y Snack,2,True,True,False,False,False
CAT-2739,Filetes lomo de cerdo extra tiernos,Carnicería y Charcutería,2,True,False,True,False,False
CAT-2768,Tampones super plus Tampax Pearl con aplicador,Cuidado personal e Higiene,2,True,False,False,True,False
CAT-2866,Galletas mini de cacao Caocream rellenas de crema,Desayuno y Snack,2,True,True,False,False,False
CAT-2867,Galletas de cacao Caocream bañadas de chocolate blanco rellenas de crema,Desayuno y Snack,2,True,True,False,False,False
CAT-2660,Cereales copos de maíz Corn Flakes Kellogg's,Desayuno y Snack,2,True,True,False,False,False
CAT-2670,Estropajo almohadilla limpieza delicada,Hogar,2,True,True,False,False,False
CAT-2697,Masa gruesa para empanadas Buitoni estilo Argentino,Despensa,2,True,True,False,False,False
CAT-2903,Arroz redondo La Fallera,Despensa,2,True,True,False,False,False
CAT-2908,Fideo grueso,Despensa,2,True,True,False,False,False
CAT-2915,Hélices con vegetales,Despensa,2,True,True,False,False,False
CAT-2917,Macarrón al huevo,Despensa,2,True,True,False,False,False
CAT-2945,Queso en porciones mini Babybel,Lácteos y Huevos,2,True,True,False,False,False
CAT-2951,Queso untar sin lactosa de vaca,Lácteos y Huevos,2,True,True,False,False,False
CAT-2959,Surtido bombones de chocolate Belga,"Azúcar, caramelos y chocolate",2,True,True,False,False,False
CAT-3003,Tarta helada nata y chocolate,Congelados,2,True,False,False,False,True
CAT-2967,Confitura de melocotón 0% azúcares añadidos,Desayuno y Snack,2,True,True,False,False,False
CAT-0764,Mascarilla Hydra revitaliza Pantene cabello muy seco,Cuidado personal e Higiene,2,True,True,False,False,False
CAT-3025,Café en grano Colombia,Desayuno y Snack,2,True,True,False,False,False
CAT-2790,Bebida de soja sabor vainilla 0% azúcar,Lácteos y Huevos,2,True,True,False,False,False
CAT-2752,Infusión Dormir,Desayuno y Snack,2,True,True,False,False,False
CAT-2769,Melón piel de sapo,Frutas y Verduras,2,True,True,False,False,False
CAT-2770,Protector solar protege e hidrata Nivea FPS 50+,Cuidado personal e Higiene,2,True,True,False,False,False
CAT-2783,Contramuslos de pollo deshuesados y sin piel,Carnicería y Charcutería,2,True,False,False,False,True
CAT-3008,Uva blanca sin semillas,Frutas y Verduras,2,True,True,False,False,False
CAT-3012,Vino blanco verdejo Arribeño DO Rueda,Bebidas,2,True,True,False,False,False
CAT-2886,Salchichas cocidas estilo Frankfurt Campofrío sabor ahumado,Carnicería y Charcutería,2,True,True,False,False,False
CAT-3047,Jamoncitos de pollo congelados,Carnicería y Charcutería,2,True,False,False,True,False
CAT-3195,Tomate para untar con aceite de oliva,Conservas y Enlatados,2,True,True,False,False,False
CAT-3135,Queso lonchas cheddar de vaca,Lácteos y Huevos,2,True,False,False,True,False
CAT-3199,Acondicionador Repair & Nutrition cabello seco y dañado,Cuidado personal e Higiene,2,True,True,False,False,False
CAT-3217,Champú Extra Suave todo tipo de cabello,Cuidado personal e Higiene,2,True,False,True,False,False
CAT-3227,Remolacha cocida y pelada,Frutas y Verduras,2,True,False,False,False,True
CAT-3142,Gnocchi de pollo y verduras ultracongelados,Congelados,2,True,True,False,False,False
CAT-3146,Helado sándwich de nata sin azúcares añadidos,Congelados,2,True,True,False,False,False
CAT-3150,Cogollos corazón de lechuga,Frutas y Verduras,2,True,True,False,False,False
CAT-3159,Berberecho al natural XS,Conservas y Enlatados,2,True,True,False,False,False
CAT-3197,Tomate seco en aceite de oliva,Conservas y Enlatados,2,True,True,False,False,False
CAT-3318,Detergente ropa jabón natural de Marsella líquido,Hogar,2,True,True,False,False,False
CAT-3093,Pechuga de pollo braseada finas lonchas,Carnicería y Charcutería,2,True,True,False,False,False
CAT-3061,Escalopín de vacuno añojo para plancha,Carnicería y Charcutería,2,True,False,True,False,False
CAT-3314,Limones,Frutas y Verduras,2,True,True,False,False,False
CAT-3079,Manzana roja dulce,Frutas y Verduras,2,True,True,False,False,False
CAT-3219,Champú Color Protect cabello teñido,Cuidado personal e Higiene,2,True,True,False,False,False
CAT-3062,Cereales copos de trigo integral y arroz bañados en chocolate con leche,Desayuno y Snack,2,True,True,False,False,False
CAT-3097,Longaniza de pavo Imperial extra,Carnicería y Charcutería,2,True,True,False,False,False
CAT-3511,Patatas guarnición,Frutas y Verduras,2,True,True,False,False,False
CAT-3390,Insecticida avispas,Hogar,2,True,False,False,True,False
CAT-3656,Chirla,Pescadería,2,True,False,False,False,True
CAT-5935,Comida Humeda De Atun Y Gambas En Gelatina Para Gatos Purina Gourmet Natures Creations 70 G,Pescadería,2,True,False,False,True,False
CAT-3348,Batido de chocolate 0% sin azúcares añadidos,Lácteos y Huevos,2,True,True,False,False,False
CAT-3349,Detergente ropa Blanca y de Color líquido,Hogar,2,True,True,False,False,False
CAT-3668,Harina de garbanzo,Despensa,2,True,True,False,False,False
CAT-3698,Rodaja de salmón,Pescadería,2,True,False,False,False,True
CAT-3912,Batido lácteo sabor vainilla +Proteínas 30 g proteínas,Lácteos y Huevos,2,True,True,False,False,False
CAT-5936,Crema Adhesiva Para Protesis Dentales Sin Sabor Pro Plus Kukident 40 G,Sin categoría,2,True,False,False,True,False
CAT-3524,Berenjena rayada,Frutas y Verduras,2,True,True,False,False,False
CAT-3527,Pera Ercolina,Frutas y Verduras,2,True,True,False,False,False
CAT-3531,Manzana roja acidulce,Frutas y Verduras,2,True,True,False,False,False
CAT-3532,Limón,Frutas y Verduras,2,True,False,False,False,True
CAT-3548,Claras de huevo líquidas pasteurizadas,Lácteos y Huevos,2,True,True,False,False,False
CAT-3443,Protector solar Sensitive advanced Delial FPS 50+,Cuidado personal e Higiene,2,True,True,False,False,False
CAT-3447,Aftersun leche corporal Ecran hidratante y reparadora,Cuidado personal e Higiene,2,True,True,False,False,False
CAT-3478,Naranja de mesa,Frutas y Verduras,2,True,False,False,False,True
CAT-3734,Pan tostado con ajo y perejil,Panadería y Pastelería,2,True,True,False,False,False
CAT-3811,Agua destilada,Hogar,2,True,True,False,False,False
CAT-3835,Palillos redondos,Hogar,2,True,True,False,False,False
CAT-4006,Zumo pura naranja con pulpa,Bebidas,2,True,True,False,False,False
CAT-5937,Manzana Royal Gala Ecologica Bandeja 600 G,Sin categoría,2,True,False,False,True,False
CAT-3945,Alitas de pollo asadas,Platos preparados,2,True,True,False,False,False
CAT-0280,Fideo cabello de ángel,Despensa,2,True,True,False,False,False
CAT-3803,Bebida de avena con café,Lácteos y Huevos,2,True,True,False,False,False
CAT-3784,Maxi tortillas de trigo,Panadería y Pastelería,2,True,True,False,False,False
CAT-3938,Pizza jamón y queso familiar,Congelados,2,True,True,False,False,False
CAT-3951,Bífidus probióticos con mango,Lácteos y Huevos,2,True,True,False,False,False
CAT-3966,Postre de soja sabor Natural con coco Alpro,Lácteos y Huevos,2,True,True,False,False,False
CAT-3973,Yogur griego con fresa,Lácteos y Huevos,2,True,True,False,False,False
CAT-3975,Yogur griego natural ligero 2% MG,Lácteos y Huevos,2,True,False,False,False,True
CAT-3976,Yogur griego natural ligero,Lácteos y Huevos,2,True,True,False,False,False
CAT-3978,Bebida láctea de fresa,Lácteos y Huevos,2,True,True,False,False,False
CAT-3995,Postre lácteo sin lactosa sabor fresa,Lácteos y Huevos,2,True,True,False,False,False
CAT-8425,Palomitas Risi Sin Gluten 90 G,Desayuno y Snack,2,True,False,False,True,False
CAT-3886,Harina integral de trigo,Despensa,2,True,True,False,False,False
CAT-3959,Natillas sabor vainilla con galleta,Lácteos y Huevos,2,True,True,False,False,False
CAT-3962,Gelatina sabor fresa,Lácteos y Huevos,2,True,True,False,False,False
CAT-3992,Yogur sabor fresa Danone,Lácteos y Huevos,2,True,True,False,False,False
CAT-6294,Jamon Reserva Curado En Lonchas Serie Oro El Pozo 1954 Sin Gluten Y Sin Lactosa 180 G,Carnicería y Charcutería,2,True,False,False,True,False
CAT-8591,Pina Troceada El Mercado 330 G,Sin categoría,2,True,False,False,True,False
CAT-9222,Lomo De Sajonia De Cerdo Fileteado Elpozo 350 G ,Carnicería y Charcutería,2,True,False,False,True,False
CAT-9965,Tomate Triturado Frasco De Nuestra Tierra 660 G,Conservas y Enlatados,2,True,False,False,True,False
