score,id_carrefour,nombre_cr,id_catalogo,nombre_cat
82.96296296296296,CF-426427,Tratamiento Intensivo En Ampollas Repara  Protege Pantene Pro V Pack 3 Unidades 15 Ml,CAT-3215,Ampollas tratamiento intensivo Repara & Protege Pantene cabello dañado
82.92682926829268,CF-329063,Protegeslip Maxi Evax 40 Ud,CAT-3403,Protegeslip maxi Dry
82.92682926829268,CF-681470,Queso Emmental Taco Carrefour 250 G,CAT-1275,Queso emmental de vaca
82.88288288288288,CF-371222,Tortitas De Arroz Integrales Con Chocolate Blanco Aroma Yogur Carrefour 130 G,CAT-0961,Tortitas de arroz con chocolate blanco sabor yogur
82.85714285714285,CF-235430,Whisky Johnnie Walker Escoces 1 L,CAT-1060,Whisky escocés Black Label Johnnie Walker
82.75862068965517,CF-231395,Leche Entera Carrefour Brik 1 L,CAT-3558,Leche entera
82.75862068965517,CF-775314,Tomate Frito Carrefour Brik 390 G,CAT-0065,Tomate frito
82.75862068965517,CF-356742,Zumo De Pina Carrefour Brik 1 L,CAT-4003,Zumo de piña
82.75862068965517,CF-436281,Dentifrico Infantil De Mas De 7 Anos Carrefour 75 Ml,CAT-1478,Dentífrico infantil + 2 años
82.66666666666667,CF-759476,Discos Desmaquillantes Con Aloe Vera Carrefour 70 Ud,CAT-3339,Discos desmaquillantes ovalados algodón 100%
82.6086956521739,CF-705739,Leche Entera Fresca Carrefour Botella 1 L,CAT-0053,Leche entera fresca
82.6086956521739,CF-236780,Cafe Molido Natural Carrefour Classic 250 G,CAT-2678,Café molido natural
82.6086956521739,CF-381651,Filetes De Anchoa En Aceite De Girasol Classic Carrefour Pack 3 Unidades De 29 G,CAT-0655,Filetes de anchoa en aceite de girasol
82.6086956521739,CF-494706,Vino Blanco Albarino Vinabade Do Rias Baixas 75 Cl,CAT-0525,Vino blanco albariño Ponte Tamuxe DO Rías Baixas
82.56880733944953,CF-606137,Filetes De Caballa Del Sur En Aceite De Oliva Classic Carrefour Pack De 2 Unidades De 65 G,CAT-1805,Filetes de caballa del sur en aceite de oliva
82.56880733944953,CF-814465,Desodorante En Spray Antitranspirante Invisible Pure Rexona 200 Ml,CAT-0129,Desodorante roll-on Invisible men antitranspirante
82.53968253968253,CF-488058,Aceitunas Verdes Manzanilla Sin Hueso Carrefour 400 G,CAT-1103,Aceitunas verdes sin hueso
82.53968253968253,CF-554487,Cepillo Interdental Micro Interprox 6 Ud,CAT-2581,Cepillos interdentales Micro
82.5,CF-358313,Aquarius Bebida Isotonica Sabor Naranja Botella 50 Cl,CAT-0746,Bebida isotónica naranja Aquarius
82.5,CF-546274,Lomos De Bacalao Ultracongelado Pescanova 300 G,CAT-1930,Lomo de bacalao MareDeus ultracongelado
82.4742268041237,CF-019905,Desodorante Roll On Dry Impact Nivea Men 50 Ml,CAT-3251,Desodorante roll-on Dry impact Nivea Men antitranspirante
82.35294117647058,CF-696577,Tortillas De Trigo Sensation Carrefour 10 Ud,CAT-1433,Mini tortillas de trigo
82.35294117647058,CF-228296,Lentejas A La Riojana Original Carrefour 430 G,CAT-0994,Lentejas a la riojana
82.35294117647058,CF-050205,Repollo Rizado 1 Kg,CAT-2767,Medio repollo rizado
82.35294117647058,CF-857629,Protegeslip Normal Ausonia 40 Ud,CAT-3404,Protegeslip normal Cotton
82.35294117647058,CF-417093,Gel De Ducha Nutritivo Para Piel Normal Seca Lactovit 750 Ml,CAT-1205,Gel de baño nutritivo Lactovit piel normal y seca
82.35294117647058,CF-435026,Ensaladilla Findus 1 Kg,CAT-2361,Ensaladilla rusa
82.1917808219178,CF-931577,Energy Drink Ginseng Bebida Energetica Carrefour Lata 50 Cl,CAT-1038,Bebida energética Energy Drink
82.1917808219178,CF-765350,Detergente Liquido Ropa Oscura Norit 40 Lavados,CAT-3809,Detergente ropa oscura líquido
82.14285714285714,CF-729546,Cebolla Frita Crujiente Sensation Carrefour 150 G,CAT-1133,Cebolla frita crujiente
82.14285714285714,CF-220792,Picada De Ajo Y Perejil Fruits Sp 100 G,CAT-1322,Picada de ajo y perejil
82.14285714285714,CF-003316,Amoniaco Perfumado Con Detergente Carrefour 15 L,CAT-3090,Amoníaco con detergente
82.10526315789474,CF-346909,Desodorante Roll On Black  White Invisible Original Nivea 50 Ml,CAT-0802,Desodorante invisible Black & White Nivea
82.05128205128204,CF-193777,Sandwich De Nata Carrefour 6 Ud,CAT-1343,Helado sándwich de nata
82.05128205128204,CF-104377,Mini Pizzas 3 Quesos Carrefour 270 G,CAT-3906,Pizza 4 quesos familiar
82.0,CF-520354,Bebida De Fruta Melocoton Carrefour Classic Sin Azucares Anadidosbrik 1 L,CAT-2414,Bebida de melocotón sin azúcares añadidos
81.92771084337349,CF-371233,Tortitas De Arroz Integrales Con Chocolate Carrefour 130 G,CAT-0365,Tortitas de arroz con chocolate con leche
81.9047619047619,CF-003302,Filetes De Merluza Sin Piel Ultracongelados Pescanova 400 G,CAT-1852,Filetes de merluza del Cabo sin piel ultracongelados
81.81818181818181,CF-331373,Cafe Molido Mezcla Carrefour Classic 500 G,CAT-0547,Café molido mezcla
81.81818181818181,CF-607296,Vinagre De Manzana Carrefour Classic 1 L,CAT-0021,Vinagre de manzana
81.81818181818181,CF-145515,Banderillas Dulces Classic Carrefour 170 G,CAT-2890,Banderillas dulces
81.81818181818181,CF-353669,Tomate Cherry Pera 250 G,CAT-0892,Tomates cherry pera kumato
81.69014084507043,CF-513757,Galletas De Barquillo Rellenas Sabor Nata Carrefour 210 G,CAT-0774,Barquillos rellenos sabor nata
81.57894736842105,CF-337179,Queso En Polvo Especial Pasta Carrefour Sin Gluten 150 G,CAT-1579,Queso en polvo especial pasta mezcla
81.57894736842105,CF-476943,Pechuga De Pollo Al Horno En Tiras Carrefour Sin Gluten 140 G,CAT-1762,Tiras de pechuga pollo al horno
81.57894736842105,CF-358314,Aquarius Bebida Isotonica Sabor Limon Botella 50 Cl,CAT-0730,Bebida isotónica limón Aquarius
81.57894736842105,CF-503725,Toallitas Infantil Cara Y Manos Baby Natura 20 Ud,CAT-0849,Toallitas infantiles cara y manos
81.57894736842105,CF-023909,Helado De Tarta De Queso Con Fresa Carrefour Sensation 300 G,CAT-1810,Helado tarta de queso con fresas
81.4814814814815,CF-367217,Pizza De Jamon Y Queso Casa Tarradellas Sin Gluten Y Sin Lactosa 420 G,CAT-3940,Pizza jamón y queso sin gluten y sin lactosa
81.4814814814815,CF-722202,Vino Blanco Verdejo Moralinos Do Rueda 75 Cl,CAT-2027,Vino blanco verdejo Abadía Mantrús DO Rueda
81.35593220338984,CF-972635,Compresas Normal Maxi Sin Alas Soft Carrefour 20 Ud,CAT-2761,Compresa sin alas normal
81.35593220338984,CF-073775,Papel Higienico Acolchado Carrefour 9 Rollos,CAT-3614,Papel higiénico Doble Rollo
81.35593220338984,CF-596878,Cepillo Lavar Con Asa Vigar   Negro,CAT-3398,Cepillo para lavar con asa
81.35593220338984,CF-676124,Gambon Crudo Carrefour Extra Congelado 2 Kg,CAT-3011,Colas de gambón crudo congelado
81.30081300813008,CF-098993,Cereales Rellenos De Crema De Avellana Crocks Sensation Carrefour Sin Gluten 500 G,CAT-2680,Cereales rellenos de crema de cacao y avellana sin gluten
81.25,CF-342027,Colines Saladitos Carrefour 250 G,CAT-0294,Picos saladitos
81.25,CF-331350,Esponja De Bano Suave Flor Carrefour 1 Ud,CAT-0305,Esponja de baño flor exfoliación suave
81.25,CF-564518,Helado Bombon Mininocciola Comensal 6 Uds,CAT-2007,Helado mini bombón nocciola
81.1881188118812,CF-482709,Chocolate Negro Con Almendras Enteras Carrefour Extra Sin Gluten  200 G,CAT-1995,Chocolate extrafino con leche almendras enteras
81.08108108108108,CF-662091,Solomillo De Cerdo Marinado Campofrio 12 Kg,CAT-3050,Solomillo de cerdo marinado congelado
81.08108108108108,CF-035544,Borrador Magico Carrefour Expert 3 Ud,CAT-3813,Borrador mágico
81.08108108108108,CF-547541,Limpiador Para Placas De Induccion Kh 7 500 Ml,CAT-1396,Limpiador Placas de Inducción líquido
81.08108108108108,CF-193933,Champu Infantil Amalfi 750 Ml,CAT-2984,Champú infantil
81.0126582278481,CF-256993,Yogur Liquido Natural Azucarado Carrefour Classic 1 Kg,CAT-2303,Yogur líquido natural con azúcar de caña
80.95238095238095,CF-544311,Galletas Maria Carrefour Classic 800 G,CAT-0780,Galletas María choco
80.95238095238095,CF-048284,Sangria Don Simon Botella 15 L,CAT-2057,Sangría Don Simón
80.95238095238095,CF-235444,Whisky Jb Escoces 1 L,CAT-0488,Whisky escocés James Webb
80.95238095238095,CF-951258,Pimiento En Tiras Carrefour 450 G,CAT-3184,Pimientos asados en tiras
80.89887640449437,CF-935732,Bonito Del Norte En Aceite De Oliva Consorcio 195 G,CAT-0606,Migas de bonito del norte en aceite de oliva
80.89887640449437,CF-127826,Compresas Para Incontinencia De Orina Maxi Absodys Carrefour 16 Ud,CAT-3389,Compresa sin alas de incontinencia Maxi
80.85106382978724,CF-857619,Protegeslip Maxi Ausonia 30 Ud,CAT-2669,Protegeslip maxi Cotton
80.8080808080808,CF-560816,Helado Sabor A Fresa Chocolate Y Vainilla Carrefour Extra Sin Gluten 500 G,CAT-3162,"Helado 3 sabores chocolate, vainilla y fresa"
80.76923076923077,CF-793196,Chocolate Negro 80 Cacao Seleccion Carrefour 80 G,CAT-1877,Chocolate negro 85% cacao
80.76923076923077,CF-970367,Chocolate Negro 72 Cacao Carrefour Seleccion 80 G,CAT-1974,Chocolate negro 55% cacao
80.76923076923077,CF-509317,Berberechos Al Natural 60100 Classic Carrefour 63 G,CAT-3159,Berberecho al natural XS
80.76923076923077,CF-400433,Limpiador De Tuberias Ecologico Carrefour 1 L,CAT-3503,Limpiador de Tuberías
80.70175438596492,CF-152213,Pina En Rodajas En Su Jugo Classic Carrefour 490 G,CAT-2155,Piña en su jugo rodajas
80.70175438596492,CF-156240,Compresas Super Sin Alas Maxi Soft Carrefour 16 Ud,CAT-2648,Compresa sin alas super
80.70175438596492,CF-436724,Papel Higienico Humedo Aloe Vera Carrefour 100 Ud,CAT-1472,Papel higiénico húmedo WC
80.64516129032258,CF-183755,Zumo Florida Sunny Delight Botella 33 Cl,CAT-1021,Bebida Florida Sunny Delight
80.59701492537313,CF-196767,Queso Rallado Emmental Carrefour Sin Lactosa 150 G,CAT-1606,Queso rallado sin lactosa de vaca
80.55555555555556,CF-199797,Pan De Molde Integral Natural 100 Bimbo 450 G,CAT-0464,Pan de molde espelta 100% integral natural
80.55555555555556,CF-709726,Longaniza De Payes En Lonchas Carrefour Sin Gluten 100 G,CAT-0706,Longaniza de payés extra lonchas
80.55555555555556,CF-248781,Salchichon Extra En Lonchas Carrefour El Mercado 2X120 G,CAT-2876,Salchichón de pavo extra lonchas
80.55555555555556,CF-170704,Tampones Regular Pearl Tampax 24 Ud,CAT-0707,Tampones regular Tampax Pearl con aplicador
80.51948051948052,CF-638988,Aceite De Oliva Virgen Extra Carrefour Extra 500 Ml,CAT-0004,Aceite de oliva virgen extra Gran Selección
80.51948051948052,CF-196224,Papel Freidora De Aire Tipo Molde Fami 50 Ud,CAT-0109,Molde de papel para freidora de aire 20 cm
80.45977011494253,CF-654968,Ambientador Automatico Muguete Recambio Essential Carrefour 1 Ud,CAT-0950,Recambio ambientador automático Delice
80.45977011494253,CF-398751,Locion Que Elimina Piojos Y Liendres Fullmarks 100 Ml,CAT-2084,Loción infantil elimina liendres y piojos
80.43478260869566,CF-308672,Monster Energy Bebida Energetica Zero Azucar Lata 500 Ml,CAT-1031,Bebida energética Energy Ultra zero Monster
80.43478260869566,CF-523552,Bayeta Para Cristales Y Espejos De Microfibra 38X40 Cm Kerkom,CAT-2955,Bayeta cristales y espejos microfibra
80.43478260869566,CF-199151,Bloque De Helado De Nata Chocolate Y Vainilla Carrefour 420 G,CAT-2009,"Barra de helado sabor vainilla, chocolate y nata"
80.41237113402062,CF-973971,Galletas De Cacao Rellenas De Crema Blackroll Carrefour Classic 220 G,CAT-0763,Galletas de cacao Caocream rellenas de crema
80.41237113402062,CF-764561,Galletas Rellenas De Crema De Chocolate Principe 300 G,CAT-2866,Galletas mini de cacao Caocream rellenas de crema
80.32786885245902,CF-531660,Filete De Merluza Argentina Sin Piel Ultracongelada Carrefour El Mercado 600 G,CAT-1927,Filetes de merluza del Cabo grandes sin piel ultracongelados
80.0,CF-183487,Leche Desnatada Brik 1 L,CAT-0028,Leche desnatada Asturiana
80.0,CF-060500,Croissants Rellenos De Crema De Cacao Carrefour Classic 360 G,CAT-2454,Croissant relleno de crema al cacao
80.0,CF-888527,Tomate Triturado Classic Carrefour 780 G,CAT-0565,Tomate triturado
80.0,CF-331397,Cafe Molido Natural Carrefour Classic 500 G,CAT-3024,Café molido natural Espresso
80.0,CF-231570,Chocolate Con Leche Carrefour Classic Sin Gluten 150 G,CAT-0355,Chocolate con leche classic extrafino
80.0,CF-110361,Nachos Sabor Tex Mex Y Queso Sensation Carrefour 150 G,CAT-1512,Nachos tex-mex sabor queso
80.0,CF-525005,Galletas Relieve Carrefour Classic 735 G,CAT-0375,Galletas Relieve
80.0,CF-236781,Cafe Molido Natural Descafeinado Carrefour Classic 250 G,CAT-2677,Café monodosis descafeinado natural
80.0,CF-482765,Chocolate Con Leche Y Almendras Carrefour Extra Sin Gluten 200 G,CAT-2020,Chocolate con leche almendras enteras
80.0,CF-498739,Panecillo 100 Integral 6 Ud,CAT-0789,Panecillo de trigo integral 30%
80.0,CF-988650,Ensalada Cesar Carrefour 215 G,CAT-0083,Salsa César
80.0,CF-711241,Queso De Mezcla Semicurado Ya Cortado Carrefour Classic Cuna De 250 G,CAT-1266,Queso semicurado mezcla cortado en cuñitas
80.0,CF-597892,Queso De Mezcla Viejo Tostado En Cuna Carrefour Classic 330 G,CAT-0854,Crema de queso viejo tostado mezcla
80.0,CF-652978,Queso De Mezcla Feta Dop En Dados Carrefour Extra 150 G,CAT-1318,Queso feta mezcla en dados
80.0,CF-873940,Queso Emmental En Lonchas Carrefour 150 G,CAT-1871,Queso lonchas emmental de vaca
80.0,CF-200032,Desodorante En Spray Antitranspirante Aloe Vera Rexona 200 Ml,CAT-1876,Desodorante roll-on Aloe antitranspirante
80.0,CF-794559,Locion Corporal Reafirmante Con Vitamina C Para Piel Normal Nivea Q10 400 Ml,CAT-2465,Loción corporal reafirmante Q10 Nivea y vitamina C
80.0,CF-837624,Detergente Liquido Prendas Delicadas Norit 37 Lavados,CAT-3350,Detergente ropa Prendas Delicadas líquido
80.0,CF-147467,Lejia Perfumada Con Detergente Frescor Marino Carrefour 5 L,CAT-3818,Lejía Perfumada con detergente
80.0,CF-811033,Palo Antideslizante De Acero Carrefour 22X22X140 Cm,CAT-3621,Palo antideslizante 140 cm
80.0,CF-400399,Limpia Lavadoras Carrefour 250 Ml,CAT-0306,Limpia lavadoras líquido
80.0,CF-655027,Ambientador Automatico Lavanda Recambio Essential Carrefour 1 Ud,CAT-2200,Recambio ambientador automático Love
80.0,CF-124035,Limpiador Desinfectante Carrefour Expert 2 L,CAT-1394,Limpiahogar desinfectante
80.0,CF-231442,Insecticida Cucarachas Carrefour 400 Ml,CAT-2981,Insecticida cucarachas y hormigas
80.0,CF-655005,Ambientador Spray Muguete Essential Carrefour 300 Ml,CAT-0379,Ambientador spray Essence
80.0,CF-952222,Papel De Cocina Compact Foxy 3 Rollos,CAT-9488,Papel De Cocina Compact Carrefour 3 Rollos
80.0,CF-559411,Helado De Vainilla Cornetto 4 Ud,CAT-2502,Helado cucurucho de vainilla
80.0,CF-071909,Dentifrico Blanqueador Vitis 100 Ml,CAT-0513,Dentífrico gel Blanqueador Xtrem
79.66101694915254,CF-635212,Gel Para Lavavajillas Frescor Anti Olor Excellence Duo Gel Somat 50 Lavados,CAT-2525,Lavavajillas frescor anti-olor Somat en gel duo
79.6116504854369,CF-432378,Desodorante En Roll On Antitranspirante Strong Perspirex 20 Ml,CAT-3369,Desodorante para pies en polvo antitranspirante
79.51807228915662,CF-255705,Galletas De Chocolate Rellenas De Crema Oreo 154 G,CAT-2860,Galletas rebuenas rellenas de chocolate
79.48717948717949,CF-417860,Atun Claro En Aceite De Girasol Carrefour Pack De 6 Latas De 52 G,CAT-3154,Atún claro en aceite de girasol
79.45205479452055,CF-766819,Refresco Lima Limon Zero Carrefour Classic 2 L,CAT-0971,Refresco lima limón zero azúcar fresh gas
79.41176470588236,CF-962994,Tampones Super Pearl Tampax 24 Ud,CAT-0708,Tampones super Tampax Pearl con aplicador
79.36507936507937,CF-709826,Chorizo Extra Dulce Carrefour Sin Gluten 280 G,CAT-0885,Chorizo sarta dulce extra de León
79.36507936507937,CF-104880,Queso De Oveja Semicurado Carrefour Classic Cuna 250 G,CAT-1788,Queso semicurado de oveja
79.36507936507937,CF-604826,Enjuague Bucal Multi Action Carrefour Soft 1 L,CAT-1471,Enjuague bucal Explosion Action
79.36507936507937,CF-024031,Helado De Chocolate Cookies Carrefour Sensation 300 G,CAT-1421,Helado chocolate y cookies
79.3103448275862,CF-693800,Compresas Ultrafinas Con Alas Super Carrefour 24 Ud,CAT-0399,Compresa con alas super
79.24528301886792,CF-709827,Chorizo Extra Picante Carrefour Sin Gluten 280 G,CAT-1077,Chorizo picante extra
79.16666666666666,CF-157753,Lasana De Atun Carrefour Extra 500 G,CAT-0131,Mojama de atún extra lonchas
79.16666666666666,CF-554585,Dentifrico Encias Vitis 100 Ml,CAT-0204,Dentífrico Encías Protect
79.13669064748201,CF-705355,Preparado Lacteo Infantil De Crecimiento Con Cereales Desde 12 Meses Puleva Peques 3 Brik 1 L,CAT-2180,Preparado lácteo con cereales crecimiento Peques 3 Puleva
79.12087912087912,CF-128674,Bonito Del Norte En Aceite De Oliva Consorcio 260 G,CAT-1804,Filetes de bonito del norte en aceite de oliva
79.06976744186046,CF-110399,Chorizo Asturiano El Chico 250 G,CAT-3038,Chorizo asturiano
79.06976744186046,CF-876932,Barritas De Fruta Para Canarios Vitakraft 2 Ud,CAT-3772,Barritas de fruta y miel para canarios Natura
79.01234567901234,CF-723953,Gel Fijador Control Total Giorgi 170 Ml,CAT-3321,Gel fijador cabello control total Giorgi fijación 5
79.01234567901234,CF-749061,Barrita Panceliac Sin Gluten Y Sin Lactosa 80 G,CAT-0749,Galletas María sin gluten y sin lactosa
78.94736842105263,CF-253575,Harina De Trigo Classic Carrefour 1 Kg,CAT-1070,Harina de trigo
78.94736842105263,CF-626196,Pizza Carbonara Carrefour Classic 400 G,CAT-3890,Pizza carbonara
78.94736842105263,CF-128222,Aceite De Oliva Intenso 1 Carrefour 1 L,CAT-0006,Aceite de oliva 1º
78.94736842105263,CF-879182,Pasta Estrellas Carrefour Classic 500 G,CAT-2909,Pasta estrellas
78.94736842105263,CF-647140,Helado Sorbete De Limon Carrefour 580 G,CAT-1789,Helado de limón
78.91156462585033,CF-050322,Bebida De Fruta Zanahoria Y Naranja Granini Sin Azucares Anadidos Botella 1 L,CAT-1307,"Bebida de zumo de naranja, mango y zanahoria La Verja sin azúcares añadidos"
78.89908256880733,CF-552614,Tabletas Limpiadoras Para Protesis Dentales Corega 66 Ud,CAT-2312,Tabletas limpiadoras prótesis dentales Benfix y ortodoncias
78.87323943661973,CF-569987,Compresa Ultra Finas Normal Con Alas Soft Carrefour 14 Ud,CAT-1505,Compresa con alas normal Suave
78.84615384615384,CF-208200,Medallones De Filetes De Merluza Ultracongelados Pescanova 400 G,CAT-0964,Medallones de merluza del Cabo ultracongelados
78.78787878787878,CF-488502,Berlina Glace Donuts 4 Ud,CAT-3778,Berlina glacé
78.78787878787878,CF-128851,Patatas Fritas Onduladas Sabor Jamon Ruffles Sin Gluten 243 G,CAT-0301,Patatas fritas onduladas sabor jamón serrano
78.78787878787878,CF-076702,Pan De Brioche Para Hamburguesa Dulcesol 4 Ud,CAT-1679,Pan de hamburguesa Brioche
78.78787878787878,CF-484494,Nachos Al Natural Carrefour 200 G,CAT-0905,Anacardo natural
78.78787878787878,CF-231572,Chocolate Con Leche Y Avellanas Troceadas Carrefour Classic Sin Gluten 150 G,CAT-0523,Chocolate con leche avellanas troceadas
78.78787878787878,CF-462667,Calabaza Cortada Carrefour 500 G,CAT-0265,Crema de calabaza
78.78787878787878,CF-657152,Jamon De Cebo Iberico 50 Raza Iberica Altorreal 100 G,CAT-6500,Jamon De Cebo Iberico 50 Raza Iberica En Lonchas Carrefour 100 G
78.78787878787878,CF-637102,Agua Mineral Con Gas Font Vella  50 Cl,CAT-0665,Agua mineral con gas pequeña Cortes
78.78787878787878,CF-791254,Discos De Algodon Desmaquillantes Redondos Sensitive Demakup 72 Ud,CAT-3338,Discos desmaquillantes redondos algodón 100%
78.78787878787878,CF-504087,Lavavajillas A Mano Concentrado Fairy 125 L,CAT-0291,Lavavajillas Aloe concentrado
78.78787878787878,CF-436699,Sosa Caustica Carrefour Expert 1 Kg,CAT-0913,Sosa cáustica
78.78787878787878,CF-359723,Ajo Y Perejil Picado Carrefour 50 G,CAT-0178,Ajo y Perejil
78.68852459016394,CF-266057,Agua Mineral Con Gas Fonter 50 Cl,CAT-0664,Agua mineral con gas grande Cortes
78.57142857142857,CF-312832,Pan Hot Dog Bimbo 4 Ud,CAT-3783,Pan hot dog
78.57142857142857,CF-580913,Cacao Soluble Instantaneo Nestle Nesquik Sin Gluten 390 G,CAT-0074,Cacao soluble instantáneo Nesquik
78.57142857142857,CF-685156,Queso De Mezcla Curado Carrefour Classic Cuna Cortada De 250 G,CAT-3121,Queso curado mezcla cortado en cuñitas
78.57142857142857,CF-685155,Queso De Mezcla Tierno Carrefour Classic Cuna Cortada De 250 G,CAT-1563,Queso tierno mezcla cortado en cuñitas
78.57142857142857,CF-672260,Coca Cola Zero Azucar Lata 50 Cl,CAT-0883,Refresco Coca-Cola Zero azúcar
78.57142857142857,CF-017896,Fregona Trenzada Microfibra Carrefour ,CAT-2204,Fregona Microfibra Resistente
78.57142857142857,CF-651369,Hielo Cocktail Carrefour 2 Kg,CAT-1384,Cocktail rodeo
78.48101265822784,CF-084150,Chopped De Lata En Lonchas Finas Carrefour El Mercado 150 G,CAT-0573,Chopped cocido en lata finas lonchas
78.43137254901961,CF-167065,Queso Rallado 4 Quesos El Caserio 120 G,CAT-0782,Queso rallado 4 quesos
78.43137254901961,CF-945281,Ambientador Para Coche Bebe Carrefour 1 Ud,CAT-3080,Ambientador coche Marine
78.4,CF-029249,Vino Tinto Crianza Senorio De Los Llanos  Do Valdepenas 75 Cl,CAT-0073,Vino tinto tempranillo Cepas Viejas Señorío de los Llanos DO Valdepeñas
78.37837837837837,CF-093681,Gel De Afeitar Frescor Piel Normal Men Carrefour 200 Ml,CAT-3372,Gel de baño frescor azul piel normal
78.37837837837837,CF-591760,Mini Bombon Helado Clasico Y Almendrado Carrefour Extra 8 Ud,CAT-1374,Helado mini bombón almendrado
78.26086956521739,CF-357073,Galletas Digestive Carrefour Sensation 800 G,CAT-1400,Galletas Digestive
78.26086956521739,CF-622907,Ciruelas Sin Hueso Carrefour 200 G,CAT-1418,Ciruelas desecadas sin hueso
78.26086956521739,CF-752846,Napolitanas Rellenas De Crema Carrefour Classic 320 G,CAT-0916,Napolitanas con relleno de cacao
78.26086956521739,CF-548437,Crema De Queso Original Philadelphia 250 G,CAT-0652,Queso untar original Philadelphia
78.26086956521739,CF-271620,Champinon Laminado Carrefour Bio 300 G Aprox,CAT-3181,Champiñón laminado
78.26086956521739,CF-000039,Tonica Schweppes Lata 33 Cl,CAT-0370,Tónica original Schweppes
78.26086956521739,CF-575174,Cono De Vainilla Caramelo Salado Carrefour Extra 6 Uds,CAT-3958,Flan de vainilla con caramelo
78.26086956521739,CF-554490,Cinta Dental Con Cera Vitis 50 Metros,CAT-2224,Cinta dental con cera y sabor menta
78.18181818181819,CF-599958,Desodorante Roll On Dermo Sensitive Sanex Pack De 2 Unidades De 50 Ml,CAT-1950,Desodorante roll-on Dermo Sensitive Sanex antitranspirante
78.18181818181819,CF-966070,Set De 8 Bayetas Multiusos De Microfibra Vileda Colors,CAT-7115,3 Bayetas Multiusos De Microfibra  Carrefour     Colores Surtidos
78.16091954022988,CF-406614,Ambientador Electrico Lavanda Essential Recambio Carrefour 1 Ud,CAT-3434,Recambio ambientador eléctrico Orquídea
78.125,CF-700248,Leche Semidesnatada La Cantara Brik 1 L,CAT-2642,Leche semidesnatada Asturiana
78.125,CF-093142,Gel De Afeitado Piel Sensible Men Carrefour 200 Ml,CAT-0889,Gel de baño avena piel sensible
78.0952380952381,CF-973967,Galletas Rellenas De Crema Con Chocolate Blanco Carrefour Classic 252 G,CAT-0836,Galletas Biscuit con relleno de crema de chocolate
78.0952380952381,CF-710258,Mortadela De Pavo Con Aceitunas En Lonchas Elpozo Sin Gluten 250 G,CAT-0551,Mortadela de pavo con aceitunas finas lonchas
78.0952380952381,CF-929877,Relleno Para Fajitas De Pimientos Pollo Y Cebolla Carrefour 300 G,CAT-2562,"Relleno fajitas pollo, pimientos y cebolla ultracongelado"
78.04878048780488,CF-544304,Galletas Tostada Carrefour Classic 180 G,CAT-0392,Galletas tostadas
78.04878048780488,CF-050258,Repollo Liso Nacional  15 Kg,CAT-2112,Repollo liso partido
78.04878048780488,CF-969704,Masa Hojaldre Carrefour Classic 460 G,CAT-1962,Masa fresca hojaldre
78.04878048780488,CF-765243,Detergente Liquido Para Ropa De Color Norit 40 Lavados,CAT-3330,Detergente ropa de Color líquido
77.96610169491525,CF-840574,Tagliatelle Al Huevo Carrefour Extra 250 G,CAT-1642,Pasta fresca tagliatelle al huevo
77.96610169491525,CF-955069,Zumo De Melocoton Manzana Y Uva Carrefour Brik 1 L,CAT-2511,Zumo de melocotón y uva
77.96610169491525,CF-791972,Agua De Colonia Classic Fresh S3 750 Ml,CAT-1431,Agua de colonia S3 Classic fresh
77.96610169491525,CF-841336,Ambientador De Varillas Colonia Carrefour 45 Ml,CAT-3577,Ambientador varitas Magnolia
77.92207792207793,CF-385434,Harina De Maiz Blanca Precocida Pan Sin Gluten 1 Kg,CAT-3885,Harina de maíz blanco precocida
77.77777777777779,CF-799025,Tiras De Maiz Sabor Barbacoa Sensation Carrefour 150 G,CAT-1506,Tiras de maíz frito sabor barbacoa
77.77777777777779,CF-130128,Patatas Fritas Sabor Vinagreta Classic Carrefour 150 G,CAT-1474,Patatas fritas sabor sal y vinagre
77.77777777777779,CF-632345,Miel De Flores Carrefour Classic 500 G,CAT-0504,Miel de flores
77.77777777777779,CF-752118,Picatostes Fritos Sabor A Ajo Carrefour 75 G,CAT-2436,Picatostes fritos con ajo
77.77777777777779,CF-851262,Pimenton Dulce Carrefour Classic 45 G,CAT-0218,Pimentón dulce
77.77777777777779,CF-590269,Barra 100 Integral 1 Ud,CAT-2470,5 Barras de pan 51% integral
77.77777777777779,CF-232443,Queso Gouda En Lonchas Arla 150 G,CAT-3132,Queso lonchas gouda de vaca
77.77777777777779,CF-296092,Cerveza Corona Botella 355 Cl ,CAT-1683,Cerveza Corona
77.77777777777779,CF-714791,Vino Blanco Verdejo Protos Do Rueda 75 Cl,CAT-3012,Vino blanco verdejo Arribeño DO Rueda
77.77777777777779,CF-728798,Tampones Super Sin Aplicador Soft Carrefour 32 Ud,CAT-3405,Tampones super plus con aplicador suave
77.77777777777779,CF-945267,Ambientador Para Coche Oceano Carrefour 1 Ud,CAT-2326,Ambientador coche Exótico
77.64705882352942,CF-569855,Palomitas Saladas Para Microondas Carrefour Pack De 3 Unidades De 100 G,CAT-1294,Palomitas de maíz con sal para microondas
77.61194029850746,CF-870981,Vino Tinto Reserva Licenciado Do Rioja 75 Cl,CAT-1704,Vino tinto Pieza Rey DO Rioja
77.61194029850746,CF-662605,Tampones Con Aplicador Normal Soft Carrefour 32 Ud,CAT-2765,Tampones mini con aplicador suave
77.61194029850746,CF-083535,Abrillantador Lavavajillas Carrefour Expert 1 L,CAT-1346,Abrillantador lavavajillas líquido
77.55102040816327,CF-971660,Leche Desnatada Carrefour Botella 15 L,CAT-3315,Leche condensada desnatada
77.55102040816327,CF-688602,Queso Grana Padano Dop Carrefour 200 G,CAT-1580,Queso en polvo grana padano
77.55102040816327,CF-685945,Queso De Cabra En Rulo Carrefour Classic 180 G,CAT-1557,Queso rulo de cabra
77.55102040816327,CF-529111,Bizcocho De Manzana El Mercado 450 G,CAT-0587,Bizcocho de manzana
77.55102040816327,CF-343163,Perfumador Intensificador De Fragancia Essential Carrefour  36 Lavados,CAT-3568,Perfumador ropa intensificador de fragancia
77.55102040816327,CF-559397,Helado De Chocolate Cornetto 4 Uds,CAT-1779,Helado de chocolate
77.55102040816327,CF-512983,Lasana De Espinacas Carrefour 500 G,CAT-1409,Lasaña de espinacas y requesón
77.5,CF-327527,Tortitas De Maiz Sabor Jamon Iberico Bicentury 70 G,CAT-1217,Tortitas de maíz con sabor a jamón
77.41935483870968,CF-256986,Yogur Desnatado Liquido De Fresa Sin Azucar Anadido Carrefour Sin Gluten 1 Kg,CAT-3910,Yogur líquido desnatado Frutos Silvestres 0% MG 0% azúcares añadidos
77.41935483870968,CF-196322,Aquarius Bebida Isotonica Sabor Limon Zero Botella 15 L,CAT-0747,Bebida isotónica limón Aquarius zero azúcar
77.41935483870968,CF-990782,Pasta De Malta 100 G,CAT-3498,Ensalada de pasta
77.41935483870968,CF-554649,Kit Viaje Higiene Dental Phb 1 Ud,CAT-0188,Kit de viaje higiene dental 3 Action
77.33333333333333,CF-670946,Nectar De Naranja Carrefour Sin Azucar Anadido 1 L,CAT-2607,Bebida de naranja sin azúcares añadidos
77.33333333333333,CF-439350,Vino Frizzante Blanco Verdejo Amaranta 75 Cl,CAT-2031,Vino blanco verdejo frizzante DulZ.Ze
77.33333333333333,CF-622705,Rodaja De Pez Espada Ultracongelada Carrefour Extra 600 G,CAT-1522,Rodaja de emperador ultracongelado
77.31092436974791,CF-642386,Tiras Adhesivas Efecto Acolchado Maxima Proteccion Carrefour Soft 10 Ud,CAT-1225,Tiras adhesivas protectoras de espuma acolchado protección extra
77.27272727272727,CF-683993,Arroz De Verduras Socarraet 280 G,CAT-1862,Arroz de verduras
77.27272727272727,CF-282052,Toallitas Desodorantes Carrefour 12 Ud ,CAT-1839,Toallitas refrescantes
77.22772277227723,CF-554214,Bebida De Arroz Calcio Sin Azucar Anadido Carrefour Sin Gluten Brik 1 L,CAT-0328,Bebida de coco y arroz sin azúcares añadidos
77.19298245614034,CF-698871,Arroz Redondo Brillante Sabroz 1 Kg,CAT-0560,Arroz cocido redondo Sabroz
77.19298245614034,CF-487716,Gel Desatascador Tuberias Carrefour Expert 1 L,CAT-3501,Desatascador Turbo en gel
77.14285714285715,CF-312157,Caldo De Pollo Calnort Sin Gluten 12 Pastillas,CAT-2296,Caldo de pollo en pastillas
77.14285714285715,CF-487635,Preservativos Originales Natural Plus Durex 12 Ud,CAT-3464,Preservativos natural Durex
77.10843373493977,CF-441057,Yogur Natural Con Azucar De Cana Carrefour Classic Pack De 8 Unidades De 125 G,CAT-3991,Yogur natural con azúcar de caña
77.08333333333334,CF-664260,Detergente En Polvo Jabon De Marsella Essential Carrefour 50 Lavados,CAT-0404,Detergente ropa jabón de Marsella en polvo
77.08333333333334,CF-389933,Filete De Merluza Argentina Ultracongelado Carrefour El Mercado 540 G,CAT-3067,Filetes de merluza al huevo ultracongelados
76.92307692307692,CF-511869,Pure De Patatas Carrefour 500 G,CAT-1978,Puré de patatas en copos
76.92307692307692,CF-067400,Pan De Hamburguesa Rustica Xxl 4 Ud,CAT-1828,Pan de hamburguesa Rústico 100% integral
76.92307692307692,CF-176721,Palmera De Chocolate Carrefour 4 Ud,CAT-3492,Mousse de chocolate
76.92307692307692,CF-050313,Bebida Multifrutas Granini Sin Azucares Anadidos Botella 1 L,CAT-3996,Bebida 5 frutas sin azúcares añadidos
76.92307692307692,CF-719312,Toallitas Desmaquillantes Micelar  Oil Soft Carrefour 25 Ud,CAT-2330,Toallitas desmaquillantes Micelar & Oil para todo tipo de pieles
76.92307692307692,CF-129101,Crema Hidratante Intensiva Con Aceite De Jojoba Y Vitamina E Para Cara Cuerpo Y Manos Soft Nivea 375 Ml,CAT-2261,"Crema de manos, cara y cuerpo Nivea Soft hidratante intensiva"
76.92307692307692,CF-303230,Limpiador Desinfectante Multiusos Eucaliptus Sanytol 750 Ml,CAT-8521,Desinfectante Limpiador Multiusos Olor Eucalipto Carrefour Expert 750 Ml
76.92307692307692,CF-371959,Suavizante Concentrado Talco Essential Carrefour 80 Lavados,CAT-0369,Suavizante ropa Talco concentrado
76.92307692307692,CF-231439,Insecticida Electrico Antimosquitos En Pastillas Carrefour 30 Ud,CAT-3391,Difusor insecticida antimosquitos eléctrico
76.92307692307692,CF-841123,Pizza Vegetal Carrefour 350 G,CAT-0932,Papel vegetal
76.92307692307692,CF-492764,Supremas De Salmon Sin Piel Congelado Findus 200 G,CAT-0979,Lomos de salmón sin piel congelado
76.92307692307692,CF-216484,Toallitas Para Bebe Dodot 64 Ud,CAT-0082,Pañales bebé talla 1 de 2-5 kg Dodot
76.92307692307692,CF-216349,Toallitas Para Bebe Dodot 384 Ud,CAT-1018,Pañales bebé talla 6 de 13-18 kg Dodot
76.74418604651163,CF-406584,Ambientador Electrico Vainilla Essential Recambio Carrefour 1 Ud,CAT-0076,Recambio ambientador eléctrico Matcha
76.74418604651163,CF-602600,Calamar Crudo Troceado Y Limpio De La India Congelado Carrefour 475 G,CAT-1568,Calamar troceado limpio congelado
76.71232876712328,CF-554201,Canelones De Carne Setas Y Boletus El Mercado 350 G,CAT-1434,Canelones de carne y boletus
76.66666666666666,CF-082692,Mejillones En Escabeche 1520 Dani 69 G,CAT-1844,Mejillones en escabeche pequeños
76.66666666666666,CF-454563,Refresco De Limon Carrefour Sin Gas Botella 15 L,CAT-1091,Refresco Berry Lime sin gas
76.66666666666666,CF-257432,Bayeta Para Polvo De Microfibra  Carrefour   Beige,CAT-1861,Bayeta polvo microfibra
76.66666666666666,CF-690609,Croquetas De Cocido Carrefour Extra 350 G,CAT-0259,Croquetas de cocido ultracongeladas
76.59574468085107,CF-126715,Preparado De Carne Picada De Vacuno Circulo De Calidad 400 G,CAT-2841,Preparado de carne picada vacuno y cerdo
76.59574468085107,CF-655010,Ambientador Automatico Flor De Cerezo Recambio Essential Carrefour 1 Ud,CAT-3469,Recambio ambientador automático Flower
76.47058823529412,CF-463155,Azucar Blanco Carrefour Classic 1 Kg,CAT-1797,Azúcar blanco
76.47058823529412,CF-229700,Pasta Tiburon Carrefour Classic 500 G,CAT-0622,Pasta tiburón
76.47058823529412,CF-851265,Ajo Granulado Carrefour Classic 55 G,CAT-0046,Ajo granulado
76.47058823529412,CF-851264,Canela Molida Carrefour Classic 40 G,CAT-0236,Canela molida
76.47058823529412,CF-676224,Sandwich Atun Carrefour 140 G,CAT-1341,Sándwich atún y huevo
76.47058823529412,CF-530498,Viruta De Patata Carrefour 250 G,CAT-2366,Tortilla de patata
76.47058823529412,CF-976477,Colgador Wc Blue Activ Hygiene Bref 2 Ud,CAT-1267,Colgador WC Power Activ Pino Bref
76.47058823529412,CF-607547,Set 20 Cuchillos Reutilizables Nupik,CAT-3834,Cuchillos de plástico reutilizables
76.47058823529412,CF-156257,Alcohol Etilico 96 Carrefour 250 Ml,CAT-2284,Alcohol 96º antiséptico
76.40449438202246,CF-985876,Agua Mineral Natural Cabreiroa Tapon Deportivo 33 Cl,CAT-5327,Agua Mineral Carrefour Kids Tapon Deportivo 33 Cl
76.36363636363637,CF-002786,Leche Desnatada President Brik 1 L,CAT-0041,Leche +Proteínas desnatada
76.36363636363637,CF-543838,Migas De Bacalao Dorado Carrefour Extra 240 G,CAT-0992,Migas de bacalao desaladas
76.31578947368422,CF-529317,Toallitas Desmaquillantes Hidratante Y Refrescantes Para Piel Seca Y Sensible Cara Y Ojos Carrefour Soft 25 Ud,CAT-2278,Toallitas desmaquillantes cara y ojos piel seca y sensible
76.31578947368422,CF-666796,Espinacas En Hojas Ultracongeladas Carrefour Extra 1 Kg,CAT-2054,Espinacas a la crema ultracongeladas
76.19047619047619,CF-971661,Natillas De Chocolate Carrefour Pack De 4 Unidades De 125 G,CAT-3960,Natillas de chocolate con leche
76.19047619047619,CF-607531,Galletas Saladas Carrefour Classic 350 G,CAT-2894,Galletitas saladas
76.19047619047619,CF-137350,Tortitas De Maiz Sentation Carrefour 130 G,CAT-0926,Tortitas de maíz
76.19047619047619,CF-236782,Cafe Molido Mezcla Descafeinado Carrefour Classic 250 G,CAT-0277,Café molido descafeinado
76.19047619047619,CF-555301,Esponja De Bano Con Fibras Naturales Calypso 1 Ud,CAT-0458,Esponja de baño vegetal 100% fibras naturales
76.19047619047619,CF-000465,Limpiador Jabonoso Para Madera Original Pronto 750 Ml,CAT-1390,Limpiador Muebles jabonoso para Madera
76.19047619047619,CF-262539,Perejil Ultracongelado Carrefour 50 G,CAT-1885,Cardo ultracongelado
76.08695652173914,CF-839318,Sardinillas En Aceite De Girasol Classic Carrefour Pack De 2 Unidades De 65 G,CAT-3180,Sardinillas picantes en aceite de girasol
76.05633802816901,CF-497188,Trozo De Vacuno Para Cocido El Mercado 250 G Aprox,CAT-3031,Trozo de vacuno para cocido
76.0,CF-458663,Queso Gorgonzola Dop Carrefour Extra 200 G,CAT-1567,Queso gorgonzola de vaca
75.9493670886076,CF-581102,Bollo Con Pepitas De Chocolate Carrefour Classic 6 Ud,CAT-2404,Bollo con pepitas de chocolate Choco Buns
75.9493670886076,CF-032626,Lenteja Cocida Categoria Extra Luengo 400 G,CAT-8813,Lentejas Cocidas Categoria Extra Carrefour 400 G
75.9493670886076,CF-292540,Bombon Helado Chocolate Blanco Con Almendras Carrefour 4 Ud,CAT-1945,Chocolate negro 55% cacao con almendras
75.86206896551724,CF-507045,Tiburon Vegetal Carrefour 500 G,CAT-0148,Carbón vegetal
75.86206896551724,CF-508207,Detergente En Capsulas 5En1 Color Expert Carrefour 20 Lavados,CAT-0930,Detergente ropa blanca y color en cápsulas
75.86206896551724,CF-744259,Hermetico Rectangular De Plastico 680 Ml Carrefour Klipfresh,CAT-1262,Recipiente hermético de plástico rectangular
75.78947368421053,CF-958758,Leche Infantil Para Lactantes En Polvo Ar Nidina 1 Lata 800 G,CAT-2675,Leche para lactantes en polvo 1 Nidina Nestlé
75.75757575757575,CF-826278,Queso Fresco Carrefour Sin Lactosa Pack De 4 Unidades De 625 G,CAT-1629,Queso fresco Burgos sin lactosa
75.75757575757575,CF-143300,Refresco Sabor Limon Zero Carrefour Classic Lata 33 Cl,CAT-1759,Refresco té sabor limón zero
75.75757575757575,CF-946750,Crema De Manos Reparadora Secas Y Danadas Carrefour 100 Ml,CAT-3334,Crema de manos reparadora
75.75757575757575,CF-607532,Set 20 Cucharas Reutilizables Nupik,CAT-0307,Cucharas de plástico reutilizables
75.67567567567568,CF-498822,Patatas Fritas Onduladas Sensation Carrefour 170 G,CAT-1493,Patatas fritas onduladas sabor campestre
75.67567567567568,CF-730917,Mix Frutos Rojos Carrefour 500 G,CAT-2762,Infusión frutos rojos
75.63025210084034,CF-250270,Preparado Para Tortilla De Patata Con Cebolla Cocina Facil Findus 550 G,CAT-3487,Pincho tortilla de patata con cebolla Listo para Comer
75.60975609756098,CF-622706,Limpia Tapiceria Y Alfombras Carrefour Expert 750 Ml,CAT-3377,Limpia Tapicerías y Alfombras con espuma activa
75.60975609756098,CF-466236,Sandwich Cookie Con Helado De Vainilla Carrefour Extra 4 Ud,CAT-2005,Helado mini sándwich vainilla y cookie
75.55555555555556,CF-086071,Tortitas De Arroz Carrefour Pack De 4 Unidades De 33 G ,CAT-0962,Tortitas de arroz
75.55555555555556,CF-906655,Mini Redondos De Chocolate Carrefour 160 G,CAT-1098,Fideos de chocolate
75.55555555555556,CF-612498,Protegeslip Tanga Soft Carrefour 30 Ud,CAT-3399,Protegeslip tanga Fresh
75.47169811320755,CF-918952,Queso De Untar Light Classic Carrefour 300 G,CAT-1314,Queso untar light de vaca
75.47169811320755,CF-000175,Vino Tinto De Mesa Don Simon Brik 1 L,CAT-2004,Vino tinto Don Simón
75.47169811320755,CF-434677,Jabon De Manos Avena Soft Carrefour 500 Ml,CAT-1730,Jabón de manos avena líquido
75.47169811320755,CF-554511,Cepillo Dental Medio Vitis 1 Ud,CAT-0766,Cepillo dental Medio + Action
75.40983606557377,CF-779025,Platano De Canarias Igp Bolsa De 900 G Aprox,CAT-3465,Plátano de Canarias IGP
75.40983606557377,CF-519612,Patatas Congeladas Extra Finas Carrefour 1 Kg,CAT-2495,Patatas fritas extra crujientes
75.36231884057972,CF-408602,Crema Corporal Reafirmante Q10 Carrefour 400 Ml,CAT-3244,Crema corporal anticelulítico reafirmante
75.36231884057972,CF-445605,Gel Para Lavavajillas Todo En 1 Carrefour Expert 900 Ml,CAT-1360,Lavavajillas Todo en 1 en pastillas
75.36231884057972,CF-403974,Bolsas De Congelacion Grandes Carrefour 15 Ud,CAT-0421,Bolsas congelación grandes reutilizables
75.32467532467533,CF-572624,Cono De Chocolate Con Avellana Carrefour Sensation 4 Ud,CAT-0699,Copos de avena integral con chocolate
75.29411764705883,CF-523717,Queso Fresco Original Burgo De Arias Pack De 6 Unidades De 72 G,CAT-2969,Queso fresco 0% MG de vaca Burgo de Arias
75.26881720430107,CF-363285,Compresas Para Incontinencia Mini Discreet Ultra Tena 20 Ud,CAT-2779,Compresa de incontinencia Tena masculina
75.26881720430107,CF-765352,Detergente Liquido Para Pieles Sensibles Norit 40 Lavados,CAT-0289,Detergente ropa Pieles Sensibles líquido
75.24752475247524,CF-066542,Galletas Recubiertas De Chocolate Con Leche Digestive Carrefour Sensation 300 G,CAT-3088,Galletas Digestive chocolate con leche
75.22935779816513,CF-558084,Desodorante En Roll On Antitranspirante Original Perspirex 20 Ml,CAT-3360,Desodorante en crema original Dove antitranspirante
75.21367521367522,CF-001974,Barritas De Chocolate Con Relleno De Crema De Leche Kinder Chocolate 100 G,CAT-2028,Barritas de chocolate con leche rellenas de leche
75.0,CF-441966,Aceitunas Verdes Rellenas De Anchoa Classic Carrefour 150 G,CAT-1123,Aceitunas verdes rellenas de jalapeño
75.0,CF-906127,Cafe Cappuccino Starbucks 220 Ml,CAT-0907,Café soluble cappuccino
75.0,CF-231567,Chocolate Negro 50 Carrefour Sin Gluten 150 G,CAT-0164,Chocolate negro fundir
75.0,CF-135596,Gotas De Chocolate Negro Carrefour Original Sin Gluten 250 G,CAT-0704,Gotas de chocolate negro para fundir
75.0,CF-104842,Queso De Oveja Viejo En Cuna Carrefour Classic 250 G ,CAT-2936,Queso viejo ahumado de oveja
75.0,CF-676119,Salchichas Cocidas De Pollo Y Pavo Con Queso Ahumadas Carrefour Classic Sin Gluten 200 G,CAT-3111,Salchichas cocidas estilo Viena con queso de pollo y cerdo sabor ahumado
75.0,CF-593169,Gamba Cocida Mediana 400 G,CAT-2582,Gamba cocida
75.0,CF-189537,Cerveza Mahou Clasica Lata 50 Cl,CAT-2289,Cerveza especial Mahou
75.0,CF-855247,Bebida De Fruta Pina Carrefour Classic Sin Azucar Anadido Brik 1 L,CAT-4002,Bebida de piña sin azúcares añadidos
75.0,CF-454368,Refresco De Naranja Carrefour Sin Gas Botella 15 L,CAT-0975,Refresco de naranja fresh gas
75.0,CF-100229,Monster Energy Juiced Bebida Energetica Mango Loco Pack 4 Latas 50 Cl,CAT-0159,Bebida energética Mango Loco Monster
75.0,CF-205198,Desodorante En Spray Invisible Antimanchas Rexona Pack De 2 Unidades De 200 Ml,CAT-1413,Desodorante invisible black + white Rexona antimanchas
75.0,CF-572172,Compresas Normal Simpl 20 Ud,CAT-0398,Compresa con alas normal
75.0,CF-457728,Lavavajillas A Mano Ultra Poder Fairy 650 Ml,CAT-0768,Lavavajillas Poder 3 en 1 Fairy líquido
75.0,CF-331468,Bolsas De Basura Cubo Alto 30L 20 Ud Carrefour Essential   Azul,CAT-3397,Bolsas de basura cubo alto 30L cubo mediano
75.0,CF-728356,Suavizante Concentrado Hipoalergenico Essential Carrefour 60 Lavados,CAT-0387,Suavizante ropa Hipoalergénico Colonia concentrado
75.0,CF-912080,Toallitas Limpiagafas Bref 20 Ud,CAT-3553,Toallitas limpiadoras de baños
75.0,CF-181452,Guisantes Carrefour 1 Kg,CAT-3183,Guisantes extra
75.0,CF-673183,Ensaladilla Carrefour Classic 1 Kg,CAT-2362,Ensaladilla americana
75.0,CF-389924,Rodaja De Merluza Argentina Ultracongelado Carrefour El Mercado 450 G,CAT-3023,Rodajas de merluza del Cabo ultracongeladas
75.0,CF-859176,Helado Oreo 324 G,CAT-1412,Helado turrón
75.0,CF-702598,Balsamo Facial Y Corporal Atopic My Carrefour Baby 200 Ml,CAT-1682,Bálsamo facial corporal infantil pieles atópicas
75.0,CF-828145,Dentifrico Blanqueante Sabor Menta Lacer 150 Ml,CAT-2565,Dentífrico Blanqueante Sensodyne
75.0,CF-792122,Gel Higiene Intima Lactacyd 400 Ml,CAT-1403,Gel de higiene íntima
74.74747474747474,CF-179213,Aceite De Oliva Virgen Extra Spray Carrefour Extra 200 Ml,CAT-2347,Filetes de sardina marinada en aceite de oliva virgen extra
74.74747474747474,CF-789781,Desodorante En Roll On Antitranspirante Comfort Perspirex 20 Ml,CAT-0137,Desodorante roll-on Avena antitranspirante
74.69879518072288,CF-467751,Film Transparente Con Sierra De Corte Carrefour 60 Metros,CAT-1825,Film transparente con sierra deslizante
74.66666666666666,CF-945280,Ambientador Para Coche Olor Frutos Rojos Carrefour 1 Ud,CAT-2325,Ambientador coche Frutos Silvestres
74.62686567164178,CF-414330,Helado De Leche Merengada Carrefour Extra Sin Gluten 1000 Ml,CAT-1411,Helado de leche merengada
74.57627118644068,CF-963005,Tampones Super Plus Pearl Tampax 24 Ud,CAT-2766,Tampones super plus 100% algodón
74.57627118644068,CF-136959,Rollo De Mantel De Papel 110X100 Cm Ph   Blanco,CAT-3606,Mantel de papel blanco
74.54545454545455,CF-112067,Pimientos Del Piquillo Relleno De Bacalao Congelados Carrefour 400 G,CAT-2019,Pimientos del piquillo rellenos de bacalao ultracongelados
74.54545454545455,CF-697536,Crema Depilatoria Piel Sensible Cuerpo  Piernas Minima Veet 200 Ml,CAT-3355,Crema depilatoria mujer para el cuerpo piel sensible
74.54545454545455,CF-564833,Mini Churro Relleno De Crema Al Cacao Con Avellanas Nocilla Maheso 170 G,CAT-2117,Crema al cacao y leche con avellanas Nocilla
74.50980392156863,CF-588833,Queso Edam En Lonchas Carrefour Classic 300 G,CAT-1547,Queso lonchas de cabra
74.46808510638299,CF-487580,Preservativos Sensitivo Suave Para Mayor Sensibilidad Durex 12 Ud,CAT-3463,Preservativos sensitivo suave Durex
74.4186046511628,CF-243515,Desodorante En Spray Black  White Invisible Original Nivea Men 250 Ml,CAT-3250,Desodorante roll-on Invisible Black & White Nivea Men antitranspirante
74.4186046511628,CF-884087,Toallitas Desinfectantes Multiusos Sin Lejia Sanytol 30 Ud,CAT-1355,Pastillas desinfectantes multiusos
74.35897435897436,CF-814015,Limpiamaquinas Lavavajillas Power 2En1 Carrefour Expert 250 Ml,CAT-3829,Limpiamáquinas lavavajillas líquido
74.28571428571429,CF-488032,Aceitunas Negras Cacerenas Sin Hueso Classic Carrefour 150 G,CAT-1177,Aceitunas negras sin hueso
74.28571428571429,CF-755797,Natillas De Vainilla Danone Danet Pack De 4 Unidades De 120 G,CAT-2509,Natillas de vainilla Danet
74.28571428571429,CF-391735,Pan De Leche Pasquier 350 G,CAT-0426,6 Panes de leche 3%
74.28571428571429,CF-050739,Jamon Cocido Extra En Lonchas Carrefour El Mercado 250 G,CAT-1495,Jamón cocido extrafino lonchas
74.28571428571429,CF-795921,Cebolla Dulce Pelada Carrefour 500 G,CAT-1990,Sopa de cebolla
74.28571428571429,CF-042536,Vino Blanco Semidulce Emparrado 75 Cl,CAT-2030,Vino blanco semidulce Diamante DO Rioja
74.28571428571429,CF-412831,Puntilla De Calamar Carrefour 400 G,CAT-2105,Calamar en tinta
74.19354838709677,CF-666325,Atun En Salsa De Tomate Carrefour Pack De 3 Latas De 52 G,CAT-1780,Atún en salsa de tomate
74.19354838709677,CF-799271,Pate De Higado De Cerdo Classic Carrefour 200 G,CAT-1167,Paté de hígado de cerdo ibérico
74.19354838709677,CF-252690,Bastoncillos De Algodon My Carrefour Baby 60 Ud ,CAT-1706,Bastoncillos algodón para bebés
74.15730337078652,CF-368627,Flan De Huevo Sin Azucar Anadido Carrefour Sin Gluten Pack De 4 Unidades De 100 G,CAT-2114,Flan de huevo sin azúcares añadidos
74.15730337078652,CF-116052,Ambientador Absorbeolores Para El Frigorifico Expert Carrefour 1 Ud,CAT-3081,Absorbeolores en gel para frigorífico
74.07407407407408,CF-000013,Aceite De Oliva Original 04 Carbonell 1 L,CAT-7201,Grissini Con Aceite De Oliva Carrefour Original 125 G
74.07407407407408,CF-078667,Postre De Soja Sabor Chocolate Carrefour Sensation Pack De 4 Unidades De 100 G,CAT-1192,Postre de soja sabor chocolate
74.07407407407408,CF-683274,Queso Roquefort Dop Extra Carrefour Cuna 100 G,CAT-2501,Queso roquefort de oveja
74.07407407407408,CF-871997,Vino Blanco Verdejo Estilete Do Rueda 75 Cl,CAT-0904,Vino blanco verdejo Condado de Teón DO Rueda
74.07407407407408,CF-986252,Maquinillas Desechables Action 3 Bic 4 Ud,CAT-1174,Maquinillas de afeitar desechables Active 2 hojas
74.0,CF-768649,Galletas Banadas Con Chocolate Blanco Filipinos Artiach 128 G,CAT-0322,Galletas Roditas bañadas con chocolate blanco
74.0,CF-003303,Filetes De Merluza Sin Piel Ultracongelados Pescanova 800 G,CAT-3020,Pescadilla de merluza sin cabeza ultracongelada
73.97260273972603,CF-434670,Jabon De Manos Glicerina Soft Carrefour 500 Ml,CAT-1469,Jabón de manos en pastilla glicerina 100% natural
73.91304347826086,CF-672959,Desodorante En Spray Dark Temptation Axe Pack De 2 Unidades De 150 Ml,CAT-0215,Desodorante Dark Temptation Axe Essentiel
73.91304347826086,CF-587578,Limpiador Bano Antical Carrefour Expert 750 Ml,CAT-3551,Limpiador Antical
73.87387387387388,CF-569079,Helado Vegetal A Base De Avena Con Pistacho Valsoia 300 G,CAT-0956,Helado vegetal mini a base de anacardo con crema de pistacho
73.84615384615385,CF-206048,Patatas Enteras Classic Carrefour Sin Sal Anadida 400 G,CAT-1477,Patatas fritas 0% sal añadida
73.80952380952381,CF-194193,Aquarius Sabor Naranja Zero Azucar Lata 33 Cl,CAT-0972,Refresco Fanta naranja zero azúcares añadidos
73.77049180327869,CF-671401,Solucion Unica Con Acido Hialuronico Pharmaset Pack 2 Unidades De 360 Ml,CAT-1113,Solución única para lentes de contacto blandas con ácido hialurónico
73.6842105263158,CF-967914,Masa Para Empanada Carrefour 280 G,CAT-3728,Masa fresca empanada
73.6842105263158,CF-398692,7Up De Lima Limon Lata 33 Cl,CAT-2989,Helado lima limón
73.6842105263158,CF-841803,Carrefour Sensation Isofresh Bebida Isotonica Blue Botella 50 Cl,CAT-0777,Bebida isotónica Iso On blue
73.5632183908046,CF-178467,Pan De Molde Con Cereales Y Semillas Carrefour Classic Sin Gluten 350 G,CAT-2570,Pan de molde cereales sin gluten
73.5632183908046,CF-525090,Dentifrico Original Colgate Total Pack De 2 Unidades De 75 Ml,CAT-6660,Dentifrico Herbal 10 Soft Carrefour Pack De 2 Unidades De 75 Ml
73.52941176470588,CF-314218,Bebida De Almendra Plus Sin Azucar Vivesoy 1 L,CAT-0966,Bebida de almendras 0% azúcar
73.52941176470588,CF-760654,Cerveza Mahou Sin Alcohol Pack 12 Latas 33 Cl,CAT-0485,"Cerveza 0,0% sin alcohol tostada Mahou"
73.46938775510203,CF-793398,Queso Fundido En Porciones Carrefour Kids 400 G,CAT-1625,Queso en porciones
73.41772151898735,CF-887166,Queso Semicurado En Lonchas Navidul 70 G,CAT-1544,Queso lonchas semicurado mezcla Entrepinares
73.41772151898735,CF-310394,Arcos Dentales Limpieza Interdental Soft Carrefour 60 Ud,CAT-1309,Arcos dentales para higiene interdental
73.41772151898735,CF-904885,Aquilea Sueno Sin Gluten Y Sin Lactosa 30 Ud,CAT-2871,Galletas cookies sin gluten y sin lactosa
73.33333333333334,CF-228275,Mermelada De Melocoton Categoria Extra Carrefour 410 G,CAT-2559,Mermelada de melocotón
73.33333333333334,CF-689738,Queso Azul Semicurado Carrefour Extra Cuna De 180 G,CAT-2940,Queso semicurado de cabra
73.33333333333334,CF-470395,Lomo Embuchado En Lonchas Carrefour El Mercado 2X75 G,CAT-2534,Lomo embuchado lonchas
73.33333333333334,CF-164431,Pechuga De Pavo Reducida En Sal En Lonchas Extrafinas Carrefour El Mercado Sin Gluten 100 G,CAT-1824,Pechuga de pavo reducido en sal finas lonchas
73.33333333333334,CF-073957,Vino Tinto Portia Do Ribera Del Duero 75 Cl,CAT-1109,Vino tinto reserva Abadía Mantrús DO Ribera del Duero
73.33333333333334,CF-258271,Fregona Hilo Microfibra Carrefour   Bicolor,CAT-2203,Fregona Microfibra Absorbente
73.23943661971832,CF-020172,Calamares En Salsa Americana Calvo Pack De 3 Unidades De 48 G,CAT-2104,Calamar en salsa americana
73.23943661971832,CF-019812,Cerveza San Miguel Especial Lager Lata 50 Cl,CAT-0452,Cerveza especial sin gluten Falke
73.23943661971832,CF-767087,Refresco Naranja Zero Carrefour Classic Botella 2 L,CAT-1035,Refresco de naranja zero fresh gas
73.23943661971832,CF-693828,Compresas Ultra Finas Super Con Alas Soft Carrefour 12 Ud,CAT-2650,Compresa con alas super Cotton
73.17073170731707,CF-440130,Arroz Con Leche Carrefour Pack De 4 Unidades De 115 G,CAT-3508,Arroz con leche
73.17073170731707,CF-331242,Aderezo De Limon Exprimido Carrefour 250 Ml,CAT-0022,Limón exprimido
73.17073170731707,CF-089842,Enjuague Bucal Total Care Listerine 500 Ml,CAT-0890,Enjuague bucal dientes y encías Listerine menta
73.17073170731707,CF-475834,Cepillo De Unas Doble Cara Carrefour,CAT-0528,Cepillo de uñas
73.17073170731707,CF-602198,Verduras Asadas Con Patata Carrefour 400 G,CAT-0817,Verduras asadas
73.17073170731707,CF-231511,Helado De Fresa Con Trozos Carrefour 500 G,CAT-1773,Helado de fresa
73.11827956989248,CF-659085,Atun Claro En Aceite De Oliva Calvo Pack De 6 Latas De 52 G,CAT-1790,Ventresca de atún claro en aceite de oliva
73.11827956989248,CF-513772,Galletas De Barquillo Rellena Sabor Chocolate Carrefour 210 G,CAT-0549,Galletas rellenas de chocolate 0% azúcares añadidos
73.11827956989248,CF-760902,Refresco De Naranja Trina Zero Sin Gas Lata 33 Cl,CAT-4390,Refresco Sabor Naranja Zero Carrefour Classic Lata 33 Cl
73.07692307692308,CF-256883,Yogur Liquido Fresa Carrefour Sin Gluten 1 Kg,CAT-2529,Yogur líquido de fresa
73.07692307692308,CF-501798,Croissant Relleno Nutella 340 G,CAT-3776,6 Croissant rellenos de cacao
73.01587301587303,CF-452773,Compresas Ultra Con Alas Para Noche Soft Carrefour 10 Ud,CAT-2756,Compresa con alas noche
73.01587301587303,CF-489126,Fuze Tea Te Sabor Limon Botella 50 Cl,CAT-0371,Refresco té sabor limón Fuze Tea
72.97297297297297,CF-687189,Natillas Sabor Chocolate Dubai Danet Pack De 4 Unidades De 125 G,CAT-3961,Natillas de chocolate Danet
72.94117647058825,CF-300506,Aceite De Oliva Virgen Extra Carbonell 1 L,CAT-0019,Aceite de oliva virgen extra Picual Casa Juncal
72.72727272727273,CF-212827,Salsa Bolonesa Carrefour Sin Gluten Tarro 300 G,CAT-0484,Salsa de Soja sin gluten
72.72727272727273,CF-656672,Kefir Natural Activia 272 Ml,CAT-3989,Bebida Kéfir natural 0% MG
72.72727272727273,CF-004270,Salmorejo Carrefour Classic 1 L,CAT-1972,Salmorejo fresco
72.72727272727273,CF-447235,Pasta Macarron Integral Carrefour Classic 500 G,CAT-1592,Macarrón rayado integral
72.72727272727273,CF-744605,Alcachofa Carrefour 1 Kg Aprox,CAT-3449,Cápsulas Alcachofa
72.72727272727273,CF-706917,Patata Para Freir El Mercado 2 Kg,CAT-3513,Patatas especial para freir
72.72727272727273,CF-568424,Redondo De Pollo Asado La Carlotena 340 G,CAT-0067,Lomo asado La Carloteña lonchas
72.72727272727273,CF-688260,Pan De Molde Rustico 600 G,CAT-0917,Pan de molde blanco natural rústico
72.72727272727273,CF-374991,Perlas De Mozzarella Carrefour 125 G,CAT-1582,Mozzarella fresca de vaca en perlas
72.72727272727273,CF-412918,Arroz Negro Carrefour 350 G,CAT-1973,99% cacao negro
72.72727272727273,CF-991744,Monster Energy Juiced Mixxd Punch Bebida Energetica Lata 500 Ml,CAT-1032,Bebida energética Energy Monster
72.72727272727273,CF-137490,Quitamanchas En Gel Ropa De Color Oxi Power Carrefour 2 L,CAT-3353,Activador Quitamanchas ropa de color Oxi Active en polvo
72.72727272727273,CF-793528,Limpiador De Bano Tenn 13 L,CAT-3549,Limpiador Baños en gel
72.72727272727273,CF-841070,Pizza 4 Quesos Carrefour 600 G,CAT-2095,Pizza Formaggi 4 quesos
72.54901960784314,CF-406629,Ambientador Electrico Manzana Canela Essential Recambio Carrefour 1 Ud,CAT-3437,Recambio ambientador eléctrico Mundo 6 fragancias
72.52747252747253,CF-361695,Barritas De Miel Para Periquitos Vitakraft  2 Uds,CAT-3770,Barritas de fruta y miel para periquitos Natura
72.5,CF-813529,Galletas Integrales De Avena Digestive Carrefour Sensation 425 G,CAT-3084,Galletas Digestive manzana & avena
72.5,CF-695934,Chorizo Extra Picante En Lonchas Revilla Sin Gluten 65 G,CAT-0146,Chorizo picante extra lonchas
72.5,CF-196319,Aquarius Sabor Limon Zero Azucar Lata 33 Cl,CAT-1020,Refresco Fanta limón zero azúcares añadidos
72.46376811594203,CF-182322,Yemas De Esparragos Blancos Medios Classic Carrefour 110 G,CAT-1901,Espárragos blancos medianos
72.46376811594203,CF-482818,Grissini Con Aceite De Oliva Carrefour Original 125 G,CAT-0465,Tomate frito con aceite de oliva
72.46376811594203,CF-293186,Albondigas De Pollo Congeladas Simons Food 1 Kg,CAT-0635,Bolitas de pollo congeladas
72.41379310344827,CF-003630,Leche Semidesnatada Pascual Brik 1 L,CAT-3156,Leche semidesnatada calcio
72.41379310344827,CF-436722,Papel Higienico Humedo Aloe Vera Carrefour 15 Ud,CAT-3615,Papel higiénico doble hoja
72.41379310344827,CF-685924,Delicias De Pechuga De Pollo Carrefour Extra 500 G,CAT-2881,Pechuga de pollo 92% lonchas
72.34042553191489,CF-855123,Bebida De Naranja Y Mango Carrefour Classic Sin Azucar Anadido Brik 1 L,CAT-1864,Bebida de mango sin azúcares añadidos
72.28915662650603,CF-098378,Copos De Cereales Chocolateados  Carrefour Kids 500 G,CAT-2679,Cereales copos de trigo Chocodays con chocolate
72.28915662650603,CF-119151,Espuma Rizos Definidos Pantene Pro V 300 Ml,CAT-1159,Espuma cabello Rizos Definidos Pantene fijación 5
72.28915662650603,CF-036134,Antihumedad Aroma Neutro Aparato Y Recambio Carrefour 1 Ud,CAT-3583,Recambio antihumedad con aromas cítricos
72.22222222222221,CF-947831,Aceite Refinado De Girasol Especial Para Freir Carrefour 1 L,CAT-0033,"Aceite de girasol refinado 0,2º"
72.22222222222221,CF-699135,Panecillo 51 Integral Carrefour 5 Ud,CAT-1594,Spaghetti integral
72.22222222222221,CF-084161,Jamon Cocido Extra En Lonchas Carrefour El Mercado 180 G,CAT-2500,Jamón cocido extra finas lonchas
72.22222222222221,CF-542109,Boqueron En Vinagre Carrefour El Mercado 60 G,CAT-2346,Boquerones en vinagre en aceite de girasol
72.22222222222221,CF-001628,Pan Tostado Ortiz 320 G,CAT-2401,Pan tostado classic
72.22222222222221,CF-391653,Calabacin En Dados Carrefour 450 G,CAT-0434,Crema de calabacín
72.22222222222221,CF-784143,Crema Hidratante Facial Aqua Gel Avene 50 Ml,CAT-1560,Hidratante facial BB cream 01 claro FPS
72.18045112781954,CF-606130,Filete De Caballa Del Sur En Aceite De Girasol Classic Carrefour Pack 2 Unidades De 65 G,CAT-0186,Filetes de caballa del sur contenido reducido en sal en aceite de oliva
72.16494845360825,CF-236322,Eneryeti Bebida Energetica Sabor Original Lata 50 Cl,CAT-6113,Carrefour Energy Bebida Energenica Sabor Mango Lata 50 Cl
72.1311475409836,CF-274162,Lasana Bolonesa El Mercado 350 G,CAT-2535,Lasaña a la boloñesa ultracongelada
72.1311475409836,CF-234536,Mini Empanadillas De Atun Carrefour 400 G,CAT-3069,Empanadillas de atún ultracongeladas
72.1311475409836,CF-963524,Sandwich Mini De Nata Y Galleta Oreo 6 Ud,CAT-1354,Helado mini sándwich nata
72.09302325581395,CF-094969,Ambientador De Varillas Fragancia Tropical Essential Carrefour  1 Ud,CAT-3367,Ambientador varitas Fruta Tropical
72.07207207207207,CF-970927,Gel Para Lavavajillas Limon Desengrasante Finish 50 Lavados,CAT-5089,Lavavajillas A Mano Desengrasante Limon Carrefour Expert 1 L
72.0,CF-700250,Leche Entera La Cantara Brik 1 L,CAT-3559,Leche entera Asturiana
72.0,CF-470192,Pan De Molde Integral Sin Azucar Anadido Carrefour 460 G,CAT-3461,Pan de molde con 35% avena 0% azúcares añadidos con harina 100% integral
72.0,CF-065288,Caldo Casero De Pollo Gallina Blanca Sin Gluten Pack De 2 Briks De 1 L,CAT-1992,Caldo de pollo casero Gallina Blanca
72.0,CF-653634,Panecillos Tostados Integrales Carrefour Extra 300 G,CAT-2420,Panecillos tostados cereales y semillas
72.0,CF-547575,Vela Perfumada Canela Essential Carrefour 1 Ud,CAT-0446,Vela perfumada Chai
72.0,CF-316055,Pizza Regina Carrefour 365 G,CAT-1964,Pizza serrana
71.875,CF-927143,Snack Huesos De Pollo Para Perro Carrefour 6 Unidades 80 G,CAT-0132,Snack nuggets perro adulto 80% pollo
71.84466019417476,CF-333438,Tortilla De Patatas Carrefour Classic Sin Gluten Sin Lactosa 600 G,CAT-1584,Bases de pizza sin gluten sin lactosa ultracongeladas
71.7948717948718,CF-002911,Yogur Sabor Macedonia Danone Sin Gluten Pack De 4 Unidades De 120 G,CAT-3993,Yogur sabor macedonia Danone
71.7948717948718,CF-877641,Canas Rellenas De Crema Al Cacao Carrefour Classic 380 G,CAT-2868,Barquillos rellenos con crema de cacao
71.7948717948718,CF-095601,Berlinas De Azucar Carrefour 4 Ud,CAT-1069,Bebida de soja 0% azúcar
71.7948717948718,CF-710561,Mousse De Pato Carrefour Sin Gluten 90 G,CAT-2932,Mousse de pato
71.7948717948718,CF-521298,Spray Bucal Carrefour Soft 10 Ml,CAT-2127,Spray bucal refrescante
71.69811320754718,CF-086221,Tortitas De Maiz Carrefour Pack De 4 Unidades De 33 G ,CAT-0963,Tortitas de maíz campestre
71.69811320754718,CF-403032,Compresas Para Incontinencia De Orina Normal Absodys Discret Carrefour Soft 24 Ud,CAT-2759,Compresa sin alas de incontinencia Normal
71.69811320754718,CF-436717,Papel Higienico Humedo Sensitive Carrefour 70 Ud,CAT-0206,Papel higiénico Suave
71.64179104477613,CF-646724,Queso Mozzarella Rallado Carrefour 200 G,CAT-1578,Queso rallado mozzarella pizza-Roma de vaca
71.64179104477613,CF-673663,Queso Fresco Tradicional Carrefour 250 G,CAT-2966,Queso fresco servilleta tradicional de vaca
71.64179104477613,CF-191068,Vino Blanco Amatista Do Valencia 75 Cl,CAT-2040,Vino blanco Marina Alta DO Alicante
71.42857142857143,CF-466974,Mantequilla Bocage 250 G,CAT-2489,Croissant de mantequilla 26%
71.42857142857143,CF-877642,Palmeritas Carrefour Classic 270 G,CAT-3923,Palmeritas
71.42857142857143,CF-221768,Pizza Barbacoa Casa Tarradellas 440 G,CAT-0965,Pizza masa fina Barbacoa ultracongelada
71.42857142857143,CF-656912,Panecillos Bijou 11 Uds,CAT-1783,11 Panecillos
71.42857142857143,CF-248782,Salami Extra En Lonchas Carrefour El Mercado 2X120 G,CAT-1041,Salami extra lonchas
71.42857142857143,CF-725439,Agua Mineral Con Gas Perrier 1 L,CAT-0678,Agua mineral con gas grande San Pellegrino
71.42857142857143,CF-703029,Tinto De Verano Clasico La Casera Botella 15 L,CAT-5810,Tinto De Verano Clasico Carrefour Sensation 15 L
71.42857142857143,CF-679095,Brandy De Jerez Magno Solera Reserva 1 L,CAT-1042,Brandy de Jerez solera reserva Convidado de Baco
71.42857142857143,CF-141115,Gel De Ducha Dermoprotector Carrefour 750 Ml,CAT-1444,Jabón de manos dermoprotector
71.42857142857143,CF-297742,Bolsas De Congelacion Grandes Carrefour 50 Ud,CAT-1526,Bolsas congelación medianas reutilizables
71.42857142857143,CF-108830,Mini Pizzas De Jamon Y Queso Carrefour 270 G,CAT-3938,Pizza jamón y queso familiar
71.42857142857143,CF-753152,Cigala Cruda Congelada Carrefour Extra 800 G,CAT-0395,Tarta de la abuela congelada
71.26436781609196,CF-097243,Lenteja Pardina Categoria Extra Luengo 1 Kg,CAT-8419,Lenteja Pardina Categoria Extra Classic Carrefour 1 Kg
71.26436781609196,CF-710730,Mortadela Con Aceitunas En Lonchas Carrefour El Mercado Sin Gluten 250 G,CAT-2889,Mortadela con aceitunas lonchas
71.26436781609196,CF-633792,Mortadela De Pavo En Finas Lonchas Carrefour El Mercado Sin Gluten 200 G,CAT-0124,Mortadela de pavo finas lonchas
71.23287671232876,CF-102329,Cereales Rellenos De Leche Carrefour Sensation Sin Gluten 500 G ,CAT-2659,Cereales rellenos de leche
71.23287671232876,CF-084413,Chorizo De Pamplona En Lonchas Carrefour El Mercado 2X1125 G,CAT-0141,Chorizo Pamplona extra lonchas
71.23287671232876,CF-702036,Gyozas De Pollo Y Verduras Carrefour Sensation 400 G,CAT-0887,Gyozas de pollo y verduras congeladas
71.1864406779661,CF-020118,Agua De Colonia Lavanda Soft Carrefour 750 Ml,CAT-0417,Agua de colonia Floral Infusion
71.1864406779661,CF-793463,Limpiahogar Aloe Vera Tenn 13 L,CAT-3589,Limpiahogar Aloe Vera concentrado
71.1864406779661,CF-610202,Locion Hidratante Cerave 473 Ml,CAT-0973,Loción corporal infantil hidratante
71.15384615384616,CF-580534,Bebida De Avena Ecologica Carrefour Bio Sin Azucar Anadido Brik 1 L,CAT-1895,Bebida de avena con chocolate sin azúcares añadidos
71.15384615384616,CF-599944,Desodorante Roll On Dermo Extra Control Sanex Pack 2 Unidades 50 Ml,CAT-3364,Desodorante dermo extra control Sanex antitranspirante
71.15384615384616,CF-467234,Lavavajillas A Maquina Pastillas Todo En Uno Limon Fairy Original 100 Ud,CAT-0156,Lavavajillas Todo en 1 Fairy en pastillas
71.11111111111111,CF-831739,Ravioli De Ricotta Y Espinacas Al Huevo Carrefour 250 G,CAT-1723,Pasta fresca ravioli rellena de ricotta y espinacas
71.11111111111111,CF-429804,Preparado De Carne Picada De Vacuno El Encinar De Humienta 400 G,CAT-1707,Preparado de carne picada vacuno
71.11111111111111,CF-350554,Hierbabuena Cortada Carrefour 20 G,CAT-1909,Chicles hierbabuena gragea
71.11111111111111,CF-387219,Tempura De Verduras Carrefour Sensation 400 G,CAT-1691,Sopa de verduras
71.11111111111111,CF-052217,Panales Ultra Dry Carrefour Baby T4 7 18 Kg 92 Ud,CAT-1022,Pañales bebé talla 5 de 13-18 kg
71.05263157894737,CF-182693,Galletas De Avena Y Naranja Digestive Gullon 425 G,CAT-2859,Galletas Digestive choco y avena
71.05263157894737,CF-458644,Tinto De Verano Sandevid Con Limon Lata 33 Cl,CAT-2083,Tinto de verano limón Casón Histórico
71.05263157894737,CF-405513,Compresas Incontinencia Super Absodys Carrefour 20 Ud,CAT-2649,Compresa sin alas de incontinencia Mini
71.02803738317758,CF-159910,Maquinillas Desechables Venus Oceana Gillette 3 Ud,CAT-3358,Maquinillas depilación desechables Gillette Venus Colors 3 hojas
70.96774193548387,CF-002895,Aceite De Oliva Suave 04 La Espanola 1 L,CAT-3197,Tomate seco en aceite de oliva
70.96774193548387,CF-246980,Yogur Griego Con Fresa Danone Pack De 4 Unidades De 110 G,CAT-3973,Yogur griego con fresa
70.96774193548387,CF-234968,Sal Marina Fina Carrefour 250 G,CAT-0044,Sal fina de mesa
70.96774193548387,CF-282020,Ambientador De Varillas Citronella Carrefour 45 Ml,CAT-3578,Ambientador varitas Pistacho
70.96774193548387,CF-840568,Pizza De Atun Carrefour 350 G,CAT-0311,Pizza atún y bacón
70.96774193548387,CF-402501,Helado De Menta Chocolate Extra Carrefour 1000 Ml,CAT-1423,Helado sabor huevo de chocolate
70.96774193548387,CF-924573,Patatas En Dados Carrefour 450 G,CAT-0510,Patatas cocidas
70.93023255813952,CF-432261,Bebida Lactea Desnatada De Vainilla Proteina Plus Sensation Carrefour Sin Gluten Y Sin Azucar Anadido 330 Ml,CAT-0690,Bebida láctea desnatada sabor stracciatella +Proteínas 0% azúcares añadidos 20 g proteínas
70.9090909090909,CF-676112,Salchichas Cocidas De Pollo Ahumadas Carrefour Clasicc Sin Gluten 200 G,CAT-3113,Salchichas cocidas bocata de pollo y pavo sabor ahumado
70.9090909090909,CF-676117,Salchichas Cocidas De Pavo Ahumadas Carrefour Clasicc Sin Gluten 200 G,CAT-1498,Salchichas cocidas bocata gourmet de cerdo sabor ahumado
70.88607594936708,CF-538777,Queso En Tierno En Lonchas Carrefour Classic Sin Lactosa 150 G,CAT-0183,Queso lonchas sin lactosa de vaca
70.88607594936708,CF-093648,Espuma De Afeitar Piel Sensible Carrefour Men 250 Ml,CAT-2385,Espuma de afeitar Sensitive manteca de cacao
70.83333333333333,CF-839319,Sardinillas En Aceite De Oliva Classic Carrefour Pack De 2 Unidades De 65 G,CAT-2101,Sardinillas reducidas en sal en aceite de oliva
70.83333333333333,CF-752085,Picatostes Fritos Sabor Clasico Carrefour 75 G,CAT-2435,Picatostes fritos
70.83333333333333,CF-911145,Noodles Sabor Pollo Carrefour 85 G,CAT-1228,Fideos orientales sabor pollo
70.83333333333333,CF-494114,Naranja De Mesa Carrefour 1 Kg Aprox,CAT-2147,Mermelada de naranja amarga
70.83333333333333,CF-645834,Almeja Blanca Cocida Carrefour Classic 450 G,CAT-1574,Alubia cocida blanca
70.76923076923076,CF-110226,Queso Fundido En Lonchas Light Carrefour 300 G,CAT-3130,Queso lonchas cremoso light de vaca
70.76923076923076,CF-760875,Refresco De Limon Trina Sin Gas Lata 33 Cl,CAT-0959,Refresco lima limón fresh gas
70.76923076923076,CF-239193,Tinto De Verano Sandevid Con Limon 2 L,CAT-0097,Tinto de verano Casón Histórico
70.76923076923076,CF-215680,3 Estropajos Salvaunas Carrefour   Verde,CAT-3569,Estropajo salvauñas suciedad resistente
70.73170731707317,CF-251204,Atun Claro En Aceite De Oliva Classic Carrefour Pack De 8 Latas De 52 G,CAT-1690,Atún claro en aceite de oliva
70.70707070707071,CF-441940,Aceitunas Verdes Rellenas De Anchoa Bajas En Sal Classic Carrefour 150 G,CAT-0317,Aceitunas verdes rellenas de pimiento asado
70.58823529411764,CF-726807,Aperitivo De Maiz Sabor Queso Y Bacon Konos Carrefour 100 G,CAT-0522,Conos sabor bacón y queso
70.58823529411764,CF-012363,Batido De Chocolate Puleva Sin Gluten Pack De 9 Brik De 200 Ml,CAT-0014,Batido de chocolate 90% leche Puleva
70.58823529411764,CF-135860,Pistacho Nacional Tostado Sin Sal El Mercado 350 G,CAT-2498,Pistacho tostado con sal
70.58823529411764,CF-535350,Tonica Carrefour Lata 33 Cl,CAT-1024,Tónica
70.58823529411764,CF-452996,Compresas Ultra Sin Alas Normal Soft Carrefour 16 Ud,CAT-1501,Compresa sin alas normal Classic
70.58823529411764,CF-578905,Laca Fijacion Fuerte Nelly 600 Ml,CAT-1161,Laca cabello Ultra Fuerte Pantene fijación 5
70.58823529411764,CF-973275,Lavavajillas A Maquina En Pastillas Power All In 1 Finish Powerball 80 Ud,CAT-3831,Lavavajillas Power Essential limón Finish en pastillas
70.58823529411764,CF-666738,Judia Troceada Carrefour 1 Kg,CAT-1661,Nuez troceada pelada
70.58823529411764,CF-459271,Espinacas Crema Carrefour 1 Kg,CAT-2539,Crema de espárragos
70.58823529411764,CF-886044,Galletas Para Perros Carrefour 15 Kg,CAT-2856,Galletas María
70.47619047619047,CF-616870,Galletas Con Pepitas De Chocolate Chips Ahoy 400 G,CAT-3072,Barritas de galleta bañadas en chocolate con leche Chips Ahoy
70.4225352112676,CF-554218,Bebida De Almendra Calcio Carrefour Sin Gluten Brik 1 L,CAT-0530,Bebida de almendras con calcio
70.4225352112676,CF-073450,Coloracion Permanente Sin Amoniaco Para Un Olor Agradable  Tono 50 Castano Claro Garnier Olia 1 Ud,CAT-2215,Coloración permanente 0% amoníaco 5 castaño claro Colorcor
70.39999999999999,CF-001849,Palomitas Al Punto De Sal Para Microondas Popitas Sin Gluten Pack De 3 Unidades De 100 G,CAT-7901,Palomitas Saladas Para Microondas Carrefour Pack De 3 Unidades De 100 G
70.37037037037037,CF-737854,Yogur Natural Carrefour Classic Pack De 4 Unidades De 125 G,CAT-0710,Yogur natural de cabra
70.37037037037037,CF-232253,Salpicon De Marisco Congelado Extra Carrefour 330 G,CAT-2599,Salpicón de marisco
70.27027027027026,CF-650640,Allioli Chovi Sin Gluten 200 Ml,CAT-0052,Allioli Chovi
70.27027027027026,CF-293672,Edulcorante Climatos Y Sacarinas En Polvo Carrefour 60 Ud,CAT-1870,Edulcorante en pastillas sacarina
70.17543859649122,CF-813631,Copos De Avena Integral Original Carrefour 500 G,CAT-2515,Copos de avena sin gluten
70.17543859649122,CF-240838,Zanahoria Circulo De Calidad Carrefour 1 Kg,CAT-0910,Crema de calabaza y zanahoria
70.12987012987013,CF-513752,Cacahuetes Fritos Classic Carrefour Sin Sal Anadida 200 G,CAT-1380,Cacahuete tostado pelado 0% sal añadida
70.11494252873563,CF-432196,Bebida Lactea Desnatada Al Cacao Proteina Plus Carrefour Sensation Sin Gluten Y Sin Azucar Anadido 330 Ml,CAT-0176,"Bebida láctea desnatada sabor fresa y plátano +Proteínas 0% MG 0% azúcares añadidos 17,4 g proteínas"
70.08547008547008,CF-561439,Cono Helado De Vainilla Con Nueces Pecanas Y Dulce De Arce Carrefour Extra 6 Uds,CAT-1744,Helado cucurucho vainilla caramelo con nueces pecán
70.0,CF-465812,Nata Liquida Para Cocinar Carrefour Pack De 3 Unidades De 200 Ml,CAT-3564,Nata ligera para cocinar
70.0,CF-542682,Pasta Spaghetti N3 Gallo 400 G,CAT-1358,Spaghetti carbonara
70.0,CF-725430,Judias Verdes Finas Cortadas Classic Carrefour 360 G,CAT-2154,Judías verdes extrafinas
70.0,CF-264543,Queso Rallado Parmesano Carrefour Extra 100 G,CAT-0799,Queso rallado emmental gratinar
70.0,CF-446188,Callos A La Madrilena De Nuestra Tierra 500 G,CAT-2074,Callos a la madrileña
70.0,CF-043214,Ron Barcelo Anejo 70 Cl,CAT-2499,Ron añejo La Recompensa
70.0,CF-000169,Vino Blanco Elegido 1 L,CAT-2012,Vino blanco Don Simón
70.0,CF-601820,Crema Corporal Con Aceite De Oliva Soft Carrefour 250 Ml,CAT-3242,Aceite en crema corporal Fussion Oriental
70.0,CF-906591,Sal Para Lavavajillas Carrefour 5 Kg,CAT-1359,Lavavajillas a mano
70.0,CF-841124,Pizza De Peperoni Ahumado Carrefour 320 G,CAT-1965,Pizza pepperoni
70.0,CF-577167,Coco Helado Gely 2 Uds,CAT-2995,Helado sabor chocolate
70.0,CF-864054,Snack De Pollo Y Higado Para Gato Sticks Carrefour 6 Unidades De 5 G,CAT-3879,Snack gato barritas de pollo e hígado
69.93006993006993,CF-959763,Champu Protector Para El Pelo Tenido Y Mechas Color Vive Elvive Loreal Paris 400 Ml,CAT-3211,Mascarilla Protectora Color Vive Elvive cabello teñido o con mechas
69.87951807228916,CF-687613,Filetes Superfinos De Lomo De Cerdo Adobado El Mercado 250 G,CAT-0649,Filetes lomo de cerdo adobado
69.84126984126983,CF-337329,Mantequilla Pastilla Sin Sal Carrefour Classic 250 G,CAT-0722,Mantequilla sin sal añadida
69.84126984126983,CF-516491,Copa Con Nata Y Chocolate Carrefour Classic 200 G,CAT-0724,Copa crema de chocolate y nata
69.84126984126983,CF-627428,Ambientador Spray Lavanda Essential Carrefour 300 Ml,CAT-0224,Ambientador spray Red Elixir
69.76744186046511,CF-144785,Gnocchi De Patata Carrefour Extra 500 G,CAT-1751,Pasta fresca gnocchi
69.76744186046511,CF-956274,Galletas Con Canela Carrefour Original 470 G,CAT-0750,Galletas canela
69.76744186046511,CF-679117,Champinon En Trozos Classic Carrefour 230 G,CAT-3182,Champiñón entero
69.76744186046511,CF-035780,Croissant De Mantequilla Carrefour 8 Ud,CAT-0723,Mantequilla con sal
69.76744186046511,CF-423589,Queso Fresco 0 Grasa Carrefour Classic 500 G,CAT-0120,Salsa fresca Queso
69.76744186046511,CF-943337,Mini Berlinas De Azucar Carrefour 5 Ud,CAT-2133,Golosinas Mix azúcar
69.76744186046511,CF-955067,Zumo De Manzana Carrefour Calssic Brik 1 L,CAT-4009,Zumo de manzana
69.76744186046511,CF-490127,Lavavajillas A Mano Ultra Concentrado Power Clean Carrefour Expert 13 L,CAT-1280,Lavavajillas Ultra concentrado
69.76744186046511,CF-792114,Surtido De Setas Carrefour 450 G,CAT-0888,Surtido de pastas artesanas
69.6969696969697,CF-843757,Laca Fijacion Normal De Larga Duracion Carrefour 300 Ml,CAT-1671,Laca cabello Normal fijación
69.6969696969697,CF-688195,Patatas Prefritas Con Piel Carrefour 600 G,CAT-0691,Patatas prefritas Crispy Pops congeladas
69.6969696969697,CF-003804,Conos Con Helado De Tres Chocolates Carrefour 6 Ud,CAT-3164,Tarta tres chocolates congelada
69.6969696969697,CF-153544,Bombon Chocochoco Extra Carrefour Sin Gluten 6 Ud,CAT-3476,Bizcocho de chocolate sin gluten
69.6969696969697,CF-585089,Mini Helado Bombon Speculoos Carrefour Sensation 6 Uds,CAT-1982,Helado mini bombón surtido
69.6969696969697,CF-660479,Aceite De Almendras Phytofarma 500 Ml,CAT-1440,Aceite corporal de almendras 100% natural
69.6629213483146,CF-032627,Garbanzo Cocido Categoria Extra Luengo 400 G,CAT-8808,Garbanzos Cocidos Categoria Extra Classic Carrefour 400 G
69.6629213483146,CF-504976,Champu Repara Y Protege Pantene Pro V 1000 Ml,CAT-1212,Champú Repara & Protege Pantene cabello débil y dañado
69.62962962962963,CF-413319,Desodorante Roll On Original Black  White Invisible Nivea Men Pack De 2 Unidades De 50 Ml,CAT-2715,Desodorante roll-on Invisible Black & White Nivea antitranspirante
69.56521739130434,CF-013524,Mayonesa Carrefour Envase 500 Ml 475G,CAT-0035,Mayonesa
69.56521739130434,CF-236783,Cafe Molido Mezcla Carrefour Classic 250 G,CAT-1232,Café molido Colombia
69.56521739130434,CF-523827,Arroz Largo Vaporizado Carrefour Classic 1 Kg,CAT-1542,Arroz vaporizado
69.56521739130434,CF-370329,Mejillones En Escabeche 1620 Classic Carrefour Sin Gluten Pack De 3 Unidades De 43 G,CAT-1836,Mejillones de Chile en escabeche pequeños
69.56521739130434,CF-652694,Protegeslip Extra Largo Carrefour 24 Ud,CAT-3400,Protegeslip micro Fresh
69.56521739130434,CF-402191,Petit Sabor Fresa Danone Danonino Sin Gluten Pack De 6 Unidades De 50 G,CAT-2115,Danonino sabor fresa y plátano Danone
69.56521739130434,CF-308336,Queso Edam Carrefour 455 G,CAT-2113,Flan de queso
69.56521739130434,CF-810891,Escoba Para Moqueta Carrefour   Gris,CAT-2624,Escoba para interiores
69.56521739130434,CF-841122,Pizza Prosciutto Carrefour 330 G,CAT-0825,Pizza Prosciutto jamón y queso
69.44444444444444,CF-130841,Colgador Wc Antical Perfume Floral Carrefour Expert 2 Ud,CAT-3550,Colgador WC Azul perfume marino
69.38775510204081,CF-234950,Sal Marina Refinada Gruesa Carrefour 1 Kg,CAT-0063,Sal gruesa para hornear
69.38775510204081,CF-228290,Galletas Horneadas Carrefour Original 500 G,CAT-0413,Galletas tradicionales
69.38775510204081,CF-050257,Pimiento Verde Italiano 1 Kg Aprox,CAT-2523,Pimiento verde freír
69.38775510204081,CF-766578,Refresco Carrefour Classic Limon 2 L,CAT-1068,Refresco de limón fresh gas
69.38775510204081,CF-139827,Ron Malibu Con Coco 70 Cl,CAT-1034,Ron caribeño sabor coco Malibu
69.38775510204081,CF-001312,Quitaesmalte Hidratante Cutex 200 Ml,CAT-2721,Quitaesmalte 0% acetona
69.33333333333334,CF-616310,Leche Semidesnatada Ecologica Carrefour Bio Brik 1 L,CAT-0057,Bebida láctea semidesnatada con fibra
69.3069306930693,CF-406590,Ambientador Electrico Flores De Cerezo Essential Recambio Carrefour 1 Ud,CAT-0205,Recambio ambientador eléctrico Coconut Cream
69.23076923076923,CF-683553,Hummus De Garbanzos Clasico Carrefour Extra Sin Gluten 240 G,CAT-3752,Hummus de garbanzos receta clásica
69.23076923076923,CF-069000,Bocaditos Al Cacao Carrefour Classic 500 G,CAT-2397,Bocaditos bañados al cacao
69.23076923076923,CF-228272,Mermelada De Fresa Categoria Extra Carrefour 410 G,CAT-2555,Mermelada de fresa
69.23076923076923,CF-347894,Protegeslip Cotton Feel Normal Sin Fragancia Carefree 76 Ud,CAT-3270,Protegeslip Cotton flexiform Carefree regular + tanga
69.23076923076923,CF-560038,Friegasuelos Ph Neutro Xanpa 1 L,CAT-3586,Friegasuelos Spa líquido
69.23076923076923,CF-573382,Fingers De Queso Mozzarella Carrefour 400 G,CAT-2965,Mozzarella fresca de vaca
69.23076923076923,CF-363485,Rollitos Primavera Carrefour 225 G,CAT-1970,Rollitos primavera ultracongelados
69.23076923076923,CF-840573,Pizza Hawai Carrefour 350 G,CAT-0382,Pizza margarita
69.1358024691358,CF-796468,Barra De Pan Rustica Multicereales Rebanada 400 G,CAT-3759,Barra pan integral de espelta 100% rebanado
69.1358024691358,CF-493788,Detergente Con Jabon De Marsella Carrefour 2 Ud,CAT-3318,Detergente ropa jabón natural de Marsella líquido
69.0909090909091,CF-718507,Galletas Tosta Rica Cuetara 760 G,CAT-1399,Galletas tostadas Tosta Rica
69.0909090909091,CF-430306,Chocolate Blanco Nestle Milkybar 100 G,CAT-2022,Chocolate blanco fundir
69.0909090909091,CF-799872,Galletas Saladas Ducales Noel 312 G,CAT-2573,Galletas tostadas Animadas
69.0909090909091,CF-723622,Queso Mascarpone Classic Carrefour 250 G,CAT-1597,Queso fresco mascarpone de vaca
69.0909090909091,CF-526763,Queso Fresco De Burgos Carrefour 220 G Aprox,CAT-1626,Queso fresco Burgos natural
69.0909090909091,CF-454186,Vaselina Para Labios Hidratante Soft Carrefour 100 G,CAT-2300,Vaselina hidratante
69.06474820143885,CF-817045,Bifidus Desnatado Edulcorado Natural Danone Activia Pack De 8 Unidades De 120 G,CAT-0937,Bífidus desnatado probióticos natural edulcorado Activia 0% MG 0% azúcares añadidos
69.04761904761905,CF-309989,Galletas De Mantequilla Con Tableta De Chocolate Blanco Carrefour 150 G,CAT-2869,Galletas con chocolate blanco
68.96551724137932,CF-051680,Pizza De Jamon Y Queso Casa Tarradellas 405 G,CAT-0340,Mini pizzas jamón y queso Fiesta ultracongeladas
68.96551724137932,CF-898918,Esparrago Blanco Carrefour 205 G,CAT-1601,Helado blanco
68.96551724137932,CF-991332,Panna Cotta Al Caramelo Carrefour Pack De 4 Unidades De 90 G,CAT-3499,Panna Cotta con caramelo
68.96551724137932,CF-468304,Salchichon Iberico Extra En Lonchas Carrefour El Mercado 2X625 G,CAT-1050,Salchichón extra pimienta finas lonchas
68.96551724137932,CF-330589,Mini Napolitana De Chocolate Carrefour 10 Ud,CAT-0955,Tortitas de maíz con chocolate
68.96551724137932,CF-627423,Ambientador Spray Colonia Essential Carrefour 300 Ml,CAT-1879,Ambientador spray Fresh
68.96551724137932,CF-231900,Menestra De Verduras Carrefour Classic 1 Kg,CAT-0511,Caldo de verduras en pastillas
68.96551724137932,CF-231899,Maiz Dulce En Grano Carrefour 400 G,CAT-0607,Maíz dulce
68.96551724137932,CF-340461,Arena Absorbente Para Gatos 7L 47 Kg  Carrefour,CAT-3613,Papel cocina Gigante Absorbente
68.88888888888889,CF-642813,Pipas De Girasol Gigantes Saladas Classic Carrefour Sin Gluten 200 G,CAT-1270,Pipas girasol tostadas gigante con sal
68.88888888888889,CF-103245,Burn Original Bebida Energetica Lata 50 Cl,CAT-9654,Carrefour Energy Bebida Energetica Sabor Tropical Lata 50 Cl
68.85245901639344,CF-800949,Pistachos Tostados Y Salados Classic Carrefour 400 G,CAT-2403,Panecillo tostado classic
68.85245901639344,CF-277385,Aceite De Girasol Carrefour Classic 1 L,CAT-0308,Bacalao ahumado en aceite de girasol
68.85245901639344,CF-729556,Pipas Peladas Y Fritas Classic Carrefour 200 G,CAT-1352,Pipas de girasol fritas peladas
68.85245901639344,CF-373116,Yogur Sabor Macedonia Carrefour Classic Pack De 4 Unidades De 125 G,CAT-1292,Yogur sabor macedonia
68.85245901639344,CF-571025,Queso De Cabra Tierno En Lonchas Carrefour Classic 200 G,CAT-1577,Queso tierno de cabra
68.85245901639344,CF-095240,Toallitas Para Muebles Carrefour Expert 24 Ud,CAT-1391,Toallitas limpiadoras de Muebles
68.81720430107528,CF-964422,Pan De Molde Con Pipas De Girasol Y Calabaza Oroweat 590 G,CAT-3894,Pan de molde semillas y pipas de calabaza
68.75,CF-737039,Arroz Redondo Para Microondas Brillante Pack De 2 Unidades De 125 G,CAT-4828,Arroz Redondo Integral Para Microondas Classic Carrefour Sin Gluten Pack De 2 Unidades De 125 G
68.75,CF-261718,Espinaca Troceada Carrefour El Mercado 300 G,CAT-1620,Espinaca en porciones ultracongelada
68.75,CF-527711,Pina Natural En Rodajas El Mercado Vaso De 450 G,CAT-3482,Piña natural a rodajas
68.75,CF-365334,Paleta Curada En Lonchas Nico 150 G,CAT-2930,Paleta curada lonchas Paletas Marpa
68.75,CF-873524,Napolitana De Crema Carrefour 4 Ud,CAT-3808,Crema de soja
68.75,CF-673512,Zanahoria Baby Carrefour 400 G,CAT-0263,Zanahoria en tiras
68.75,CF-331940,Bombon Helado De Vainilla Y Caramelo Carrefour Sensation 4 Ud,CAT-0185,Helado Duo Brownie de crema sabor vainilla y cacao
68.65671641791045,CF-168094,Pipas De Calabaza Tostadas Y Saladas Carrefour 125 G,CAT-1124,Pipas calabaza tostadas aguasal
68.65671641791045,CF-552682,Ensaladilla Rusa El Mercado 300 G,CAT-1772,Ensaladilla rusa grande Listo para Comer
68.65671641791045,CF-760876,Trina De Naranja Sin Gas Lata 33 Cl,CAT-1026,Refresco de naranja Simon Life sin gas
68.65671641791045,CF-841338,Ambientador De Varillas Flor De Jazmin Carrefour 45 Ml,CAT-0312,Ambientador varitas Frambuesa
68.65671641791045,CF-236304,Comedero Antideslizante Para Perro Carrefour 500 Ml,CAT-3838,Palo extensible antideslizante 88 - 150 cm
68.57142857142857,CF-322802,Cafe Latte Descafeinado Carrefour Sensation Sin Gluten 250 Ml,CAT-0049,Café en grano descafeinado
68.57142857142857,CF-611098,Fuet Espetec Carrefour El Mercado 210 G,CAT-1763,Fuet espetec
68.57142857142857,CF-699225,Salchichon Extra En Lonchas Revilla Sin Gluten 65 G,CAT-0145,Salchichón extra lonchas
68.57142857142857,CF-284794,Queso Para Untar Sin Lactosa Carrefour No Lactosa 200 G,CAT-2951,Queso untar sin lactosa de vaca
68.57142857142857,CF-143151,Tomate Pera Rama Carrefour 500 G,CAT-0448,Mermelada de tomate
68.57142857142857,CF-208928,Zumo De Pina Carrefour Brik 1 L,CAT-4001,Zumo de piña y uva
68.57142857142857,CF-675753,Friegasuelos Concentrado Floral Carrefour Expert 1 L,CAT-1388,Friegasuelos Pétalos concentrado
68.5185185185185,CF-404030,Mini Bombon Helado De Almendras Negro Blanco Y Chocolate Extra Carrefour 8 Ud,CAT-1059,Chocolate negro 72% de cacao con almendras enteras
68.49315068493152,CF-122380,Mayonesa Con Aceite De Girasol Carrefour Tarro 450 Ml,CAT-3195,Tomate para untar con aceite de oliva
68.49315068493152,CF-228287,Aros De Chocolate Blanco Carrefour Classic 128 G,CAT-0489,Barritas de cereales con chocolate blanco
68.42105263157895,CF-643471,Snack De Patata Ligera Carrefour 150 G,CAT-0831,Sticks de patata
68.42105263157895,CF-683885,Masa De Pizza Carrefour Classic 260 G,CAT-0347,Masa fresca pizza
68.42105263157895,CF-794207,Aperitivo De Patata Sabor Original Dipster Carrefour 175 G,CAT-1494,Aperitivo de patata sabor barbacoa
68.42105263157895,CF-434642,Arandanos Rojos Carrefour 200 G,CAT-1419,Arándanos deshidratados
68.42105263157895,CF-002723,Crackers Original Tuc 100 G,CAT-1539,Crackers 30% integral
68.37606837606837,CF-664908,Filetes De Merluza Argentina Sin Piel Ultracongelados Pescanova 400 G,CAT-1912,Porciones de merluza del Cabo sin piel ultracongeladas
68.35443037974683,CF-124457,Gambas Salvajes Peladas Crudas Ultracongeladas Carrefour 400 G,CAT-2034,Coles de Bruselas ultracongeladas
68.35443037974683,CF-978886,Varitas De Merluza Empanada Carrefour Clasicc 450 G,CAT-3068,Varitas de merluza empanadas ultracongeladas
68.35443037974683,CF-127060,Carne De Volandeira Ultracongelada Carrefour El Mercado 250 G,CAT-3152,Tempura de verduras ultracongelada
68.29268292682926,CF-946632,Pizza De Pollo Carrefour Classic 400 G,CAT-0383,Pizza pollo y bacón
68.29268292682926,CF-795134,Pimiento Del Piquillo Entero Al Ajillo Classic Carrefour 225 G,CAT-0564,Pimientos del piquillo enteros extra
68.29268292682926,CF-594762,Pasas Sultanas Carrefour 350 G,CAT-0279,Pasas sultanas sin semillas
68.29268292682926,CF-793541,Zumo De Tomate Carrefour Classic Brik 1 L,CAT-4008,Zumo de tomate
68.29268292682926,CF-539048,Langostino Vannamei Cocido Pelado Carrefour Classic 220 G,CAT-0751,Langostino cocido y pelado ultracongelado
68.29268292682926,CF-574080,Berenjena Rebozada Maheso 400 G,CAT-3524,Berenjena rayada
68.23529411764706,CF-002939,Bifidus Natural Danone Activia Pack De 4 Unidades De 120 G,CAT-9104,Bifidus Natural Carrefour Classic Pack De 4 Unidades De 125 G
68.23529411764706,CF-125232,Jabon En Crema Hidratante Soft Carrefour Pack De 4 Unidades De 100 G,CAT-1441,Crema de manos flor de Japón Hidrata & Perfuma
68.23529411764706,CF-599933,Desodorante Roll On Invisible Sanex Men 50 Ml,CAT-0128,Desodorante roll-on Invisible antitranspirante
68.18181818181819,CF-233189,Mousse De Chocolate Con Leche Carrefour Classic Pack De 4 Unidades De 60 G,CAT-0303,Rosquillas de chocolate con leche y coco
68.18181818181819,CF-967641,Protegeslips Para Incontinencia Absodys Discret Carrefour Soft 20 Ud,CAT-3401,Protegeslip de incontinencia pequeño
68.18181818181819,CF-278919,Patatas Corte Para Bravas Carrefour 750 G,CAT-1112,Patatas fritas paja
68.18181818181819,CF-104256,Mini Pizzas Bolonesa Carrefour 270 G,CAT-1407,Lasaña boloñesa familiar
68.11594202898551,CF-764567,Galletas Rellenas De Crema De Chocolate Principe Pack De 3 Unidades De 300 G,CAT-1710,Galletas Choco con relleno de crema de cacao recubiertas de chocolate con leche
68.08510638297872,CF-080689,Semillas De Chia Ecologicas Carrefour Bio 250 G,CAT-1760,Semillas de chía
68.08510638297872,CF-913327,Harina De Fuerza De Trigo Gallo 1 Kg,CAT-1056,Harina de fuerza
68.08510638297872,CF-799826,Langostino Crudo Carrefour 800 G,CAT-0986,Langostino crudo ultracongelado
68.08510638297872,CF-790552,Mango Congelado Carrefour Classic 450 G,CAT-0988,Calamar grande congelado
68.05555555555556,CF-634006,Preparado Lacteo Infantil De Crecimiento Con Cereales Y Cacao 12 Meses Puleva Peques 3 Pack De 3 Unidades De 200 Ml,CAT-2211,Preparado lácteo con cereales y frutas Peques 3 Puleva
68.0,CF-854872,Tomate Frito Sin Azucares Anadidos Contenido Reducido En Sal Carrefour Tarro 550 G,CAT-0466,Tomate frito sin azúcares añadidos
68.0,CF-232879,Horchata De Chufa Carrefour Sin Gluten Brik 1 L,CAT-1782,Horchata de chufa
68.0,CF-141099,Gel De Ducha Almendras Carrefour 750 Ml,CAT-3924,Rosegones pasta de almendras
68.0,CF-408608,Crema Corporal Hidratante 10 Urea Carrefour 400 Ml,CAT-2482,Crema corporal Olive
68.0,CF-734996,Plumero Atrapapolvo Con 5 Recambios Carrefour 1 Ud,CAT-1656,Recambios plumero
68.0,CF-154180,Porras Fritas Congeladas Carrefour Original 250 G,CAT-0474,Porras congeladas
68.0,CF-431244,Lasana Bolonesa Carrefour Pack De 2 Unidades De 500 G,CAT-2836,Salsa de tomate Boloñesa
67.9245283018868,CF-335385,Recogedor Con Palo Carrefour   Verde,CAT-1517,Recogedor antivuelco con palo
67.9245283018868,CF-796499,Braseado Verdura Con Pollo Carrefour 450 G,CAT-1976,Crema de pollo con verduras
67.85714285714286,CF-314222,Bebida De Avena Original Vivesoy 1 L,CAT-3803,Bebida de avena con café
67.85714285714286,CF-908331,Cerveza Voll Damm Doble Malta Botella 33 Cl,CAT-0249,Cerveza doble malta 1897
67.79661016949152,CF-610703,Pizza Barbacoa Pizza  Salsa Campofrio 410 G,CAT-3904,Pizza barbacoa familiar
67.79661016949152,CF-974537,Empanada Familiar De Atun El Mercado 1 Kg,CAT-3884,Empanada de atún grande
67.79661016949152,CF-597821,Tortilla Con Cebolla Carrefour El Mercado 1200 Kg,CAT-2360,Tortilla de patata y cebolla
67.79661016949152,CF-584087,Queso En Lonchas De Oveja Carrefour 200 G,CAT-2939,Queso curado DOP manchego de oveja
67.79661016949152,CF-438819,Agua De Coco 100 Natural Ecologico Carrefour Bio Brik 1 L,CAT-0639,Agua de coco 100% natural
67.74193548387098,CF-000015,Aceite De Oliva Original 04 Carbonell 5 L,CAT-2456,Barra pan de aceite de oliva
67.74193548387098,CF-123133,Bebida Espirituosa Soberano 1 L,CAT-0409,Bebida espirituosa centenario Terry
67.6923076923077,CF-598247,Cafe Molido Natural Intenso Carrefour Classic 250 G,CAT-0054,Café soluble classic en sobres
67.6923076923077,CF-199266,Queso De Mezcla Semicurado Canada Mayor 250 G,CAT-0620,Queso añejo tostado mezcla
67.6923076923077,CF-557685,Queso Rallado Grana Padano Dop Carrefour Extra 100 G,CAT-0871,Queso grana padano en escamas
67.6923076923077,CF-547696,Vela Perfumada De Vainilla Essential Carrefour 1 Ud,CAT-0438,Vela perfumada Santal Vanilla
67.6923076923077,CF-267689,Toallitas Multiusos Limpieza Carrefour Expert 40 Ud,CAT-2202,Toallitas limpiadoras de suelo
67.6923076923077,CF-435037,Menestra De Verduras Findus 1 Kg,CAT-5655,Menestra De Verduras Carrefour Classic 1 Kg
67.64705882352942,CF-798383,Anacardos Fritos Classic Carrefour Sin Sal Anadida 125 G,CAT-1381,Anacardo tostado 0% sal añadida
67.64705882352942,CF-496511,Palmeron De Hojaldre De Azucar Xxl Carrefour 330 G,CAT-0481,Hojaldre relleno de crema de cacao
67.64705882352942,CF-468274,Chorizo Iberico En Lonchas Carrefour El Mercado 2X625 G,CAT-1076,Chorizo de pavo extra lonchas
67.6056338028169,CF-403269,Dentifrico Sensitive Expert Soft Carrefour 75 Ml,CAT-2754,Dentífrico Sensitive con hidroxiapatita
67.6056338028169,CF-590249,Set 20 Vasos Reutilizables 500 Cc Nupik,CAT-0555,Vasos grandes de plástico reutilizables
67.56756756756756,CF-219977,Pizza De Pepperoni Casa Tarradellas 405 G,CAT-0837,Pizza Pepperoni barbacoa ultracongelada
67.56756756756756,CF-446929,Gamba Pelada Cruda Mediana Carrefour 360 G,CAT-1803,Gamba pelada cruda tamaño mediano ultracongelada
67.5,CF-380794,Pan De Sandwich Con Cereales Y Semillas Carrefour Sensation 310 G,CAT-2402,Pan tostado cereales y semillas
67.5,CF-278930,Carne De Mejillon Cocido 80120 Carrefour Classic 400 G,CAT-1487,Carne de mejillón de Chile cocido ultracongelado
67.46987951807229,CF-487986,Aceitunas Negras Cacerenas Con Hueso Classic Carrefour 200 G,CAT-1143,Aceitunas verdes con hueso sabor anchoa
67.46987951807229,CF-589498,Rodajas De Salmon Con Piel Congeladas Findus 500 G,CAT-0990,Medallones de salmón cocinar congelados
67.44186046511628,CF-761751,Chocolate Negro Con Flor De Sal Selection Carrefour 100 G,CAT-2102,Surtido figuras Pascua de chocolate con leche
67.44186046511628,CF-696543,Tortillas De Trigo Integral Carrefour Sensation Sin Aceite De Palma 10 Ud,CAT-2358,Tortillas de trigo integrales
67.44186046511628,CF-276184,Cafe Capsulas Colombia Carrefour Extra Compratibles Con Nespresso 20 Ud,CAT-1684,Café en cápsulas doble espresso
67.44186046511628,CF-080578,Queso Iberico Curado Extra Carrefour Cuna Cortada 250 G,CAT-0107,Queso curado mezcla afrutado cortado en cuñitas
67.3913043478261,CF-441977,Aceitunas Verdes Rellenas De Anchoa Classic Carrefour Pack De 3 Unidades De 150 G,CAT-1165,Aceitunas verdes rellenas de pepinillo
67.34693877551021,CF-122699,Snack Barritas De Pollo Y Buey Para Perro Carrefour Duo Snapies 100 G,CAT-0805,Snack barritas perro adulto de pollo e hígado
67.3076923076923,CF-882595,Mini Barrita De Chocolate Con Corazon De Leche Carrefour Classic 200 G,CAT-2099,Barritas crujientes bañadas de chocolate con leche
67.28971962616824,CF-147313,Galletas De Mantequilla Con Tabletas De Chocolate Carrefour Classic 150 G,CAT-1265,Mini magdalenas con pepitas de chocolate con leche
67.27272727272727,CF-897891,Patatas Fritas Churreria En Aceite De Girasol Carrefour Pack De 2 Bolsas De 150 G,CAT-3726,Filetes de sardina ahumada en aceite de girasol
67.24137931034483,CF-540494,Pan Rustico Redondo Airos Sin Gluten Y Sin Lactosa 85 G,CAT-6160,Cafe Latte Carrefour Sensation No Lactosa Sin Gluten Y Sin Lactosa 250 Ml
67.15328467153286,CF-351247,Leche Fermentada Natural Edulcorado Carrefour Classic Sin Azucares Anadidos Pack De 6 Unidades De 125 G,CAT-3968,Postre lácteo cremoso natural edulcorado 0% MG 0% azúcares añadidos
67.08860759493672,CF-236102,Coloracion Permanente Sin Amoniaco Cabellos Delicados N 30 Castano Oscuro Colour Clinuance Cleare Institute 1 Ud,CAT-3247,Coloración permanente 0% amoníaco 3 castaño oscuro Colorcor
66.66666666666667,CF-003631,Leche Desnatada 0 Mg Pascual Brik 1 L,CAT-0059,Bebida láctea desnatada omega
66.66666666666667,CF-498824,Patatas Fritas Lisas Classic Carrefour 170 G,CAT-1455,Patatas fritas corte ondulado
66.66666666666667,CF-401035,Pan De Molde Sin Corteza Carrefour Classic 820 G,CAT-0329,Pan de molde blanco
66.66666666666667,CF-507868,Crackers Carrefour 250 G,CAT-1540,Crackers con sal
66.66666666666667,CF-234952,Sal Marina Yodada Fina Classic Carrefour 1 Kg,CAT-0045,Sal yodada fina
66.66666666666667,CF-752845,Napolitanas Rellenas De Chocolate Classic Carrefour 320 G,CAT-2417,Crepes rellenos de chocolate
66.66666666666667,CF-400829,Dentifrico Protect Caries Soft Carrefour 75 Ml,CAT-1277,Dentífrico Anticaries
66.66666666666667,CF-856311,Cono De Golosinas Fini 70 G,CAT-0851,Cono de golosinas celebración
66.66666666666667,CF-795124,Pimiento Del Piquillo Entero Asados Con Ajo Classic Carrefour 225 G,CAT-3753,Hummus de garbanzos con pimiento del piquillo asado
66.66666666666667,CF-244934,Masa Fresca Para Pizza Fina Casa Tarradellas 260 G,CAT-3942,Masa fresca pizza de cereales y semillas
66.66666666666667,CF-691851,Caldo De Pescado Classic Carrefour Sin Gluten 1 L,CAT-0800,Fumet caldo de pescado
66.66666666666667,CF-886576,Harina De Maiz Fina Maizena Sin Gluten 400 G,CAT-2674,Harina fina de maíz
66.66666666666667,CF-333563,Galletas Rellenas De Crema Trio Carrefour Classic 2358 G,CAT-3073,Galletas con chocolate y crema de leche
66.66666666666667,CF-953662,Bifidus Desnatado Con Trozos De Melocoton Y Maracuya Sin Azucar Anadido Carrefour Pack De 4 Unidades De 125 G,CAT-3949,Bífidus desnatado probióticos con piña 0% MG 0% azúcares añadidos
66.66666666666667,CF-373215,Yogur Sabor  Limon Carrefour Classic Pack De 4 Unidades De 125 G,CAT-0846,Yogur griego sabor limón
66.66666666666667,CF-447234,Pasta Espagueti Integral Carrefour Classic 500 G,CAT-2434,Pan tostado 100% espelta integral
66.66666666666667,CF-637232,Fideos Orientales De Ternera Sensation Carrefour 65 G,CAT-1794,Fideos orientales sabor picante
66.66666666666667,CF-050255,Pimiento Rojo  Granel 1 Kg Aprox ,CAT-2130,Pimiento rojo
66.66666666666667,CF-835359,Pan De Leche Carrefour Classic 350 G,CAT-0625,Leche de coco
66.66666666666667,CF-069334,Salmon Ahumado Noruego Carrefour Extra 100 G,CAT-1748,Salmón ahumado
66.66666666666667,CF-186169,Tomate Natural Rallado Carrefour 230 G,CAT-1137,Pistacho natural pelado
66.66666666666667,CF-346467,Queso Burrata Carrefour Extra 125 G,CAT-2972,Burrata fresca
66.66666666666667,CF-783856,Ensalada Completa De Pasta Y Rucula Florette 320 G,CAT-0252,Ensalada de pasta Listo para Comer
66.66666666666667,CF-342503,Bizcocho Rondo De Yogur Carrefour El Mercado 700 G,CAT-3777,Bizcocho de yogur
66.66666666666667,CF-350562,Cilantro Cortado Carrefour 20 G,CAT-0157,Cilantro
66.66666666666667,CF-039636,Pechuga De Pavo Fileteada Carrefour 600 G Aprox,CAT-2079,Pechuga de pavo finas lonchas
66.66666666666667,CF-020884,Queso Fresco Original Burgo De Arias Sin Gluten Pack De 3 Unidades De 72 G,CAT-1581,Queso fresco de vaca Burgo de Arias
66.66666666666667,CF-605560,Apio 200 G,CAT-2207,Picos
66.66666666666667,CF-895333,Regana El Antequerano 150 G,CAT-2571,Regañá artesana
66.66666666666667,CF-314592,Finas De Mar Sabor Al Ajillo Simpl 175 G,CAT-2106,Tacos de pota al ajillo
66.66666666666667,CF-422017,Queso De Mezcla Tierno Carrefour Classic Cuna De 365 G,CAT-1306,Queso tierno mezcla
66.66666666666667,CF-795911,Cebolla Echalotte Carrefour 250 G,CAT-0050,Cebolla en polvo
66.66666666666667,CF-014526,Verduras Para Wok Mediterraneo Carrefour 400 G,CAT-0086,Wok de verduras ultracongelado
66.66666666666667,CF-036062,Papaya 800 G Aprox,CAT-3484,Papaya
66.66666666666667,CF-876055,Manos De Cerdo Carrefour Al Vacio 500 G,CAT-1353,Manteca de cerdo
66.66666666666667,CF-696737,Raclette En Lonchas Carrefour 400 G,CAT-2920,Pepperoni en lonchas
66.66666666666667,CF-964368,Cerveza Mahou 5 Estrellas Sin Gluten Lata 33 Cl,CAT-2575,Cerveza especial mini Mahou
66.66666666666667,CF-036898,Refresco Sabor Naranja Zero Carrefour Classic Lata 33 Cl,CAT-2494,Refresco té sabor melocotón zero
66.66666666666667,CF-000074,Sprite De Lima Limon Lata 33 Cl,CAT-0958,Refresco lima limón Sprite
66.66666666666667,CF-945572,Cerveza Daura Sin Gluten Lata 33 Cl,CAT-2912,Pasta estrellas sin gluten Felicia
66.66666666666667,CF-855127,Bebida De Fruta Pina Sabor Coco Carrefour Classic Sin Azucar Anadido Brik 1 L ,CAT-0134,Fruta + leche piña y coco sin azúcares añadidos
66.66666666666667,CF-000083,Kas De Limon 2 L,CAT-1385,Granizado de limón
66.66666666666667,CF-506475,Te Verde Carrefour Classic 15 L,CAT-1052,Refresco té verde
66.66666666666667,CF-182920,Vino Tinto Yllera Do Ribera Del Duero 75 Cl,CAT-2557,Vino tinto crianza Abadía Mantrús DO Ribera del Duero
66.66666666666667,CF-482058,Cepillo De Dientes Suave Sensitive Soft Carrefour 1 Ud,CAT-1633,Cepillo dental Sensitive encías y dientes sensibles
66.66666666666667,CF-169869,Dentifrico Para Ninos De 3 6 Anos Sabor Chicle Carrefour 50 Ml,CAT-2755,Dentífrico infantil +6 años sabor gominola
66.66666666666667,CF-598449,Gel De Ducha Ambar Y Vetiver Soft Carrefour 750 Ml,CAT-3381,Gel de baño ambar y vetiver piel normal
66.66666666666667,CF-695567,Gel De Afeitado Piel Sensible Carrefour Men 75 Ml,CAT-3356,Cera caliente en tarro piel sensible
66.66666666666667,CF-076065,Cortaunas Manicura Carrefour Soft 1 Ud,CAT-0803,Cortaúñas manos y pies
66.66666666666667,CF-297784,Bolsas De Congelacion Medianas Carrefour Expert 75 Ud,CAT-3601,Bolsas zip congelación grandes reutilizables
66.66666666666667,CF-257402,Fregona Algodon Carrefour,CAT-2691,Tampones regular 100% algodón
66.66666666666667,CF-547803,Vela Perfumada Jazmin Essential Carrefour 1 Ud,CAT-3581,Vela perfumada Latte
66.66666666666667,CF-283219,Bolsas Antipolillas Perfume Ropa Limpia Carrefour 24 Ud,CAT-3429,Saquitos antipolillas Ropa Limpia
66.66666666666667,CF-258284,Alfombrilla Posavajillas Carrefour,CAT-2181,Posavajillas
66.66666666666667,CF-400356,Limpia Muebles Carrefour Expert 750 Ml,CAT-1243,Limpiador de Muebles con ceras
66.66666666666667,CF-129197,Ambientador Para Tejidos Frescor Ropa Limpia Essential Carrefour 500 Ml,CAT-1326,Ambientador spray de tejidos Elixir Floral
66.66666666666667,CF-086189,Amoniaco Muy Fuerte Con Detergente Carrefour 750 Ml,CAT-3502,Amoníaco concentrado con detergente
66.66666666666667,CF-968685,Ambientador Electrico Tatami Japones 3Volution Recambio Ambi Pur 1 Ud,CAT-3435,Recambio ambientador eléctrico Spa 6 fragancias
66.66666666666667,CF-641788,Colgador Wc Marino Carrefour Expert 3 Ud,CAT-0687,Colgador WC Dália
66.66666666666667,CF-511751,Set 5 Vasos Reutilizables 1200 Cc Nupik,CAT-0819,Vasos medianos de plástico reutilizables
66.66666666666667,CF-430535,Barreno Cuadrado Carrefour 10 L   Gris,CAT-2547,Barreño ovalado
66.66666666666667,CF-213488,Detergente En Capsulas Ultra Frescor Puntomatic 22 Ud,CAT-0601,Detergente ropa todo en 1 frescor floral Ariel Pods en cápsulas
66.66666666666667,CF-466089,Bolsas De Congelacion Medianas Albal 40 Ud,CAT-1527,Bolsas zip congelación medianas reutilizables
66.66666666666667,CF-519517,Arroz Blanco Precocido Ultracongelado Carrefour Classic Pack 6 Unidades De 167 G,CAT-0658,Arroz campestre con pollo ultracongelado
66.66666666666667,CF-571815,Palitos De Mar Carrefour 450 G,CAT-1736,Almendra palitos
66.66666666666667,CF-693840,Croquetas De Pollo Carrefour Extra 500 G,CAT-1602,Croquetas de merluza ultracongelados
66.66666666666667,CF-559385,Helado De Nata Clasico Cornetto 4 Uds,CAT-1668,Helado cucurucho de nata
66.66666666666667,CF-690567,Croquetas Mini De Jamon Carrefour Classic 500 G,CAT-3065,Croquetas caprichos de jamón ultracongeladas
66.66666666666667,CF-369069,Mix 3 Verduras Zanahoria Brocoli Coliflor Carrefour Classic 1 Kg,CAT-2032,"Coliflor, brócoli y zanahoria ultracongelada"
66.66666666666667,CF-713814,Brocoli Findus 360 G,CAT-3522,Brócoli
66.66666666666667,CF-838821,Buey De Mar Cocido 600 G,CAT-2880,Magro de cerdo cocido Coren
66.66666666666667,CF-440974,Snack De Pollo Para Gato Candy Snacks Carrefour 60 G,CAT-3741,Snacks gato rellenos con pollo y malta
66.66666666666667,CF-973561,Colageno Con Magnesio Ana Maria La Justicia Sin Gluten Y Sin Lactosa 450 Ud,CAT-4448,Pate A La Pimienta Classic Carrefour Sin Gluten Y Sin Lactosa 160 G
66.66666666666667,CF-901438,Repelente De Insectos Spray Carrefour 125 Ml,CAT-3006,Spray repelente fuerte antimosquitos
66.66666666666667,CF-274747,Serum Antimanchas Eucerin 30 Ml,CAT-1952,Desodorante power antimanchas
66.03773584905662,CF-851367,Salteado De Quinoa Y Lentejas Con Verduras Y Pollo Ultracongelado Extra Carrefour 450 G,CAT-2067,Salteado de verduras ultracongelado
66.01941747572815,CF-974745,Energy Extra Supradyn Sin Gluten Y Sin Lactosa 30 Ud,CAT-6759,Helado De Vainilla Carrefour Extra Sin Gluten Sin Lactosa 480 G
65.95744680851064,CF-389932,Tiras De Poton Del Pacifico Ultracongelado Carrefour El Mercado 360 G,CAT-3004,Preparado de paella y sopa ultracongelado
65.93406593406593,CF-189112,Preparado De Marisco Para Paella Congelado Carrefour 400 G,CAT-2000,Caldo de marisco o fideuá para paella con sofrito
65.93406593406593,CF-789016,Preparado Lacteo De Crecimiento Desde 12 Meses Blemil Plus 3 Lata 1200 G,CAT-0410,Preparado lácteo crecimiento +1 año
65.88235294117646,CF-231441,Insecticida Electrico Antimosquitos Liquido Recambio Carrefour 1 Ud,CAT-2983,Insecticida barrera antimosquitos
65.85365853658536,CF-520009,Pizza De Pollo Y Salsa Barbacoa Campofrio 400 G,CAT-0297,Sazonador barbacoa para pollo y costillas
65.82278481012658,CF-623535,Pipas Gigantes Aguasal Classic Carrefour Sin Gluten 200 G,CAT-1285,Pipas girasol tostadas gigante aguasal
65.82278481012658,CF-597883,Queso De Mezcla Viejo Tostado En Cuna Cortada Carrefour Classic 250 G,CAT-3122,Queso viejo tostado mezcla
65.78947368421053,CF-526231,Pulpo Cocido Troceado Congelado Carrefour 285 G,CAT-1911,Rodaja de potón del Pacífico cocido congelado
65.75342465753424,CF-017916,Aperitivo De Maiz Sabor Queso Sensation Carrefour 100 G,CAT-1814,Snack de maíz Redes sabor barbacoa
65.75342465753424,CF-011123,Pepitos Con Crema De Cacao Carrefour Envase 4 Ud,CAT-3089,Galletas mini caritas con crema de cacao
65.75342465753424,CF-150777,Croissants Con Mantequilla Carrefour Pack De 6 Unidades De 60 G,CAT-3714,Masa fresca hojaldre con mantequilla
65.71428571428571,CF-924292,Salsa De Tomate De La Abuela Carrefour Tarro 300 G,CAT-0281,Filetes de caballa del sur en tomate
65.71428571428571,CF-579221,Limpiador En Gel Para El Bano Carrefour Expert 15 L,CAT-3552,Limpiador WC Flor de Cerezo en gel
65.71428571428571,CF-398989,Aceite De Ricino 100 Puro Ecologico Arganour 100 Ml,CAT-5192,Puerro Ecologico Carrefour Bio 750 G
65.67164179104478,CF-189168,Canelones De Carne De Cerdo Carrefour Extra 500 G,CAT-2560,Canelones de carne ultracongelados
65.64885496183206,CF-239547,Patatas Fritas Onduladas Sabor Queso Curado Sensation Carrefour Sin Guten 150 G,CAT-1492,Patatas fritas onduladas sabor queso de cabra y cebolla caramelizada
65.625,CF-537128,Friegasuelos Perfume Floral Carrefour Essential 15 L,CAT-2327,Friegasuelos Floral líquido
65.57377049180329,CF-040467,Panuelos Con Locion Suavizante Carrefour 200 Ud ,CAT-0378,Suavizante ropa Spa concentrado
65.57377049180329,CF-688007,Nugget De Pavo Carrefour Extra Sin Gluten 400 G,CAT-0705,Sticks longaniza de pavo extra
65.54621848739495,CF-012977,Leche Fermentada Azucarada Natural Carrefour No Lactosa Sin Lactosa Pack De 4 Unidades De 125 G,CAT-0740,Postre lácteo sin lactosa cremoso natural azucarado
65.51724137931035,CF-599715,Leche Condensada Entera Classic Carrefour 1 Kg,CAT-2723,Café con leche descafeinado
65.51724137931035,CF-095474,Toallitas Multiusos Aroma Limon Carrefour 80 Ud,CAT-2567,Mopa atrapa polvo multiusos
65.51724137931035,CF-547806,Vela Perfumada Delicadezza Essential Carrefour 1 Ud,CAT-0439,Vela perfumada Berries
65.51724137931035,CF-687591,Bases De Pizza Artesanas Extrafinas Carrefour Pack De 3 Bases De 125 G,CAT-1583,Bases de pizza artesanas extrafinas y crujientes ultracongeladas
65.51724137931035,CF-690559,Croquetas De Setas Carrefour Extra 350 G,CAT-1586,Croquetas de jamón ultracongeladas
65.51724137931035,CF-891350,Tarta Helada Laminada De Nata Carrefour 525 G,CAT-3003,Tarta helada nata y chocolate
65.45454545454545,CF-643457,Verdura Para Paella Congelada Carrefour 450 G,CAT-2593,Tarta red velvet congelada
65.38461538461539,CF-615831,Bebida Lactea Omega 3 Carrefour Extra Brik 1 L,CAT-3978,Bebida láctea de fresa
65.38461538461539,CF-043129,Varitas De Merluza Pescanova 450 G,CAT-5900,Varitas De Pescado Simpl 450 G
65.38461538461539,CF-382544,Rabas Empanadas Carrefour Extra 400 G,CAT-3074,Rabas empanadas ultracongeladas
65.38461538461539,CF-516856,Lomos De Merluza Carrefour Extra 400 G,CAT-3616,Pañuelos de papel Extra Suaves
65.38461538461539,CF-967784,Snack Stick Mini Pescado Omega 3 Para Gato Adulto Cat Stick 3 Ud,CAT-7539,Comida Humeda De Pescado Para Gato Adulto Simpl 100 G
65.38461538461539,CF-440971,Snack Dental Para Perros Carrefour 440 G,CAT-3767,Snack corazones perro adulto
65.3061224489796,CF-101589,Chocolate Negro Con Piel De Naranja Confitada Carrefour Seleccion 100 G,CAT-1960,Chocolate negro 72% cacao con trozos de naranja
65.3061224489796,CF-324527,Cebolla Troceada Findus 250 G,CAT-1148,Morcilla de cebolla oreada
65.26315789473685,CF-401058,Pan De Molde Para Tostadas Carrefour Classic Sin Azucares Anadidos 820 G,CAT-0377,Horchata de chufa sin azúcares añadidos
65.26315789473685,CF-652104,Bombon Helado Sabor Nata Y Chocolate Negro Black Carrefour 4 Ud,CAT-3161,Helado menta choco con trocitos sabor chocolate
65.21739130434783,CF-365663,Tomate Frito Carrefour Tarro 550 G,CAT-0430,Tomate frito receta artesana
65.21739130434783,CF-676213,Sandwich Bacon Con Huevo Carrefour 150 G,CAT-2550,Sándwich pollo y queso
65.21739130434783,CF-877639,Mini Redondos De Chocolate Carrefour 155 G,CAT-1735,Gofres con chocolate
65.21739130434783,CF-902171,Zumo De Frutas Y Leche Carrefour Sabor Mediterraneo Brik 1 L,CAT-2552,Fruta + leche mediterráneo sin azúcares añadidos
65.21739130434783,CF-229654,Quitagrasas Cocina Carrefour Expert 750 Ml,CAT-1379,Quitagrasas perfumado
65.21739130434783,CF-747796,Ambientador De Varillas Frutos Rojos Recambio Carrefour 250 Ml,CAT-1655,Recambio ambientador eléctrico Sugar 6 fragancias
65.21739130434783,CF-952277,Gamba Salvaje Pelada Cruda 88123 Piezas Grand Krust 600 G,CAT-1818,Gamba pelada cruda tamaño grande ultracongelada
65.1685393258427,CF-108107,Muesli Crujiente Carrefour Sensation Sin Azucar Anadido 500 G,CAT-2318,Hojaldre relleno de crema sin azúcar añadido
65.1685393258427,CF-479075,Maquinillas Desechables Para Hombre 3 Hojas Carrefour Men 8 Ud,CAT-2392,Maquinillas de afeitar desechables Fix 2 hojas
65.15151515151516,CF-130639,Desodorante En Spray Black  White Invisible Original Nivea Men Pack De 2 Unidades De 200 Ml,CAT-0810,Desodorante invisible Black & White Nivea Men antitranspirante
65.13761467889908,CF-561073,Bombon Helado Sabor A Vainilla Con Cobertura De Chocolate Con Leche Con Trocitos De Almendra Carrefour Extra Sin Gluten 8 Uds,CAT-2974,Helado bombón mango blanco con salsa de mango y cobertura de chocolate blanco con trozos de coco crujientes
65.11627906976744,CF-640654,Maiz Para Palomitas Sensation Carrefour 500 G,CAT-1329,Maíz palomitas
65.11627906976744,CF-256378,Carrefour Te De Melocoton Botella 15 L,CAT-1902,Melocotón en almíbar
65.11627906976744,CF-744385,Lejia Blanca Neutrex 19 L,CAT-3819,Lejía ropa blanca denso
65.11627906976744,CF-963521,Conos Con Helado De Nata Y Galleta Oreo 4 Ud,CAT-1611,Helado Dochi Cheesecake de queso y masa galleta
65.11627906976744,CF-629742,Rissoto De Setas Findus 400 G,CAT-2164,Mix de setas intenso
65.06024096385542,CF-908921,Palomitas Sabor Mantequilla Carrefour Kids Sin Gluten 80 G,CAT-0743,Mantequilla en porciones sin sal añadida
65.06024096385542,CF-080644,Queso Iberico Viejo Extra Carrefour Cuna Cortada 250 G,CAT-1765,Queso añejo ibérico mezcla cortado en cuñitas
65.06024096385542,CF-399853,Toallitas Desifectantes De Manos Soft Carrefour 10 Ud,CAT-3572,Toallitas limpiadoras desengrasantes de Cocina
65.0,CF-486724,Kefir Natural Carrefour Sensation 500 G,CAT-3158,Salmón al natural
65.0,CF-065851,Hamburguesa De Pollo Carrefour 540 G,CAT-0330,Pan maxi hamburguesa
64.93506493506493,CF-677201,Aperitivos De Maiz Sabor A Queso Tex Mex Doritos Bits 80 G,CAT-0319,Garfitos de maíz sabor queso
64.93506493506493,CF-699046,Salami Extra En Lonchas Revilla Sin Gluten 65 G,CAT-2921,Salami extra pimienta finas lonchas
64.86486486486487,CF-201629,Lenteja Categoria Extra Carrefour 1 Kg,CAT-0976,Lenteja cocida
64.86486486486487,CF-000088,Nestea Limon Lata 33 Cl,CAT-0335,Refresco Fanta limón
64.86486486486487,CF-450787,Zumo De Naranja Carrefour Brik 1 L,CAT-4005,Zumo pura naranja
64.86486486486487,CF-233757,Limpiador Con Lejia Y Detergente Perfume Pino Carrefour 2 L,CAT-3825,Limpiador WC con lejía en gel
64.86486486486487,CF-695664,Gyozas De Pollo Vici 400 G,CAT-2796,Mollejas de pollo
64.7887323943662,CF-613119,Petit Sabor Fresa Carrefour Kids En Bolsitas Pack De 4 Unidades De 90 G,CAT-2097,Petit de bolsillo de fresa
64.70588235294117,CF-065820,Picada De Pollo Carrefour 400 G,CAT-0939,Paté de pollo asado
64.70588235294117,CF-603581,Toallitas Intimas Con Aloe Vera Soft Carrefour 20 Ud,CAT-2265,Toallitas íntimas cuidado diario
64.70588235294117,CF-154532,Napolitanas Con Chocolate Carrefour Classic 6 Ud,CAT-3645,Pintalabios Creamy 219 marrón chocolate
64.70588235294117,CF-880034,Snack Dental Para Perro Carrefour Companino 180 G,CAT-0952,Stick dental perro adulto con menta
64.61538461538461,CF-760462,Napolitana De Mantequilla Y Chocolate Carrefour 6 Ud,CAT-2949,Piruleta Pascua de chocolate
64.61538461538461,CF-230948,Arroz Tres Delicias Con Marisco Carrefour 500 G,CAT-0867,Arroz de secreto ibérico con setas
64.51612903225806,CF-252673,Queso Rallado Mix Simpl 200 G,CAT-1162,Salsa de Queso
64.51612903225806,CF-398740,Set 10 Boles De Cana De Azucar 500 Ml Carrefour Home   Blanco,CAT-1816,Azúcar blanco en sobres
64.44444444444444,CF-303238,Limpiador Desinfectante Banos Poder Antical Sin Lejia Sanytol 750 Ml,CAT-3592,Limpiador Baños desinfectante
64.40677966101696,CF-810893,Escoba Para Pequenos Espacios Carrefour ,CAT-1882,Mejillones al natural pequeños
64.40677966101696,CF-512979,Canelones De Espinacas Y Queso Carrefour 500 G,CAT-3128,Queso lonchas cremoso de vaca
64.28571428571428,CF-318618,Cebolla Granulada Carrefour Classic 30 G,CAT-1993,Cebolla troceada ultracongelada
64.28571428571428,CF-697282,Cebollino Manojo De 175 G,CAT-3520,Cebollino
64.28571428571428,CF-211670,Alhondigas De Pollo Y Pavo Carrefour El Mercado 414 G,CAT-0900,Albóndigas de pollo
64.28571428571428,CF-759402,Panuelo Mini Mentol Carrefour Soft Paquete 10 Ud,CAT-3617,Pañuelos de papel Mentol
64.28571428571428,CF-958521,Blanqueador De Juntas Carrefour 250 Ml,CAT-2579,Dentífrico Dental Pearl blanqueador
64.28571428571428,CF-266405,Brocoli En Floretes Precocido Ultracongeladas Extra Carrefour 675 G,CAT-1218,Migas de coliflor ultracongeladas
64.28571428571428,CF-399284,Salteado De Verduras Asadas Ecologico Carrefour Bio 600 G,CAT-1640,Salteado de verduras asadas ultracongeladas
64.28571428571428,CF-329084,Helado Proteina Platano Con Brownie Carrefour Sensation Sin Azucar Anadido 300 G,CAT-1689,Helado mini cucurucho nata sin azúcares añadidos
64.15094339622642,CF-134991,Tofu Natural Ecologico Carrefour Bio 400 G,CAT-3976,Yogur griego natural ligero
64.15094339622642,CF-656649,Kefir De Fresa Activia 272 Ml,CAT-1700,Bebida Kéfir de fresa y plátano
64.15094339622642,CF-090049,Berlinas Al Cacao Carrefour Classic 180 G,CAT-2960,Crema al cacao con avellanas
64.15094339622642,CF-895015,Cesta De Jamon Y Queso Carrefour 100 G,CAT-3123,Queso curado y cheddar en dados
64.15094339622642,CF-887247,Alas De Pollo Certificado Carrefour 500 G Aprox,CAT-3945,Alitas de pollo asadas
64.15094339622642,CF-516875,Rodajas De Merluza Carrefour Classic 600 G,CAT-0220,Aceitunas negras en rodajas
64.07766990291262,CF-023307,Helado De Vainilla Con Nueces De Macadamia Carrefour Sensation Sin Gluten 300 G,CAT-1641,Helado vainilla praliné con nueces pecán
64.0,CF-729693,Tomate Cherry Sabores Carrefour 500 Gr,CAT-0196,Focaccia con tomates cherry
64.0,CF-554200,Lasana Bolonesa Gratinada El Mercado 700 G,CAT-1230,Lasaña boloñesa familiar ultracongelada
64.0,CF-843759,Laca Fijacion Fuerte De Larga Duracion Soft Carrefour 300 Ml,CAT-1693,Laca cabello Xtra Forte fijación
64.0,CF-260210,Jabon Liquido Natural 100 De Glicerina Original Lida 600 Ml,CAT-3565,Jabón Natural con glicerina
64.0,CF-594617,Toallitas Bebe Camomila My Carrefour Baby 80 Ud,CAT-1160,Toallitas bebé Aqua
64.0,CF-849727,Galletas Con Leche Para Perro Carrefour Companino 350 G,CAT-1438,Galletas Choco leche con chocolatina
64.0,CF-970391,Bolsa Con Cierre Para Arenero De Gatos,CAT-6303,Arena Absorbente Para Gatos 7L 47 Kg  Carrefour
63.91752577319587,CF-563100,Queso Blanco Con Finas Hierbas Para Untar En Tarrina Carrefour Classic 200 G,CAT-1317,Queso untar de vaca con finas hierbas
63.888888888888886,CF-331349,Esponja Vegetal Suave Delicada Soft Carrefour 1 Ud,CAT-2165,Esponja facial desmaquillante vegetal
63.888888888888886,CF-961632,Mezcla De Setas Cocinadas Con Ajo Y Perejil Carrefour 450 G,CAT-3734,Pan tostado con ajo y perejil
63.888888888888886,CF-526195,Anillas A La Romana Marnatura 400 G,CAT-3075,Anillas de pota a la romana ultracongeladas
63.829787234042556,CF-201578,Garbanzo Categoria Extra Carrefour 1 Kg,CAT-1768,Longaniza clásica extra
63.829787234042556,CF-050298,Escarola Rizada 1 Ud,CAT-3151,Escarola rizada cortada y lavada
63.829787234042556,CF-213908,Sidra Menendez Natural 70 Cl,CAT-0924,Almendra natural sin piel
63.829787234042556,CF-364695,Conos Con Helado De Nata Y Chocolate Con Trozos De Almendras Tostadascarrefour 4 Ud,CAT-1685,Cereales copos tostados de trigo integral y arroz con chocolate
63.76811594202898,CF-955535,Bebida De Soja Con Calcio Carrefour Sin Gluten Brik 1 L,CAT-3979,Bebida láctea de piña y coco
63.76811594202898,CF-067754,Guisantes Extrafinos Classic Carrefour 230 G,CAT-1223,Cepillos interdentales Extrafinos cónicos
63.76811594202898,CF-240856,Crepes Jamon Y Queso Carrefour Pack De 6 Unidades De 50 G,CAT-0845,Pizza Calzone con jamón cocido y queso
63.76811594202898,CF-214072,Barritas Con Frutas Para Conejos Carrefour 2 Ud,CAT-1643,Barritas de cereales con frutos secos
63.73626373626373,CF-126915,Aceitunas Rellenas De Anchoas Del Cantabrico Extra Carrefour 150 G,CAT-0493,Barritas de galleta rellenas de arándanos
63.73626373626373,CF-017148,Yogur Cremoso Con Frutas Del Bosque Carrefour Sensation Sin Gluten 500 G,CAT-0728,Yogur cremoso con frutos silvestres
63.63636363636363,CF-881965,Nata Montada Azucarada Ligera Carrefour Spray 250 G,CAT-2706,Bebida láctea natural azucarada
63.63636363636363,CF-851271,Oregano Carrefour Classic 11 G,CAT-0103,Orégano
63.63636363636363,CF-238492,Macedonia De Verduras Classic Carrefour Sin Sal Anadida 320 G,CAT-3186,Macedonia de verduras
63.63636363636363,CF-090423,Chocolate Negro 99 Seleccion Carrefour Sin Gluten 100 G,CAT-1541,Crackers sin gluten con romero
63.63636363636363,CF-538930,Brotes Tiernos Carrefour El Mercado 100 G,CAT-0187,Gel de baño tiernos recuerdos piel normal
63.63636363636363,CF-969372,Jamon Cocido Extra Braseado Al Corte El Pozo Edicion 1954 170 G Aprox,CAT-2879,Jamón cocido extra cortado a mano Noel sabor ahumado
63.63636363636363,CF-694306,Tissues Classic 3 Capas Carrefour 110 Ud,CAT-2602,Café en cápsula classic
63.63636363636363,CF-949713,Friegasuelos Multidesinfeccion Sanicentro 15 L,CAT-1378,Friegasuelos Pino líquido
63.63636363636363,CF-230053,Talonera Piel Natural Carrefour 1 Par,CAT-1268,Nuez natural pelada
63.63636363636363,CF-755093,Aceite De Rosa De Mosqueta Phytofarma 30 Ml,CAT-0968,Tortas de aceite Inés Rosales
63.49206349206349,CF-313262,Aguacate Con Queso De Cabra Carrefour El Mercado 125 G,CAT-1534,Queso precortado de cabra
63.49206349206349,CF-855642,Protegeslip Normal Fresh En Bolsitas Evax 40 Ud,CAT-3402,Protegeslip normal Dry
63.49206349206349,CF-258282,6 Bayetas Multiusos  Carrefour     Amarilla,CAT-3624,Maquillaje Mate Stick multiusos 300 mocca
63.49206349206349,CF-309434,Rodillo Quitapelusas Cocosi Pack 9M X 60 Laminas,CAT-0914,Rodillo quitapelusas
63.41463414634146,CF-731168,Cortezas De Cerdo Fritas Classic Carrefour Sin Gluten 75 G,CAT-1102,Cortezas de cerdo fritas sabor barbacoa
63.41463414634146,CF-529104,Mix De Verduras Para Microondas Carrefour El Mercado 300 G,CAT-1140,Palomitas de maíz dulces para microondas
63.41463414634146,CF-873945,Queso Gouda Loncheado Carrefour 150 G,CAT-1604,Queso curado cheddar
63.41463414634146,CF-658205,Carbon Vegetal Chaparral 3 Kg,CAT-0698,Margarina 100% vegetal
63.41463414634146,CF-212983,Arandanos Carrefour Classic 650 G,CAT-3965,Cheesecake con arándanos
63.41463414634146,CF-157814,Cono Speculoss Extra Carrefour 6 Ud,CAT-2924,Chorizo extra lonchas
63.41463414634146,CF-377341,Patatas Barbacoa Mccain 750 G,CAT-3511,Patatas guarnición
63.41463414634146,CF-080918,Preparado Para Sopa De Marisco Y Pescado Carrefour 400 G,CAT-0295,Sazonador ajo y limón para carne y pescado
63.366336633663366,CF-760449,Cepillo Dental Especial Para Encias Vitis 1 Ud,CAT-3388,Cepillo dental Eléctrico Oral-B Vitality Pro Precision Clean
63.33333333333333,CF-342495,Bizcocho Rondo De Cacao Carrefour El Mercado 700 G,CAT-2673,Bizcocho con baño de cacao
63.33333333333333,CF-968185,Crema Solar Vitamina C Acido Hialuronico Spf50 Protege  Hidrata Nivea Sun 400 Ml,CAT-1549,Crema facial Hidrata ácido hialurónico y aloe vera
63.33333333333333,CF-011736,Protegeslip  Tanga Negro Soft Carrefour 28 Ud,CAT-2668,Protegeslip normal plegado Suave
63.24786324786324,CF-591346,Bifidus Desnatado Natural Danone Activia Pack De 8 Unidades De 120 G,CAT-0938,Bífidus desnatado probióticos natural Activia 0% MG  0% azúcares añadidos
63.1578947368421,CF-337397,Crema De Calabaza Classic Carrefour Sin Gluten 500 Ml,CAT-2757,Compresa sin alas normal plegada Classic
63.1578947368421,CF-013497,Salsa Ligera Con Aceite De Girasol Carrefour 500 Ml,CAT-0895,Boquerones al vinagre en aceite de girasol
63.1578947368421,CF-002306,Pasta Macarrones Penne Rigate N 73 Barilla 500 G,CAT-0623,Pasta penne rigate
63.1578947368421,CF-851268,Perejil Hoja Carrefour Classic 10 G,CAT-0429,Alioli con perejil
63.1578947368421,CF-049873,Naranja Ecologica Carrefour Bio 1 Kg,CAT-1774,Helado de naranja
63.1578947368421,CF-412036,Pan De Chapata Tradicional Hecho Aqui Carrefour 380 G,CAT-0527,Gazpacho tradicional
63.1578947368421,CF-362283,Pepitos De Azucar Carrefour 4 Ud,CAT-1813,Azúcar moreno de caña
63.1578947368421,CF-003919,Nestea Te Verde Con Maracuya Lata 33 Cl,CAT-0362,Té verde con hierbabuena
63.1578947368421,CF-019907,Desodorante Roll On Dry Comfort Nivea 50 Ml,CAT-8988,Desodorante Roll On Pure Soft Carrefour 50 Ml
63.1578947368421,CF-265962,Protector De Cama 60X90 Cm Carrefour Soft 20 Ud,CAT-2774,Protector solar bruma facial FPS
63.1578947368421,CF-561084,Helado Chocoblock Con Lengua Al Cacao Carrefour Sensation Sin Gluten 6 Uds,CAT-3144,Helado crocan choc vainilla con lengua sabor chocolate
63.1578947368421,CF-186002,Esparadrapo Transparente 5 M X 25 Cm Carrefour Soft 1 Ud,CAT-2270,Máscara de pestañas y cejas Transparente
63.04347826086957,CF-316705,Aquarius Bebida Isotonica Sabor Naranja Pack De 9 Latas De 33 Cl,CAT-0758,Bebida isotónica de naranja Iso drink
63.04347826086957,CF-360581,Crema De Calzado Con Aplicador Incoloro Autobrillante Carrefour 50 Ml,CAT-2964,Crema al cacao con avellanas de 2 sabores
63.01369863013699,CF-373057,Yogur Sabor Fresa Y Platano Carrefour Classic Pack De 8 Unidades De 125 G,CAT-0670,Petit sabor fresa y plátano
63.01369863013699,CF-398778,Set 10 Platos De Cana De Azucar 18 Cm Carrefour Home,CAT-1835,Panela azúcar moreno de caña integral
62.96296296296296,CF-918951,Queso De Untar Clasico Carrefour Classic 300 G,CAT-2682,Tarta de queso congelada
62.96296296296296,CF-407757,Trampa Mata Cucarachas Carrefour Pack De 6 Unidades De 25 G,CAT-3394,Trampa matacucarachas
62.96296296296296,CF-300408,Cebo Para Hormigas Raid 1 Ud,CAT-0192,Trampa con cebo contra hormigas
62.96296296296296,CF-672976,Alcachofa Cortada Carrefour Classic 400 G,CAT-2018,Alcachofa baby ultracongelada
62.857142857142854,CF-080049,Jengibre Ecologico 200 G,CAT-0056,Infusión Jengibre
62.857142857142854,CF-306945,Queso Feta Carrefour Extra 200 G,CAT-3120,Queso curado mezcla
62.857142857142854,CF-701817,Crema Hidratante Corporal Con Argan Soft Carrefour 250 Ml,CAT-0343,Crema corporal Esferas Vit. E&A
62.857142857142854,CF-954182,Limpiador Biberones Frosch Baby 500 Ml,CAT-2990,Limpiador bebé para biberones y tetinas
62.857142857142854,CF-974821,Dentifrico Especial Para Portadores De Ortodoncia Vitis 100 Ml,CAT-0325,Dentífrico Pro-Expert Oral-B sabor menta especiada
62.7906976744186,CF-316294,Bolsas De Basura Ultra Resistente Carrefour Expert 30L 20 Ud,CAT-3619,Bolsas de basura extra perfumadas 30L cubo mediano
62.7906976744186,CF-796734,Churros Crujientes Y Tiernos Ultracongelados Carrefour Original 500 G,CAT-0261,Tequeños de queso ultracongelados
62.745098039215684,CF-465821,Nata Liquida Para Montar Carrefour Pack De 3 Unidades De 200 Ml,CAT-3806,Nata para montar
62.745098039215684,CF-372878,Yogur Sabor Coco Carrefour Classic Pack De 4 Unidades De 125 G,CAT-3994,Yogur sabor coco
62.745098039215684,CF-314788,Masa De Hojaldre Carrefour Classic 230 G,CAT-1983,Masa de hojaldre sin gluten
62.68656716417911,CF-841169,Ambientador De Varillas Absorbeolores Bano Carrefour 45 Ml,CAT-3576,Ambientador varitas Bambú
62.60869565217391,CF-970746,Smoothie De Mango Y Maracuya Innocent Sin Azucares Anadidos Botella 25 Cl,CAT-1984,Helado mini bombón surtido sin azúcares añadidos
62.5,CF-744293,Pan De Molde Centeno Original Carrefour Si Lactosa 675 G,CAT-3477,Pan de molde con 55% centeno
62.5,CF-656657,Kefir De Arandanos Activia 272 Ml,CAT-2138,Mermelada de arándanos
62.5,CF-395089,Galletas Digestive Zero Gullon Sin Azucar 300 G,CAT-0336,Refresco de limón zero azúcar fresh gas
62.5,CF-240795,Barra Grande Extra Carrefour 1 Ud,CAT-0711,Gaseosa grande
62.5,CF-531314,Manzana Golden Carrefour 15 Kg Aprox,CAT-2895,Aros de maíz
62.5,CF-104885,Queso De Oveja Curado En Cuna Carrefour Classic 250 G,CAT-0618,Queso añejo fuerte de oveja
62.5,CF-676236,Sandwich De Atun Con Huevo Y Lechuga Carrefour 200 G,CAT-0177,Huevo sorpresa Pascua de chocolate con leche
62.5,CF-400843,Dentifrico Expert 8 Soft Carrefour 75 Ml,CAT-0514,Dentífrico Total Expert con paraprobiótico
62.5,CF-316287,Bolsa De Basura Comunidad Simpl 100L 10 Ud,CAT-1555,Bolsas de basura jardín 100L cubo industrial
62.5,CF-409500,Bayeta Microfibra Spontex Economic Mapa ,CAT-0863,Bayeta pequeña microfibra
62.5,CF-970926,Gel Para Lavavajillas Brillo Y Proteccion Finish 50 Lavados,CAT-2566,Abrillantador lavavajillas líquido Finish
62.5,CF-231889,Acelgas En Hoja Carrefour 400 G,CAT-1949,Acelgas troceadas
62.5,CF-558489,Infusion Infantil Blevit Digest 150 Gr,CAT-0539,Infusión Digest
62.33766233766234,CF-217873,Helado De Vainilla De Madagascar Ecologico Carrefour Bio 450 G ,CAT-1811,Helado Golden Pecan de vainilla
62.295081967213115,CF-756706,Lejia Con Detergente Estrella 143 L,CAT-0116,Detergente ropa Frescura líquido
62.22222222222222,CF-331203,Esponja Exfoliante  Carrefour 1 Ud,CAT-3333,Exfoliante corporal de coco
62.22222222222222,CF-277585,Quitamanchas Ropa Oxi Blanco Expert Carrefour 1 Kg,CAT-3566,Activador Quitamanchas ropa de color Oxi Active líquido
62.22222222222222,CF-476033,Set De Mopa Con Palo Carrefour,CAT-0445,Paté de cerdo sabor suave
62.22222222222222,CF-654221,Crepe Rellena De Crema Para Untar De Avellanas Y Cacao Nutella 240 G,CAT-0356,Chocolate blanco Fussion relleno de crema de avellana y masa filo tostada
62.22222222222222,CF-361636,Bao Buns De Pollo Teriyaki Itsu 180 G,CAT-0254,Pollo teriyaki
62.22222222222222,CF-100926,Tagliatelle Carbonara Carrefour 300 G,CAT-0310,Pizza carbonara familiar
62.16216216216216,CF-971662,Natillas De Vainilla Carrefour Classic Pack De 4 Unidades De 125 G,CAT-3959,Natillas sabor vainilla con galleta
62.16216216216216,CF-688448,Queso De Vaca Tierno Provolone Dulce Carrefour Extra Pieza De 150 G,CAT-1509,Queso provolone de vaca
62.16216216216216,CF-309123,Champu Camomila Trigo Cabello Rubio Carrefour Soft 400 Ml,CAT-0839,Champú Curl Perfect cabello rizado
62.16216216216216,CF-730602,Bote Cuadrado De Plastico Carrefour Home  07L 3 Ud   Bicolor,CAT-3832,Recipiente de plástico cuadrado bajo
62.16216216216216,CF-555461,Almejas Del Pacifico Cruda Congelado Carrefour 600 G,CAT-1914,Tiras de potón del Pacífico congeladas
62.16216216216216,CF-539055,Langostino Vannamei Pelado Carrefour Classic 220 G,CAT-3010,Langostino crudo y pelado ultracongelado
62.06896551724138,CF-847118,Manzanilla En Bolsitas Carrefour Classic 50 Ud,CAT-2741,Infusión Manzanilla con anís
62.06896551724138,CF-572600,Helado Sabor A Nocciola Carrefour Sensation 350 G,CAT-1108,Trigo snack sabor ahumado
62.01550387596899,CF-885589,Picos Integrales Con Aceite De Oliva Y Ajonjoli Carrefour El Mercado 240 G,CAT-1807,Filetes de melva canutera con pimientos del piquillo en aceite de oliva
62.0,CF-969407,Canelones Con Espinacas Sin Gluten Schr Sin Gluten 300 G,CAT-9728,Cafe Latte Espresso Carrefour Sensation Sin Gluten 250 Ml
61.9718309859155,CF-434542,Queso Mozzarella Carrefour Classic Sin Lactosa 125 G,CAT-1274,Queso semicurado sin lactosa mezcla
61.9718309859155,CF-942192,Refresco Carrefour Classic Sabor Fresa Botella 15 L,CAT-2873,Refresco té sabor limón para diluir
61.9718309859155,CF-547121,Vela Perfumada Frutos Silvestres Essential Carrefour 1 Ud,CAT-1188,Vela perfumada Fruta Tropical
61.9718309859155,CF-136493,Crepes De Trigo Relleno De Quesos Carrefour 300 G,CAT-0314,Roti de pollo relleno de jamón y queso
61.904761904761905,CF-621836,Yogur Griego Con Stracciatella Carrefour Extra Sin Gluten Pack De 6 Unidades De 125 G,CAT-0726,Yogur griego stracciatella
61.904761904761905,CF-391617,Langostino Cocido 3040 Ud 500 G Aprox,CAT-1462,Jamón cocido jugoso
61.904761904761905,CF-696488,Bandas De Cera Depilatoria Faciales Frias Carrefour Soft 20 Ud,CAT-3357,Crema depilatoria facial piel sensible
61.904761904761905,CF-614447,Alcohol 96 Perfumado En Spray Limpiador Superficies Carrefour Expert 400 Ml,CAT-1370,70% Alcohol de Limpieza Perfumado
61.904761904761905,CF-412306,Gel Wc Desincrustante Flor De Cerezo Carrefour Expert 1 L,CAT-3826,Desincrustante de Cementos y Limpiajuntas
61.81818181818181,CF-450155,Bastoncillos De Maquillaje Carrefour 100 Ud,CAT-3284,Maquillaje fluido Hydra 300 arena
61.81818181818181,CF-278328,Colgador Wc Fresh Ocean Carrefour Expert 2 Ud,CAT-2415,Colgador WC Maxigotas Spa
61.76470588235294,CF-220198,Medio Flautin Con Cereales Carrefour 1 Ud,CAT-1815,Cereales con salvado de trigo Fibra Sticks
61.76470588235294,CF-307117,Arena Absorbente Higienica Para Gatos Carrefour 10 Kg,CAT-2183,Fregona Resistente y Absorbente
61.728395061728406,CF-264441,Pizza De Pollo Y Bacon Casa Tarradellas 410 G,CAT-0783,Pizza Kebab con pollo asado ultracongelada
61.728395061728406,CF-430767,Mascarilla Capilar Aceite De Argan Carrefour Soft 300 Ml,CAT-3206,Mascarilla Argan Oil cabello seco y dañado
61.728395061728406,CF-478343,Multiusos Desinfectante Con Lejia Sanicentro 750 Ml,CAT-3375,Multiusos Desinfectante antibacterias
61.728395061728406,CF-269713,Cubo Con Escurridor De Plastico Reciclado Carrefour 13 L,CAT-1264,Escurridor para cubo ovalado escurrebien
61.53846153846154,CF-231114,Pimientos Del Piquillo Asados En Tiras Primera Classic Carrefour 225 G,CAT-1918,Pimientos rojos asados en tiras extra
61.53846153846154,CF-795907,Tortitas De Arroz Integrales Sensation Carrefour Sin Gluten 130 G,CAT-2537,Tortitas de legumbres y arroz
61.53846153846154,CF-199845,Tomate Cherry Rama Sharmita Premium 200 G,CAT-1093,Tomates cherry en rama Dulcita
61.53846153846154,CF-917301,Cilantro  Manojo De 100 G,CAT-3203,Cilantro
61.53846153846154,CF-443083,Esponja De Bano Jabonosa Carrefour 10 Ud,CAT-2241,Esponja anatómica para bebés
61.53846153846154,CF-555658,Set 3 Estropajo Con Esponja Carrefour,CAT-3812,Estropajo baño
61.53846153846154,CF-475801,Cepillo Lavavajillas Redondo Carrefour Home,CAT-3828,Lavavajillas en gel
61.53846153846154,CF-841127,Pizza De Bacon Carrefour 315 G,CAT-0572,Bacón cintas
61.53846153846154,CF-306836,Mezcla Para Sofrito Carrefour 450 G,CAT-2971,Queso ricotta mezcla
61.53846153846154,CF-516876,Ventrescas De Merluza Carrefour Extra 400 G,CAT-1033,Longaniza de Pascua extra
61.53846153846154,CF-686140,Omega 3 6 7 9 Pronutri 30 Ud,CAT-2979,Perlas Omega
61.53846153846154,CF-553738,Jabon Liquido Multidermol 750 Ml,CAT-3382,Jabón de manos kids líquido
61.44578313253012,CF-724174,Bombon Helado Con Nueces Pecanas De Texas Y Chocolate Blanco Con Caramelo Nuii 3 Ud,CAT-2116,Bombones de chocolate con leche Mini Peanut Cups relleno de crema y pedazos de cacahuete
61.417322834645674,CF-177281,Mini Bombon Helado De Frutas Exoticas Y Frutos Rojos Con Vainilla Carrefour 8 Ud,CAT-0616,"Combinado frutos secos, frutas desecadas y semillas de calabaza"
61.386138613861384,CF-660612,Lomo De Cerdo Adobado Al Ajillo En Filetes Xxl El Mercado 15 Kg Aprox,CAT-0650,Filetes lomo de cerdo adobado familiar
61.36363636363637,CF-256888,Yogur Liquido De Pina Y Coco Carrefour Classic Sin Gluten 1000 G,CAT-3349,Detergente ropa Blanca y de Color líquido
61.29032258064516,CF-258288,2 Bayetas De Cristales  Carrefour     Beige,CAT-1176,Bálsamo labial Color Balm 08 nude beige
61.29032258064516,CF-360572,Crema Autobrillante Caplicador Negro Carrefour 50 Ml,CAT-2961,Crema de avellanas y cacao
61.29032258064516,CF-402533,Patatas En Letras Congeladas Carrefour Classic 600 G,CAT-0987,Huevas de sepia congeladas
61.224489795918366,CF-686242,Lentejas Cocidas Categoria Extra Carrefour 400 G,CAT-0087,Crema de lentejas
61.224489795918366,CF-175928,Set 2 Almohadillas Cocina Esponja Forrada Superficie Delicada Carrefour,CAT-2670,Estropajo almohadilla limpieza delicada
61.224489795918366,CF-547535,Servilletas De 2 Capas Desechables De Papel 50 Uds 39X39 Cm Carrefour Home,CAT-2393,Maquinillas de afeitar desechables Active 3 hojas
61.1764705882353,CF-422068,Queso Fresco Batido Desnatado Proteina Plus Sensation Carrefour 500 G,CAT-1630,Queso fresco Burgos desnatado 0% MG
61.1764705882353,CF-970387,Arenero Con Borde Protector Para Gatos,CAT-6064,Arena Absorbente Perfumada Para Gatos Carrefour 5 Kg
61.1764705882353,CF-096852,Aceite Esencial Arbol Del Te Ecologico Arganour 20 Ml,CAT-9155,Kefir De Cabra Ecologico Carrefour Bio 420 G
61.15702479338842,CF-484601,Recambios Maquinilla Para Hombre Pieles Sensibles 5 Hojas Perfect 5 Carrefour Men 4 Ud,CAT-2396,Recambios maquinilla de afeitar Precision System 3 hojas
61.15702479338842,CF-503043,Champu Con Aceites De Argan Y Macadamia Para Pelo Seco Danado Carrefour Soft 400 Ml,CAT-3209,Mascarilla sin aclarado Argan Oil cabello seco y dañado
61.111111111111114,CF-435090,Queso Rallado Emmental Ecologico Carrefour Bio 200 G,CAT-0927,Queso rallado especial fundir mezcla
61.111111111111114,CF-228760,Mosto Carrefour Blanco Botella 1 L ,CAT-0731,Chocolate blanco
61.01694915254237,CF-784128,Alubias Rojas Cocidas Classic Carrefour 400 G,CAT-0416,Agua de colonia Citrus Classic
61.01694915254237,CF-011668,Plato De Postre De Vidrio Opal Simpl 18 Cm,CAT-3603,Plato postre biodegradable
61.01694915254237,CF-516880,Medallones De Merluza Carrefour Extra 480 G,CAT-3097,Longaniza de pavo Imperial extra
61.01694915254237,CF-331355,Esponja Suave Bebe Carrefour 1 Ud,CAT-1430,Esponja de baño doble acción suave masaje
60.86956521739131,CF-128393,Lentejas Con Verduras Classic Carrefour 430 G,CAT-2191,Caldo de verduras
60.86956521739131,CF-281634,Manzana Golden Ecologica Bandeja 4 Ud 750 G,CAT-3055,Manzana Golden
60.86956521739131,CF-799700,Limpiador Multisuperficies Oxigeno Activo Carrefour Expert 1 L,CAT-0345,Cera Multisuperficies
60.86956521739131,CF-961835,Quitamanchas Desinfectante En Polvo Sanytol 450 G,CAT-6885,Desinfectante Textil Perfumado Essence Sanicentro 1 L
60.86956521739131,CF-052630,Bloc Liquido Wc Floral Antical Carrefour Expert 3 Ud,CAT-0686,Limpiador WC Aqua en gel antical
60.86956521739131,CF-516881,Filetes De Merluza Argentina Carrefour Extra 1 Kg,CAT-1806,Filetes de melva en aceite de oliva
60.86956521739131,CF-972818,Champu Y Gel Arbol De Te Saluvital 300 Ml,CAT-2232,Champú Natural todo tipo de cabello
60.86956521739131,CF-973582,Batido Complemento Alimenticio Sabor Chocolate Sin Gluten Meritene 15 Ud,CAT-2551,Batido lácteo sabor chocolate +Proteínas 30 g proteínas
60.60606060606061,CF-904847,Dentifrico Lacer 125 Ml,CAT-1276,Dentífrico 3 action
60.526315789473685,CF-006822,Costilla De Cerdo Semicarnuda Carrefour 700 G Aprox,CAT-3748,Costillas de cerdo a la barbacoa cortadas
60.504201680672274,CF-768139,Bifidus Cremoso De Lima Y Limon Danone Activia Pack De 4 Unidades De 115 G,CAT-0735,Bífidus cremoso probióticos de lima limón 0% MG 0% azúcares añadidos
60.46511627906976,CF-779154,Pimiento Palermo Carrefour 200 G,CAT-1118,Carne de pimiento choricero
60.46511627906976,CF-373588,Cocktail De Picos Carrefour El Mercado 500 G,CAT-1383,Cocktail mezcla
60.41666666666667,CF-688449,Queso De Vaca Tierno Provolone Con Oregano Carrefour Extra Pieza De 150 G,CAT-1288,Queso tierno de vaca cortado en cuñitas
60.41666666666667,CF-336285,Crema Gel Revitalizante C Vit Sesderma 50 Ml,CAT-3325,Crema facial gel revitalizante e hidratante Men Care Vital
60.37735849056604,CF-624585,Pimiento Tricolor Carrefour 3 Ud 600 G,CAT-1150,Pimiento rojo y verde ultracongelado
60.37735849056604,CF-653635,Panecillos Tostados Clasicos Carrefour Extra 300 G,CAT-2437,Picatostes tostados
60.37735849056604,CF-621666,Maiz Dulce Cocido Carrefour El Mercado 500 G,CAT-1906,Maíz dulce ultracongelado
60.37735849056604,CF-000233,Vino Rosado Mateus 75 Cl,CAT-2053,Vino rosado Clarete Arteso DO Rioja
60.37735849056604,CF-316277,Bolsas De Basura Simpl 30L 20 Ud,CAT-0422,Bolsas de basura envases 30L cubo mediano
60.31746031746032,CF-413920,Torreznos Sabor Jamon Iberico Carrefour El Mercado 125 G,CAT-2872,Refresco té sabor limón
60.31746031746032,CF-875298,Quitaesmalte Con Glicerina Express Soft Carrefour 200 Ml,CAT-2333,Quitaesmalte con acetona
60.31746031746032,CF-470563,Limpiacristales Con Amoniaco 3 En 1 Carrefour Expert 1 L,CAT-0292,Limpiacristales con mango
60.31746031746032,CF-820171,Limpiador De Hornos Con Sosa Caustica Carrefour Expert 500 Ml,CAT-1395,Limpiador de Hornos
60.31746031746032,CF-512973,Insecticida Concentrado Sin Olor Carrefour 400 Ml,CAT-1525,Vinagre de Limpieza concentrado
60.31746031746032,CF-953865,Gel Wc Super Desincrustante Carrefour 750 Ml,CAT-1389,Limpiador desincrustante y chimeneas
60.273972602739725,CF-602179,Queso En Dados Para Ensaladas Extra Carrefour 200 G,CAT-1180,Queso curado mezcla madurado en madera
60.273972602739725,CF-598069,Salteado Estilo Tradicional Ecologico Carrefour Bio 600 G,CAT-0262,Salteado de pollo ultracongelado
60.24096385542168,CF-855596,Pipas De Calabaza Crudas Y Peladas Carrefour Sin Sal Anadida 150 G,CAT-1349,Pipas de calabaza natural peladas
60.215053763440864,CF-197068,Cocktail De Frutos Secos Tostados Fuerza Original Carrefour Sin Sal Anadida 175 G,CAT-1822,Cocktail tostado 0% sal añadida
60.215053763440864,CF-952417,Solomillo De Cerdo Extratiernos Elpozo 750 G Aprox,CAT-1342,Medallones preparado de solomillo cerdo provenzal
60.0,CF-775313,Tomate Frito Classic Carrefour Pack 3 Briks De 390 G,CAT-0447,Tomate frito estilo casero
60.0,CF-107052,Patatas Fritas Sabor Jamon Serrano Sensation Carrefour 150 G,CAT-0276,Sazonador para fajitas sabor tex-mex
60.0,CF-325029,Nata Para Cocinar Ligera 15 Materia Grasa Classic Carrefour 500 Ml,CAT-3807,Nata fresca para cocinar
60.0,CF-521101,Sobaos Carrefour Classic 480 G,CAT-2430,Sobaos
60.0,CF-427706,Pan Carrefour 5 Ud,CAT-0772,Piadina
60.0,CF-271642,Champinon Pie Cortado Carrefour 600 G Aprox,CAT-2063,Café cortado en cápsula
60.0,CF-404225,Laca Fijacion Fuerte De Larga Duracion Soft Carrefour 75 Ml,CAT-1692,Laca cabello Forte fijación
60.0,CF-915239,Gel Fijador Efecto Mojado Carrefour 250 Ml,CAT-3320,Gel fijador cabello X-trem fijación
60.0,CF-672665,Champu En Seco Original Batiste 280 Ml,CAT-2233,Champú seco O'lysee
60.0,CF-249538,Nugget De Pollo Carrefour El Mercado 300 G,CAT-1991,Caldo de pollo
60.0,CF-212988,Pina Congelada Carrefour 450 G,CAT-1500,Almeja congelada
